[Licensing::Module] Trying to connect to existing licensing client channel...
[Licensing::IpcConnector] Connection attempt to the License Client on channel: "LicenseClient-trlanfeng" failed because channel doesn't exist; code: "0x80000002"
[Licensing::Module] GetFullLicensingClientPath:	 C:/Program Files/Tuanjie/Hub/Editor/2022.3.61t14/Editor/Data/Resources/Licensing/Client/Tuanjie.Licensing.Client.exe
[Licensing::Module] Successfully launched the LicensingClient (PId: 38280)
[Licensing::IpcConnector] Successfully connected to the License Client on channel: "LicenseClient-trlanfeng" at "2026-09-23T05:06:16.1041231Z"
[Licensing::Client] Error: Code 0 while verifying Licensing Client signature (process Id: 38280, path: "C:/Program Files/Tuanjie/Hub/Editor/2022.3.61t14/Editor/Data/Resources/Licensing/Client/Tuanjie.Licensing.Client.exe")
[Licensing::Module] Error: LicensingClient has failed validation; ignoring
[Licensing::Client] Successfully send message: {"AuthorizationCheck":"Ewh6pS6hCOU4oA==","messageType":"HandshakeRequest","protocolVersion":"1.12","userAgent":"TuanjieEditor/2022.3.61t14 (Windows; U; Windows NT 10.0; zh)","externalCorrelationId":"6926977782046168573"} at 1790139976
[Licensing::Client] Successfully receive message: {"protocolVersion":"1.12","sessionId":"a9c6420603b844caa2705a7b9445ab3c","context":{"DeviceName":"MY-PC","DeviceModel":"MS-7E01 (Micro-Star International Co., Ltd.)","PhysicalMemoryMB":"32477","SystemLanguageISO":"zh","ProcessorCount":"24","ProcessorType":"13th Gen Intel(R) Core(TM) i7-13700","OperatingSystem":"Windows 10  (10.0.26200) 64bit","OperatingSystemNumeric":"1000","Legacy.MachineBinding1":"00330-80000-00000-AA674","Legacy.MachineBinding2":"00000_00_000000_00_00D0DD_D0_00D0DD_D0.0","Legacy.MachineBinding4":"RGVmYXVsdCBzdHJpbmc=","Legacy.MachineBinding5":"04:7c:16:87:4a:e7","EnvironmentUser":"trlanfeng","EnvironmentDomain":"MY-PC","EnvironmentHostname":"MY-PC"},"assemblyProductVersion":"1.14.0+76da6ae","machineId":"+nhstU21CyyHh9yxWJ5fOovY55Q=","correlationId":"ab7567b1eb1600cfe9d1e3b0c94fab8d","responseCode":200,"responseStatus":"Handshake successful","messageType":"HandshakeResponse"} at 1790139976
[Licensing::Client] Handshaking with LicensingClient:
  Version:                 1.14.0+76da6ae
  Session Id:              a9c6420603b844caa2705a7b9445ab3c
  Correlation Id:          ab7567b1eb1600cfe9d1e3b0c94fab8d
  External correlation Id: 6926977782046168573
  Machine Id:              +nhstU21CyyHh9yxWJ5fOovY55Q=
[Licensing::Module] Successfully connected to LicensingClient on channel: "LicenseClient-trlanfeng" (connect: 2.25s, validation: 0.05s, handshake: 0.05s)
[Licensing::IpcConnector] Successfully connected to the License Notification on channel: "LicenseClient-trlanfeng-notifications" at "2026-09-23T05:06:16.2068863Z"
[Licensing::Module] Connected to LicensingClient (PId: 38280, launch time: 0.02, total connection time: 2.36s)
[Licensing::Module] Error: Access token is unavailable; failed to update
[Licensing::Client] Successfully send message: {"AuthorizationCheck":"1Dium/xdA2DCwQ==","messageType":"UpdateLicenseRequest","AccessToken":"","OrgId":"","ProjectId":"","forceUpdateLicense":true} at 1790139976
[Licensing::Client] Successfully receive message: {"responseCode":200,"responseStatus":"Licenses updated.","messageType":"UpdateLicenseResponse","authorizationCheck":"1Dium/xdA2DCwfa21J6ROY0b4RpY"} at 1790139980
[Licensing::Client] Attempt to check time stamp (startTime: 1790139976, endTime: 1790139980)
[Licensing::Client] Successfully updated license
Built from 'tuanjie/1.6/staging' branch; Version is '2022.3.61t14 (3a70663b70e0) revision 3829862'; Using compiler version '192829333'; Build Type 'Release'
OS: 'Windows 11  (10.0.26200) 64bit Professional' Language: 'zh' Physical Memory: 32477 MB
[Licensing::Client] Successfully send message: {"AuthorizationCheck":"Yq4zMVFdS1wX7g==","messageType":"EntitlementDetailsRequest","entitlementIds":["com.unity.editor.legacy.pro","com.unity.editor.headless"],"packageEntitlementIds":[],"includeCustomData":false} at 1790139980
[Licensing::Client] Successfully receive message: {"entitlementGroups":[{"entitlementGroupId":"F4-9MP9-ZWAG-QSVY-CHDF-P4PP","entitlementGroupIdHash":"25af702a0ffcfe3cb60897b1e699a94eb8956553","productName":"Unity Personal","productType":"TuanjieEditor","licenseType":"ULF","expiration":1790575580000,"matchedEntitlements":[{"entitlementId":"com.unity.editor.headless","isPackage":false,"count":1}]}],"responseCode":200,"responseStatus":"Found 1 entitlement groups and 0 free entitlements matching requested entitlement ids","messageType":"EntitlementDetailsResponse","authorizationCheck":"Yq4zMVFdS1wX7nPEPXn7J4Dx0udh"} at 1790139980
[Licensing::Client] Attempt to check time stamp (startTime: 1790139980, endTime: 1790139980)
[Licensing::Client] Successfully resolved entitlement details
[Licensing::Module] Serial number assigned to: "F4-9MP9-ZWAG-QSVY-CHDF-XXXX"
BatchMode: 1, IsHumanControllingUs: 0, StartBugReporterOnCrash: 0, Is64bit: 1, IsPro: 0
[Licensing::Client] Successfully send message: {"AuthorizationCheck":"Yq4zMVFdS1wX7g==","messageType":"EntitlementDetailsRequest","entitlementIds":["com.unity.editor.headless","com.unity.editor.ui"],"packageEntitlementIds":[],"includeCustomData":false} at 1790139980
[Licensing::Client] Successfully receive message: {"entitlementGroups":[{"entitlementGroupId":"F4-9MP9-ZWAG-QSVY-CHDF-P4PP","entitlementGroupIdHash":"25af702a0ffcfe3cb60897b1e699a94eb8956553","productName":"Unity Personal","productType":"TuanjieEditor","licenseType":"ULF","expiration":1790575580000,"matchedEntitlements":[{"entitlementId":"com.unity.editor.ui","isPackage":false,"count":1},{"entitlementId":"com.unity.editor.headless","isPackage":false,"count":1}]}],"responseCode":200,"responseStatus":"Found 1 entitlement groups and 0 free entitlements matching requested entitlement ids","messageType":"EntitlementDetailsResponse","authorizationCheck":"Yq4zMVFdS1wX7nPEPXn7J4Dx0udh"} at 1790139980
[Licensing::Client] Attempt to check time stamp (startTime: 1790139980, endTime: 1790139980)
[Licensing::Client] Successfully resolved entitlement details

COMMAND LINE ARGUMENTS:
C:\Program Files\Tuanjie\Hub\Editor\2022.3.61t14\Editor\Tuanjie.exe
-batchmode
-projectPath
D:/game/LoveQiE-without2DToolkit
-executeMethod
NativeTilemapMigration.Build
-quit
-logFile
D:/game/LoveQiE-without2DToolkit/MigrationReports/build.log
Successfully changed project path to: D:/game/LoveQiE-without2DToolkit
D:/game/LoveQiE-without2DToolkit
[Memory] Configuration Parameters - Can be set up in boot.config
    "memorysetup-bucket-allocator-granularity=16"
    "memorysetup-bucket-allocator-bucket-count=8"
    "memorysetup-bucket-allocator-block-size=33554432"
    "memorysetup-bucket-allocator-block-count=8"
    "memorysetup-main-allocator-block-size=16777216"
    "memorysetup-thread-allocator-block-size=16777216"
    "memorysetup-gfx-main-allocator-block-size=16777216"
    "memorysetup-gfx-thread-allocator-block-size=16777216"
    "memorysetup-cache-allocator-block-size=4194304"
    "memorysetup-typetree-allocator-block-size=2097152"
    "memorysetup-profiler-bucket-allocator-granularity=16"
    "memorysetup-profiler-bucket-allocator-bucket-count=8"
    "memorysetup-profiler-bucket-allocator-block-size=33554432"
    "memorysetup-profiler-bucket-allocator-block-count=8"
    "memorysetup-profiler-allocator-block-size=16777216"
    "memorysetup-profiler-editor-allocator-block-size=1048576"
    "memorysetup-temp-allocator-size-main=16777216"
    "memorysetup-job-temp-allocator-block-size=2097152"
    "memorysetup-job-temp-allocator-block-size-background=1048576"
    "memorysetup-job-temp-allocator-reduction-small-platforms=262144"
    "memorysetup-allocator-temp-initial-block-size-main=262144"
    "memorysetup-allocator-temp-initial-block-size-worker=262144"
    "memorysetup-temp-allocator-size-background-worker=32768"
    "memorysetup-temp-allocator-size-job-worker=262144"
    "memorysetup-temp-allocator-size-preload-manager=33554432"
    "memorysetup-temp-allocator-size-nav-mesh-worker=65536"
    "memorysetup-temp-allocator-size-audio-worker=65536"
    "memorysetup-temp-allocator-size-cloud-worker=32768"
    "memorysetup-temp-allocator-size-gi-baking-worker=262144"
    "memorysetup-temp-allocator-size-gfx=262144"
Player connection [43128]  Target information:

Player connection [43128]  * "[IP] 192.168.1.2 [Port] 55504 [Flags] 2 [Guid] 3672861368 [EditorId] 3672861368 [Version] 1048832 [Id] WindowsEditor(7,MY-PC) [Debug] 1 [PackageName] WindowsEditor [ProjectName] Editor" 

Player connection [43128]  * "[IP] 192.168.115.1 [Port] 55504 [Flags] 2 [Guid] 3672861368 [EditorId] 3672861368 [Version] 1048832 [Id] WindowsEditor(7,MY-PC) [Debug] 1 [PackageName] WindowsEditor [ProjectName] Editor" 

Player connection [43128]  * "[IP] 192.168.80.1 [Port] 55504 [Flags] 2 [Guid] 3672861368 [EditorId] 3672861368 [Version] 1048832 [Id] WindowsEditor(7,MY-PC) [Debug] 1 [PackageName] WindowsEditor [ProjectName] Editor" 

Player connection [43128] Host joined multi-casting on [225.0.0.222:54997]...
Player connection [43128] Host joined alternative multi-casting on [225.0.0.222:34997]...
Input System module state changed to: Initialized.
AS: AutoStreaming module initializing.
Begin write certificate to file.
Write certificate complete, return 1.
StartServer, cert is C:/Users/trlanfeng/AppData/Roaming/Tuanjie/40040-rest-certificate.pem
Start HTTP server port 38000, HTTPS server port 38443.
[Package Manager] UpmClient::Connect -- Connected to IPC stream "Upm-40040" after 0.0 seconds.
[Licensing::Client] Successfully send message: {"AuthorizationCheck":"Yq4zMVFdS1wX7w==","messageType":"EntitlementDetailsRequest","entitlementIds":["com.unity.editor.last.activation.date","com.unity.editor.headless"],"packageEntitlementIds":[],"includeCustomData":false} at 1790139981
[Licensing::Client] Successfully receive message: {"entitlementGroups":[{"entitlementGroupId":"F4-9MP9-ZWAG-QSVY-CHDF-P4PP","entitlementGroupIdHash":"25af702a0ffcfe3cb60897b1e699a94eb8956553","productName":"Unity Personal","productType":"TuanjieEditor","licenseType":"ULF","expiration":1790575580000,"matchedEntitlements":[{"entitlementId":"com.unity.editor.headless","isPackage":false,"count":1},{"entitlementId":"com.unity.editor.last.activation.date","isPackage":false,"count":1}]}],"responseCode":200,"responseStatus":"Found 1 entitlement groups and 0 free entitlements matching requested entitlement ids","messageType":"EntitlementDetailsResponse","authorizationCheck":"Yq4zMVFdS1wX73PEPXn7J1AIHNKJ"} at 1790139981
[Licensing::Client] Attempt to check time stamp (startTime: 1790139981, endTime: 1790139981)
[Licensing::Client] Successfully resolved entitlement details
[Licensing::Client] Successfully send message: {"AuthorizationCheck":"Yq4zMVFdS1wX7w==","messageType":"EntitlementDetailsRequest","entitlementIds":["com.unity.editor.disable-splash-screen","com.unity.editor.headless"],"packageEntitlementIds":[],"includeCustomData":false} at 1790139981
[Licensing::Client] Successfully receive message: {"entitlementGroups":[{"entitlementGroupId":"F4-9MP9-ZWAG-QSVY-CHDF-P4PP","entitlementGroupIdHash":"25af702a0ffcfe3cb60897b1e699a94eb8956553","productName":"Unity Personal","productType":"TuanjieEditor","licenseType":"ULF","expiration":1790575580000,"matchedEntitlements":[{"entitlementId":"com.unity.editor.headless","isPackage":false,"count":1}]}],"responseCode":200,"responseStatus":"Found 1 entitlement groups and 0 free entitlements matching requested entitlement ids","messageType":"EntitlementDetailsResponse","authorizationCheck":"Yq4zMVFdS1wX73PEPXn7J1AIHNKJ"} at 1790139981
[Licensing::Client] Attempt to check time stamp (startTime: 1790139981, endTime: 1790139981)
[Licensing::Client] Successfully resolved entitlement details
[Licensing::Client] Successfully send message: {"AuthorizationCheck":"Yq4zMVFdS1wX7w==","messageType":"EntitlementDetailsRequest","entitlementIds":["com.unity.editor.allow-mix-usage","com.unity.editor.headless"],"packageEntitlementIds":[],"includeCustomData":false} at 1790139981
[Licensing::Client] Successfully receive message: {"entitlementGroups":[{"entitlementGroupId":"F4-9MP9-ZWAG-QSVY-CHDF-P4PP","entitlementGroupIdHash":"25af702a0ffcfe3cb60897b1e699a94eb8956553","productName":"Unity Personal","productType":"TuanjieEditor","licenseType":"ULF","expiration":1790575580000,"matchedEntitlements":[{"entitlementId":"com.unity.editor.headless","isPackage":false,"count":1}]}],"responseCode":200,"responseStatus":"Found 1 entitlement groups and 0 free entitlements matching requested entitlement ids","messageType":"EntitlementDetailsResponse","authorizationCheck":"Yq4zMVFdS1wX73PEPXn7J1AIHNKJ"} at 1790139981
[Licensing::Client] Attempt to check time stamp (startTime: 1790139981, endTime: 1790139981)
[Licensing::Client] Successfully resolved entitlement details
[Package Manager] Restoring resolved packages state from cache
[Licensing::Client] Successfully send message: {"AuthorizationCheck":"Yq4zMVFdS1wX7w==","messageType":"EntitlementDetailsRequest","entitlementIds":[],"packageEntitlementIds":["com.unity.modules.ai","com.unity.modules.androidjni","com.unity.modules.animation","com.unity.modules.assetbundle","com.unity.modules.audio","com.unity.modules.cloth","com.unity.modules.director","com.unity.modules.imageconversion","com.unity.modules.imgui","com.unity.modules.infinity","com.unity.modules.jsonserialize","com.unity.modules.particlesystem","com.unity.modules.physics","com.unity.modules.physics2d","com.unity.modules.screencapture","com.unity.modules.terrain","com.unity.modules.terrainphysics","com.unity.modules.tilemap","com.unity.modules.ui","com.unity.modules.uielements","com.unity.modules.unityanalytics","com.unity.modules.unitywebrequest","com.unity.modules.unitywebrequestassetbundle","com.unity.modules.unitywebrequestaudio","com.unity.modules.unitywebrequesttexture","com.unity.modules.unitywebrequestwww","com.unity.modules.vehicles","com.unity.modules.video","com.unity.modules.vr","com.unity.modules.wind","com.unity.modules.xr","com.unity.modules.subsystems"],"includeCustomData":false} at 1790139981
[Licensing::Client] Successfully receive message: {"freeEntitlementIds":["com.unity.modules.ai","com.unity.modules.androidjni","com.unity.modules.animation","com.unity.modules.assetbundle","com.unity.modules.audio","com.unity.modules.cloth","com.unity.modules.director","com.unity.modules.imageconversion","com.unity.modules.imgui","com.unity.modules.infinity","com.unity.modules.jsonserialize","com.unity.modules.particlesystem","com.unity.modules.physics","com.unity.modules.physics2d","com.unity.modules.screencapture","com.unity.modules.terrain","com.unity.modules.terrainphysics","com.unity.modules.tilemap","com.unity.modules.ui","com.unity.modules.uielements","com.unity.modules.unityanalytics","com.unity.modules.unitywebrequest","com.unity.modules.unitywebrequestassetbundle","com.unity.modules.unitywebrequestaudio","com.unity.modules.unitywebrequesttexture","com.unity.modules.unitywebrequestwww","com.unity.modules.vehicles","com.unity.modules.video","com.unity.modules.vr","com.unity.modules.wind","com.unity.modules.xr","com.unity.modules.subsystems"],"responseCode":200,"responseStatus":"Found 0 entitlement groups and 32 free entitlements matching requested entitlement ids","messageType":"EntitlementDetailsResponse","authorizationCheck":"Yq4zMVFdS1wX73PEPXn7J1AIHNKJ"} at 1790139981
[Licensing::Client] Attempt to check time stamp (startTime: 1790139981, endTime: 1790139981)
[Licensing::Client] Successfully resolved entitlement details
[Package Manager] Registered 32 packages:
  Built-in packages:
    com.unity.modules.ai@1.0.0 (location: D:\game\LoveQiE-without2DToolkit\Library\PackageCache\com.unity.modules.ai@1.0.0)
    com.unity.modules.androidjni@1.0.0 (location: D:\game\LoveQiE-without2DToolkit\Library\PackageCache\com.unity.modules.androidjni@1.0.0)
    com.unity.modules.animation@1.0.0 (location: D:\game\LoveQiE-without2DToolkit\Library\PackageCache\com.unity.modules.animation@1.0.0)
    com.unity.modules.assetbundle@1.0.0 (location: D:\game\LoveQiE-without2DToolkit\Library\PackageCache\com.unity.modules.assetbundle@1.0.0)
    com.unity.modules.audio@1.0.0 (location: D:\game\LoveQiE-without2DToolkit\Library\PackageCache\com.unity.modules.audio@1.0.0)
    com.unity.modules.cloth@1.0.0 (location: D:\game\LoveQiE-without2DToolkit\Library\PackageCache\com.unity.modules.cloth@1.0.0)
    com.unity.modules.director@1.0.0 (location: D:\game\LoveQiE-without2DToolkit\Library\PackageCache\com.unity.modules.director@1.0.0)
    com.unity.modules.imageconversion@1.0.0 (location: D:\game\LoveQiE-without2DToolkit\Library\PackageCache\com.unity.modules.imageconversion@1.0.0)
    com.unity.modules.imgui@1.0.0 (location: D:\game\LoveQiE-without2DToolkit\Library\PackageCache\com.unity.modules.imgui@1.0.0)
    com.unity.modules.infinity@1.0.0 (location: D:\game\LoveQiE-without2DToolkit\Library\PackageCache\com.unity.modules.infinity@1.0.0)
    com.unity.modules.jsonserialize@1.0.0 (location: D:\game\LoveQiE-without2DToolkit\Library\PackageCache\com.unity.modules.jsonserialize@1.0.0)
    com.unity.modules.particlesystem@1.0.0 (location: D:\game\LoveQiE-without2DToolkit\Library\PackageCache\com.unity.modules.particlesystem@1.0.0)
    com.unity.modules.physics@1.0.0 (location: D:\game\LoveQiE-without2DToolkit\Library\PackageCache\com.unity.modules.physics@1.0.0)
    com.unity.modules.physics2d@1.0.0 (location: D:\game\LoveQiE-without2DToolkit\Library\PackageCache\com.unity.modules.physics2d@1.0.0)
    com.unity.modules.screencapture@1.0.0 (location: D:\game\LoveQiE-without2DToolkit\Library\PackageCache\com.unity.modules.screencapture@1.0.0)
    com.unity.modules.terrain@1.0.0 (location: D:\game\LoveQiE-without2DToolkit\Library\PackageCache\com.unity.modules.terrain@1.0.0)
    com.unity.modules.terrainphysics@1.0.0 (location: D:\game\LoveQiE-without2DToolkit\Library\PackageCache\com.unity.modules.terrainphysics@1.0.0)
    com.unity.modules.tilemap@1.0.0 (location: D:\game\LoveQiE-without2DToolkit\Library\PackageCache\com.unity.modules.tilemap@1.0.0)
    com.unity.modules.ui@1.0.0 (location: D:\game\LoveQiE-without2DToolkit\Library\PackageCache\com.unity.modules.ui@1.0.0)
    com.unity.modules.uielements@1.0.0 (location: D:\game\LoveQiE-without2DToolkit\Library\PackageCache\com.unity.modules.uielements@1.0.0)
    com.unity.modules.unityanalytics@1.0.0 (location: D:\game\LoveQiE-without2DToolkit\Library\PackageCache\com.unity.modules.unityanalytics@1.0.0)
    com.unity.modules.unitywebrequest@1.0.0 (location: D:\game\LoveQiE-without2DToolkit\Library\PackageCache\com.unity.modules.unitywebrequest@1.0.0)
    com.unity.modules.unitywebrequestassetbundle@1.0.0 (location: D:\game\LoveQiE-without2DToolkit\Library\PackageCache\com.unity.modules.unitywebrequestassetbundle@1.0.0)
    com.unity.modules.unitywebrequestaudio@1.0.0 (location: D:\game\LoveQiE-without2DToolkit\Library\PackageCache\com.unity.modules.unitywebrequestaudio@1.0.0)
    com.unity.modules.unitywebrequesttexture@1.0.0 (location: D:\game\LoveQiE-without2DToolkit\Library\PackageCache\com.unity.modules.unitywebrequesttexture@1.0.0)
    com.unity.modules.unitywebrequestwww@1.0.0 (location: D:\game\LoveQiE-without2DToolkit\Library\PackageCache\com.unity.modules.unitywebrequestwww@1.0.0)
    com.unity.modules.vehicles@1.0.0 (location: D:\game\LoveQiE-without2DToolkit\Library\PackageCache\com.unity.modules.vehicles@1.0.0)
    com.unity.modules.video@1.0.0 (location: D:\game\LoveQiE-without2DToolkit\Library\PackageCache\com.unity.modules.video@1.0.0)
    com.unity.modules.vr@1.0.0 (location: D:\game\LoveQiE-without2DToolkit\Library\PackageCache\com.unity.modules.vr@1.0.0)
    com.unity.modules.wind@1.0.0 (location: D:\game\LoveQiE-without2DToolkit\Library\PackageCache\com.unity.modules.wind@1.0.0)
    com.unity.modules.xr@1.0.0 (location: D:\game\LoveQiE-without2DToolkit\Library\PackageCache\com.unity.modules.xr@1.0.0)
    com.unity.modules.subsystems@1.0.0 (location: D:\game\LoveQiE-without2DToolkit\Library\PackageCache\com.unity.modules.subsystems@1.0.0)
[Subsystems] No new subsystems found in resolved package list.
Package Manager log level set to [2]
[Package Manager] Done registering packages in 0.16 seconds
[Package Manager] Done resolving packages in 0.41 seconds
[Package Manager] Registered 32 packages:
  Built-in packages:
    com.unity.modules.ai@1.0.0 (location: D:\game\LoveQiE-without2DToolkit\Library\PackageCache\com.unity.modules.ai@1.0.0)
    com.unity.modules.androidjni@1.0.0 (location: D:\game\LoveQiE-without2DToolkit\Library\PackageCache\com.unity.modules.androidjni@1.0.0)
    com.unity.modules.animation@1.0.0 (location: D:\game\LoveQiE-without2DToolkit\Library\PackageCache\com.unity.modules.animation@1.0.0)
    com.unity.modules.assetbundle@1.0.0 (location: D:\game\LoveQiE-without2DToolkit\Library\PackageCache\com.unity.modules.assetbundle@1.0.0)
    com.unity.modules.audio@1.0.0 (location: D:\game\LoveQiE-without2DToolkit\Library\PackageCache\com.unity.modules.audio@1.0.0)
    com.unity.modules.cloth@1.0.0 (location: D:\game\LoveQiE-without2DToolkit\Library\PackageCache\com.unity.modules.cloth@1.0.0)
    com.unity.modules.director@1.0.0 (location: D:\game\LoveQiE-without2DToolkit\Library\PackageCache\com.unity.modules.director@1.0.0)
    com.unity.modules.imageconversion@1.0.0 (location: D:\game\LoveQiE-without2DToolkit\Library\PackageCache\com.unity.modules.imageconversion@1.0.0)
    com.unity.modules.imgui@1.0.0 (location: D:\game\LoveQiE-without2DToolkit\Library\PackageCache\com.unity.modules.imgui@1.0.0)
    com.unity.modules.infinity@1.0.0 (location: D:\game\LoveQiE-without2DToolkit\Library\PackageCache\com.unity.modules.infinity@1.0.0)
    com.unity.modules.jsonserialize@1.0.0 (location: D:\game\LoveQiE-without2DToolkit\Library\PackageCache\com.unity.modules.jsonserialize@1.0.0)
    com.unity.modules.particlesystem@1.0.0 (location: D:\game\LoveQiE-without2DToolkit\Library\PackageCache\com.unity.modules.particlesystem@1.0.0)
    com.unity.modules.physics@1.0.0 (location: D:\game\LoveQiE-without2DToolkit\Library\PackageCache\com.unity.modules.physics@1.0.0)
    com.unity.modules.physics2d@1.0.0 (location: D:\game\LoveQiE-without2DToolkit\Library\PackageCache\com.unity.modules.physics2d@1.0.0)
    com.unity.modules.screencapture@1.0.0 (location: D:\game\LoveQiE-without2DToolkit\Library\PackageCache\com.unity.modules.screencapture@1.0.0)
    com.unity.modules.terrain@1.0.0 (location: D:\game\LoveQiE-without2DToolkit\Library\PackageCache\com.unity.modules.terrain@1.0.0)
    com.unity.modules.terrainphysics@1.0.0 (location: D:\game\LoveQiE-without2DToolkit\Library\PackageCache\com.unity.modules.terrainphysics@1.0.0)
    com.unity.modules.tilemap@1.0.0 (location: D:\game\LoveQiE-without2DToolkit\Library\PackageCache\com.unity.modules.tilemap@1.0.0)
    com.unity.modules.ui@1.0.0 (location: D:\game\LoveQiE-without2DToolkit\Library\PackageCache\com.unity.modules.ui@1.0.0)
    com.unity.modules.uielements@1.0.0 (location: D:\game\LoveQiE-without2DToolkit\Library\PackageCache\com.unity.modules.uielements@1.0.0)
    com.unity.modules.unityanalytics@1.0.0 (location: D:\game\LoveQiE-without2DToolkit\Library\PackageCache\com.unity.modules.unityanalytics@1.0.0)
    com.unity.modules.unitywebrequest@1.0.0 (location: D:\game\LoveQiE-without2DToolkit\Library\PackageCache\com.unity.modules.unitywebrequest@1.0.0)
    com.unity.modules.unitywebrequestassetbundle@1.0.0 (location: D:\game\LoveQiE-without2DToolkit\Library\PackageCache\com.unity.modules.unitywebrequestassetbundle@1.0.0)
    com.unity.modules.unitywebrequestaudio@1.0.0 (location: D:\game\LoveQiE-without2DToolkit\Library\PackageCache\com.unity.modules.unitywebrequestaudio@1.0.0)
    com.unity.modules.unitywebrequesttexture@1.0.0 (location: D:\game\LoveQiE-without2DToolkit\Library\PackageCache\com.unity.modules.unitywebrequesttexture@1.0.0)
    com.unity.modules.unitywebrequestwww@1.0.0 (location: D:\game\LoveQiE-without2DToolkit\Library\PackageCache\com.unity.modules.unitywebrequestwww@1.0.0)
    com.unity.modules.vehicles@1.0.0 (location: D:\game\LoveQiE-without2DToolkit\Library\PackageCache\com.unity.modules.vehicles@1.0.0)
    com.unity.modules.video@1.0.0 (location: D:\game\LoveQiE-without2DToolkit\Library\PackageCache\com.unity.modules.video@1.0.0)
    com.unity.modules.vr@1.0.0 (location: D:\game\LoveQiE-without2DToolkit\Library\PackageCache\com.unity.modules.vr@1.0.0)
    com.unity.modules.wind@1.0.0 (location: D:\game\LoveQiE-without2DToolkit\Library\PackageCache\com.unity.modules.wind@1.0.0)
    com.unity.modules.xr@1.0.0 (location: D:\game\LoveQiE-without2DToolkit\Library\PackageCache\com.unity.modules.xr@1.0.0)
    com.unity.modules.subsystems@1.0.0 (location: D:\game\LoveQiE-without2DToolkit\Library\PackageCache\com.unity.modules.subsystems@1.0.0)
[Subsystems] No new subsystems found in resolved package list.
[Package Manager] Done registering packages in 0.00 seconds
Artifact Garbage Collection - Removed 24 unused hashed content files
Refreshing native plugins compatible for Editor in 0.00 ms, found 0 plugins.
Preloading 0 native plugins for Editor in 0.00 ms.
Initialize engine version: 2022.3.61t14 (3a70663b70e0)
[Subsystems] Discovering subsystems at path C:/Program Files/Tuanjie/Hub/Editor/2022.3.61t14/Editor/Data/Resources/UnitySubsystems
[Subsystems] Discovering subsystems at path D:/game/LoveQiE-without2DToolkit/Assets
GfxDevice: creating device client; threaded=0; jobified=0
Direct3D:
    Version:  Direct3D 11.0 [level 11.1]
    Renderer: Intel(R) Arc(TM) A770 Graphics (ID=0x56a0)
    Vendor:   Intel
    VRAM:     16258 MB
    Driver:   32.0.101.8974
[Licensing::Client] Successfully send message: {"AuthorizationCheck":"Yq4zMVFdS1wX7A==","messageType":"EntitlementDetailsRequest","entitlementIds":["com.unity.editor.cluster","com.unity.editor.headless"],"packageEntitlementIds":[],"includeCustomData":false} at 1790139982
[Licensing::Client] Successfully receive message: {"entitlementGroups":[{"entitlementGroupId":"F4-9MP9-ZWAG-QSVY-CHDF-P4PP","entitlementGroupIdHash":"25af702a0ffcfe3cb60897b1e699a94eb8956553","productName":"Unity Personal","productType":"TuanjieEditor","licenseType":"ULF","expiration":1790575580000,"matchedEntitlements":[{"entitlementId":"com.unity.editor.headless","isPackage":false,"count":1}]}],"responseCode":200,"responseStatus":"Found 1 entitlement groups and 0 free entitlements matching requested entitlement ids","messageType":"EntitlementDetailsResponse","authorizationCheck":"Yq4zMVFdS1wX7HPEPXn7J3YgspZd"} at 1790139982
[Licensing::Client] Attempt to check time stamp (startTime: 1790139982, endTime: 1790139982)
[Licensing::Client] Successfully resolved entitlement details
Initialize mono
Mono path[0] = 'C:/Program Files/Tuanjie/Hub/Editor/2022.3.61t14/Editor/Data/Managed'
Mono path[1] = 'C:/Program Files/Tuanjie/Hub/Editor/2022.3.61t14/Editor/Data/MonoBleedingEdge/lib/mono/unityjit-win32'
Mono config path = 'C:/Program Files/Tuanjie/Hub/Editor/2022.3.61t14/Editor/Data/MonoBleedingEdge/etc'
Using monoOptions --debugger-agent=transport=dt_socket,embedding=1,server=y,suspend=n,address=0.0.0.0:56040
Using cacheserver namespaces - metadata:defaultmetadata, artifacts:defaultartifacts
Using cacheserver namespaces - metadata:defaultmetadata, artifacts:defaultartifacts
ImportWorker Server TCP listen port: 0
Begin MonoManager ReloadAssembly
Registering precompiled tuanjie dll's ...
Register platform support module: C:/Program Files/Tuanjie/Hub/Editor/2022.3.61t14/Editor/Data/PlaybackEngines/WindowsStandaloneSupport/UnityEditor.WindowsStandalone.Extensions.dll
Registered in 0.008674 seconds.
- Loaded All Assemblies, in  0.241 seconds
Native extension for WindowsStandalone target not found
[Licensing::Client] Successfully send message: {"AuthorizationCheck":"Yq4zMVFdS1wX7A==","messageType":"EntitlementDetailsRequest","entitlementIds":["com.unity.editor.minigame.subplatform.wechat","com.unity.editor.headless"],"packageEntitlementIds":[],"includeCustomData":false} at 1790139982
[Licensing::Client] Successfully receive message: {"entitlementGroups":[{"entitlementGroupId":"F4-9MP9-ZWAG-QSVY-CHDF-P4PP","entitlementGroupIdHash":"25af702a0ffcfe3cb60897b1e699a94eb8956553","productName":"Unity Personal","productType":"TuanjieEditor","licenseType":"ULF","expiration":1790575580000,"matchedEntitlements":[{"entitlementId":"com.unity.editor.headless","isPackage":false,"count":1},{"entitlementId":"com.unity.editor.minigame.subplatform.wechat","isPackage":false,"count":1}]}],"responseCode":200,"responseStatus":"Found 1 entitlement groups and 0 free entitlements matching requested entitlement ids","messageType":"EntitlementDetailsResponse","authorizationCheck":"Yq4zMVFdS1wX7HPEPXn7J3YgspZd"} at 1790139982
[Licensing::Client] Attempt to check time stamp (startTime: 1790139982, endTime: 1790139982)
[Licensing::Client] Successfully resolved entitlement details
[Licensing::Client] Successfully send message: {"AuthorizationCheck":"Yq4zMVFdS1wX7A==","messageType":"EntitlementDetailsRequest","entitlementIds":["com.unity.editor.minigame.subplatform.douyin","com.unity.editor.headless"],"packageEntitlementIds":[],"includeCustomData":false} at 1790139982
[Licensing::Client] Successfully receive message: {"entitlementGroups":[{"entitlementGroupId":"F4-9MP9-ZWAG-QSVY-CHDF-P4PP","entitlementGroupIdHash":"25af702a0ffcfe3cb60897b1e699a94eb8956553","productName":"Unity Personal","productType":"TuanjieEditor","licenseType":"ULF","expiration":1790575580000,"matchedEntitlements":[{"entitlementId":"com.unity.editor.headless","isPackage":false,"count":1},{"entitlementId":"com.unity.editor.minigame.subplatform.douyin","isPackage":false,"count":1}]}],"responseCode":200,"responseStatus":"Found 1 entitlement groups and 0 free entitlements matching requested entitlement ids","messageType":"EntitlementDetailsResponse","authorizationCheck":"Yq4zMVFdS1wX7HPEPXn7J3YgspZd"} at 1790139982
[Licensing::Client] Attempt to check time stamp (startTime: 1790139982, endTime: 1790139982)
[Licensing::Client] Successfully resolved entitlement details
[Licensing::Client] Successfully send message: {"AuthorizationCheck":"Yq4zMVFdS1wX7A==","messageType":"EntitlementDetailsRequest","entitlementIds":["com.unity.editor.minigame.subplatform.kuaishou","com.unity.editor.headless"],"packageEntitlementIds":[],"includeCustomData":false} at 1790139982
[Licensing::Client] Successfully receive message: {"entitlementGroups":[{"entitlementGroupId":"F4-9MP9-ZWAG-QSVY-CHDF-P4PP","entitlementGroupIdHash":"25af702a0ffcfe3cb60897b1e699a94eb8956553","productName":"Unity Personal","productType":"TuanjieEditor","licenseType":"ULF","expiration":1790575580000,"matchedEntitlements":[{"entitlementId":"com.unity.editor.headless","isPackage":false,"count":1},{"entitlementId":"com.unity.editor.minigame.subplatform.kuaishou","isPackage":false,"count":1}]}],"responseCode":200,"responseStatus":"Found 1 entitlement groups and 0 free entitlements matching requested entitlement ids","messageType":"EntitlementDetailsResponse","authorizationCheck":"Yq4zMVFdS1wX7HPEPXn7J3YgspZd"} at 1790139982
[Licensing::Client] Attempt to check time stamp (startTime: 1790139982, endTime: 1790139982)
[Licensing::Client] Successfully resolved entitlement details
[Licensing::Client] Successfully send message: {"AuthorizationCheck":"Yq4zMVFdS1wX7A==","messageType":"EntitlementDetailsRequest","entitlementIds":["com.unity.editor.minigame.subplatform.minihost","com.unity.editor.headless"],"packageEntitlementIds":[],"includeCustomData":false} at 1790139982
[Licensing::Client] Successfully receive message: {"entitlementGroups":[{"entitlementGroupId":"F4-9MP9-ZWAG-QSVY-CHDF-P4PP","entitlementGroupIdHash":"25af702a0ffcfe3cb60897b1e699a94eb8956553","productName":"Unity Personal","productType":"TuanjieEditor","licenseType":"ULF","expiration":1790575580000,"matchedEntitlements":[{"entitlementId":"com.unity.editor.headless","isPackage":false,"count":1},{"entitlementId":"com.unity.editor.minigame.subplatform.minihost","isPackage":false,"count":1}]}],"responseCode":200,"responseStatus":"Found 1 entitlement groups and 0 free entitlements matching requested entitlement ids","messageType":"EntitlementDetailsResponse","authorizationCheck":"Yq4zMVFdS1wX7HPEPXn7J3YgspZd"} at 1790139982
[Licensing::Client] Attempt to check time stamp (startTime: 1790139982, endTime: 1790139982)
[Licensing::Client] Successfully resolved entitlement details
Mono: successfully reloaded assembly
- Finished resetting the current domain, in  0.238 seconds
Domain Reload Profiling: 477ms
	BeginReloadAssembly (77ms)
		ExecutionOrderSort (0ms)
		DisableScriptedObjects (0ms)
		BackupInstance (0ms)
		ReleaseScriptingObjects (0ms)
		CreateAndSetChildDomain (0ms)
	RebuildCommonClasses (21ms)
	RebuildNativeTypeToScriptingClass (7ms)
	initialDomainReloadingComplete (45ms)
	LoadAllAssembliesAndSetupDomain (90ms)
		LoadAssemblies (74ms)
		RebuildTransferFunctionScriptingTraits (0ms)
		AnalyzeDomain (88ms)
			TypeCache.Refresh (87ms)
				TypeCache.ScanAssembly (78ms)
			ScanForSourceGeneratedMonoScriptInfo (0ms)
			ResolveRequiredComponents (0ms)
	FinalizeReload (239ms)
		ReleaseScriptCaches (0ms)
		RebuildScriptCaches (0ms)
		SetupLoadedEditorAssemblies (208ms)
			LogAssemblyErrors (0ms)
			InitializePlatformSupportModulesInManaged (7ms)
			SetLoadedEditorAssemblies (5ms)
			RefreshPlugins (0ms)
			BeforeProcessingInitializeOnLoad (1ms)
			ProcessInitializeOnLoadAttributes (180ms)
			ProcessInitializeOnLoadMethodAttributes (14ms)
			AfterProcessingInitializeOnLoad (0ms)
			EditorAssembliesLoaded (0ms)
		ExecutionOrderSort2 (0ms)
		AwakeInstancesAfterBackupRestoration (0ms)
[Licensing::Client] Successfully send message: {"AuthorizationCheck":"Yq4zMVFdS1wX7A==","messageType":"EntitlementDetailsRequest","entitlementIds":["com.unity.editor.legacy.pro","com.unity.editor.watermarks.disable","com.unity.editor.watermarks.prototyping","com.unity.editor.watermarks.edu","com.unity.editor.watermarks.trial","com.unity.editor.time-limited-license","com.unity.editor.cluster","com.unity.editor.unity.compliant","com.unity.editor.watermarks.forcedisable","com.unity.editor.open-harmony.analytics.disabled","com.unity.editor.mini-game.analytics.disabled","com.unity.editor.unity.expiration.2d","com.unity.editor.unity.expiration.7d","com.unity.editor.headless"],"packageEntitlementIds":[],"includeCustomData":false} at 1790139982
[Licensing::Client] Successfully receive message: {"entitlementGroups":[{"entitlementGroupId":"F4-9MP9-ZWAG-QSVY-CHDF-P4PP","entitlementGroupIdHash":"25af702a0ffcfe3cb60897b1e699a94eb8956553","productName":"Unity Personal","productType":"TuanjieEditor","licenseType":"ULF","expiration":1790575580000,"matchedEntitlements":[{"entitlementId":"com.unity.editor.headless","isPackage":false,"count":1},{"entitlementId":"com.unity.editor.unity.expiration.2d","isPackage":false,"count":1},{"entitlementId":"com.unity.editor.watermarks.forcedisable","isPackage":false,"count":1},{"entitlementId":"com.unity.editor.unity.compliant","isPackage":false,"count":1},{"entitlementId":"com.unity.editor.mini-game.analytics.disabled","isPackage":false,"count":1},{"entitlementId":"com.unity.editor.time-limited-license","isPackage":false,"count":1}]}],"responseCode":200,"responseStatus":"Found 1 entitlement groups and 0 free entitlements matching requested entitlement ids","messageType":"EntitlementDetailsResponse","authorizationCheck":"Yq4zMVFdS1wX7HPEPXn7J3YgspZd"} at 1790139982
[Licensing::Client] Attempt to check time stamp (startTime: 1790139982, endTime: 1790139982)
[Licensing::Client] Successfully resolved entitlement details
Application.AssetDatabase Initial Refresh Start
[Licensing::Client] Successfully send message: {"AuthorizationCheck":"Yq4zMVFdS1wX7A==","messageType":"EntitlementDetailsRequest","entitlementIds":["com.unity.editor.guid.encryption","com.unity.editor.headless"],"packageEntitlementIds":[],"includeCustomData":false} at 1790139982
[Licensing::Client] Successfully receive message: {"entitlementGroups":[{"entitlementGroupId":"F4-9MP9-ZWAG-QSVY-CHDF-P4PP","entitlementGroupIdHash":"25af702a0ffcfe3cb60897b1e699a94eb8956553","productName":"Unity Personal","productType":"TuanjieEditor","licenseType":"ULF","expiration":1790575580000,"matchedEntitlements":[{"entitlementId":"com.unity.editor.headless","isPackage":false,"count":1},{"entitlementId":"com.unity.editor.guid.encryption","isPackage":false,"count":1}]}],"responseCode":200,"responseStatus":"Found 1 entitlement groups and 0 free entitlements matching requested entitlement ids","messageType":"EntitlementDetailsResponse","authorizationCheck":"Yq4zMVFdS1wX7HPEPXn7J3YgspZd"} at 1790139982
[Licensing::Client] Attempt to check time stamp (startTime: 1790139982, endTime: 1790139982)
[Licensing::Client] Successfully resolved entitlement details
[ScriptCompilation] Requested script compilation because: Assetdatabase observed changes in script compilation related files
Starting: C:\Program Files\Tuanjie\Hub\Editor\2022.3.61t14\Editor\Data\bee_backend.exe --dont-print-to-structured-log --ipc --defer-dag-verification --dagfile="Library/Bee/1900b0aE.dag" --continue-on-failure --profile="Library/Bee/backend1.traceevents" ScriptAssemblies
WorkingDir: D:/game/LoveQiE-without2DToolkit
DisplayProgressbar: Compiling Scripts
ExitCode: 4 Duration: 0s72ms
Rebuilding DAG because FileSignature timestamp changed: Library/Bee/1900b0aE-inputdata.json
*** Tundra requires additional run (0.05 seconds), 0 items updated, 110 evaluated
Starting: C:\Program Files\Tuanjie\Hub\Editor\2022.3.61t14\Editor\Data\Tools\netcorerun\netcorerun.exe "C:\Program Files\Tuanjie\Hub\Editor\2022.3.61t14\Editor\Data\Tools\BuildPipeline\ScriptCompilationBuildProgram.exe" "Library/Bee/1900b0aE.dag.json" "Library/Bee/1900b0aE-inputdata.json" "Library\Bee\buildprogram0.traceevents"
WorkingDir: D:/game/LoveQiE-without2DToolkit
ExitCode: 0 Duration: 0s178ms
Starting: C:\Program Files\Tuanjie\Hub\Editor\2022.3.61t14\Editor\Data\bee_backend.exe --dont-print-to-structured-log --ipc --defer-dag-verification --dagfile="Library/Bee/1900b0aE.dag" --continue-on-failure --dagfilejson="Library\Bee\1900b0aE.dag.json" --profile="Library/Bee/backend2.traceevents" ScriptAssemblies
WorkingDir: D:/game/LoveQiE-without2DToolkit
ExitCode: 0 Duration: 0s892ms
Finished compiling graph: 113 nodes, 415 flattened edges (405 ToBuild, 4 ToUse), maximum node priority 18
[103/110    0s] WriteText Library/Bee/artifacts/1900b0aE.dag/Assembly-CSharp.rsp
[104/110    0s] Csc Library/Bee/artifacts/1900b0aE.dag/Assembly-CSharp.dll (+2 others)
[105/110    0s] CopyFiles Library/ScriptAssemblies/Assembly-CSharp.pdb
[106/110    0s] CopyFiles Library/ScriptAssemblies/Assembly-CSharp.dll
[107/110    0s] Csc Library/Bee/artifacts/1900b0aE.dag/Assembly-CSharp-Editor.dll (+2 others)
[108/110    0s] CopyFiles Library/ScriptAssemblies/Assembly-CSharp-Editor.pdb
[109/110    0s] CopyFiles Library/ScriptAssemblies/Assembly-CSharp-Editor.dll
*** Tundra build success (0.87 seconds), 7 items updated, 110 evaluated
AssetDatabase: script compilation time: 1.460519s
Begin MonoManager ReloadAssembly
- Loaded All Assemblies, in  0.156 seconds
Refreshing native plugins compatible for Editor in 0.00 ms, found 0 plugins.
Preloading 0 native plugins for Editor in 0.00 ms.
Start importing Assets/_Scripts/Maps/NativeGameplaySmoke.cs using Guid(3452541be68ace344b0ff79633209055) Importer(Primary)  -> (artifact id: '5505e2e8e83246bac4b89f462cd59ade') in 0.013212 seconds
Refreshing native plugins compatible for Editor in 0.00 ms, found 0 plugins.
Native extension for WindowsStandalone target not found
Mono: successfully reloaded assembly
- Finished resetting the current domain, in  0.184 seconds
Domain Reload Profiling: 338ms
	BeginReloadAssembly (100ms)
		ExecutionOrderSort (0ms)
		DisableScriptedObjects (3ms)
		BackupInstance (0ms)
		ReleaseScriptingObjects (0ms)
		CreateAndSetChildDomain (15ms)
	RebuildCommonClasses (21ms)
	RebuildNativeTypeToScriptingClass (7ms)
	initialDomainReloadingComplete (19ms)
	LoadAllAssembliesAndSetupDomain (7ms)
		LoadAssemblies (61ms)
		RebuildTransferFunctionScriptingTraits (0ms)
		AnalyzeDomain (5ms)
			TypeCache.Refresh (4ms)
				TypeCache.ScanAssembly (0ms)
			ScanForSourceGeneratedMonoScriptInfo (0ms)
			ResolveRequiredComponents (0ms)
	FinalizeReload (185ms)
		ReleaseScriptCaches (0ms)
		RebuildScriptCaches (0ms)
		SetupLoadedEditorAssemblies (119ms)
			LogAssemblyErrors (0ms)
			InitializePlatformSupportModulesInManaged (4ms)
			SetLoadedEditorAssemblies (3ms)
			RefreshPlugins (0ms)
			BeforeProcessingInitializeOnLoad (11ms)
			ProcessInitializeOnLoadAttributes (88ms)
			ProcessInitializeOnLoadMethodAttributes (5ms)
			AfterProcessingInitializeOnLoad (8ms)
			EditorAssembliesLoaded (0ms)
		ExecutionOrderSort2 (0ms)
		AwakeInstancesAfterBackupRestoration (7ms)
Refreshing native plugins compatible for Editor in 0.00 ms, found 0 plugins.
Preloading 0 native plugins for Editor in 0.00 ms.
Asset Pipeline Refresh (id=f21fea89261d99e4c8513343ac6cc965): Total: 1.997 seconds - Initiated by InitialRefreshV2(ForceSynchronousImport)
	Summary:
		Imports: total=1 (actual=1, local cache=0, cache server=0)
		Asset DB Process Time: managed=1 ms, native=131 ms
		Asset DB Callback time: managed=32 ms, native=2 ms
		Scripting: domain reloads=1, domain reload time=359 ms, compile time=1462 ms, other=7 ms
		Project Asset Count: scripts=114, non-scripts=355
		Asset File Changes: new=1, changed=1, moved=0, deleted=0
		Scan Filter Count: 0
		OnDemandAssets Count:0
	InvokeBeforeRefreshCallbacks: 0.866ms
	ApplyChangesToAssetFolders: 0.025ms
	Scan: 40.167ms
	OnSourceAssetsModified: 1.777ms
	GetAllGuidsForCategorization: 0.033ms
	CategorizeAssets: 2.668ms
	ImportOutOfDateAssets: 202.133ms (-1276.850ms without children)
		ImportManagerImport: 16.749ms (3.376ms without children)
			ImportInProcess: 13.356ms
			UpdateCategorizedAssets: 0.016ms
		CompileScripts: 1462.049ms
		ReloadNativeAssets: 0.000ms
		UnloadImportedAssets: 0.058ms
		ReloadImportedAssets: 0.000ms
		EnsureUptoDateAssetsAreRegisteredWithGuidPM: 0.043ms
		InitializingProgressBar: 0.000ms
		PostProcessAllAssetNotificationsAddChangedAssets: 0.000ms
		OnDemandSchedulerStart: 0.083ms
	PostProcessAllAssets: 31.243ms
	Hotreload: 0.632ms
	GatherAllCurrentPrimaryArtifactRevisions: 0.001ms
	UnloadStreamsBegin: 0.161ms
	PersistCurrentRevisions: 0.051ms
	UnloadStreamsEnd: 0.002ms
	GenerateScriptTypeHashes: 0.017ms
	Untracked: 1716.958ms
Application.AssetDatabase Initial Refresh End
Launched and connected shader compiler TuanjieShaderCompiler.exe after 0.05 seconds
Scanning for USB devices : 0.677ms
Initializing Tuanjie extensions:
[Licensing::Client] Successfully send message: {"AuthorizationCheck":"Enep5TlSllAGRQ==","messageType":"ProductNameRequest","Value":"unity.DefaultCompany.2DTOOLKIT"} at 1790139985
[Licensing::Client] Successfully receive message: {"responseCode":200,"messageType":"ProductNameResponse"} at 1790139985
[Licensing::Client] Error: ProductNameResponse could not be deserialized
[MODES] ModeService[none].Initialize
[MODES] ModeService[none].LoadModes
[MODES] Loading mode Default (0) for mode-current-id-LoveQiE
Unloading 3 Unused Serialized files (Serialized files now loaded: 0)
Unloading 14 unused Assets / (470.6 KB). Loaded Objects now: 550.
Memory consumption went from 80.9 MB to 80.4 MB.
Total: 1.890700 ms (FindLiveObjects: 0.027600 ms CreateObjectMapping: 0.003000 ms MarkObjects: 1.723500 ms  DeleteObjects: 0.136100 ms)

NATIVE_TILEMAP_VALIDATION_PASS 10797
UnityEngine.StackTraceUtility:ExtractStackTrace ()
UnityEngine.DebugLogHandler:LogFormat (UnityEngine.LogType,UnityEngine.Object,string,object[])
UnityEngine.Logger:Log (UnityEngine.LogType,object)
UnityEngine.Debug:Log (object)
NativeTilemapMigration:Validate () (at Assets/Editor/NativeTilemapMigration/NativeTilemapMigration.cs:186)
NativeTilemapMigration:Build () (at Assets/Editor/NativeTilemapMigration/NativeTilemapMigration.cs:191)

(Filename: Assets/Editor/NativeTilemapMigration/NativeTilemapMigration.cs Line: 186)

[Licensing::Client] Successfully send message: {"AuthorizationCheck":"Yq4zMVFdS1wX6A==","messageType":"EntitlementDetailsRequest","entitlementIds":["com.unity.editor","com.unity.editor.headless"],"packageEntitlementIds":[],"includeCustomData":false} at 1790139986
[Licensing::Client] Successfully receive message: {"entitlementGroups":[{"entitlementGroupId":"F4-9MP9-ZWAG-QSVY-CHDF-P4PP","entitlementGroupIdHash":"25af702a0ffcfe3cb60897b1e699a94eb8956553","productName":"Unity Personal","productType":"TuanjieEditor","licenseType":"ULF","expiration":1790575580000,"matchedEntitlements":[{"entitlementId":"com.unity.editor","isPackage":false,"count":1},{"entitlementId":"com.unity.editor.headless","isPackage":false,"count":1}]}],"responseCode":200,"responseStatus":"Found 1 entitlement groups and 0 free entitlements matching requested entitlement ids","messageType":"EntitlementDetailsResponse","authorizationCheck":"Yq4zMVFdS1wX6HPEPXn7Jy5aqNgU"} at 1790139986
[Licensing::Client] Attempt to check time stamp (startTime: 1790139986, endTime: 1790139986)
[Licensing::Client] Successfully resolved entitlement details
[Licensing::Client] Successfully send message: {"AuthorizationCheck":"Yq4zMVFdS1wX6A==","messageType":"EntitlementDetailsRequest","entitlementIds":["com.unity.editor","com.unity.editor.headless"],"packageEntitlementIds":[],"includeCustomData":false} at 1790139986
[Licensing::Client] Successfully receive message: {"entitlementGroups":[{"entitlementGroupId":"F4-9MP9-ZWAG-QSVY-CHDF-P4PP","entitlementGroupIdHash":"25af702a0ffcfe3cb60897b1e699a94eb8956553","productName":"Unity Personal","productType":"TuanjieEditor","licenseType":"ULF","expiration":1790575580000,"matchedEntitlements":[{"entitlementId":"com.unity.editor","isPackage":false,"count":1},{"entitlementId":"com.unity.editor.headless","isPackage":false,"count":1}]}],"responseCode":200,"responseStatus":"Found 1 entitlement groups and 0 free entitlements matching requested entitlement ids","messageType":"EntitlementDetailsResponse","authorizationCheck":"Yq4zMVFdS1wX6HPEPXn7Jy5aqNgU"} at 1790139986
[Licensing::Client] Attempt to check time stamp (startTime: 1790139986, endTime: 1790139986)
[Licensing::Client] Successfully resolved entitlement details
Starting: C:\Program Files\Tuanjie\Hub\Editor\2022.3.61t14\Editor\Data\bee_backend.exe --dont-print-to-structured-log --ipc --defer-dag-verification --dagfile="Library/Bee/1900b0aESkipCompile.dag" --continue-on-failure --profile="Library/Bee/backend1.traceevents" ScriptAssembliesAndTypeDB
WorkingDir: D:/game/LoveQiE-without2DToolkit
ExitCode: 4 Duration: 0s29ms
[             ] Require frontend run.  Library/Bee/1900b0aESkipCompile.dag couldn't be loaded
Starting: C:\Program Files\Tuanjie\Hub\Editor\2022.3.61t14\Editor\Data\Tools\netcorerun\netcorerun.exe "C:\Program Files\Tuanjie\Hub\Editor\2022.3.61t14\Editor\Data\Tools\BuildPipeline\ScriptCompilationBuildProgram.exe" "Library/Bee/1900b0aESkipCompile.dag.json" "Library/Bee/1900b0aESkipCompile-inputdata.json" "Library\Bee\buildprogram0.traceevents"
WorkingDir: D:/game/LoveQiE-without2DToolkit
ExitCode: 0 Duration: 0s149ms
Starting: C:\Program Files\Tuanjie\Hub\Editor\2022.3.61t14\Editor\Data\bee_backend.exe --dont-print-to-structured-log --ipc --defer-dag-verification --dagfile="Library/Bee/1900b0aESkipCompile.dag" --continue-on-failure --dagfilejson="Library\Bee\1900b0aESkipCompile.dag.json" --profile="Library/Bee/backend2.traceevents" ScriptAssembliesAndTypeDB
WorkingDir: D:/game/LoveQiE-without2DToolkit
ExitCode: 0 Duration: 0s204ms
Finished compiling graph: 4 nodes, 5 flattened edges (5 ToBuild, 0 ToUse), maximum node priority 3
[2/3        0s] BuildPlayerDataGenerator Library/BuildPlayerData/Editor/TypeDb-All.json
*** Tundra build success (0.18 seconds), 1 items updated, 3 evaluated
Asset Pipeline Refresh (id=1ba5c00f387a05b48b63c0d013728333): Total: 0.004 seconds - Initiated by RefreshV2(NoUpdateAssetOptions)
[ScriptCompilation] Requested script compilation because: Recompiling scripts for player build.
BuildPlayer: start building target 19
Starting: C:\Program Files\Tuanjie\Hub\Editor\2022.3.61t14\Editor\Data\bee_backend.exe --dont-print-to-structured-log --ipc --defer-dag-verification --dagfile="Library/Bee/1900b0aPDevDbg.dag" --continue-on-failure --profile="Library/Bee/backend1.traceevents" ScriptAssembliesAndTypeDB
WorkingDir: D:/game/LoveQiE-without2DToolkit
ExitCode: 4 Duration: 0s22ms
[             ] Require frontend run.  Library/Bee/1900b0aPDevDbg.dag couldn't be loaded
Starting: C:\Program Files\Tuanjie\Hub\Editor\2022.3.61t14\Editor\Data\Tools\netcorerun\netcorerun.exe "C:\Program Files\Tuanjie\Hub\Editor\2022.3.61t14\Editor\Data\Tools\BuildPipeline\ScriptCompilationBuildProgram.exe" "Library/Bee/1900b0aPDevDbg.dag.json" "Library/Bee/1900b0aPDevDbg-inputdata.json" "Library\Bee\buildprogram0.traceevents"
WorkingDir: D:/game/LoveQiE-without2DToolkit
ExitCode: 0 Duration: 0s169ms
Starting: C:\Program Files\Tuanjie\Hub\Editor\2022.3.61t14\Editor\Data\bee_backend.exe --dont-print-to-structured-log --ipc --defer-dag-verification --dagfile="Library/Bee/1900b0aPDevDbg.dag" --continue-on-failure --dagfilejson="Library\Bee\1900b0aPDevDbg.dag.json" --profile="Library/Bee/backend2.traceevents" ScriptAssembliesAndTypeDB
WorkingDir: D:/game/LoveQiE-without2DToolkit
ExitCode: 0 Duration: 0s983ms
Finished compiling graph: 80 nodes, 231 flattened edges (227 ToBuild, 2 ToUse), maximum node priority 14
[ 1/79      0s] MovedFromExtractor Library/Bee/artifacts/mvdfrm/UnityEngine.UnityWebRequestWWWModule.dll_72D7696795C763E0.mvfrm
[ 2/79      0s] MovedFromExtractor Library/Bee/artifacts/mvdfrm/UnityEngine.VehiclesModule.dll_27F58EBADDFBA390.mvfrm
[ 3/79      0s] MovedFromExtractor Library/Bee/artifacts/mvdfrm/UnityEngine.VRModule.dll_E5F69E982E3CEA85.mvfrm
[ 4/79      0s] MovedFromExtractor Library/Bee/artifacts/mvdfrm/UnityEngine.WindModule.dll_3870AFE3BADCCE41.mvfrm
[ 5/79      0s] MovedFromExtractor Library/Bee/artifacts/mvdfrm/UnityEngine.UnityAnalyticsCommonModule.dll_CA5BE2E2C77C5AF5.mvfrm
[ 6/79      0s] MovedFromExtractor Library/Bee/artifacts/mvdfrm/UnityEngine.VirtualTexturingModule.dll_D05728B4E8173C76.mvfrm
[ 7/79      0s] MovedFromExtractor Library/Bee/artifacts/mvdfrm/UnityEngine.VFXModule.dll_63361287F0F65F13.mvfrm
[ 8/79      0s] MovedFromExtractor Library/Bee/artifacts/mvdfrm/UnityEngine.UnityWebRequestTextureModule.dll_25559EE6855568E4.mvfrm
[ 9/79      0s] MovedFromExtractor Library/Bee/artifacts/mvdfrm/UnityEngine.UnityWebRequestAssetBundleModule.dll_E8445B055876A64B.mvfrm
[10/79      0s] MovedFromExtractor Library/Bee/artifacts/mvdfrm/UnityEngine.UnityConnectModule.dll_E9F5A4A991FAEA8E.mvfrm
[11/79      0s] MovedFromExtractor Library/Bee/artifacts/mvdfrm/UnityEngine.UnityCurlModule.dll_B1046892D9F9CD1C.mvfrm
[12/79      0s] MovedFromExtractor Library/Bee/artifacts/mvdfrm/UnityEngine.UnityTestProtocolModule.dll_DED60D622F486F8A.mvfrm
[13/79      0s] MovedFromExtractor Library/Bee/artifacts/mvdfrm/UnityEngine.TLSModule.dll_E2577A191A88F5A6.mvfrm
[14/79      0s] MovedFromExtractor Library/Bee/artifacts/mvdfrm/UnityEngine.AnimationModule.dll_7DE7C76169E5DB2F.mvfrm
[15/79      0s] MovedFromExtractor Library/Bee/artifacts/mvdfrm/UnityEngine.AccessibilityModule.dll_819C2A1E40BD56C9.mvfrm
[16/79      0s] MovedFromExtractor Library/Bee/artifacts/mvdfrm/UnityEngine.XRModule.dll_18B5619CB77737E3.mvfrm
[17/79      0s] MovedFromExtractor Library/Bee/artifacts/mvdfrm/UnityEngine.UIModule.dll_932478128C82650D.mvfrm
[18/79      0s] MovedFromExtractor Library/Bee/artifacts/mvdfrm/UnityEngine.VideoModule.dll_FD33C9D46B7C7406.mvfrm
[19/79      0s] MovedFromExtractor Library/Bee/artifacts/mvdfrm/UnityEngine.UnityWebRequestAudioModule.dll_A719797D33FE872F.mvfrm
[20/79      0s] MovedFromExtractor Library/Bee/artifacts/mvdfrm/UnityEngine.UnityAnalyticsModule.dll_8D4166BE734E17FA.mvfrm
[21/79      0s] MovedFromExtractor Library/Bee/artifacts/mvdfrm/UnityEngine.UnityWebRequestModule.dll_10190BA29068C39B.mvfrm
[22/79      0s] MovedFromExtractor Library/Bee/artifacts/mvdfrm/UnityEngine.AndroidJNIModule.dll_34C22D1C1750D59F.mvfrm
[23/79      0s] MovedFromExtractor Library/Bee/artifacts/mvdfrm/UnityEngine.AIModule.dll_97B0D9E5303B5F61.mvfrm
[24/79      0s] MovedFromExtractor Library/Bee/artifacts/mvdfrm/UnityEngine.UIElementsModule.dll_B727B190D0758014.mvfrm
[25/79      0s] MovedFromExtractor Library/Bee/artifacts/mvdfrm/UnityEngine.TextRenderingModule.dll_24DAD2EA0B9C63AA.mvfrm
[26/79      0s] MovedFromExtractor Library/Bee/artifacts/mvdfrm/UnityEngine.TextCoreTextEngineModule.dll_A815240BA607A774.mvfrm
[27/79      0s] MovedFromExtractor Library/Bee/artifacts/mvdfrm/UnityEngine.TerrainPhysicsModule.dll_6E1C9EC7E069C08B.mvfrm
[28/79      0s] MovedFromExtractor Library/Bee/artifacts/mvdfrm/UnityEngine.TilemapModule.dll_CF18BDDAA8EF7349.mvfrm
[29/79      0s] MovedFromExtractor Library/Bee/artifacts/mvdfrm/UnityEngine.StreamingModule.dll_327CB4B1B96D926D.mvfrm
[30/79      0s] MovedFromExtractor Library/Bee/artifacts/mvdfrm/UnityEngine.TextCoreFontEngineModule.dll_602CED9A1683EE56.mvfrm
[31/79      0s] MovedFromExtractor Library/Bee/artifacts/mvdfrm/UnityEngine.TerrainModule.dll_301C565991329240.mvfrm
[32/79      0s] MovedFromExtractor Library/Bee/artifacts/mvdfrm/UnityEngine.SpriteMaskModule.dll_483BE9C6FF015C0A.mvfrm
[33/79      0s] MovedFromExtractor Library/Bee/artifacts/mvdfrm/UnityEngine.SubstanceModule.dll_0F27C8FB04C0907B.mvfrm
[34/79      0s] MovedFromExtractor Library/Bee/artifacts/mvdfrm/UnityEngine.ProfilerModule.dll_E278CE71FD2B5B02.mvfrm
[35/79      0s] MovedFromExtractor Library/Bee/artifacts/mvdfrm/UnityEngine.RuntimeInitializeOnLoadManagerInitializerModule.dll_232EDD362973CB8D.mvfrm
[36/79      0s] MovedFromExtractor Library/Bee/artifacts/mvdfrm/UnityEngine.SubsystemsModule.dll_B2E95028CD49441D.mvfrm
[37/79      0s] MovedFromExtractor Library/Bee/artifacts/mvdfrm/UnityEngine.ParticleSystemModule.dll_6DA1F5F4C726C5FE.mvfrm
[38/79      0s] MovedFromExtractor Library/Bee/artifacts/mvdfrm/UnityEngine.SpriteShapeModule.dll_A663FAA59C3CF647.mvfrm
[39/79      0s] MovedFromExtractor Library/Bee/artifacts/mvdfrm/UnityEngine.ScreenCaptureModule.dll_FB9B60DF5464E3B5.mvfrm
[40/79      0s] MovedFromExtractor Library/Bee/artifacts/mvdfrm/UnityEngine.PerformanceReportingModule.dll_2F1D259EAD93BC97.mvfrm
[41/79      0s] MovedFromExtractor Library/Bee/artifacts/mvdfrm/UnityEngine.PropertiesModule.dll_8C4AB675507D2ACC.mvfrm
[42/79      0s] MovedFromExtractor Library/Bee/artifacts/mvdfrm/UnityEngine.PhysicsModule.dll_15D5DAEABB744952.mvfrm
[43/79      0s] MovedFromExtractor Library/Bee/artifacts/mvdfrm/UnityEngine.SharedInternalsModule.dll_828B42CDFCA2246C.mvfrm
[44/79      0s] MovedFromExtractor Library/Bee/artifacts/mvdfrm/UnityEngine.LocalizationModule.dll_BA7F6002E076AFA2.mvfrm
[45/79      0s] MovedFromExtractor Library/Bee/artifacts/mvdfrm/UnityEngine.OpenHarmonyJSModule.dll_A7D9D17DAE236050.mvfrm
[46/79      0s] WriteText Library/Bee/artifacts/1900b0aPDevDbg.dag/Assembly-CSharp.rsp2
[47/79      0s] MovedFromExtractor Library/Bee/artifacts/mvdfrm/UnityEngine.JSONSerializeModule.dll_E1B3B35A3FF8B753.mvfrm
[48/79      0s] WriteText Library/Bee/artifacts/1900b0aPDevDbg.dag/Assembly-CSharp.UnityAdditionalFile.txt
[49/79      0s] WriteText Library/Bee/artifacts/1900b0aPDevDbg.dag/Assembly-CSharp.dll.mvfrm.rsp
[50/79      0s] WriteText Library/Bee/artifacts/1900b0aPDevDbg.dag/Assembly-CSharp.rsp
[51/79      0s] MovedFromExtractor Library/Bee/artifacts/mvdfrm/UnityEngine.Physics2DModule.dll_CA8DB7520AE2D2C4.mvfrm
[52/79      0s] MovedFromExtractor Library/Bee/artifacts/mvdfrm/UnityEngine.InputModule.dll_3EA00D1A1F227D05.mvfrm
[53/79      0s] MovedFromExtractor Library/Bee/artifacts/mvdfrm/UnityEngine.GIModule.dll_2FED22F2CBEA477B.mvfrm
[54/79      0s] MovedFromExtractor Library/Bee/artifacts/mvdfrm/UnityEngine.HotReloadModule.dll_FF3085674518F6B1.mvfrm
[55/79      0s] MovedFromExtractor Library/Bee/artifacts/mvdfrm/UnityEngine.InputLegacyModule.dll_1E47E8697E8C742E.mvfrm
[56/79      0s] MovedFromExtractor Library/Bee/artifacts/mvdfrm/UnityEngine.InfinityModule.dll_EFA0C466AF7BFD21.mvfrm
[57/79      0s] MovedFromExtractor Library/Bee/artifacts/mvdfrm/UnityEngine.IMGUIModule.dll_1089E4D06F1BEC42.mvfrm
[58/79      0s] MovedFromExtractor Library/Bee/artifacts/mvdfrm/UnityEngine.ImageConversionModule.dll_FE7A03F88574291C.mvfrm
[59/79      0s] MovedFromExtractor Library/Bee/artifacts/mvdfrm/UnityEngine.GridModule.dll_9F92F0A941FAE5CF.mvfrm
[60/79      0s] MovedFromExtractor Library/Bee/artifacts/mvdfrm/UnityEngine.DSPGraphModule.dll_B583F6A4D632A516.mvfrm
[61/79      0s] MovedFromExtractor Library/Bee/artifacts/mvdfrm/UnityEngine.GameCenterModule.dll_5F0F7736DD91C690.mvfrm
[62/79      0s] MovedFromExtractor Library/Bee/artifacts/mvdfrm/UnityEngine.DirectorModule.dll_B032953B63D1D3F5.mvfrm
[63/79      0s] MovedFromExtractor Library/Bee/artifacts/mvdfrm/UnityEngine.dll_A494E40917F4523D.mvfrm
[64/79      0s] MovedFromExtractor Library/Bee/artifacts/mvdfrm/UnityEngine.CrashReportingModule.dll_1A8FACA859153A70.mvfrm
[65/79      0s] MovedFromExtractor Library/Bee/artifacts/mvdfrm/UnityEngine.AudioModule.dll_D82A4569A8EA5861.mvfrm
[66/79      0s] MovedFromExtractor Library/Bee/artifacts/mvdfrm/UnityEngine.ContentLoadModule.dll_2619268BB51D662A.mvfrm
[67/79      0s] MovedFromExtractor Library/Bee/artifacts/mvdfrm/UnityEngine.ClusterRendererModule.dll_92880648034F7128.mvfrm
[68/79      0s] MovedFromExtractor Library/Bee/artifacts/mvdfrm/UnityEngine.ClusterInputModule.dll_7C3295B048FABCA9.mvfrm
[69/79      0s] MovedFromExtractor Library/Bee/artifacts/mvdfrm/UnityEngine.ClothModule.dll_3F12A26483073745.mvfrm
[70/79      0s] MovedFromExtractor Library/Bee/artifacts/mvdfrm/UnityEngine.AssetBundleModule.dll_8D02CD4AE69ABE3D.mvfrm
[71/79      0s] MovedFromExtractor Library/Bee/artifacts/mvdfrm/UnityEngine.CoreModule.dll_C221D4BB29A64FD8.mvfrm
[72/79      0s] MovedFromExtractor Library/Bee/artifacts/mvdfrm/UnityEngine.ARModule.dll_51239EE88D58BE2A.mvfrm
[73/79      0s] MovedFromExtractorCombine Library/Bee/artifacts/1900b0aPDevDbg.dag/Assembly-CSharp.dll.mvfrm
[74/79      0s] Csc Library/Bee/artifacts/1900b0aPDevDbg.dag/Assembly-CSharp.dll (+2 others)
[75/79      0s] CopyFiles Library/Bee/PlayerScriptAssemblies/Assembly-CSharp.pdb
[76/79      0s] CopyFiles Library/Bee/PlayerScriptAssemblies/Assembly-CSharp.dll
[78/79      0s] BuildPlayerDataGenerator Library/BuildPlayerData/Player/RuntimeInitializeOnLoads.json (+1 other)
*** Tundra build success (0.96 seconds), 77 items updated, 79 evaluated
Asset Pipeline Refresh (id=5cff79a9126ecea41a9fc58d40e06170): Total: 0.004 seconds - Initiated by RefreshV2(NoUpdateAssetOptions)
Opening scene 'Assets/main.unity'
Unloading 1 Unused Serialized files (Serialized files now loaded: 0)
Loaded scene 'Assets/main.unity'
	Deserialize:            1.574 ms
	Integration:            8.004 ms
	Integration of assets:  0.002 ms
	Thread Wait Time:       0.009 ms
	Total Operation Time:   9.589 ms
Unloading 1078 unused Assets / (1.1 MB). Loaded Objects now: 623.
Memory consumption went from 96.8 MB to 95.7 MB.
Total: 2.458400 ms (FindLiveObjects: 0.064200 ms CreateObjectMapping: 0.015500 ms MarkObjects: 1.644200 ms  DeleteObjects: 0.734000 ms)

Created GICache directory at C:/Users/trlanfeng/AppData/LocalLow/Tuanjie/Caches/GiCache. Took: 0.042s, timestamps: [14.485 - 14.527]
gi::BakeBackendSwitch: switching bake backend from 3 to 2.


Mono dependencies included in the build
Dependency assembly - System.IO.Compression.FileSystem.dll
Dependency assembly - mscorlib.dll
Dependency assembly - System.Security.dll
Dependency assembly - System.Configuration.dll
Dependency assembly - System.EnterpriseServices.dll
Dependency assembly - System.ComponentModel.Composition.dll
Dependency assembly - System.Net.Http.dll
Dependency assembly - System.Data.DataSetExtensions.dll
Dependency assembly - Assembly-CSharp.dll
Dependency assembly - System.Drawing.dll
Dependency assembly - System.dll
Dependency assembly - System.Data.dll
Dependency assembly - System.Xml.Linq.dll
Dependency assembly - System.Numerics.dll
Dependency assembly - System.Xml.dll
Dependency assembly - netstandard.dll
Dependency assembly - System.Transactions.dll
Dependency assembly - System.Core.dll
Dependency assembly - Mono.Security.dll
Dependency assembly - System.Runtime.Serialization.dll
Dependency assembly - System.ServiceModel.Internals.dll
Dependency assembly - System.IO.Compression.dll

Unloading 168 Unused Serialized files (Serialized files now loaded: 0)
Unloading 1039 unused Assets / (364.1 KB). Loaded Objects now: 637.
Memory consumption went from 91.8 MB to 91.4 MB.
Total: 2.285500 ms (FindLiveObjects: 0.072000 ms CreateObjectMapping: 0.014800 ms MarkObjects: 1.821400 ms  DeleteObjects: 0.376000 ms)

Unloading 0 Unused Serialized files (Serialized files now loaded: 0)
Unloading 0 unused Assets / (459.9 KB). Loaded Objects now: 637.
Memory consumption went from 91.1 MB to 90.7 MB.
Total: 1.531600 ms (FindLiveObjects: 0.021300 ms CreateObjectMapping: 0.003400 ms MarkObjects: 1.497100 ms  DeleteObjects: 0.009500 ms)

Unloading 1 Unused Serialized files (Serialized files now loaded: 0)
Unloading 173 unused Assets / (132.7 MB). Loaded Objects now: 637.
Memory consumption went from 215.7 MB to 82.9 MB.
Total: 10.626700 ms (FindLiveObjects: 0.033100 ms CreateObjectMapping: 0.007000 ms MarkObjects: 1.728500 ms  DeleteObjects: 8.857700 ms)

Compiling shader "Sprites/Default" pass "" (vp)
    Full variant space:         8
    After settings filtering:   8
    After built-in stripping:   4
    After scriptable stripping: 4
    Processed in 0.00 seconds
    starting compilation...
Launched and connected shader compiler TuanjieShaderCompiler.exe after 0.03 seconds
Launched and connected shader compiler TuanjieShaderCompiler.exe after 0.03 seconds
    finished in 0.11 seconds. Local cache hits 1 (0.00s CPU time), remote cache hits 0 (0.00s CPU time), compiled 3 variants (0.19s CPU time), skipped 0 variants
    Prepared data for serialisation in 0.00s
Compiling shader "Sprites/Default" pass "" (fp)
    Full variant space:         8
    After settings filtering:   8
    After built-in stripping:   4
    After scriptable stripping: 4
    Processed in 0.00 seconds
    starting compilation...
    finished in 0.01 seconds. Local cache hits 1 (0.00s CPU time), remote cache hits 0 (0.00s CPU time), compiled 3 variants (0.02s CPU time), skipped 0 variants
    Prepared data for serialisation in 0.00s
Serialized binary data for shader Sprites/Default in 0.00s
    d3d11 (total internal programs: 8, unique: 8)
Script attached to 'DOTweenSettings' in scene '' is missing or no valid script is attached.
UnityEngine.StackTraceUtility:ExtractStackTrace ()
UnityEditor.BuildPipeline:BuildPlayerInternalNoCheck (string[],string,string,UnityEditor.BuildTargetGroup,UnityEditor.BuildTarget,int,UnityEditor.BuildOptions,string[],bool)
UnityEditor.BuildPipeline:BuildPlayerInternal (string[],string,string,UnityEditor.BuildTargetGroup,UnityEditor.BuildTarget,int,UnityEditor.BuildOptions,string[])
UnityEditor.BuildPipeline:BuildPlayer (string[],string,string,UnityEditor.BuildTargetGroup,UnityEditor.BuildTarget,int,UnityEditor.BuildOptions,string[])
UnityEditor.BuildPipeline:BuildPlayer (UnityEditor.BuildPlayerOptions)
NativeTilemapMigration:Build () (at Assets/Editor/NativeTilemapMigration/NativeTilemapMigration.cs:193)

[Assets/Editor/NativeTilemapMigration/NativeTilemapMigration.cs line 193]

Compiling shader "Legacy Shaders/VertexLit" pass "" (vp)
    Full variant space:         12
    After settings filtering:   12
    After built-in stripping:   3
    After scriptable stripping: 3
    Processed in 0.00 seconds
    starting compilation...
Launched and connected shader compiler TuanjieShaderCompiler.exe after 0.03 seconds
    finished in 0.08 seconds. Local cache hits 0 (0.00s CPU time), remote cache hits 0 (0.00s CPU time), compiled 3 variants (0.12s CPU time), skipped 0 variants
    Prepared data for serialisation in 0.00s
Compiling shader "Legacy Shaders/VertexLit" pass "" (fp)
    Full variant space:         12
    After settings filtering:   12
    After built-in stripping:   3
    After scriptable stripping: 3
    Processed in 0.00 seconds
    starting compilation...
    finished in 0.01 seconds. Local cache hits 0 (0.00s CPU time), remote cache hits 0 (0.00s CPU time), compiled 3 variants (0.02s CPU time), skipped 0 variants
    Prepared data for serialisation in 0.00s
Compiling shader "Legacy Shaders/VertexLit" pass "" (vp)
    Full variant space:         4
    After settings filtering:   4
    After built-in stripping:   1
    After scriptable stripping: 1
    Processed in 0.00 seconds
    starting compilation...
    finished in 0.01 seconds. Local cache hits 0 (0.00s CPU time), remote cache hits 0 (0.00s CPU time), compiled 1 variants (0.01s CPU time), skipped 0 variants
    Prepared data for serialisation in 0.00s
Compiling shader "Legacy Shaders/VertexLit" pass "" (fp)
    Full variant space:         4
    After settings filtering:   4
    After built-in stripping:   1
    After scriptable stripping: 1
    Processed in 0.00 seconds
    starting compilation...
    finished in 0.01 seconds. Local cache hits 0 (0.00s CPU time), remote cache hits 0 (0.00s CPU time), compiled 1 variants (0.01s CPU time), skipped 0 variants
    Prepared data for serialisation in 0.00s
Compiling shader "Legacy Shaders/VertexLit" pass "ShadowCaster" (vp)
    Full variant space:         4
    After settings filtering:   4
    After built-in stripping:   2
    After scriptable stripping: 2
    Processed in 0.00 seconds
    starting compilation...
    finished in 0.01 seconds. Local cache hits 0 (0.00s CPU time), remote cache hits 0 (0.00s CPU time), compiled 2 variants (0.02s CPU time), skipped 0 variants
    Prepared data for serialisation in 0.00s
Compiling shader "Legacy Shaders/VertexLit" pass "ShadowCaster" (fp)
    Full variant space:         4
    After settings filtering:   4
    After built-in stripping:   2
    After scriptable stripping: 2
    Processed in 0.00 seconds
    starting compilation...
    finished in 0.01 seconds. Local cache hits 0 (0.00s CPU time), remote cache hits 0 (0.00s CPU time), compiled 2 variants (0.01s CPU time), skipped 0 variants
    Prepared data for serialisation in 0.00s
Serialized binary data for shader Legacy Shaders/VertexLit in 0.00s
    d3d11 (total internal programs: 12, unique: 12)
Compiling shader "Legacy Shaders/Diffuse" pass "FORWARD" (vp)
    Full variant space:         664
    After settings filtering:   664
    After built-in stripping:   8
    After scriptable stripping: 8
    Processed in 0.00 seconds
    starting compilation...
Launched and connected shader compiler TuanjieShaderCompiler.exe after 0.03 seconds
Launched and connected shader compiler TuanjieShaderCompiler.exe after 0.03 seconds
Launched and connected shader compiler TuanjieShaderCompiler.exe after 0.03 seconds
Launched and connected shader compiler TuanjieShaderCompiler.exe after 0.03 seconds
    finished in 0.23 seconds. Local cache hits 0 (0.00s CPU time), remote cache hits 0 (0.00s CPU time), compiled 8 variants (0.67s CPU time), skipped 0 variants
    Prepared data for serialisation in 0.00s
Compiling shader "Legacy Shaders/Diffuse" pass "FORWARD" (fp)
    Full variant space:         504
    After settings filtering:   504
    After built-in stripping:   4
    After scriptable stripping: 4
    Processed in 0.00 seconds
    starting compilation...
    finished in 0.02 seconds. Local cache hits 0 (0.00s CPU time), remote cache hits 0 (0.00s CPU time), compiled 4 variants (0.07s CPU time), skipped 0 variants
    Prepared data for serialisation in 0.00s
Compiling shader "Legacy Shaders/Diffuse" pass "FORWARD" (vp)
    Full variant space:         20
    After settings filtering:   20
    After built-in stripping:   5
    After scriptable stripping: 5
    Processed in 0.00 seconds
    starting compilation...
    finished in 0.02 seconds. Local cache hits 0 (0.00s CPU time), remote cache hits 0 (0.00s CPU time), compiled 5 variants (0.07s CPU time), skipped 0 variants
    Prepared data for serialisation in 0.00s
Compiling shader "Legacy Shaders/Diffuse" pass "FORWARD" (fp)
    Full variant space:         20
    After settings filtering:   20
    After built-in stripping:   5
    After scriptable stripping: 5
    Processed in 0.00 seconds
    starting compilation...
    finished in 0.02 seconds. Local cache hits 0 (0.00s CPU time), remote cache hits 0 (0.00s CPU time), compiled 5 variants (0.08s CPU time), skipped 0 variants
    Prepared data for serialisation in 0.00s
Compiling shader "Legacy Shaders/Diffuse" pass "DEFERRED" (vp)
    Full variant space:         76
    After settings filtering:   76
    After built-in stripping:   4
    After scriptable stripping: 4
    Processed in 0.00 seconds
    starting compilation...
    finished in 0.02 seconds. Local cache hits 0 (0.00s CPU time), remote cache hits 0 (0.00s CPU time), compiled 4 variants (0.05s CPU time), skipped 0 variants
    Prepared data for serialisation in 0.00s
Compiling shader "Legacy Shaders/Diffuse" pass "DEFERRED" (fp)
    Full variant space:         76
    After settings filtering:   76
    After built-in stripping:   4
    After scriptable stripping: 4
    Processed in 0.00 seconds
    starting compilation...
    finished in 0.01 seconds. Local cache hits 0 (0.00s CPU time), remote cache hits 0 (0.00s CPU time), compiled 4 variants (0.05s CPU time), skipped 0 variants
    Prepared data for serialisation in 0.00s
Serialized binary data for shader Legacy Shaders/Diffuse in 0.00s
    d3d11 (total internal programs: 30, unique: 30)
Compiling shader "Hidden/Internal-StencilWrite" pass "" (vp)
    Full variant space:         1
    After settings filtering:   1
    After built-in stripping:   1
    After scriptable stripping: 1
    Processed in 0.00 seconds
    starting compilation...
    finished in 0.01 seconds. Local cache hits 0 (0.00s CPU time), remote cache hits 0 (0.00s CPU time), compiled 1 variants (0.01s CPU time), skipped 0 variants
    Prepared data for serialisation in 0.00s
Compiling shader "Hidden/Internal-StencilWrite" pass "" (fp)
    Full variant space:         1
    After settings filtering:   1
    After built-in stripping:   1
    After scriptable stripping: 1
    Processed in 0.00 seconds
    starting compilation...
    finished in 0.01 seconds. Local cache hits 0 (0.00s CPU time), remote cache hits 0 (0.00s CPU time), compiled 1 variants (0.01s CPU time), skipped 0 variants
    Prepared data for serialisation in 0.00s
Serialized binary data for shader Hidden/Internal-StencilWrite in 0.00s
    d3d11 (total internal programs: 2, unique: 2)
Compiling shader "Hidden/Internal-DepthNormalsTexture" pass "" (vp)
    Full variant space:         1
    After settings filtering:   1
    After built-in stripping:   1
    After scriptable stripping: 1
    Processed in 0.00 seconds
    starting compilation...
    finished in 0.01 seconds. Local cache hits 0 (0.00s CPU time), remote cache hits 0 (0.00s CPU time), compiled 1 variants (0.01s CPU time), skipped 0 variants
    Prepared data for serialisation in 0.00s
Compiling shader "Hidden/Internal-DepthNormalsTexture" pass "" (fp)
    Full variant space:         1
    After settings filtering:   1
    After built-in stripping:   1
    After scriptable stripping: 1
    Processed in 0.00 seconds
    starting compilation...
    finished in 0.01 seconds. Local cache hits 0 (0.00s CPU time), remote cache hits 0 (0.00s CPU time), compiled 1 variants (0.01s CPU time), skipped 0 variants
    Prepared data for serialisation in 0.00s
Compiling shader "Hidden/Internal-DepthNormalsTexture" pass "" (vp)
    Full variant space:         1
    After settings filtering:   1
    After built-in stripping:   1
    After scriptable stripping: 1
    Processed in 0.00 seconds
    starting compilation...
    finished in 0.01 seconds. Local cache hits 0 (0.00s CPU time), remote cache hits 0 (0.00s CPU time), compiled 1 variants (0.01s CPU time), skipped 0 variants
    Prepared data for serialisation in 0.00s
Compiling shader "Hidden/Internal-DepthNormalsTexture" pass "" (fp)
    Full variant space:         1
    After settings filtering:   1
    After built-in stripping:   1
    After scriptable stripping: 1
    Processed in 0.00 seconds
    starting compilation...
    finished in 0.01 seconds. Local cache hits 0 (0.00s CPU time), remote cache hits 0 (0.00s CPU time), compiled 1 variants (0.01s CPU time), skipped 0 variants
    Prepared data for serialisation in 0.00s
Compiling shader "Hidden/Internal-DepthNormalsTexture" pass "" (vp)
    Full variant space:         1
    After settings filtering:   1
    After built-in stripping:   1
    After scriptable stripping: 1
    Processed in 0.00 seconds
    starting compilation...
    finished in 0.02 seconds. Local cache hits 0 (0.00s CPU time), remote cache hits 0 (0.00s CPU time), compiled 1 variants (0.02s CPU time), skipped 0 variants
    Prepared data for serialisation in 0.00s
Compiling shader "Hidden/Internal-DepthNormalsTexture" pass "" (fp)
    Full variant space:         1
    After settings filtering:   1
    After built-in stripping:   1
    After scriptable stripping: 1
    Processed in 0.00 seconds
    starting compilation...
    finished in 0.01 seconds. Local cache hits 0 (0.00s CPU time), remote cache hits 0 (0.00s CPU time), compiled 1 variants (0.01s CPU time), skipped 0 variants
    Prepared data for serialisation in 0.00s
Compiling shader "Hidden/Internal-DepthNormalsTexture" pass "" (vp)
    Full variant space:         1
    After settings filtering:   1
    After built-in stripping:   1
    After scriptable stripping: 1
    Processed in 0.00 seconds
    starting compilation...
    finished in 0.03 seconds. Local cache hits 0 (0.00s CPU time), remote cache hits 0 (0.00s CPU time), compiled 1 variants (0.03s CPU time), skipped 0 variants
    Prepared data for serialisation in 0.00s
Compiling shader "Hidden/Internal-DepthNormalsTexture" pass "" (fp)
    Full variant space:         1
    After settings filtering:   1
    After built-in stripping:   1
    After scriptable stripping: 1
    Processed in 0.00 seconds
    starting compilation...
    finished in 0.01 seconds. Local cache hits 0 (0.00s CPU time), remote cache hits 0 (0.00s CPU time), compiled 1 variants (0.01s CPU time), skipped 0 variants
    Prepared data for serialisation in 0.00s
Compiling shader "Hidden/Internal-DepthNormalsTexture" pass "" (vp)
    Full variant space:         1
    After settings filtering:   1
    After built-in stripping:   1
    After scriptable stripping: 1
    Processed in 0.00 seconds
    starting compilation...
    finished in 0.01 seconds. Local cache hits 0 (0.00s CPU time), remote cache hits 0 (0.00s CPU time), compiled 1 variants (0.01s CPU time), skipped 0 variants
    Prepared data for serialisation in 0.00s
Compiling shader "Hidden/Internal-DepthNormalsTexture" pass "" (fp)
    Full variant space:         1
    After settings filtering:   1
    After built-in stripping:   1
    After scriptable stripping: 1
    Processed in 0.00 seconds
    starting compilation...
    finished in 0.01 seconds. Local cache hits 0 (0.00s CPU time), remote cache hits 0 (0.00s CPU time), compiled 1 variants (0.01s CPU time), skipped 0 variants
    Prepared data for serialisation in 0.00s
Compiling shader "Hidden/Internal-DepthNormalsTexture" pass "" (vp)
    Full variant space:         1
    After settings filtering:   1
    After built-in stripping:   1
    After scriptable stripping: 1
    Processed in 0.00 seconds
    starting compilation...
    finished in 0.01 seconds. Local cache hits 0 (0.00s CPU time), remote cache hits 0 (0.00s CPU time), compiled 1 variants (0.01s CPU time), skipped 0 variants
    Prepared data for serialisation in 0.00s
Compiling shader "Hidden/Internal-DepthNormalsTexture" pass "" (fp)
    Full variant space:         1
    After settings filtering:   1
    After built-in stripping:   1
    After scriptable stripping: 1
    Processed in 0.00 seconds
    starting compilation...
    finished in 0.01 seconds. Local cache hits 0 (0.00s CPU time), remote cache hits 0 (0.00s CPU time), compiled 1 variants (0.01s CPU time), skipped 0 variants
    Prepared data for serialisation in 0.00s
Compiling shader "Hidden/Internal-DepthNormalsTexture" pass "" (vp)
    Full variant space:         1
    After settings filtering:   1
    After built-in stripping:   1
    After scriptable stripping: 1
    Processed in 0.00 seconds
    starting compilation...
    finished in 0.01 seconds. Local cache hits 0 (0.00s CPU time), remote cache hits 0 (0.00s CPU time), compiled 1 variants (0.01s CPU time), skipped 0 variants
    Prepared data for serialisation in 0.00s
Compiling shader "Hidden/Internal-DepthNormalsTexture" pass "" (fp)
    Full variant space:         1
    After settings filtering:   1
    After built-in stripping:   1
    After scriptable stripping: 1
    Processed in 0.00 seconds
    starting compilation...
    finished in 0.01 seconds. Local cache hits 0 (0.00s CPU time), remote cache hits 0 (0.00s CPU time), compiled 1 variants (0.01s CPU time), skipped 0 variants
    Prepared data for serialisation in 0.00s
Compiling shader "Hidden/Internal-DepthNormalsTexture" pass "" (vp)
    Full variant space:         1
    After settings filtering:   1
    After built-in stripping:   1
    After scriptable stripping: 1
    Processed in 0.00 seconds
    starting compilation...
    finished in 0.01 seconds. Local cache hits 0 (0.00s CPU time), remote cache hits 0 (0.00s CPU time), compiled 1 variants (0.01s CPU time), skipped 0 variants
    Prepared data for serialisation in 0.00s
Compiling shader "Hidden/Internal-DepthNormalsTexture" pass "" (fp)
    Full variant space:         1
    After settings filtering:   1
    After built-in stripping:   1
    After scriptable stripping: 1
    Processed in 0.00 seconds
    starting compilation...
    finished in 0.01 seconds. Local cache hits 0 (0.00s CPU time), remote cache hits 0 (0.00s CPU time), compiled 1 variants (0.01s CPU time), skipped 0 variants
    Prepared data for serialisation in 0.00s
Compiling shader "Hidden/Internal-DepthNormalsTexture" pass "" (vp)
    Full variant space:         1
    After settings filtering:   1
    After built-in stripping:   1
    After scriptable stripping: 1
    Processed in 0.00 seconds
    starting compilation...
    finished in 0.02 seconds. Local cache hits 0 (0.00s CPU time), remote cache hits 0 (0.00s CPU time), compiled 1 variants (0.02s CPU time), skipped 0 variants
    Prepared data for serialisation in 0.00s
Compiling shader "Hidden/Internal-DepthNormalsTexture" pass "" (fp)
    Full variant space:         1
    After settings filtering:   1
    After built-in stripping:   1
    After scriptable stripping: 1
    Processed in 0.00 seconds
    starting compilation...
    finished in 0.01 seconds. Local cache hits 0 (0.00s CPU time), remote cache hits 0 (0.00s CPU time), compiled 1 variants (0.01s CPU time), skipped 0 variants
    Prepared data for serialisation in 0.00s
Compiling shader "Hidden/Internal-DepthNormalsTexture" pass "" (vp)
    Full variant space:         1
    After settings filtering:   1
    After built-in stripping:   1
    After scriptable stripping: 1
    Processed in 0.00 seconds
    starting compilation...
    finished in 0.02 seconds. Local cache hits 0 (0.00s CPU time), remote cache hits 0 (0.00s CPU time), compiled 1 variants (0.02s CPU time), skipped 0 variants
    Prepared data for serialisation in 0.00s
Compiling shader "Hidden/Internal-DepthNormalsTexture" pass "" (fp)
    Full variant space:         1
    After settings filtering:   1
    After built-in stripping:   1
    After scriptable stripping: 1
    Processed in 0.00 seconds
    starting compilation...
    finished in 0.01 seconds. Local cache hits 0 (0.00s CPU time), remote cache hits 0 (0.00s CPU time), compiled 1 variants (0.01s CPU time), skipped 0 variants
    Prepared data for serialisation in 0.00s
Serialized binary data for shader Hidden/Internal-DepthNormalsTexture in 0.00s
    d3d11 (total internal programs: 20, unique: 17)
Compiling shader "Hidden/Internal-ScreenSpaceShadows" pass "" (vp)
    Full variant space:         4
    After settings filtering:   4
    After built-in stripping:   4
    After scriptable stripping: 4
    Processed in 0.00 seconds
    starting compilation...
    finished in 0.02 seconds. Local cache hits 0 (0.00s CPU time), remote cache hits 0 (0.00s CPU time), compiled 4 variants (0.06s CPU time), skipped 0 variants
    Prepared data for serialisation in 0.00s
Compiling shader "Hidden/Internal-ScreenSpaceShadows" pass "" (fp)
    Full variant space:         4
    After settings filtering:   4
    After built-in stripping:   4
    After scriptable stripping: 4
    Processed in 0.00 seconds
    starting compilation...
    finished in 0.02 seconds. Local cache hits 0 (0.00s CPU time), remote cache hits 0 (0.00s CPU time), compiled 4 variants (0.06s CPU time), skipped 0 variants
    Prepared data for serialisation in 0.00s
Compiling shader "Hidden/Internal-ScreenSpaceShadows" pass "" (vp)
    Full variant space:         4
    After settings filtering:   4
    After built-in stripping:   4
    After scriptable stripping: 4
    Processed in 0.00 seconds
    starting compilation...
    finished in 0.02 seconds. Local cache hits 0 (0.00s CPU time), remote cache hits 0 (0.00s CPU time), compiled 4 variants (0.06s CPU time), skipped 0 variants
    Prepared data for serialisation in 0.00s
Compiling shader "Hidden/Internal-ScreenSpaceShadows" pass "" (fp)
    Full variant space:         4
    After settings filtering:   4
    After built-in stripping:   4
    After scriptable stripping: 4
    Processed in 0.00 seconds
    starting compilation...
    finished in 0.02 seconds. Local cache hits 0 (0.00s CPU time), remote cache hits 0 (0.00s CPU time), compiled 4 variants (0.07s CPU time), skipped 0 variants
    Prepared data for serialisation in 0.00s
Compiling shader "Hidden/Internal-ScreenSpaceShadows" pass "" (vp)
    Full variant space:         4
    After settings filtering:   4
    After built-in stripping:   4
    After scriptable stripping: 4
    Processed in 0.00 seconds
    starting compilation...
    finished in 0.02 seconds. Local cache hits 0 (0.00s CPU time), remote cache hits 0 (0.00s CPU time), compiled 4 variants (0.06s CPU time), skipped 0 variants
    Prepared data for serialisation in 0.00s
Compiling shader "Hidden/Internal-ScreenSpaceShadows" pass "" (fp)
    Full variant space:         4
    After settings filtering:   4
    After built-in stripping:   4
    After scriptable stripping: 4
    Processed in 0.00 seconds
    starting compilation...
    finished in 0.03 seconds. Local cache hits 0 (0.00s CPU time), remote cache hits 0 (0.00s CPU time), compiled 4 variants (0.12s CPU time), skipped 0 variants
    Prepared data for serialisation in 0.00s
Compiling shader "Hidden/Internal-ScreenSpaceShadows" pass "" (vp)
    Full variant space:         4
    After settings filtering:   4
    After built-in stripping:   4
    After scriptable stripping: 4
    Processed in 0.00 seconds
    starting compilation...
    finished in 0.02 seconds. Local cache hits 0 (0.00s CPU time), remote cache hits 0 (0.00s CPU time), compiled 4 variants (0.06s CPU time), skipped 0 variants
    Prepared data for serialisation in 0.00s
Compiling shader "Hidden/Internal-ScreenSpaceShadows" pass "" (fp)
    Full variant space:         4
    After settings filtering:   4
    After built-in stripping:   4
    After scriptable stripping: 4
    Processed in 0.00 seconds
    starting compilation...
    finished in 0.03 seconds. Local cache hits 0 (0.00s CPU time), remote cache hits 0 (0.00s CPU time), compiled 4 variants (0.12s CPU time), skipped 0 variants
    Prepared data for serialisation in 0.00s
Serialized binary data for shader Hidden/Internal-ScreenSpaceShadows in 0.00s
    d3d11 (total internal programs: 32, unique: 20)
Compiling shader "Hidden/Internal-CombineDepthNormals" pass "" (vp)
    Full variant space:         1
    After settings filtering:   1
    After built-in stripping:   1
    After scriptable stripping: 1
    Processed in 0.00 seconds
    starting compilation...
    finished in 0.01 seconds. Local cache hits 0 (0.00s CPU time), remote cache hits 0 (0.00s CPU time), compiled 1 variants (0.01s CPU time), skipped 0 variants
    Prepared data for serialisation in 0.00s
Compiling shader "Hidden/Internal-CombineDepthNormals" pass "" (fp)
    Full variant space:         1
    After settings filtering:   1
    After built-in stripping:   1
    After scriptable stripping: 1
    Processed in 0.00 seconds
    starting compilation...
    finished in 0.01 seconds. Local cache hits 0 (0.00s CPU time), remote cache hits 0 (0.00s CPU time), compiled 1 variants (0.01s CPU time), skipped 0 variants
    Prepared data for serialisation in 0.00s
Serialized binary data for shader Hidden/Internal-CombineDepthNormals in 0.00s
    d3d11 (total internal programs: 2, unique: 2)
Compiling shader "Hidden/BlitCopy" pass "" (vp)
    Full variant space:         1
    After settings filtering:   1
    After built-in stripping:   1
    After scriptable stripping: 1
    Processed in 0.00 seconds
    starting compilation...
    finished in 0.00 seconds. Local cache hits 1 (0.00s CPU time), remote cache hits 0 (0.00s CPU time), compiled 0 variants (0.00s CPU time), skipped 0 variants
    Prepared data for serialisation in 0.00s
Compiling shader "Hidden/BlitCopy" pass "" (fp)
    Full variant space:         1
    After settings filtering:   1
    After built-in stripping:   1
    After scriptable stripping: 1
    Processed in 0.00 seconds
    starting compilation...
    finished in 0.00 seconds. Local cache hits 1 (0.00s CPU time), remote cache hits 0 (0.00s CPU time), compiled 0 variants (0.00s CPU time), skipped 0 variants
    Prepared data for serialisation in 0.00s
Serialized binary data for shader Hidden/BlitCopy in 0.00s
    d3d11 (total internal programs: 2, unique: 2)
Compiling shader "Hidden/BlitCopyDepth" pass "" (vp)
    Full variant space:         1
    After settings filtering:   1
    After built-in stripping:   1
    After scriptable stripping: 1
    Processed in 0.00 seconds
    starting compilation...
    finished in 0.01 seconds. Local cache hits 0 (0.00s CPU time), remote cache hits 0 (0.00s CPU time), compiled 1 variants (0.01s CPU time), skipped 0 variants
    Prepared data for serialisation in 0.00s
Compiling shader "Hidden/BlitCopyDepth" pass "" (fp)
    Full variant space:         1
    After settings filtering:   1
    After built-in stripping:   1
    After scriptable stripping: 1
    Processed in 0.00 seconds
    starting compilation...
    finished in 0.01 seconds. Local cache hits 0 (0.00s CPU time), remote cache hits 0 (0.00s CPU time), compiled 1 variants (0.01s CPU time), skipped 0 variants
    Prepared data for serialisation in 0.00s
Serialized binary data for shader Hidden/BlitCopyDepth in 0.00s
    d3d11 (total internal programs: 2, unique: 2)
Compiling shader "Hidden/ConvertTexture" pass "" (vp)
    Full variant space:         1
    After settings filtering:   1
    After built-in stripping:   1
    After scriptable stripping: 1
    Processed in 0.00 seconds
    starting compilation...
    finished in 0.01 seconds. Local cache hits 0 (0.00s CPU time), remote cache hits 0 (0.00s CPU time), compiled 1 variants (0.01s CPU time), skipped 0 variants
    Prepared data for serialisation in 0.00s
Compiling shader "Hidden/ConvertTexture" pass "" (fp)
    Full variant space:         1
    After settings filtering:   1
    After built-in stripping:   1
    After scriptable stripping: 1
    Processed in 0.00 seconds
    starting compilation...
    finished in 0.01 seconds. Local cache hits 0 (0.00s CPU time), remote cache hits 0 (0.00s CPU time), compiled 1 variants (0.01s CPU time), skipped 0 variants
    Prepared data for serialisation in 0.00s
Serialized binary data for shader Hidden/ConvertTexture in 0.00s
    d3d11 (total internal programs: 2, unique: 2)
Compiling shader "Hidden/Internal-DeferredShading" pass "" (vp)
    Full variant space:         94
    After settings filtering:   94
    After built-in stripping:   26
    After scriptable stripping: 26
    Processed in 0.00 seconds
    starting compilation...
Launched and connected shader compiler TuanjieShaderCompiler.exe after 0.03 seconds
Launched and connected shader compiler TuanjieShaderCompiler.exe after 0.03 seconds
Launched and connected shader compiler TuanjieShaderCompiler.exe after 0.04 seconds
Launched and connected shader compiler TuanjieShaderCompiler.exe after 0.04 seconds
Launched and connected shader compiler TuanjieShaderCompiler.exe after 0.04 seconds
Launched and connected shader compiler TuanjieShaderCompiler.exe after 0.03 seconds
Launched and connected shader compiler TuanjieShaderCompiler.exe after 0.04 seconds
Launched and connected shader compiler TuanjieShaderCompiler.exe after 0.03 seconds
Launched and connected shader compiler TuanjieShaderCompiler.exe after 0.03 seconds
Launched and connected shader compiler TuanjieShaderCompiler.exe after 0.03 seconds
Launched and connected shader compiler TuanjieShaderCompiler.exe after 0.03 seconds
Launched and connected shader compiler TuanjieShaderCompiler.exe after 0.03 seconds
Launched and connected shader compiler TuanjieShaderCompiler.exe after 0.04 seconds
Launched and connected shader compiler TuanjieShaderCompiler.exe after 0.03 seconds
Launched and connected shader compiler TuanjieShaderCompiler.exe after 0.03 seconds
Launched and connected shader compiler TuanjieShaderCompiler.exe after 0.03 seconds
    finished in 0.87 seconds. Local cache hits 0 (0.00s CPU time), remote cache hits 0 (0.00s CPU time), compiled 26 variants (7.75s CPU time), skipped 0 variants
    Prepared data for serialisation in 0.00s
Compiling shader "Hidden/Internal-DeferredShading" pass "" (fp)
    Full variant space:         94
    After settings filtering:   94
    After built-in stripping:   26
    After scriptable stripping: 26
    Processed in 0.00 seconds
    starting compilation...
    finished in 0.07 seconds. Local cache hits 0 (0.00s CPU time), remote cache hits 0 (0.00s CPU time), compiled 26 variants (1.38s CPU time), skipped 0 variants
    Prepared data for serialisation in 0.00s
Compiling shader "Hidden/Internal-DeferredShading" pass "" (vp)
    Full variant space:         1
    After settings filtering:   1
    After built-in stripping:   1
    After scriptable stripping: 1
    Processed in 0.00 seconds
    starting compilation...
    finished in 0.01 seconds. Local cache hits 0 (0.00s CPU time), remote cache hits 0 (0.00s CPU time), compiled 1 variants (0.01s CPU time), skipped 0 variants
    Prepared data for serialisation in 0.00s
Compiling shader "Hidden/Internal-DeferredShading" pass "" (fp)
    Full variant space:         1
    After settings filtering:   1
    After built-in stripping:   1
    After scriptable stripping: 1
    Processed in 0.00 seconds
    starting compilation...
    finished in 0.01 seconds. Local cache hits 0 (0.00s CPU time), remote cache hits 0 (0.00s CPU time), compiled 1 variants (0.01s CPU time), skipped 0 variants
    Prepared data for serialisation in 0.00s
Serialized binary data for shader Hidden/Internal-DeferredShading in 0.00s
    d3d11 (total internal programs: 54, unique: 54)
Compiling shader "Hidden/Internal-DeferredReflections" pass "" (vp)
    Full variant space:         1
    After settings filtering:   1
    After built-in stripping:   1
    After scriptable stripping: 1
    Processed in 0.00 seconds
    starting compilation...
    finished in 0.01 seconds. Local cache hits 0 (0.00s CPU time), remote cache hits 0 (0.00s CPU time), compiled 1 variants (0.01s CPU time), skipped 0 variants
    Prepared data for serialisation in 0.00s
Compiling shader "Hidden/Internal-DeferredReflections" pass "" (fp)
    Full variant space:         1
    After settings filtering:   1
    After built-in stripping:   1
    After scriptable stripping: 1
    Processed in 0.00 seconds
    starting compilation...
    finished in 0.02 seconds. Local cache hits 0 (0.00s CPU time), remote cache hits 0 (0.00s CPU time), compiled 1 variants (0.02s CPU time), skipped 0 variants
    Prepared data for serialisation in 0.00s
Compiling shader "Hidden/Internal-DeferredReflections" pass "" (vp)
    Full variant space:         2
    After settings filtering:   2
    After built-in stripping:   2
    After scriptable stripping: 2
    Processed in 0.00 seconds
    starting compilation...
    finished in 0.01 seconds. Local cache hits 0 (0.00s CPU time), remote cache hits 0 (0.00s CPU time), compiled 2 variants (0.02s CPU time), skipped 0 variants
    Prepared data for serialisation in 0.00s
Compiling shader "Hidden/Internal-DeferredReflections" pass "" (fp)
    Full variant space:         2
    After settings filtering:   2
    After built-in stripping:   2
    After scriptable stripping: 2
    Processed in 0.00 seconds
    starting compilation...
    finished in 0.01 seconds. Local cache hits 0 (0.00s CPU time), remote cache hits 0 (0.00s CPU time), compiled 2 variants (0.01s CPU time), skipped 0 variants
    Prepared data for serialisation in 0.00s
Serialized binary data for shader Hidden/Internal-DeferredReflections in 0.00s
    d3d11 (total internal programs: 6, unique: 6)
Compiling shader "Hidden/Internal-MotionVectors" pass "" (vp)
    Full variant space:         1
    After settings filtering:   1
    After built-in stripping:   1
    After scriptable stripping: 1
    Processed in 0.00 seconds
    starting compilation...
    finished in 0.01 seconds. Local cache hits 0 (0.00s CPU time), remote cache hits 0 (0.00s CPU time), compiled 1 variants (0.01s CPU time), skipped 0 variants
    Prepared data for serialisation in 0.00s
Compiling shader "Hidden/Internal-MotionVectors" pass "" (fp)
    Full variant space:         1
    After settings filtering:   1
    After built-in stripping:   1
    After scriptable stripping: 1
    Processed in 0.00 seconds
    starting compilation...
    finished in 0.01 seconds. Local cache hits 0 (0.00s CPU time), remote cache hits 0 (0.00s CPU time), compiled 1 variants (0.01s CPU time), skipped 0 variants
    Prepared data for serialisation in 0.00s
Compiling shader "Hidden/Internal-MotionVectors" pass "" (vp)
    Full variant space:         1
    After settings filtering:   1
    After built-in stripping:   1
    After scriptable stripping: 1
    Processed in 0.00 seconds
    starting compilation...
    finished in 0.01 seconds. Local cache hits 0 (0.00s CPU time), remote cache hits 0 (0.00s CPU time), compiled 1 variants (0.01s CPU time), skipped 0 variants
    Prepared data for serialisation in 0.00s
Compiling shader "Hidden/Internal-MotionVectors" pass "" (fp)
    Full variant space:         1
    After settings filtering:   1
    After built-in stripping:   1
    After scriptable stripping: 1
    Processed in 0.00 seconds
    starting compilation...
    finished in 0.01 seconds. Local cache hits 0 (0.00s CPU time), remote cache hits 0 (0.00s CPU time), compiled 1 variants (0.01s CPU time), skipped 0 variants
    Prepared data for serialisation in 0.00s
Compiling shader "Hidden/Internal-MotionVectors" pass "" (vp)
    Full variant space:         1
    After settings filtering:   1
    After built-in stripping:   1
    After scriptable stripping: 1
    Processed in 0.00 seconds
    starting compilation...
    finished in 0.01 seconds. Local cache hits 0 (0.00s CPU time), remote cache hits 0 (0.00s CPU time), compiled 1 variants (0.01s CPU time), skipped 0 variants
    Prepared data for serialisation in 0.00s
Compiling shader "Hidden/Internal-MotionVectors" pass "" (fp)
    Full variant space:         1
    After settings filtering:   1
    After built-in stripping:   1
    After scriptable stripping: 1
    Processed in 0.00 seconds
    starting compilation...
    finished in 0.01 seconds. Local cache hits 0 (0.00s CPU time), remote cache hits 0 (0.00s CPU time), compiled 1 variants (0.01s CPU time), skipped 0 variants
    Prepared data for serialisation in 0.00s
Serialized binary data for shader Hidden/Internal-MotionVectors in 0.00s
    d3d11 (total internal programs: 6, unique: 5)
Compiling shader "Hidden/Internal-Flare" pass "" (vp)
    Full variant space:         1
    After settings filtering:   1
    After built-in stripping:   1
    After scriptable stripping: 1
    Processed in 0.00 seconds
    starting compilation...
    finished in 0.01 seconds. Local cache hits 0 (0.00s CPU time), remote cache hits 0 (0.00s CPU time), compiled 1 variants (0.01s CPU time), skipped 0 variants
    Prepared data for serialisation in 0.00s
Compiling shader "Hidden/Internal-Flare" pass "" (fp)
    Full variant space:         1
    After settings filtering:   1
    After built-in stripping:   1
    After scriptable stripping: 1
    Processed in 0.00 seconds
    starting compilation...
    finished in 0.01 seconds. Local cache hits 0 (0.00s CPU time), remote cache hits 0 (0.00s CPU time), compiled 1 variants (0.01s CPU time), skipped 0 variants
    Prepared data for serialisation in 0.00s
Serialized binary data for shader Hidden/Internal-Flare in 0.00s
    d3d11 (total internal programs: 2, unique: 2)
Compiling shader "Hidden/Internal-Halo" pass "" (vp)
    Full variant space:         4
    After settings filtering:   4
    After built-in stripping:   1
    After scriptable stripping: 1
    Processed in 0.00 seconds
    starting compilation...
    finished in 0.01 seconds. Local cache hits 0 (0.00s CPU time), remote cache hits 0 (0.00s CPU time), compiled 1 variants (0.01s CPU time), skipped 0 variants
    Prepared data for serialisation in 0.00s
Compiling shader "Hidden/Internal-Halo" pass "" (fp)
    Full variant space:         4
    After settings filtering:   4
    After built-in stripping:   1
    After scriptable stripping: 1
    Processed in 0.00 seconds
    starting compilation...
    finished in 0.01 seconds. Local cache hits 0 (0.00s CPU time), remote cache hits 0 (0.00s CPU time), compiled 1 variants (0.01s CPU time), skipped 0 variants
    Prepared data for serialisation in 0.00s
Serialized binary data for shader Hidden/Internal-Halo in 0.00s
    d3d11 (total internal programs: 2, unique: 2)
Compiling shader "Hidden/BlitCopyWithDepth" pass "" (vp)
    Full variant space:         1
    After settings filtering:   1
    After built-in stripping:   1
    After scriptable stripping: 1
    Processed in 0.00 seconds
    starting compilation...
    finished in 0.01 seconds. Local cache hits 0 (0.00s CPU time), remote cache hits 0 (0.00s CPU time), compiled 1 variants (0.01s CPU time), skipped 0 variants
    Prepared data for serialisation in 0.00s
Compiling shader "Hidden/BlitCopyWithDepth" pass "" (fp)
    Full variant space:         1
    After settings filtering:   1
    After built-in stripping:   1
    After scriptable stripping: 1
    Processed in 0.00 seconds
    starting compilation...
    finished in 0.01 seconds. Local cache hits 0 (0.00s CPU time), remote cache hits 0 (0.00s CPU time), compiled 1 variants (0.01s CPU time), skipped 0 variants
    Prepared data for serialisation in 0.00s
Serialized binary data for shader Hidden/BlitCopyWithDepth in 0.00s
    d3d11 (total internal programs: 2, unique: 2)
Compiling shader "Hidden/BlitToDepth" pass "" (vp)
    Full variant space:         1
    After settings filtering:   1
    After built-in stripping:   1
    After scriptable stripping: 1
    Processed in 0.00 seconds
    starting compilation...
    finished in 0.01 seconds. Local cache hits 0 (0.00s CPU time), remote cache hits 0 (0.00s CPU time), compiled 1 variants (0.01s CPU time), skipped 0 variants
    Prepared data for serialisation in 0.00s
Compiling shader "Hidden/BlitToDepth" pass "" (fp)
    Full variant space:         1
    After settings filtering:   1
    After built-in stripping:   1
    After scriptable stripping: 1
    Processed in 0.00 seconds
    starting compilation...
    finished in 0.01 seconds. Local cache hits 0 (0.00s CPU time), remote cache hits 0 (0.00s CPU time), compiled 1 variants (0.01s CPU time), skipped 0 variants
    Prepared data for serialisation in 0.00s
Serialized binary data for shader Hidden/BlitToDepth in 0.00s
    d3d11 (total internal programs: 2, unique: 2)
Compiling shader "Hidden/BlitToDepth_MSAA" pass "" (vp)
    Full variant space:         1
    After settings filtering:   1
    After built-in stripping:   1
    After scriptable stripping: 1
    Processed in 0.00 seconds
    starting compilation...
    finished in 0.01 seconds. Local cache hits 0 (0.00s CPU time), remote cache hits 0 (0.00s CPU time), compiled 1 variants (0.01s CPU time), skipped 0 variants
    Prepared data for serialisation in 0.00s
Compiling shader "Hidden/BlitToDepth_MSAA" pass "" (fp)
    Full variant space:         1
    After settings filtering:   1
    After built-in stripping:   1
    After scriptable stripping: 1
    Processed in 0.00 seconds
    starting compilation...
    finished in 0.01 seconds. Local cache hits 0 (0.00s CPU time), remote cache hits 0 (0.00s CPU time), compiled 1 variants (0.01s CPU time), skipped 0 variants
    Prepared data for serialisation in 0.00s
Serialized binary data for shader Hidden/BlitToDepth_MSAA in 0.00s
    d3d11 (total internal programs: 2, unique: 2)
Compiling shader "Hidden/BlitCopyHDRTonemap" pass "" (vp)
    Full variant space:         1
    After settings filtering:   1
    After built-in stripping:   1
    After scriptable stripping: 1
    Processed in 0.00 seconds
    starting compilation...
    finished in 0.01 seconds. Local cache hits 0 (0.00s CPU time), remote cache hits 0 (0.00s CPU time), compiled 1 variants (0.01s CPU time), skipped 0 variants
    Prepared data for serialisation in 0.00s
Compiling shader "Hidden/BlitCopyHDRTonemap" pass "" (fp)
    Full variant space:         1
    After settings filtering:   1
    After built-in stripping:   1
    After scriptable stripping: 1
    Processed in 0.00 seconds
    starting compilation...
    finished in 0.01 seconds. Local cache hits 0 (0.00s CPU time), remote cache hits 0 (0.00s CPU time), compiled 1 variants (0.01s CPU time), skipped 0 variants
    Prepared data for serialisation in 0.00s
Serialized binary data for shader Hidden/BlitCopyHDRTonemap in 0.00s
    d3d11 (total internal programs: 2, unique: 2)
Compiling shader "Hidden/Internal-DebugPattern" pass "Target Color and DepthStencil" (vp)
    Full variant space:         1
    After settings filtering:   1
    After built-in stripping:   1
    After scriptable stripping: 1
    Processed in 0.00 seconds
    starting compilation...
    finished in 0.01 seconds. Local cache hits 0 (0.00s CPU time), remote cache hits 0 (0.00s CPU time), compiled 1 variants (0.01s CPU time), skipped 0 variants
    Prepared data for serialisation in 0.00s
Compiling shader "Hidden/Internal-DebugPattern" pass "Target Color and DepthStencil" (fp)
    Full variant space:         1
    After settings filtering:   1
    After built-in stripping:   1
    After scriptable stripping: 1
    Processed in 0.00 seconds
    starting compilation...
    finished in 0.01 seconds. Local cache hits 0 (0.00s CPU time), remote cache hits 0 (0.00s CPU time), compiled 1 variants (0.01s CPU time), skipped 0 variants
    Prepared data for serialisation in 0.00s
Compiling shader "Hidden/Internal-DebugPattern" pass "Target only Color" (vp)
    Full variant space:         1
    After settings filtering:   1
    After built-in stripping:   1
    After scriptable stripping: 1
    Processed in 0.00 seconds
    starting compilation...
    finished in 0.01 seconds. Local cache hits 0 (0.00s CPU time), remote cache hits 0 (0.00s CPU time), compiled 1 variants (0.01s CPU time), skipped 0 variants
    Prepared data for serialisation in 0.00s
Compiling shader "Hidden/Internal-DebugPattern" pass "Target only Color" (fp)
    Full variant space:         1
    After settings filtering:   1
    After built-in stripping:   1
    After scriptable stripping: 1
    Processed in 0.00 seconds
    starting compilation...
    finished in 0.01 seconds. Local cache hits 0 (0.00s CPU time), remote cache hits 0 (0.00s CPU time), compiled 1 variants (0.01s CPU time), skipped 0 variants
    Prepared data for serialisation in 0.00s
Compiling shader "Hidden/Internal-DebugPattern" pass "Target only DepthStencil" (vp)
    Full variant space:         1
    After settings filtering:   1
    After built-in stripping:   1
    After scriptable stripping: 1
    Processed in 0.00 seconds
    starting compilation...
    finished in 0.01 seconds. Local cache hits 0 (0.00s CPU time), remote cache hits 0 (0.00s CPU time), compiled 1 variants (0.01s CPU time), skipped 0 variants
    Prepared data for serialisation in 0.00s
Compiling shader "Hidden/Internal-DebugPattern" pass "Target only DepthStencil" (fp)
    Full variant space:         1
    After settings filtering:   1
    After built-in stripping:   1
    After scriptable stripping: 1
    Processed in 0.00 seconds
    starting compilation...
    finished in 0.01 seconds. Local cache hits 0 (0.00s CPU time), remote cache hits 0 (0.00s CPU time), compiled 1 variants (0.01s CPU time), skipped 0 variants
    Prepared data for serialisation in 0.00s
Serialized binary data for shader Hidden/Internal-DebugPattern in 0.00s
    d3d11 (total internal programs: 6, unique: 4)
Compiling shader "Hidden/Internal-GUITextureClip" pass "" (vp)
    Full variant space:         1
    After settings filtering:   1
    After built-in stripping:   1
    After scriptable stripping: 1
    Processed in 0.00 seconds
    starting compilation...
    finished in 0.00 seconds. Local cache hits 1 (0.00s CPU time), remote cache hits 0 (0.00s CPU time), compiled 0 variants (0.00s CPU time), skipped 0 variants
    Prepared data for serialisation in 0.00s
Compiling shader "Hidden/Internal-GUITextureClip" pass "" (fp)
    Full variant space:         1
    After settings filtering:   1
    After built-in stripping:   1
    After scriptable stripping: 1
    Processed in 0.00 seconds
    starting compilation...
    finished in 0.00 seconds. Local cache hits 1 (0.00s CPU time), remote cache hits 0 (0.00s CPU time), compiled 0 variants (0.00s CPU time), skipped 0 variants
    Prepared data for serialisation in 0.00s
Compiling shader "Hidden/Internal-GUITextureClip" pass "" (vp)
    Full variant space:         1
    After settings filtering:   1
    After built-in stripping:   1
    After scriptable stripping: 1
    Processed in 0.00 seconds
    starting compilation...
    finished in 0.00 seconds. Local cache hits 1 (0.00s CPU time), remote cache hits 0 (0.00s CPU time), compiled 0 variants (0.00s CPU time), skipped 0 variants
    Prepared data for serialisation in 0.00s
Compiling shader "Hidden/Internal-GUITextureClip" pass "" (fp)
    Full variant space:         1
    After settings filtering:   1
    After built-in stripping:   1
    After scriptable stripping: 1
    Processed in 0.00 seconds
    starting compilation...
    finished in 0.00 seconds. Local cache hits 1 (0.00s CPU time), remote cache hits 0 (0.00s CPU time), compiled 0 variants (0.00s CPU time), skipped 0 variants
    Prepared data for serialisation in 0.00s
Serialized binary data for shader Hidden/Internal-GUITextureClip in 0.00s
    d3d11 (total internal programs: 4, unique: 2)
Compiling shader "Hidden/Internal-GUITextureClipText" pass "" (vp)
    Full variant space:         1
    After settings filtering:   1
    After built-in stripping:   1
    After scriptable stripping: 1
    Processed in 0.00 seconds
    starting compilation...
    finished in 0.00 seconds. Local cache hits 1 (0.00s CPU time), remote cache hits 0 (0.00s CPU time), compiled 0 variants (0.00s CPU time), skipped 0 variants
    Prepared data for serialisation in 0.00s
Compiling shader "Hidden/Internal-GUITextureClipText" pass "" (fp)
    Full variant space:         1
    After settings filtering:   1
    After built-in stripping:   1
    After scriptable stripping: 1
    Processed in 0.00 seconds
    starting compilation...
    finished in 0.00 seconds. Local cache hits 1 (0.00s CPU time), remote cache hits 0 (0.00s CPU time), compiled 0 variants (0.00s CPU time), skipped 0 variants
    Prepared data for serialisation in 0.00s
Compiling shader "Hidden/Internal-GUITextureClipText" pass "" (vp)
    Full variant space:         1
    After settings filtering:   1
    After built-in stripping:   1
    After scriptable stripping: 1
    Processed in 0.00 seconds
    starting compilation...
    finished in 0.00 seconds. Local cache hits 1 (0.00s CPU time), remote cache hits 0 (0.00s CPU time), compiled 0 variants (0.00s CPU time), skipped 0 variants
    Prepared data for serialisation in 0.00s
Compiling shader "Hidden/Internal-GUITextureClipText" pass "" (fp)
    Full variant space:         1
    After settings filtering:   1
    After built-in stripping:   1
    After scriptable stripping: 1
    Processed in 0.00 seconds
    starting compilation...
    finished in 0.00 seconds. Local cache hits 1 (0.00s CPU time), remote cache hits 0 (0.00s CPU time), compiled 0 variants (0.00s CPU time), skipped 0 variants
    Prepared data for serialisation in 0.00s
Serialized binary data for shader Hidden/Internal-GUITextureClipText in 0.00s
    d3d11 (total internal programs: 4, unique: 2)
Compiling shader "Hidden/Internal-GUITexture" pass "" (vp)
    Full variant space:         1
    After settings filtering:   1
    After built-in stripping:   1
    After scriptable stripping: 1
    Processed in 0.00 seconds
    starting compilation...
    finished in 0.00 seconds. Local cache hits 1 (0.00s CPU time), remote cache hits 0 (0.00s CPU time), compiled 0 variants (0.00s CPU time), skipped 0 variants
    Prepared data for serialisation in 0.00s
Compiling shader "Hidden/Internal-GUITexture" pass "" (fp)
    Full variant space:         1
    After settings filtering:   1
    After built-in stripping:   1
    After scriptable stripping: 1
    Processed in 0.00 seconds
    starting compilation...
    finished in 0.00 seconds. Local cache hits 1 (0.00s CPU time), remote cache hits 0 (0.00s CPU time), compiled 0 variants (0.00s CPU time), skipped 0 variants
    Prepared data for serialisation in 0.00s
Compiling shader "Hidden/Internal-GUITexture" pass "" (vp)
    Full variant space:         1
    After settings filtering:   1
    After built-in stripping:   1
    After scriptable stripping: 1
    Processed in 0.00 seconds
    starting compilation...
    finished in 0.00 seconds. Local cache hits 1 (0.00s CPU time), remote cache hits 0 (0.00s CPU time), compiled 0 variants (0.00s CPU time), skipped 0 variants
    Prepared data for serialisation in 0.00s
Compiling shader "Hidden/Internal-GUITexture" pass "" (fp)
    Full variant space:         1
    After settings filtering:   1
    After built-in stripping:   1
    After scriptable stripping: 1
    Processed in 0.00 seconds
    starting compilation...
    finished in 0.00 seconds. Local cache hits 1 (0.00s CPU time), remote cache hits 0 (0.00s CPU time), compiled 0 variants (0.00s CPU time), skipped 0 variants
    Prepared data for serialisation in 0.00s
Serialized binary data for shader Hidden/Internal-GUITexture in 0.00s
    d3d11 (total internal programs: 4, unique: 2)
Compiling shader "Hidden/Internal-GUITextureBlit" pass "" (vp)
    Full variant space:         1
    After settings filtering:   1
    After built-in stripping:   1
    After scriptable stripping: 1
    Processed in 0.00 seconds
    starting compilation...
    finished in 0.00 seconds. Local cache hits 1 (0.00s CPU time), remote cache hits 0 (0.00s CPU time), compiled 0 variants (0.00s CPU time), skipped 0 variants
    Prepared data for serialisation in 0.00s
Compiling shader "Hidden/Internal-GUITextureBlit" pass "" (fp)
    Full variant space:         1
    After settings filtering:   1
    After built-in stripping:   1
    After scriptable stripping: 1
    Processed in 0.00 seconds
    starting compilation...
    finished in 0.00 seconds. Local cache hits 1 (0.00s CPU time), remote cache hits 0 (0.00s CPU time), compiled 0 variants (0.00s CPU time), skipped 0 variants
    Prepared data for serialisation in 0.00s
Compiling shader "Hidden/Internal-GUITextureBlit" pass "" (vp)
    Full variant space:         1
    After settings filtering:   1
    After built-in stripping:   1
    After scriptable stripping: 1
    Processed in 0.00 seconds
    starting compilation...
    finished in 0.00 seconds. Local cache hits 1 (0.00s CPU time), remote cache hits 0 (0.00s CPU time), compiled 0 variants (0.00s CPU time), skipped 0 variants
    Prepared data for serialisation in 0.00s
Compiling shader "Hidden/Internal-GUITextureBlit" pass "" (fp)
    Full variant space:         1
    After settings filtering:   1
    After built-in stripping:   1
    After scriptable stripping: 1
    Processed in 0.00 seconds
    starting compilation...
    finished in 0.00 seconds. Local cache hits 1 (0.00s CPU time), remote cache hits 0 (0.00s CPU time), compiled 0 variants (0.00s CPU time), skipped 0 variants
    Prepared data for serialisation in 0.00s
Serialized binary data for shader Hidden/Internal-GUITextureBlit in 0.00s
    d3d11 (total internal programs: 4, unique: 2)
Compiling shader "Hidden/Internal-GUIRoundedRect" pass "" (vp)
    Full variant space:         1
    After settings filtering:   1
    After built-in stripping:   1
    After scriptable stripping: 1
    Processed in 0.00 seconds
    starting compilation...
    finished in 0.00 seconds. Local cache hits 1 (0.00s CPU time), remote cache hits 0 (0.00s CPU time), compiled 0 variants (0.00s CPU time), skipped 0 variants
    Prepared data for serialisation in 0.00s
Compiling shader "Hidden/Internal-GUIRoundedRect" pass "" (fp)
    Full variant space:         1
    After settings filtering:   1
    After built-in stripping:   1
    After scriptable stripping: 1
    Processed in 0.00 seconds
    starting compilation...
    finished in 0.00 seconds. Local cache hits 1 (0.00s CPU time), remote cache hits 0 (0.00s CPU time), compiled 0 variants (0.00s CPU time), skipped 0 variants
    Prepared data for serialisation in 0.00s
Compiling shader "Hidden/Internal-GUIRoundedRect" pass "" (vp)
    Full variant space:         1
    After settings filtering:   1
    After built-in stripping:   1
    After scriptable stripping: 1
    Processed in 0.00 seconds
    starting compilation...
    finished in 0.00 seconds. Local cache hits 1 (0.00s CPU time), remote cache hits 0 (0.00s CPU time), compiled 0 variants (0.00s CPU time), skipped 0 variants
    Prepared data for serialisation in 0.00s
Compiling shader "Hidden/Internal-GUIRoundedRect" pass "" (fp)
    Full variant space:         1
    After settings filtering:   1
    After built-in stripping:   1
    After scriptable stripping: 1
    Processed in 0.00 seconds
    starting compilation...
    finished in 0.00 seconds. Local cache hits 1 (0.00s CPU time), remote cache hits 0 (0.00s CPU time), compiled 0 variants (0.00s CPU time), skipped 0 variants
    Prepared data for serialisation in 0.00s
Serialized binary data for shader Hidden/Internal-GUIRoundedRect in 0.00s
    d3d11 (total internal programs: 4, unique: 2)
Compiling shader "Hidden/Internal-GUIRoundedRectWithColorPerBorder" pass "" (vp)
    Full variant space:         1
    After settings filtering:   1
    After built-in stripping:   1
    After scriptable stripping: 1
    Processed in 0.00 seconds
    starting compilation...
    finished in 0.00 seconds. Local cache hits 1 (0.00s CPU time), remote cache hits 0 (0.00s CPU time), compiled 0 variants (0.00s CPU time), skipped 0 variants
    Prepared data for serialisation in 0.00s
Compiling shader "Hidden/Internal-GUIRoundedRectWithColorPerBorder" pass "" (fp)
    Full variant space:         1
    After settings filtering:   1
    After built-in stripping:   1
    After scriptable stripping: 1
    Processed in 0.00 seconds
    starting compilation...
    finished in 0.00 seconds. Local cache hits 1 (0.00s CPU time), remote cache hits 0 (0.00s CPU time), compiled 0 variants (0.00s CPU time), skipped 0 variants
    Prepared data for serialisation in 0.00s
Compiling shader "Hidden/Internal-GUIRoundedRectWithColorPerBorder" pass "" (vp)
    Full variant space:         1
    After settings filtering:   1
    After built-in stripping:   1
    After scriptable stripping: 1
    Processed in 0.00 seconds
    starting compilation...
    finished in 0.00 seconds. Local cache hits 1 (0.00s CPU time), remote cache hits 0 (0.00s CPU time), compiled 0 variants (0.00s CPU time), skipped 0 variants
    Prepared data for serialisation in 0.00s
Compiling shader "Hidden/Internal-GUIRoundedRectWithColorPerBorder" pass "" (fp)
    Full variant space:         1
    After settings filtering:   1
    After built-in stripping:   1
    After scriptable stripping: 1
    Processed in 0.00 seconds
    starting compilation...
    finished in 0.00 seconds. Local cache hits 1 (0.00s CPU time), remote cache hits 0 (0.00s CPU time), compiled 0 variants (0.00s CPU time), skipped 0 variants
    Prepared data for serialisation in 0.00s
Serialized binary data for shader Hidden/Internal-GUIRoundedRectWithColorPerBorder in 0.00s
    d3d11 (total internal programs: 4, unique: 2)
Compiling shader "Hidden/Internal-UIRDefault" pass "" (vp)
    Full variant space:         1
    After settings filtering:   1
    After built-in stripping:   1
    After scriptable stripping: 1
    Processed in 0.00 seconds
    starting compilation...
    finished in 0.02 seconds. Local cache hits 0 (0.00s CPU time), remote cache hits 0 (0.00s CPU time), compiled 1 variants (0.02s CPU time), skipped 0 variants
    Prepared data for serialisation in 0.00s
Compiling shader "Hidden/Internal-UIRDefault" pass "" (fp)
    Full variant space:         1
    After settings filtering:   1
    After built-in stripping:   1
    After scriptable stripping: 1
    Processed in 0.00 seconds
    starting compilation...
    finished in 0.04 seconds. Local cache hits 0 (0.00s CPU time), remote cache hits 0 (0.00s CPU time), compiled 1 variants (0.04s CPU time), skipped 0 variants
    Prepared data for serialisation in 0.00s
Compiling shader "Hidden/Internal-UIRDefault" pass "" (vp)
    Full variant space:         1
    After settings filtering:   1
    After built-in stripping:   1
    After scriptable stripping: 1
    Processed in 0.00 seconds
    starting compilation...
    finished in 0.02 seconds. Local cache hits 0 (0.00s CPU time), remote cache hits 0 (0.00s CPU time), compiled 1 variants (0.02s CPU time), skipped 0 variants
    Prepared data for serialisation in 0.00s
Compiling shader "Hidden/Internal-UIRDefault" pass "" (fp)
    Full variant space:         1
    After settings filtering:   1
    After built-in stripping:   1
    After scriptable stripping: 1
    Processed in 0.00 seconds
    starting compilation...
    finished in 0.04 seconds. Local cache hits 0 (0.00s CPU time), remote cache hits 0 (0.00s CPU time), compiled 1 variants (0.04s CPU time), skipped 0 variants
    Prepared data for serialisation in 0.00s
Serialized binary data for shader Hidden/Internal-UIRDefault in 0.00s
    d3d11 (total internal programs: 4, unique: 4)
Compiling shader "Hidden/Internal-UIRAtlasBlitCopy" pass "" (vp)
    Full variant space:         1
    After settings filtering:   1
    After built-in stripping:   1
    After scriptable stripping: 1
    Processed in 0.00 seconds
    starting compilation...
    finished in 0.00 seconds. Local cache hits 1 (0.00s CPU time), remote cache hits 0 (0.00s CPU time), compiled 0 variants (0.00s CPU time), skipped 0 variants
    Prepared data for serialisation in 0.00s
Compiling shader "Hidden/Internal-UIRAtlasBlitCopy" pass "" (fp)
    Full variant space:         1
    After settings filtering:   1
    After built-in stripping:   1
    After scriptable stripping: 1
    Processed in 0.00 seconds
    starting compilation...
    finished in 0.00 seconds. Local cache hits 1 (0.00s CPU time), remote cache hits 0 (0.00s CPU time), compiled 0 variants (0.00s CPU time), skipped 0 variants
    Prepared data for serialisation in 0.00s
Serialized binary data for shader Hidden/Internal-UIRAtlasBlitCopy in 0.00s
    d3d11 (total internal programs: 2, unique: 2)
Compiling shader "Hidden/Internal-UIRDefaultWorld" pass "" (vp)
    Full variant space:         1
    After settings filtering:   1
    After built-in stripping:   1
    After scriptable stripping: 1
    Processed in 0.00 seconds
    starting compilation...
    finished in 0.02 seconds. Local cache hits 0 (0.00s CPU time), remote cache hits 0 (0.00s CPU time), compiled 1 variants (0.02s CPU time), skipped 0 variants
    Prepared data for serialisation in 0.00s
Compiling shader "Hidden/Internal-UIRDefaultWorld" pass "" (fp)
    Full variant space:         1
    After settings filtering:   1
    After built-in stripping:   1
    After scriptable stripping: 1
    Processed in 0.00 seconds
    starting compilation...
    finished in 0.04 seconds. Local cache hits 0 (0.00s CPU time), remote cache hits 0 (0.00s CPU time), compiled 1 variants (0.04s CPU time), skipped 0 variants
    Prepared data for serialisation in 0.00s
Compiling shader "Hidden/Internal-UIRDefaultWorld" pass "" (vp)
    Full variant space:         1
    After settings filtering:   1
    After built-in stripping:   1
    After scriptable stripping: 1
    Processed in 0.00 seconds
    starting compilation...
    finished in 0.02 seconds. Local cache hits 0 (0.00s CPU time), remote cache hits 0 (0.00s CPU time), compiled 1 variants (0.02s CPU time), skipped 0 variants
    Prepared data for serialisation in 0.00s
Compiling shader "Hidden/Internal-UIRDefaultWorld" pass "" (fp)
    Full variant space:         1
    After settings filtering:   1
    After built-in stripping:   1
    After scriptable stripping: 1
    Processed in 0.00 seconds
    starting compilation...
    finished in 0.04 seconds. Local cache hits 0 (0.00s CPU time), remote cache hits 0 (0.00s CPU time), compiled 1 variants (0.04s CPU time), skipped 0 variants
    Prepared data for serialisation in 0.00s
Serialized binary data for shader Hidden/Internal-UIRDefaultWorld in 0.00s
    d3d11 (total internal programs: 4, unique: 4)
Compiling shader "Sprites/Mask" pass "" (vp)
    Full variant space:         4
    After settings filtering:   4
    After built-in stripping:   4
    After scriptable stripping: 4
    Processed in 0.00 seconds
    starting compilation...
    finished in 0.01 seconds. Local cache hits 0 (0.00s CPU time), remote cache hits 0 (0.00s CPU time), compiled 4 variants (0.04s CPU time), skipped 0 variants
    Prepared data for serialisation in 0.00s
Compiling shader "Sprites/Mask" pass "" (fp)
    Full variant space:         4
    After settings filtering:   4
    After built-in stripping:   4
    After scriptable stripping: 4
    Processed in 0.00 seconds
    starting compilation...
    finished in 0.01 seconds. Local cache hits 0 (0.00s CPU time), remote cache hits 0 (0.00s CPU time), compiled 4 variants (0.03s CPU time), skipped 0 variants
    Prepared data for serialisation in 0.00s
Serialized binary data for shader Sprites/Mask in 0.00s
    d3d11 (total internal programs: 8, unique: 8)
Compiling shader "UI/Default" pass "Default" (vp)
    Full variant space:         4
    After settings filtering:   4
    After built-in stripping:   4
    After scriptable stripping: 4
    Processed in 0.00 seconds
    starting compilation...
    finished in 0.02 seconds. Local cache hits 0 (0.00s CPU time), remote cache hits 0 (0.00s CPU time), compiled 4 variants (0.06s CPU time), skipped 0 variants
    Prepared data for serialisation in 0.00s
Compiling shader "UI/Default" pass "Default" (fp)
    Full variant space:         4
    After settings filtering:   4
    After built-in stripping:   4
    After scriptable stripping: 4
    Processed in 0.00 seconds
    starting compilation...
    finished in 0.01 seconds. Local cache hits 0 (0.00s CPU time), remote cache hits 0 (0.00s CPU time), compiled 4 variants (0.03s CPU time), skipped 0 variants
    Prepared data for serialisation in 0.00s
Serialized binary data for shader UI/Default in 0.00s
    d3d11 (total internal programs: 8, unique: 8)
Serialized binary data for shader UI/Default Font in 0.00s
    d3d11 (total internal programs: 0, unique: 0)
Compiling shader "Hidden/CubeBlur" pass "" (vp)
    Full variant space:         1
    After settings filtering:   1
    After built-in stripping:   1
    After scriptable stripping: 1
    Processed in 0.00 seconds
    starting compilation...
    finished in 0.01 seconds. Local cache hits 0 (0.00s CPU time), remote cache hits 0 (0.00s CPU time), compiled 1 variants (0.01s CPU time), skipped 0 variants
    Prepared data for serialisation in 0.00s
Compiling shader "Hidden/CubeBlur" pass "" (fp)
    Full variant space:         1
    After settings filtering:   1
    After built-in stripping:   1
    After scriptable stripping: 1
    Processed in 0.00 seconds
    starting compilation...
    finished in 0.06 seconds. Local cache hits 0 (0.00s CPU time), remote cache hits 0 (0.00s CPU time), compiled 1 variants (0.06s CPU time), skipped 0 variants
    Prepared data for serialisation in 0.00s
Compiling shader "Hidden/CubeBlur" pass "" (vp)
    Full variant space:         1
    After settings filtering:   1
    After built-in stripping:   1
    After scriptable stripping: 1
    Processed in 0.00 seconds
    starting compilation...
    finished in 0.01 seconds. Local cache hits 0 (0.00s CPU time), remote cache hits 0 (0.00s CPU time), compiled 1 variants (0.01s CPU time), skipped 0 variants
    Prepared data for serialisation in 0.00s
Compiling shader "Hidden/CubeBlur" pass "" (fp)
    Full variant space:         1
    After settings filtering:   1
    After built-in stripping:   1
    After scriptable stripping: 1
    Processed in 0.00 seconds
    starting compilation...
    finished in 0.01 seconds. Local cache hits 0 (0.00s CPU time), remote cache hits 0 (0.00s CPU time), compiled 1 variants (0.01s CPU time), skipped 0 variants
    Prepared data for serialisation in 0.00s
Serialized binary data for shader Hidden/CubeBlur in 0.00s
    d3d11 (total internal programs: 4, unique: 3)
Compiling shader "Hidden/CubeCopy" pass "" (vp)
    Full variant space:         1
    After settings filtering:   1
    After built-in stripping:   1
    After scriptable stripping: 1
    Processed in 0.00 seconds
    starting compilation...
    finished in 0.01 seconds. Local cache hits 0 (0.00s CPU time), remote cache hits 0 (0.00s CPU time), compiled 1 variants (0.01s CPU time), skipped 0 variants
    Prepared data for serialisation in 0.00s
Compiling shader "Hidden/CubeCopy" pass "" (fp)
    Full variant space:         1
    After settings filtering:   1
    After built-in stripping:   1
    After scriptable stripping: 1
    Processed in 0.00 seconds
    starting compilation...
    finished in 0.01 seconds. Local cache hits 0 (0.00s CPU time), remote cache hits 0 (0.00s CPU time), compiled 1 variants (0.01s CPU time), skipped 0 variants
    Prepared data for serialisation in 0.00s
Compiling shader "Hidden/CubeCopy" pass "" (vp)
    Full variant space:         1
    After settings filtering:   1
    After built-in stripping:   1
    After scriptable stripping: 1
    Processed in 0.00 seconds
    starting compilation...
    finished in 0.01 seconds. Local cache hits 0 (0.00s CPU time), remote cache hits 0 (0.00s CPU time), compiled 1 variants (0.01s CPU time), skipped 0 variants
    Prepared data for serialisation in 0.00s
Compiling shader "Hidden/CubeCopy" pass "" (fp)
    Full variant space:         1
    After settings filtering:   1
    After built-in stripping:   1
    After scriptable stripping: 1
    Processed in 0.00 seconds
    starting compilation...
    finished in 0.01 seconds. Local cache hits 0 (0.00s CPU time), remote cache hits 0 (0.00s CPU time), compiled 1 variants (0.01s CPU time), skipped 0 variants
    Prepared data for serialisation in 0.00s
Serialized binary data for shader Hidden/CubeCopy in 0.00s
    d3d11 (total internal programs: 4, unique: 2)
Compiling shader "Hidden/CubeBlend" pass "" (vp)
    Full variant space:         1
    After settings filtering:   1
    After built-in stripping:   1
    After scriptable stripping: 1
    Processed in 0.00 seconds
    starting compilation...
    finished in 0.01 seconds. Local cache hits 0 (0.00s CPU time), remote cache hits 0 (0.00s CPU time), compiled 1 variants (0.01s CPU time), skipped 0 variants
    Prepared data for serialisation in 0.00s
Compiling shader "Hidden/CubeBlend" pass "" (fp)
    Full variant space:         1
    After settings filtering:   1
    After built-in stripping:   1
    After scriptable stripping: 1
    Processed in 0.00 seconds
    starting compilation...
    finished in 0.01 seconds. Local cache hits 0 (0.00s CPU time), remote cache hits 0 (0.00s CPU time), compiled 1 variants (0.01s CPU time), skipped 0 variants
    Prepared data for serialisation in 0.00s
Compiling shader "Hidden/CubeBlend" pass "" (vp)
    Full variant space:         1
    After settings filtering:   1
    After built-in stripping:   1
    After scriptable stripping: 1
    Processed in 0.00 seconds
    starting compilation...
    finished in 0.01 seconds. Local cache hits 0 (0.00s CPU time), remote cache hits 0 (0.00s CPU time), compiled 1 variants (0.01s CPU time), skipped 0 variants
    Prepared data for serialisation in 0.00s
Compiling shader "Hidden/CubeBlend" pass "" (fp)
    Full variant space:         1
    After settings filtering:   1
    After built-in stripping:   1
    After scriptable stripping: 1
    Processed in 0.00 seconds
    starting compilation...
    finished in 0.01 seconds. Local cache hits 0 (0.00s CPU time), remote cache hits 0 (0.00s CPU time), compiled 1 variants (0.01s CPU time), skipped 0 variants
    Prepared data for serialisation in 0.00s
Serialized binary data for shader Hidden/CubeBlend in 0.00s
    d3d11 (total internal programs: 4, unique: 2)
Compiling shader "Hidden/VR/BlitTexArraySlice" pass "" (vp)
    Full variant space:         1
    After settings filtering:   1
    After built-in stripping:   1
    After scriptable stripping: 1
    Processed in 0.00 seconds
    starting compilation...
    finished in 0.01 seconds. Local cache hits 0 (0.00s CPU time), remote cache hits 0 (0.00s CPU time), compiled 1 variants (0.01s CPU time), skipped 0 variants
    Prepared data for serialisation in 0.00s
Compiling shader "Hidden/VR/BlitTexArraySlice" pass "" (fp)
    Full variant space:         1
    After settings filtering:   1
    After built-in stripping:   1
    After scriptable stripping: 1
    Processed in 0.00 seconds
    starting compilation...
    finished in 0.01 seconds. Local cache hits 0 (0.00s CPU time), remote cache hits 0 (0.00s CPU time), compiled 1 variants (0.01s CPU time), skipped 0 variants
    Prepared data for serialisation in 0.00s
Serialized binary data for shader Hidden/VR/BlitTexArraySlice in 0.00s
    d3d11 (total internal programs: 2, unique: 2)
Compiling shader "Hidden/Internal-ODSWorldTexture" pass "" (vp)
    Full variant space:         1
    After settings filtering:   1
    After built-in stripping:   1
    After scriptable stripping: 1
    Processed in 0.00 seconds
    starting compilation...
    finished in 0.01 seconds. Local cache hits 0 (0.00s CPU time), remote cache hits 0 (0.00s CPU time), compiled 1 variants (0.01s CPU time), skipped 0 variants
    Prepared data for serialisation in 0.00s
Compiling shader "Hidden/Internal-ODSWorldTexture" pass "" (fp)
    Full variant space:         1
    After settings filtering:   1
    After built-in stripping:   1
    After scriptable stripping: 1
    Processed in 0.00 seconds
    starting compilation...
    finished in 0.01 seconds. Local cache hits 0 (0.00s CPU time), remote cache hits 0 (0.00s CPU time), compiled 1 variants (0.01s CPU time), skipped 0 variants
    Prepared data for serialisation in 0.00s
Compiling shader "Hidden/Internal-ODSWorldTexture" pass "" (vp)
    Full variant space:         1
    After settings filtering:   1
    After built-in stripping:   1
    After scriptable stripping: 1
    Processed in 0.00 seconds
    starting compilation...
    finished in 0.01 seconds. Local cache hits 0 (0.00s CPU time), remote cache hits 0 (0.00s CPU time), compiled 1 variants (0.01s CPU time), skipped 0 variants
    Prepared data for serialisation in 0.00s
Compiling shader "Hidden/Internal-ODSWorldTexture" pass "" (fp)
    Full variant space:         1
    After settings filtering:   1
    After built-in stripping:   1
    After scriptable stripping: 1
    Processed in 0.00 seconds
    starting compilation...
    finished in 0.01 seconds. Local cache hits 0 (0.00s CPU time), remote cache hits 0 (0.00s CPU time), compiled 1 variants (0.01s CPU time), skipped 0 variants
    Prepared data for serialisation in 0.00s
Compiling shader "Hidden/Internal-ODSWorldTexture" pass "" (vp)
    Full variant space:         1
    After settings filtering:   1
    After built-in stripping:   1
    After scriptable stripping: 1
    Processed in 0.00 seconds
    starting compilation...
    finished in 0.02 seconds. Local cache hits 0 (0.00s CPU time), remote cache hits 0 (0.00s CPU time), compiled 1 variants (0.02s CPU time), skipped 0 variants
    Prepared data for serialisation in 0.00s
Compiling shader "Hidden/Internal-ODSWorldTexture" pass "" (fp)
    Full variant space:         1
    After settings filtering:   1
    After built-in stripping:   1
    After scriptable stripping: 1
    Processed in 0.00 seconds
    starting compilation...
    finished in 0.01 seconds. Local cache hits 0 (0.00s CPU time), remote cache hits 0 (0.00s CPU time), compiled 1 variants (0.01s CPU time), skipped 0 variants
    Prepared data for serialisation in 0.00s
Compiling shader "Hidden/Internal-ODSWorldTexture" pass "" (vp)
    Full variant space:         1
    After settings filtering:   1
    After built-in stripping:   1
    After scriptable stripping: 1
    Processed in 0.00 seconds
    starting compilation...
    finished in 0.02 seconds. Local cache hits 0 (0.00s CPU time), remote cache hits 0 (0.00s CPU time), compiled 1 variants (0.02s CPU time), skipped 0 variants
    Prepared data for serialisation in 0.00s
Compiling shader "Hidden/Internal-ODSWorldTexture" pass "" (fp)
    Full variant space:         1
    After settings filtering:   1
    After built-in stripping:   1
    After scriptable stripping: 1
    Processed in 0.00 seconds
    starting compilation...
    finished in 0.01 seconds. Local cache hits 0 (0.00s CPU time), remote cache hits 0 (0.00s CPU time), compiled 1 variants (0.01s CPU time), skipped 0 variants
    Prepared data for serialisation in 0.00s
Compiling shader "Hidden/Internal-ODSWorldTexture" pass "" (vp)
    Full variant space:         1
    After settings filtering:   1
    After built-in stripping:   1
    After scriptable stripping: 1
    Processed in 0.00 seconds
    starting compilation...
    finished in 0.01 seconds. Local cache hits 0 (0.00s CPU time), remote cache hits 0 (0.00s CPU time), compiled 1 variants (0.01s CPU time), skipped 0 variants
    Prepared data for serialisation in 0.00s
Compiling shader "Hidden/Internal-ODSWorldTexture" pass "" (fp)
    Full variant space:         1
    After settings filtering:   1
    After built-in stripping:   1
    After scriptable stripping: 1
    Processed in 0.00 seconds
    starting compilation...
    finished in 0.01 seconds. Local cache hits 0 (0.00s CPU time), remote cache hits 0 (0.00s CPU time), compiled 1 variants (0.01s CPU time), skipped 0 variants
    Prepared data for serialisation in 0.00s
Compiling shader "Hidden/Internal-ODSWorldTexture" pass "" (vp)
    Full variant space:         1
    After settings filtering:   1
    After built-in stripping:   1
    After scriptable stripping: 1
    Processed in 0.00 seconds
    starting compilation...
    finished in 0.01 seconds. Local cache hits 0 (0.00s CPU time), remote cache hits 0 (0.00s CPU time), compiled 1 variants (0.01s CPU time), skipped 0 variants
    Prepared data for serialisation in 0.00s
Compiling shader "Hidden/Internal-ODSWorldTexture" pass "" (fp)
    Full variant space:         1
    After settings filtering:   1
    After built-in stripping:   1
    After scriptable stripping: 1
    Processed in 0.00 seconds
    starting compilation...
    finished in 0.01 seconds. Local cache hits 0 (0.00s CPU time), remote cache hits 0 (0.00s CPU time), compiled 1 variants (0.01s CPU time), skipped 0 variants
    Prepared data for serialisation in 0.00s
Compiling shader "Hidden/Internal-ODSWorldTexture" pass "" (vp)
    Full variant space:         1
    After settings filtering:   1
    After built-in stripping:   1
    After scriptable stripping: 1
    Processed in 0.00 seconds
    starting compilation...
    finished in 0.01 seconds. Local cache hits 0 (0.00s CPU time), remote cache hits 0 (0.00s CPU time), compiled 1 variants (0.01s CPU time), skipped 0 variants
    Prepared data for serialisation in 0.00s
Compiling shader "Hidden/Internal-ODSWorldTexture" pass "" (fp)
    Full variant space:         1
    After settings filtering:   1
    After built-in stripping:   1
    After scriptable stripping: 1
    Processed in 0.00 seconds
    starting compilation...
    finished in 0.01 seconds. Local cache hits 0 (0.00s CPU time), remote cache hits 0 (0.00s CPU time), compiled 1 variants (0.01s CPU time), skipped 0 variants
    Prepared data for serialisation in 0.00s
Compiling shader "Hidden/Internal-ODSWorldTexture" pass "" (vp)
    Full variant space:         1
    After settings filtering:   1
    After built-in stripping:   1
    After scriptable stripping: 1
    Processed in 0.00 seconds
    starting compilation...
    finished in 0.01 seconds. Local cache hits 0 (0.00s CPU time), remote cache hits 0 (0.00s CPU time), compiled 1 variants (0.01s CPU time), skipped 0 variants
    Prepared data for serialisation in 0.00s
Compiling shader "Hidden/Internal-ODSWorldTexture" pass "" (fp)
    Full variant space:         1
    After settings filtering:   1
    After built-in stripping:   1
    After scriptable stripping: 1
    Processed in 0.00 seconds
    starting compilation...
    finished in 0.01 seconds. Local cache hits 0 (0.00s CPU time), remote cache hits 0 (0.00s CPU time), compiled 1 variants (0.01s CPU time), skipped 0 variants
    Prepared data for serialisation in 0.00s
Compiling shader "Hidden/Internal-ODSWorldTexture" pass "" (vp)
    Full variant space:         1
    After settings filtering:   1
    After built-in stripping:   1
    After scriptable stripping: 1
    Processed in 0.00 seconds
    starting compilation...
    finished in 0.02 seconds. Local cache hits 0 (0.00s CPU time), remote cache hits 0 (0.00s CPU time), compiled 1 variants (0.02s CPU time), skipped 0 variants
    Prepared data for serialisation in 0.00s
Compiling shader "Hidden/Internal-ODSWorldTexture" pass "" (fp)
    Full variant space:         1
    After settings filtering:   1
    After built-in stripping:   1
    After scriptable stripping: 1
    Processed in 0.00 seconds
    starting compilation...
    finished in 0.01 seconds. Local cache hits 0 (0.00s CPU time), remote cache hits 0 (0.00s CPU time), compiled 1 variants (0.01s CPU time), skipped 0 variants
    Prepared data for serialisation in 0.00s
Compiling shader "Hidden/Internal-ODSWorldTexture" pass "" (vp)
    Full variant space:         1
    After settings filtering:   1
    After built-in stripping:   1
    After scriptable stripping: 1
    Processed in 0.00 seconds
    starting compilation...
    finished in 0.02 seconds. Local cache hits 0 (0.00s CPU time), remote cache hits 0 (0.00s CPU time), compiled 1 variants (0.02s CPU time), skipped 0 variants
    Prepared data for serialisation in 0.00s
Compiling shader "Hidden/Internal-ODSWorldTexture" pass "" (fp)
    Full variant space:         1
    After settings filtering:   1
    After built-in stripping:   1
    After scriptable stripping: 1
    Processed in 0.00 seconds
    starting compilation...
    finished in 0.01 seconds. Local cache hits 0 (0.00s CPU time), remote cache hits 0 (0.00s CPU time), compiled 1 variants (0.01s CPU time), skipped 0 variants
    Prepared data for serialisation in 0.00s
Serialized binary data for shader Hidden/Internal-ODSWorldTexture in 0.00s
    d3d11 (total internal programs: 20, unique: 15)
Compiling shader "Hidden/Internal-CubemapToEquirect" pass "" (vp)
    Full variant space:         1
    After settings filtering:   1
    After built-in stripping:   1
    After scriptable stripping: 1
    Processed in 0.00 seconds
    starting compilation...
    finished in 0.01 seconds. Local cache hits 0 (0.00s CPU time), remote cache hits 0 (0.00s CPU time), compiled 1 variants (0.01s CPU time), skipped 0 variants
    Prepared data for serialisation in 0.00s
Compiling shader "Hidden/Internal-CubemapToEquirect" pass "" (fp)
    Full variant space:         1
    After settings filtering:   1
    After built-in stripping:   1
    After scriptable stripping: 1
    Processed in 0.00 seconds
    starting compilation...
    finished in 0.01 seconds. Local cache hits 0 (0.00s CPU time), remote cache hits 0 (0.00s CPU time), compiled 1 variants (0.01s CPU time), skipped 0 variants
    Prepared data for serialisation in 0.00s
Serialized binary data for shader Hidden/Internal-CubemapToEquirect in 0.00s
    d3d11 (total internal programs: 2, unique: 2)
Compiling shader "Hidden/VR/BlitFromTex2DToTexArraySlice" pass "" (vp)
    Full variant space:         1
    After settings filtering:   1
    After built-in stripping:   1
    After scriptable stripping: 1
    Processed in 0.00 seconds
    starting compilation...
    finished in 0.01 seconds. Local cache hits 0 (0.00s CPU time), remote cache hits 0 (0.00s CPU time), compiled 1 variants (0.01s CPU time), skipped 0 variants
    Prepared data for serialisation in 0.00s
Compiling shader "Hidden/VR/BlitFromTex2DToTexArraySlice" pass "" (fp)
    Full variant space:         1
    After settings filtering:   1
    After built-in stripping:   1
    After scriptable stripping: 1
    Processed in 0.00 seconds
    starting compilation...
    finished in 0.01 seconds. Local cache hits 0 (0.00s CPU time), remote cache hits 0 (0.00s CPU time), compiled 1 variants (0.01s CPU time), skipped 0 variants
    Prepared data for serialisation in 0.00s
Compiling shader "Hidden/VR/BlitFromTex2DToTexArraySlice" pass "" (vp)
    Full variant space:         1
    After settings filtering:   1
    After built-in stripping:   1
    After scriptable stripping: 1
    Processed in 0.00 seconds
    starting compilation...
    finished in 0.01 seconds. Local cache hits 0 (0.00s CPU time), remote cache hits 0 (0.00s CPU time), compiled 1 variants (0.01s CPU time), skipped 0 variants
    Prepared data for serialisation in 0.00s
Compiling shader "Hidden/VR/BlitFromTex2DToTexArraySlice" pass "" (fp)
    Full variant space:         1
    After settings filtering:   1
    After built-in stripping:   1
    After scriptable stripping: 1
    Processed in 0.00 seconds
    starting compilation...
    finished in 0.01 seconds. Local cache hits 0 (0.00s CPU time), remote cache hits 0 (0.00s CPU time), compiled 1 variants (0.01s CPU time), skipped 0 variants
    Prepared data for serialisation in 0.00s
Compiling shader "Hidden/VR/BlitFromTex2DToTexArraySlice" pass "" (gp)
    Full variant space:         1
    After settings filtering:   1
    After built-in stripping:   1
    After scriptable stripping: 1
    Processed in 0.00 seconds
    starting compilation...
    finished in 0.01 seconds. Local cache hits 0 (0.00s CPU time), remote cache hits 0 (0.00s CPU time), compiled 1 variants (0.01s CPU time), skipped 0 variants
    Prepared data for serialisation in 0.00s
Serialized binary data for shader Hidden/VR/BlitFromTex2DToTexArraySlice in 0.00s
    d3d11 (total internal programs: 5, unique: 5)
Compiling shader "Hidden/VideoComposite" pass "Default" (vp)
    Full variant space:         1
    After settings filtering:   1
    After built-in stripping:   1
    After scriptable stripping: 1
    Processed in 0.00 seconds
    starting compilation...
    finished in 0.01 seconds. Local cache hits 0 (0.00s CPU time), remote cache hits 0 (0.00s CPU time), compiled 1 variants (0.01s CPU time), skipped 0 variants
    Prepared data for serialisation in 0.00s
Compiling shader "Hidden/VideoComposite" pass "Default" (fp)
    Full variant space:         1
    After settings filtering:   1
    After built-in stripping:   1
    After scriptable stripping: 1
    Processed in 0.00 seconds
    starting compilation...
    finished in 0.01 seconds. Local cache hits 0 (0.00s CPU time), remote cache hits 0 (0.00s CPU time), compiled 1 variants (0.01s CPU time), skipped 0 variants
    Prepared data for serialisation in 0.00s
Serialized binary data for shader Hidden/VideoComposite in 0.00s
    d3d11 (total internal programs: 2, unique: 2)
Compiling shader "Hidden/VideoDecode" pass "YCbCr_To_RGB1" (vp)
    Full variant space:         2
    After settings filtering:   2
    After built-in stripping:   2
    After scriptable stripping: 2
    Processed in 0.00 seconds
    starting compilation...
    finished in 0.01 seconds. Local cache hits 0 (0.00s CPU time), remote cache hits 0 (0.00s CPU time), compiled 2 variants (0.02s CPU time), skipped 0 variants
    Prepared data for serialisation in 0.00s
Compiling shader "Hidden/VideoDecode" pass "YCbCr_To_RGB1" (fp)
    Full variant space:         2
    After settings filtering:   2
    After built-in stripping:   2
    After scriptable stripping: 2
    Processed in 0.00 seconds
    starting compilation...
    finished in 0.01 seconds. Local cache hits 0 (0.00s CPU time), remote cache hits 0 (0.00s CPU time), compiled 2 variants (0.02s CPU time), skipped 0 variants
    Prepared data for serialisation in 0.00s
Compiling shader "Hidden/VideoDecode" pass "YCbCrA_To_RGBAFull" (vp)
    Full variant space:         2
    After settings filtering:   2
    After built-in stripping:   2
    After scriptable stripping: 2
    Processed in 0.00 seconds
    starting compilation...
    finished in 0.01 seconds. Local cache hits 0 (0.00s CPU time), remote cache hits 0 (0.00s CPU time), compiled 2 variants (0.02s CPU time), skipped 0 variants
    Prepared data for serialisation in 0.00s
Compiling shader "Hidden/VideoDecode" pass "YCbCrA_To_RGBAFull" (fp)
    Full variant space:         2
    After settings filtering:   2
    After built-in stripping:   2
    After scriptable stripping: 2
    Processed in 0.00 seconds
    starting compilation...
    finished in 0.01 seconds. Local cache hits 0 (0.00s CPU time), remote cache hits 0 (0.00s CPU time), compiled 2 variants (0.02s CPU time), skipped 0 variants
    Prepared data for serialisation in 0.00s
Compiling shader "Hidden/VideoDecode" pass "YCbCrA_To_RGBA" (vp)
    Full variant space:         2
    After settings filtering:   2
    After built-in stripping:   2
    After scriptable stripping: 2
    Processed in 0.00 seconds
    starting compilation...
    finished in 0.01 seconds. Local cache hits 0 (0.00s CPU time), remote cache hits 0 (0.00s CPU time), compiled 2 variants (0.02s CPU time), skipped 0 variants
    Prepared data for serialisation in 0.00s
Compiling shader "Hidden/VideoDecode" pass "YCbCrA_To_RGBA" (fp)
    Full variant space:         2
    After settings filtering:   2
    After built-in stripping:   2
    After scriptable stripping: 2
    Processed in 0.00 seconds
    starting compilation...
    finished in 0.01 seconds. Local cache hits 0 (0.00s CPU time), remote cache hits 0 (0.00s CPU time), compiled 2 variants (0.02s CPU time), skipped 0 variants
    Prepared data for serialisation in 0.00s
Compiling shader "Hidden/VideoDecode" pass "Flip_RGBA_To_RGBA" (vp)
    Full variant space:         2
    After settings filtering:   2
    After built-in stripping:   2
    After scriptable stripping: 2
    Processed in 0.00 seconds
    starting compilation...
    finished in 0.01 seconds. Local cache hits 0 (0.00s CPU time), remote cache hits 0 (0.00s CPU time), compiled 2 variants (0.02s CPU time), skipped 0 variants
    Prepared data for serialisation in 0.00s
Compiling shader "Hidden/VideoDecode" pass "Flip_RGBA_To_RGBA" (fp)
    Full variant space:         2
    After settings filtering:   2
    After built-in stripping:   2
    After scriptable stripping: 2
    Processed in 0.00 seconds
    starting compilation...
    finished in 0.01 seconds. Local cache hits 0 (0.00s CPU time), remote cache hits 0 (0.00s CPU time), compiled 2 variants (0.01s CPU time), skipped 0 variants
    Prepared data for serialisation in 0.00s
Compiling shader "Hidden/VideoDecode" pass "Flip_RGBASplit_To_RGBA" (vp)
    Full variant space:         2
    After settings filtering:   2
    After built-in stripping:   2
    After scriptable stripping: 2
    Processed in 0.00 seconds
    starting compilation...
    finished in 0.01 seconds. Local cache hits 0 (0.00s CPU time), remote cache hits 0 (0.00s CPU time), compiled 2 variants (0.02s CPU time), skipped 0 variants
    Prepared data for serialisation in 0.00s
Compiling shader "Hidden/VideoDecode" pass "Flip_RGBASplit_To_RGBA" (fp)
    Full variant space:         2
    After settings filtering:   2
    After built-in stripping:   2
    After scriptable stripping: 2
    Processed in 0.00 seconds
    starting compilation...
    finished in 0.01 seconds. Local cache hits 0 (0.00s CPU time), remote cache hits 0 (0.00s CPU time), compiled 2 variants (0.01s CPU time), skipped 0 variants
    Prepared data for serialisation in 0.00s
Compiling shader "Hidden/VideoDecode" pass "Flip_NV12_To_RGB1" (vp)
    Full variant space:         2
    After settings filtering:   2
    After built-in stripping:   2
    After scriptable stripping: 2
    Processed in 0.00 seconds
    starting compilation...
    finished in 0.01 seconds. Local cache hits 0 (0.00s CPU time), remote cache hits 0 (0.00s CPU time), compiled 2 variants (0.02s CPU time), skipped 0 variants
    Prepared data for serialisation in 0.00s
Compiling shader "Hidden/VideoDecode" pass "Flip_NV12_To_RGB1" (fp)
    Full variant space:         2
    After settings filtering:   2
    After built-in stripping:   2
    After scriptable stripping: 2
    Processed in 0.00 seconds
    starting compilation...
    finished in 0.01 seconds. Local cache hits 0 (0.00s CPU time), remote cache hits 0 (0.00s CPU time), compiled 2 variants (0.01s CPU time), skipped 0 variants
    Prepared data for serialisation in 0.00s
Compiling shader "Hidden/VideoDecode" pass "Flip_NV12_To_RGBA" (vp)
    Full variant space:         2
    After settings filtering:   2
    After built-in stripping:   2
    After scriptable stripping: 2
    Processed in 0.00 seconds
    starting compilation...
    finished in 0.01 seconds. Local cache hits 0 (0.00s CPU time), remote cache hits 0 (0.00s CPU time), compiled 2 variants (0.02s CPU time), skipped 0 variants
    Prepared data for serialisation in 0.00s
Compiling shader "Hidden/VideoDecode" pass "Flip_NV12_To_RGBA" (fp)
    Full variant space:         2
    After settings filtering:   2
    After built-in stripping:   2
    After scriptable stripping: 2
    Processed in 0.00 seconds
    starting compilation...
    finished in 0.01 seconds. Local cache hits 0 (0.00s CPU time), remote cache hits 0 (0.00s CPU time), compiled 2 variants (0.02s CPU time), skipped 0 variants
    Prepared data for serialisation in 0.00s
Compiling shader "Hidden/VideoDecode" pass "Flip_P010_To_RGB1" (vp)
    Full variant space:         1
    After settings filtering:   1
    After built-in stripping:   1
    After scriptable stripping: 1
    Processed in 0.00 seconds
    starting compilation...
    finished in 0.01 seconds. Local cache hits 0 (0.00s CPU time), remote cache hits 0 (0.00s CPU time), compiled 1 variants (0.01s CPU time), skipped 0 variants
    Prepared data for serialisation in 0.00s
Compiling shader "Hidden/VideoDecode" pass "Flip_P010_To_RGB1" (fp)
    Full variant space:         1
    After settings filtering:   1
    After built-in stripping:   1
    After scriptable stripping: 1
    Processed in 0.00 seconds
    starting compilation...
    finished in 0.01 seconds. Local cache hits 0 (0.00s CPU time), remote cache hits 0 (0.00s CPU time), compiled 1 variants (0.01s CPU time), skipped 0 variants
    Prepared data for serialisation in 0.00s
Serialized binary data for shader Hidden/VideoDecode in 0.00s
    d3d11 (total internal programs: 30, unique: 19)
Compiling shader "Hidden/TextCore/Distance Field SSD" pass "" (vp)
    Full variant space:         1
    After settings filtering:   1
    After built-in stripping:   1
    After scriptable stripping: 1
    Processed in 0.00 seconds
    starting compilation...
    finished in 0.01 seconds. Local cache hits 0 (0.00s CPU time), remote cache hits 0 (0.00s CPU time), compiled 1 variants (0.01s CPU time), skipped 0 variants
    Prepared data for serialisation in 0.00s
Compiling shader "Hidden/TextCore/Distance Field SSD" pass "" (fp)
    Full variant space:         1
    After settings filtering:   1
    After built-in stripping:   1
    After scriptable stripping: 1
    Processed in 0.00 seconds
    starting compilation...
    finished in 0.01 seconds. Local cache hits 0 (0.00s CPU time), remote cache hits 0 (0.00s CPU time), compiled 1 variants (0.01s CPU time), skipped 0 variants
    Prepared data for serialisation in 0.00s
Serialized binary data for shader Hidden/TextCore/Distance Field SSD in 0.00s
    d3d11 (total internal programs: 2, unique: 2)
Starting: C:\Program Files\Tuanjie\Hub\Editor\2022.3.61t14\Editor\Data\bee_backend.exe --dont-print-to-structured-log --ipc --dagfile="Library/Bee/Playerbb0ad439.dag" --profile="Library/Bee/backend1.traceevents" Player
WorkingDir: D:/game/LoveQiE-without2DToolkit
Starting: C:\Program Files\Tuanjie\Hub\Editor\2022.3.61t14\Editor\Data\Tools\netcorerun\netcorerun.exe "C:\Program Files\Tuanjie\Hub\Editor\2022.3.61t14\Editor\Data\PlaybackEngines\WindowsStandaloneSupport\WinPlayerBuildProgram.exe" "C:/Program Files/Tuanjie/Hub/Editor/2022.3.61t14/Editor/Data/PlaybackEngines/WindowsStandaloneSupport/Bee;C:/Program Files/Tuanjie/Hub/Editor/2022.3.61t14/Editor/Data/Tools/BuildPipeline" "Library/Bee/Playerbb0ad439.dag.json" "Library/Bee/Playerbb0ad439-inputdata.json" "Library\Bee\buildprogram0.traceevents"
WorkingDir: D:/game/LoveQiE-without2DToolkit
ExitCode: 4 Duration: 0s22ms
DisplayProgressbar: Incremental Player Build
ExitCode: 0 Duration: 0s179ms
Starting: C:\Program Files\Tuanjie\Hub\Editor\2022.3.61t14\Editor\Data\bee_backend.exe --dont-print-to-structured-log --ipc --dagfile="Library/Bee/Playerbb0ad439.dag" --dagfilejson="Library\Bee\Playerbb0ad439.dag.json" --profile="Library/Bee/backend2.traceevents" Player
WorkingDir: D:/game/LoveQiE-without2DToolkit
ExitCode: 0 Duration: 0s168ms
Refreshing native plugins compatible for Editor in 0.00 ms, found 0 plugins.
Preloading 0 native plugins for Editor in 0.00 ms.

-------------------------------------------------------------------------------
Build Report
Uncompressed usage by category (Percentages based on user generated assets only):
Textures               2.8 mb	 84.0% 
Meshes                 0.0 kb	 0.0% 
Animations             0.0 kb	 0.0% 
Sounds                 0.0 kb	 0.0% 
Shaders                5.3 kb	 0.2% 
Other Assets           508.8 kb	 15.1% 
Levels                 0.0 kb	 0.0% 
Scripts                0.6 kb	 0.0% 
Included DLLs          0.0 kb	 0.0% 
File headers           26.3 kb	 0.8% 
Total User Assets      3.3 mb	 100.0% 
Complete build size    100.6 mb
Used Assets and files from the Resources folder, sorted by uncompressed size:
 2.7 mb	 2.7% Built-in Texture2D: Splash Screen Unity Logo
 15.0 kb	 0.0% Assets/Resources/Maps/solutions.json
 7.8 kb	 0.0% Resources/tuanjie_builtin_extra
 5.3 kb	 0.0% Assets/Resources/Maps/Scenes/Scene 71.prefab
 5.3 kb	 0.0% Assets/Resources/Maps/Scenes/Scene 24.prefab
 5.3 kb	 0.0% Assets/Resources/Maps/Scenes/Scene 99.prefab
 5.3 kb	 0.0% Assets/Resources/Maps/Scenes/Scene 9.prefab
 5.3 kb	 0.0% Assets/Resources/Maps/Scenes/Scene 54.prefab
 5.3 kb	 0.0% Assets/Resources/Maps/Scenes/Scene 39.prefab
 5.2 kb	 0.0% Assets/Resources/Maps/Scenes/Scene 87.prefab
 5.2 kb	 0.0% Assets/Resources/Maps/Scenes/Scene 84.prefab
 5.2 kb	 0.0% Assets/Resources/Maps/Scenes/Scene 80.prefab
 5.2 kb	 0.0% Assets/Resources/Maps/Scenes/Scene 69.prefab
 5.2 kb	 0.0% Assets/Resources/Maps/Scenes/Scene 55.prefab
 5.2 kb	 0.0% Assets/Resources/Maps/Scenes/Scene 15.prefab
 5.2 kb	 0.0% Assets/Resources/Maps/Scenes/Scene 56.prefab
 5.2 kb	 0.0% Assets/Resources/Maps/Scenes/Scene 32.prefab
 5.1 kb	 0.0% Assets/Resources/Maps/Scenes/Scene 86.prefab
 5.1 kb	 0.0% Assets/Resources/Maps/Scenes/Scene 7.prefab
 5.1 kb	 0.0% Assets/Resources/Maps/Scenes/Scene 45.prefab
 5.1 kb	 0.0% Assets/Resources/Maps/Scenes/Scene 16.prefab
 5.1 kb	 0.0% Assets/Resources/Maps/Scenes/Scene 75.prefab
 5.1 kb	 0.0% Assets/Resources/Maps/Scenes/Scene 60.prefab
 5.1 kb	 0.0% Assets/Resources/Maps/Scenes/Scene 41.prefab
 5.1 kb	 0.0% Assets/Resources/Maps/Scenes/Scene 96.prefab
 5.1 kb	 0.0% Assets/Resources/Maps/Scenes/Scene 90.prefab
 5.1 kb	 0.0% Assets/Resources/Maps/Scenes/Scene 79.prefab
 5.1 kb	 0.0% Assets/Resources/Maps/Scenes/Scene 47.prefab
 5.1 kb	 0.0% Assets/Resources/Maps/Scenes/Scene 31.prefab
 5.0 kb	 0.0% Assets/Resources/Maps/Scenes/Scene 64.prefab
 5.0 kb	 0.0% Assets/Resources/Maps/Scenes/Scene 30.prefab
 5.0 kb	 0.0% Assets/Resources/Maps/Scenes/Scene 11.prefab
 5.0 kb	 0.0% Assets/Resources/Maps/Scenes/Scene 95.prefab
 5.0 kb	 0.0% Assets/Resources/Maps/Scenes/Scene 72.prefab
 5.0 kb	 0.0% Assets/Resources/Maps/Scenes/Scene 57.prefab
 5.0 kb	 0.0% Assets/Resources/Maps/Scenes/Scene 35.prefab
 5.0 kb	 0.0% Assets/Resources/Maps/Scenes/Scene 26.prefab
 5.0 kb	 0.0% Assets/Resources/Maps/Scenes/Scene 20.prefab
 4.9 kb	 0.0% Assets/Resources/Maps/Scenes/Scene 40.prefab
 4.9 kb	 0.0% Assets/Resources/Maps/Scenes/Scene 27.prefab
 4.9 kb	 0.0% Assets/Resources/Maps/Scenes/Scene 12.prefab
 4.9 kb	 0.0% Assets/Resources/Maps/Scenes/Scene 70.prefab
 4.9 kb	 0.0% Assets/Resources/Maps/Scenes/Scene 52.prefab
 4.9 kb	 0.0% Assets/Resources/Maps/Scenes/Scene 4.prefab
 4.9 kb	 0.0% Assets/Resources/Maps/Scenes/Scene 25.prefab
 4.9 kb	 0.0% Assets/Resources/Maps/Scenes/Scene 89.prefab
 4.9 kb	 0.0% Assets/Resources/Maps/Scenes/Scene 65.prefab
 4.9 kb	 0.0% Assets/Resources/Maps/Scenes/Scene 6.prefab
 4.9 kb	 0.0% Assets/Resources/Maps/Scenes/Scene 59.prefab
 4.9 kb	 0.0% Assets/Resources/Maps/Scenes/Scene 50.prefab
 4.9 kb	 0.0% Assets/Resources/Maps/Scenes/Scene 5.prefab
 4.9 kb	 0.0% Assets/Resources/Maps/Scenes/Scene 42.prefab
 4.9 kb	 0.0% Assets/Resources/Maps/Scenes/Scene 36.prefab
 4.9 kb	 0.0% Assets/Resources/Maps/Scenes/Scene 2.prefab
 4.9 kb	 0.0% Assets/Resources/Maps/Scenes/Scene 19.prefab
 4.8 kb	 0.0% Assets/Resources/Maps/Scenes/Scene 92.prefab
 4.8 kb	 0.0% Assets/Resources/Maps/Scenes/Scene 77.prefab
 4.8 kb	 0.0% Assets/Resources/Maps/Scenes/Scene 76.prefab
 4.8 kb	 0.0% Assets/Resources/Maps/Scenes/Scene 67.prefab
 4.8 kb	 0.0% Assets/Resources/Maps/Scenes/Scene 61.prefab
 4.8 kb	 0.0% Assets/Resources/Maps/Scenes/Scene 29.prefab
 4.8 kb	 0.0% Assets/Resources/Maps/Scenes/Scene 22.prefab
 4.8 kb	 0.0% Assets/Resources/Maps/Scenes/Scene 97.prefab
 4.8 kb	 0.0% Assets/Resources/Maps/Scenes/Scene 94.prefab
 4.8 kb	 0.0% Assets/Resources/Maps/Scenes/Scene 91.prefab
 4.8 kb	 0.0% Assets/Resources/Maps/Scenes/Scene 85.prefab
 4.8 kb	 0.0% Assets/Resources/Maps/Scenes/Scene 74.prefab
 4.8 kb	 0.0% Assets/Resources/Maps/Scenes/Scene 62.prefab
 4.8 kb	 0.0% Assets/Resources/Maps/Scenes/Scene 46.prefab
 4.8 kb	 0.0% Assets/Resources/Maps/Scenes/Scene 44.prefab
 4.8 kb	 0.0% Assets/Resources/Maps/Scenes/Scene 21.prefab
 4.8 kb	 0.0% Assets/Resources/Maps/Scenes/Scene 10.prefab
 4.8 kb	 0.0% Assets/Resources/Maps/Scenes/Scene 1.prefab
 4.8 kb	 0.0% Assets/Resources/Maps/Scenes/Scene 82.prefab
 4.8 kb	 0.0% Assets/Resources/Maps/Scenes/Scene 81.prefab
 4.8 kb	 0.0% Assets/Resources/Maps/Scenes/Scene 49.prefab
 4.8 kb	 0.0% Assets/Resources/Maps/Scenes/Scene 37.prefab
 4.8 kb	 0.0% Assets/Resources/Maps/Scenes/Scene 14.prefab
 4.7 kb	 0.0% Assets/Resources/Maps/Scenes/Scene 66.prefab
 4.7 kb	 0.0% Assets/Resources/Maps/Scenes/Scene 34.prefab
 4.7 kb	 0.0% Assets/Images/hud_p3.png
 4.7 kb	 0.0% Assets/Images/hud_p1.png
 4.7 kb	 0.0% Assets/Images/xin.png
 4.1 kb	 0.0% Assets/Resources/Maps/Scenes/Scene 98.prefab
 4.1 kb	 0.0% Assets/Resources/Maps/Scenes/Scene 93.prefab
 4.1 kb	 0.0% Assets/Resources/Maps/Scenes/Scene 88.prefab
 4.1 kb	 0.0% Assets/Resources/Maps/Scenes/Scene 83.prefab
 4.1 kb	 0.0% Assets/Resources/Maps/Scenes/Scene 8.prefab
 4.1 kb	 0.0% Assets/Resources/Maps/Scenes/Scene 78.prefab
 4.1 kb	 0.0% Assets/Resources/Maps/Scenes/Scene 73.prefab
 4.1 kb	 0.0% Assets/Resources/Maps/Scenes/Scene 68.prefab
 4.1 kb	 0.0% Assets/Resources/Maps/Scenes/Scene 63.prefab
 4.1 kb	 0.0% Assets/Resources/Maps/Scenes/Scene 58.prefab
 4.1 kb	 0.0% Assets/Resources/Maps/Scenes/Scene 53.prefab
 4.1 kb	 0.0% Assets/Resources/Maps/Scenes/Scene 48.prefab
 4.1 kb	 0.0% Assets/Resources/Maps/Scenes/Scene 43.prefab
 4.1 kb	 0.0% Assets/Resources/Maps/Scenes/Scene 38.prefab
 4.1 kb	 0.0% Assets/Resources/Maps/Scenes/Scene 33.prefab
 4.1 kb	 0.0% Assets/Resources/Maps/Scenes/Scene 3.prefab
 4.1 kb	 0.0% Assets/Resources/Maps/Scenes/Scene 28.prefab
 4.1 kb	 0.0% Assets/Resources/Maps/Scenes/Scene 23.prefab
 4.1 kb	 0.0% Assets/Resources/Maps/Scenes/Scene 18.prefab
 4.1 kb	 0.0% Assets/Resources/Maps/Scenes/Scene 17.prefab
 4.1 kb	 0.0% Assets/Resources/Maps/Scenes/Scene 13.prefab
 3.6 kb	 0.0% Assets/NativeTiles/Textures/Wood_46.png
 3.6 kb	 0.0% Assets/NativeTiles/Textures/Wood_45.png
 3.6 kb	 0.0% Assets/NativeTiles/Textures/Wood_44.png
 3.6 kb	 0.0% Assets/NativeTiles/Textures/Wood_43.png
 3.6 kb	 0.0% Assets/NativeTiles/Textures/Wood_42.png
 3.6 kb	 0.0% Assets/NativeTiles/Textures/Wood_41.png
 3.6 kb	 0.0% Assets/NativeTiles/Textures/Wood_40.png
 3.6 kb	 0.0% Assets/NativeTiles/Textures/Wood_39.png
 3.6 kb	 0.0% Assets/NativeTiles/Textures/Wood_38.png
 3.6 kb	 0.0% Assets/NativeTiles/Textures/Wood_37.png
 3.6 kb	 0.0% Assets/NativeTiles/Textures/Wood_36.png
 3.6 kb	 0.0% Assets/NativeTiles/Textures/Wood_33.png
 3.6 kb	 0.0% Assets/NativeTiles/Textures/Wood_31.png
 3.6 kb	 0.0% Assets/NativeTiles/Textures/Wood_30.png
 3.6 kb	 0.0% Assets/NativeTiles/Textures/Wood_27.png
 3.6 kb	 0.0% Assets/NativeTiles/Textures/Wood_15.png
 3.6 kb	 0.0% Assets/NativeTiles/Textures/Wood_14.png
 3.6 kb	 0.0% Assets/NativeTiles/Textures/Wood_13.png
 3.6 kb	 0.0% Assets/NativeTiles/Textures/Wood_12.png
 3.6 kb	 0.0% Assets/NativeTiles/Textures/Wood_11.png
 3.6 kb	 0.0% Assets/NativeTiles/Textures/Wood_10.png
 3.6 kb	 0.0% Assets/NativeTiles/Textures/Wood_08.png
 3.6 kb	 0.0% Assets/NativeTiles/Textures/Wood_07.png
 3.6 kb	 0.0% Assets/NativeTiles/Textures/Wood_06.png
 3.6 kb	 0.0% Assets/NativeTiles/Textures/Wood_05.png
 3.6 kb	 0.0% Assets/NativeTiles/Textures/Wood_04.png
 3.6 kb	 0.0% Assets/NativeTiles/Textures/Wood_02.png
 2.8 kb	 0.0% Assets/Resources/Maps/Scenes/Scene.prefab
 2.8 kb	 0.0% Assets/Resources/Maps/Scenes/Scene 51.prefab
 0.4 kb	 0.0% Built-in Sprite: 
 0.2 kb	 0.0% Assets/NativeTiles/Tiles/Ground_diban_lv_ye3.asset
 0.2 kb	 0.0% Assets/NativeTiles/Tiles/Ground_diban_lv_ye2.asset
 0.2 kb	 0.0% Assets/NativeTiles/Tiles/Ground_diban_lv_ye1.asset
 0.2 kb	 0.0% Assets/NativeTiles/Tiles/Ground_diban_lv.asset
 0.1 kb	 0.0% Assets/NativeTiles/Tiles/Wood_46.asset
 0.1 kb	 0.0% Assets/NativeTiles/Tiles/Wood_45.asset
 0.1 kb	 0.0% Assets/NativeTiles/Tiles/Wood_44.asset
 0.1 kb	 0.0% Assets/NativeTiles/Tiles/Wood_43.asset
 0.1 kb	 0.0% Assets/NativeTiles/Tiles/Wood_42.asset
 0.1 kb	 0.0% Assets/NativeTiles/Tiles/Wood_41.asset
 0.1 kb	 0.0% Assets/NativeTiles/Tiles/Wood_40.asset
 0.1 kb	 0.0% Assets/NativeTiles/Tiles/Wood_39.asset
 0.1 kb	 0.0% Assets/NativeTiles/Tiles/Wood_38.asset
 0.1 kb	 0.0% Assets/NativeTiles/Tiles/Wood_37.asset
 0.1 kb	 0.0% Assets/NativeTiles/Tiles/Wood_36.asset
 0.1 kb	 0.0% Assets/NativeTiles/Tiles/Wood_33.asset
 0.1 kb	 0.0% Assets/NativeTiles/Tiles/Wood_31.asset
 0.1 kb	 0.0% Assets/NativeTiles/Tiles/Wood_30.asset
 0.1 kb	 0.0% Assets/NativeTiles/Tiles/Wood_27.asset
 0.1 kb	 0.0% Assets/NativeTiles/Tiles/Wood_15.asset
 0.1 kb	 0.0% Assets/NativeTiles/Tiles/Wood_14.asset
 0.1 kb	 0.0% Assets/NativeTiles/Tiles/Wood_13.asset
 0.1 kb	 0.0% Assets/NativeTiles/Tiles/Wood_12.asset
 0.1 kb	 0.0% Assets/NativeTiles/Tiles/Wood_11.asset
 0.1 kb	 0.0% Assets/NativeTiles/Tiles/Wood_10.asset
 0.1 kb	 0.0% Assets/NativeTiles/Tiles/Wood_08.asset
 0.1 kb	 0.0% Assets/NativeTiles/Tiles/Wood_07.asset
 0.1 kb	 0.0% Assets/NativeTiles/Tiles/Wood_06.asset
 0.1 kb	 0.0% Assets/NativeTiles/Tiles/Wood_05.asset
 0.1 kb	 0.0% Assets/NativeTiles/Tiles/Wood_04.asset
 0.1 kb	 0.0% Assets/NativeTiles/Tiles/Wood_02.asset
 0.1 kb	 0.0% Assets/_Scripts/Maps/NativeGameplaySmoke.cs
 0.1 kb	 0.0% Assets/_Scripts/Manager/CharactorManager.cs
 0.1 kb	 0.0% Assets/_Scripts/Utils/MapCameraFit.cs
 0.1 kb	 0.0% Assets/_Scripts/Maps/NativeLevel.cs
 0.1 kb	 0.0% Assets/_Scripts/Manager/TileManager.cs
 0.1 kb	 0.0% Assets/_Scripts/Manager/GameManager.cs
 0.1 kb	 0.0% Assets/_Scripts/Utils/Camera2D.cs
 0.1 kb	 0.0% Assets/_Scripts/Utils/BreathIt.cs
 0.0 kb	 0.0% Assets/Resources/DOTweenSettings.asset
 0.0 kb	 0.0% Assets/mainSettings.lighting
-------------------------------------------------------------------------------
Unloading 128 Unused Serialized files (Serialized files now loaded: 0)
Unloading 1061 unused Assets / (1.1 MB). Loaded Objects now: 630.
Memory consumption went from 93.9 MB to 92.8 MB.
Total: 2.589800 ms (FindLiveObjects: 0.065200 ms CreateObjectMapping: 0.015700 ms MarkObjects: 1.847200 ms  DeleteObjects: 0.661000 ms)

DisplayProgressNotification: Build Successful
Build Finished, Result: Success.
##utp:{"type":"PlayerBuildInfo","version":2,"phase":"Immediate","time":1790139995050,"processId":40040,"steps":[{"description":"Preprocess Player","duration":6},{"description":"Prepare For Build","duration":23},{"description":"ProducePlayerScriptAssemblies","duration":1884},{"description":"Verify Build setup","duration":5},{"description":"Prepare assets for target platform","duration":5},{"description":"Prepare splash screen","duration":20},{"description":"Building scenes","duration":170},{"description":"Build scripts DLLs","duration":773},{"description":"Build GlobalGameManagers file","duration":127},{"description":"Writing asset files","duration":204},{"description":"Building Resources/tuanjie_builtin_extra","duration":3024},{"description":"Write data build dirty tracking information","duration":55},{"description":"Postprocess built player","duration":556}],"duration":6852}
Unloading 0 Unused Serialized files (Serialized files now loaded: 0)
Loaded scene 'Temp/__Backupscenes/0.backup'
	Deserialize:            0.535 ms
	Integration:            2.535 ms
	Integration of assets:  0.002 ms
	Thread Wait Time:       0.009 ms
	Total Operation Time:   3.081 ms
Unloading 0 unused Assets / (0 B). Loaded Objects now: 626.
Memory consumption went from 84.7 MB to 84.7 MB.
Total: 1.844500 ms (FindLiveObjects: 0.059100 ms CreateObjectMapping: 0.005700 ms MarkObjects: 1.776700 ms  DeleteObjects: 0.002400 ms)

Batchmode quit successfully invoked - shutting down!
Input System module state changed to: ShutdownInProgress.
Input System polling thread exited.
Input System module state changed to: Shutdown.
[Licensing::IpcConnector] License Notification channel disconnected successfully.
[Licensing::IpcConnector] License Client channel disconnected successfully.
Shutting down server...
Cleanup mono
[Performance] WinEditorMain                                                                                                   :        1 samples, Peak.  6.92 s (1.0x), Avg.  6.92 s, Total. 6.918 s (32.2%)
[Performance] WinEditorMain.ConfigureCrashHandler                                                                             :        1 samples, Peak.  18.8 us (1.0x), Avg.  18.8 us, Total. 18.80 us (0.0%)
[Performance] WinEditorMain.CurlRequestInitialize                                                                             :        1 samples, Peak.   630 us (1.0x), Avg.   630 us, Total. 629.8 us (0.0%)
[Performance] WinEditorMain.SetupLogFile                                                                                      :        1 samples, Peak.   801 us (1.0x), Avg.   801 us, Total. 800.7 us (0.0%)
[Performance] WinEditorMain.RunNativeTestsIfRequiredAndExit                                                                   :        1 samples, Peak.   100 ns (1.0x), Avg.   100 ns, Total. 100.0 ns (0.0%)
[Performance] WinEditorMain.Licensing                                                                                         :        1 samples, Peak.  6.88 s (1.0x), Avg.  6.88 s, Total. 6.878 s (32.1%)
[Performance] WinEditorMain.InitializeCrashHandler                                                                            :        1 samples, Peak.  35.7 ms (1.0x), Avg.  35.7 ms, Total. 35.67 ms (0.2%)
[Performance] WinEditorMain.CreateApplication                                                                                 :        1 samples, Peak.   105 us (1.0x), Avg.   105 us, Total. 105.3 us (0.0%)
[Performance] Application.InitializeProject                                                                                   :        1 samples, Peak.  4.30 s (1.0x), Avg.  4.30 s, Total. 4.303 s (20.1%)
[Performance] Application.PackageManager.StartServer                                                                          :        1 samples, Peak.  13.8 ms (1.0x), Avg.  13.8 ms, Total. 13.84 ms (0.1%)
[Performance] Application.AcquireProjectLock                                                                                  :        1 samples, Peak.  3.45 ms (1.0x), Avg.  3.45 ms, Total. 3.446 ms (0.0%)
[Performance] Application.InitializeEngineNoGraphics                                                                          :        1 samples, Peak.   472 ms (1.0x), Avg.   472 ms, Total. 471.7 ms (2.2%)
[Performance] Application.PackageManager.Initialize                                                                           :        1 samples, Peak.  85.8 us (1.0x), Avg.  85.8 us, Total. 85.80 us (0.0%)
[Performance] Connecting to Package Manager                                                                                   :        1 samples, Peak.  40.4 us (1.0x), Avg.  40.4 us, Total. 40.40 us (0.0%)
[Performance] PackageManager::Api::RunRequestSynchronously                                                                    :        7 samples, Peak.  4.90 us (1.7x), Avg.  2.81 us, Total. 19.70 us (0.0%)
[Performance] Application.EngineGraphics.Initialize                                                                           :        1 samples, Peak.   219 ms (1.0x), Avg.   219 ms, Total. 219.0 ms (1.0%)
[Performance] Application.GI.Initialize                                                                                       :        1 samples, Peak.  2.80 ms (1.0x), Avg.  2.80 ms, Total. 2.804 ms (0.0%)
[Performance] Application.LoadAllDefaultResourcesFromEditor                                                                   :        1 samples, Peak.  1.33 ms (1.0x), Avg.  1.33 ms, Total. 1.328 ms (0.0%)
[Performance] Application.LoadMonoAssemblies                                                                                  :        1 samples, Peak.   493 ms (1.0x), Avg.   493 ms, Total. 492.7 ms (2.3%)
[Performance] RestoreManagedReferences                                                                                        :        2 samples, Peak.  26.3 ms (2.0x), Avg.  13.2 ms, Total. 26.33 ms (0.1%)
[Performance] InitializeOnLoad SceneSearch                                                                                    :        2 samples, Peak.   191 us (1.0x), Avg.   190 us, Total. 379.6 us (0.0%)
[Performance] InitializeOnLoad DrivenRectTransformUndo                                                                        :        2 samples, Peak.   144 us (1.0x), Avg.   139 us, Total. 277.4 us (0.0%)
[Performance] InitializeOnLoad ManagedDebugger                                                                                :        2 samples, Peak.   353 us (1.0x), Avg.   343 us, Total. 686.8 us (0.0%)
[Performance] InitializeOnLoad EditMode                                                                                       :        2 samples, Peak.   418 us (1.3x), Avg.   329 us, Total. 658.7 us (0.0%)
[Performance] InitializeOnLoad ProjectSearch                                                                                  :        2 samples, Peak.   203 us (1.7x), Avg.   123 us, Total. 245.2 us (0.0%)
[Performance] InitializeOnLoad ManagedDebuggerWindow                                                                          :        2 samples, Peak.  94.2 us (1.1x), Avg.  84.4 us, Total. 168.8 us (0.0%)
[Performance] InitializeOnLoad ConsoleEntrance                                                                                :        2 samples, Peak.   205 us (1.0x), Avg.   202 us, Total. 404.8 us (0.0%)
[Performance] InitializeOnLoad TuanjiePathAndNameFix                                                                          :        2 samples, Peak.   504 us (1.1x), Avg.   457 us, Total. 913.9 us (0.0%)
[Performance] InitializeOnLoad AddComponentWindow                                                                             :        2 samples, Peak.  68.5 us (1.0x), Avg.  68.4 us, Total. 136.8 us (0.0%)
[Performance] InitializeOnLoad MixerEffectDefinitionReloader                                                                  :        2 samples, Peak.  1.61 ms (1.2x), Avg.  1.40 ms, Total. 2.801 ms (0.0%)
[Performance] InitializeOnLoad NativeFormatImporterUtility                                                                    :        2 samples, Peak.  1.86 ms (1.2x), Avg.  1.58 ms, Total. 3.167 ms (0.0%)
[Performance] InitializeOnLoad UnityConnect                                                                                   :        2 samples, Peak.  36.1 us (1.0x), Avg.  35.4 us, Total. 70.70 us (0.0%)
[Performance] InitializeOnLoad AssetStoreContext                                                                              :        2 samples, Peak.  16.8 ms (1.0x), Avg.  16.4 ms, Total. 32.85 ms (0.2%)
[Performance] InitializeOnLoad UISystemProfilerRenderService                                                                  :        2 samples, Peak.  9.30 us (1.1x), Avg.  8.10 us, Total. 16.20 us (0.0%)
[Performance] InitializeOnLoad ShortcutIntegration                                                                            :        2 samples, Peak.  46.2 us (1.0x), Avg.  44.1 us, Total. 88.10 us (0.0%)
[Performance] InitializeOnLoad CacheServerWindow                                                                              :        2 samples, Peak.  12.4 us (1.4x), Avg.  8.80 us, Total. 17.60 us (0.0%)
[Performance] InitializeOnLoad PrefabInstanceChangedListener                                                                  :        2 samples, Peak.  90.9 us (1.0x), Avg.  86.6 us, Total. 173.2 us (0.0%)
[Performance] InitializeOnLoad CloudBuild                                                                                     :        2 samples, Peak.  3.10 us (1.3x), Avg.  2.35 us, Total. 4.700 us (0.0%)
[Performance] InitializeOnLoad ProfilerConnectionPopupWindow                                                                  :        2 samples, Peak.  15.9 us (1.1x), Avg.  14.1 us, Total. 28.20 us (0.0%)
[Performance] InitializeOnLoad SettingsService                                                                                :        2 samples, Peak.  7.90 us (1.3x), Avg.  5.95 us, Total. 11.90 us (0.0%)
[Performance] InitializeOnLoad ObjectSelectorSearch                                                                           :        2 samples, Peak.  31.4 us (1.2x), Avg.  25.5 us, Total. 51.00 us (0.0%)
[Performance] InitializeOnLoad PlayModeDownload                                                                               :        2 samples, Peak.  3.69 ms (1.9x), Avg.  1.92 ms, Total. 3.842 ms (0.0%)
[Performance] InitializeOnLoad SearchService                                                                                  :        2 samples, Peak.  99.3 us (1.2x), Avg.  85.1 us, Total. 170.2 us (0.0%)
[Performance] InitializeOnLoad PoolManager                                                                                    :        2 samples, Peak.  36.9 us (1.2x), Avg.  31.9 us, Total. 63.80 us (0.0%)
[Performance] InitializeOnLoad WindowLayout                                                                                   :        2 samples, Peak.   336 us (1.1x), Avg.   312 us, Total. 623.5 us (0.0%)
[Performance] InitializeOnLoad BuildProfileHelperManager                                                                      :        2 samples, Peak.  93.0 ms (1.9x), Avg.  48.5 ms, Total. 97.04 ms (0.5%)
[Performance] InitializeOnLoad MenuItems                                                                                      :        2 samples, Peak.   136 us (1.4x), Avg.  94.9 us, Total. 189.9 us (0.0%)
[Performance] InitializeOnLoad EditorMonitor                                                                                  :        2 samples, Peak.   432 us (1.1x), Avg.   381 us, Total. 762.5 us (0.0%)
[Performance] InitializeOnLoad RetainedMode                                                                                   :        2 samples, Peak.  1.91 ms (1.1x), Avg.  1.73 ms, Total. 3.461 ms (0.0%)
[Performance] InitializeOnLoad EditorShaderLoader                                                                             :        2 samples, Peak.   454 us (1.1x), Avg.   431 us, Total. 861.2 us (0.0%)
[Performance] InitializeOnLoad EditorDelegateRegistration                                                                     :        2 samples, Peak.   327 us (1.1x), Avg.   293 us, Total. 586.8 us (0.0%)
[Performance] InitializeOnLoad UIDocumentHierarchyWatcher                                                                     :        2 samples, Peak.  89.7 us (1.3x), Avg.  67.5 us, Total. 134.9 us (0.0%)
[Performance] InitializeOnLoad LiveReloadTrackerCreator                                                                       :        2 samples, Peak.   135 us (1.2x), Avg.   111 us, Total. 221.9 us (0.0%)
[Performance] InitializeOnLoad UxmlObjectEditorFactories                                                                      :        2 samples, Peak.   340 us (1.0x), Avg.   330 us, Total. 659.2 us (0.0%)
[Performance] InitializeOnLoad UXMLEditorFactories                                                                            :        2 samples, Peak.  36.7 ms (1.0x), Avg.  35.5 ms, Total. 71.02 ms (0.3%)
[Performance] InitializeOnLoad PurchasingService                                                                              :        2 samples, Peak.  4.65 ms (1.0x), Avg.  4.59 ms, Total. 9.182 ms (0.0%)
[Performance] InitializeOnLoad CloudBuildPoller                                                                               :        2 samples, Peak.  75.0 us (1.1x), Avg.  70.5 us, Total. 141.0 us (0.0%)
[Performance] InitializeOnLoad EditorGameServicesAnalytics                                                                    :        2 samples, Peak.  1.77 ms (1.1x), Avg.  1.61 ms, Total. 3.222 ms (0.0%)
[Performance] InitializeOnLoad AnalyticsService                                                                               :        2 samples, Peak.   120 us (1.0x), Avg.   117 us, Total. 234.8 us (0.0%)
[Performance] InitializeOnLoad BuildService                                                                                   :        2 samples, Peak.  89.9 us (1.1x), Avg.  85.2 us, Total. 170.3 us (0.0%)
[Performance] InitializeOnLoad AdsService                                                                                     :        2 samples, Peak.   235 us (1.0x), Avg.   225 us, Total. 450.5 us (0.0%)
[Performance] InitializeOnLoad UDPService                                                                                     :        2 samples, Peak.   163 us (1.3x), Avg.   122 us, Total. 244.5 us (0.0%)
[Performance] InitializeOnLoad CrashService                                                                                   :        2 samples, Peak.  98.0 us (1.1x), Avg.  87.6 us, Total. 175.2 us (0.0%)
[Performance] InitializeOnLoad ServicesRepository                                                                             :        2 samples, Peak.   300 ns (1.2x), Avg.   250 ns, Total. 500.0 ns (0.0%)
[Performance] InitializeOnLoad SearchWindow                                                                                   :        2 samples, Peak.  85.2 us (1.1x), Avg.  80.1 us, Total. 160.2 us (0.0%)
[Performance] InitializeOnLoad CustomIndexers                                                                                 :        2 samples, Peak.  12.1 ms (1.1x), Avg.  11.5 ms, Total. 22.92 ms (0.1%)
[Performance] InitializeOnLoad SearchMonitor                                                                                  :        2 samples, Peak.   726 us (1.0x), Avg.   710 us, Total. 1.419 ms (0.0%)
[Performance] InitializeOnLoad ParameterControllerEditor                                                                      :        2 samples, Peak.  12.7 us (1.0x), Avg.  12.7 us, Total. 25.30 us (0.0%)
[Performance] InitializeOnLoad LayerSettingsWindow                                                                            :        2 samples, Peak.  16.9 us (1.7x), Avg.  9.70 us, Total. 19.40 us (0.0%)
[Performance] InitializeOnLoad PackageManagerHookGUIDConverter.RegisterPackagesEventHandler                                   :        2 samples, Peak.   498 us (1.7x), Avg.   299 us, Total. 597.9 us (0.0%)
[Performance] InitializeOnLoad EditorDragAndDrop.RegisterEditorClient                                                         :        2 samples, Peak.   138 us (1.1x), Avg.   127 us, Total. 254.2 us (0.0%)
[Performance] InitializeOnLoad EditorEventCallbacks.InitializeFontAssetResourceChangeCallBacks                                :        2 samples, Peak.   779 us (1.1x), Avg.   703 us, Total. 1.406 ms (0.0%)
[Performance] InitializeOnLoad SceneTemplateService.Init                                                                      :        2 samples, Peak.   736 us (1.1x), Avg.   691 us, Total. 1.382 ms (0.0%)
[Performance] InitializeOnLoad DiagnosticSwitchesConsoleMessage.Init                                                          :        2 samples, Peak.  5.29 ms (1.8x), Avg.  2.98 ms, Total. 5.957 ms (0.0%)
[Performance] InitializeOnLoad EditorWindow.Initialize                                                                        :        2 samples, Peak.   160 us (1.0x), Avg.   159 us, Total. 318.9 us (0.0%)
[Performance] InitializeOnLoad MemoryProfilerCompilationGuard.InjectCompileGuard                                              :        2 samples, Peak.  92.8 us (1.0x), Avg.  90.8 us, Total. 181.6 us (0.0%)
[Performance] InitializeOnLoad PackageManagerWindow.EditorInitializedInSafeMode                                               :        2 samples, Peak.   131 us (1.7x), Avg.  76.2 us, Total. 152.4 us (0.0%)
[Performance] InitializeOnLoad ToolShortcutContext.Init                                                                       :        2 samples, Peak.  79.6 us (1.1x), Avg.  75.6 us, Total. 151.1 us (0.0%)
[Performance] InitializeOnLoad AssetPostprocessingInternal.RefreshCustomDependencies                                          :        2 samples, Peak.  1.97 ms (1.4x), Avg.  1.41 ms, Total. 2.818 ms (0.0%)
[Performance] InitializeOnLoad SysrootManager.Initialize                                                                      :        2 samples, Peak.   302 us (1.0x), Avg.   300 us, Total. 599.3 us (0.0%)
[Performance] InitializeOnLoad ScopedRegistryAddedPopup.SubscribeToRegistriesAdded                                            :        2 samples, Peak.   129 us (1.3x), Avg.  97.9 us, Total. 195.9 us (0.0%)
[Performance] InitializeOnLoad SceneVisibilityManager.Initialize                                                              :        2 samples, Peak.  3.55 ms (1.7x), Avg.  2.07 ms, Total. 4.138 ms (0.0%)
[Performance] AssemblyReloadEvents.afterAssemblyReload: UnityEditor.PackageManager.TuanjiePathAndNameFix.FixTuanjieNameOrPath :        2 samples, Peak.  2.45 ms (1.0x), Avg.  2.37 ms, Total. 4.741 ms (0.0%)
[Performance] AssemblyReloadEvents.afterAssemblyReload: UnityEditor.SceneTemplate.SceneTemplateService.AfterAssemblyReload    :        2 samples, Peak.  2.46 ms (1.9x), Avg.  1.32 ms, Total. 2.644 ms (0.0%)
[Performance] ProcessService.EditorAfterLoadAllAssemblies                                                                     :        2 samples, Peak.   227 us (1.0x), Avg.   217 us, Total. 433.7 us (0.0%)
[Performance] Application.ReadLicenseInfo                                                                                     :        1 samples, Peak.  22.8 ms (1.0x), Avg.  22.8 ms, Total. 22.77 ms (0.1%)
[Performance] Application.InitialRefresh                                                                                      :        1 samples, Peak.  2.00 s (1.0x), Avg.  2.00 s, Total. 1.997 s (9.3%)
[Performance] BuilderAssetModificationProcessor.OnWillCreateAsset                                                             :        1 samples, Peak.   601 us (1.0x), Avg.   601 us, Total. 601.3 us (0.0%)
[Performance] ShaderImporter.SourceAssetModified                                                                              :        2 samples, Peak.   700 ns (1.4x), Avg.   500 ns, Total. 1.000 us (0.0%)
[Performance] ShaderIncludeImporter.SourceAssetModified                                                                       :        2 samples, Peak.   600 ns (1.1x), Avg.   550 ns, Total. 1.100 us (0.0%)
[Performance] Compiling Scripts                                                                                               :        1 samples, Peak.  1.46 s (1.0x), Avg.  1.46 s, Total. 1.461 s (6.8%)
[Performance] AssemblyReloadEvents.beforeAssemblyReload: UnityEditor.SceneTemplate.SceneTemplateService.BeforeAssemblyReload  :        1 samples, Peak.   316 us (1.0x), Avg.   316 us, Total. 315.9 us (0.0%)
[Performance] PresetManagerPostProcessor.OnPreprocessAsset                                                                    :        1 samples, Peak.   834 us (1.0x), Avg.   834 us, Total. 833.5 us (0.0%)
[Performance] CancelSplashScreenOnAssetChange.OnPreprocessAsset                                                               :        1 samples, Peak.  75.1 us (1.0x), Avg.  75.1 us, Total. 75.10 us (0.0%)
[Performance] DidReloadScriptsAdvancedDropdownWindow.OnScriptReload                                                           :        1 samples, Peak.   135 us (1.0x), Avg.   135 us, Total. 135.5 us (0.0%)
[Performance] AssetDatabase.ImportAssets                                                                                      :        5 samples, Peak.   800 ns (2.2x), Avg.   360 ns, Total. 1.800 us (0.0%)
[Performance] VersionControl.Task.Wait                                                                                        :        1 samples, Peak.  4.70 us (1.0x), Avg.  4.70 us, Total. 4.700 us (0.0%)
[Performance] BuilderAssetPostprocessor.OnPostprocessAllAssets                                                                :        2 samples, Peak.  2.18 ms (1.0x), Avg.  2.14 ms, Total. 4.274 ms (0.0%)
[Performance] ArtifactBrowserPostProcessor.OnPostprocessAllAssets                                                             :        2 samples, Peak.   401 us (1.0x), Avg.   399 us, Total. 798.5 us (0.0%)
[Performance] AssetEvents.OnPostprocessAllAssets                                                                              :        4 samples, Peak.   121 us (1.5x), Avg.  79.4 us, Total. 317.4 us (0.0%)
[Performance] AudioMixerPostprocessor.OnPostprocessAllAssets                                                                  :        2 samples, Peak.   183 us (1.0x), Avg.   182 us, Total. 363.7 us (0.0%)
[Performance] DomainReloadPostprocessor.OnPostprocessAllAssets                                                                :        2 samples, Peak.  1.30 ms (1.0x), Avg.  1.30 ms, Total. 2.592 ms (0.0%)
[Performance] StyleCatalogPostProcessor.OnPostprocessAllAssets                                                                :        2 samples, Peak.  12.6 ms (1.0x), Avg.  12.6 ms, Total. 25.11 ms (0.1%)
[Performance] BuildCatalog                                                                                                    :        1 samples, Peak.  11.8 ms (1.0x), Avg.  11.8 ms, Total. 11.78 ms (0.1%)
[Performance] ModelImporterPostProcessor.OnPostprocessAllAssets                                                               :        2 samples, Peak.   738 us (1.0x), Avg.   736 us, Total. 1.473 ms (0.0%)
[Performance] RetainedModeAssetPostprocessor.OnPostprocessAllAssets                                                           :        2 samples, Peak.  2.20 ms (1.0x), Avg.  2.20 ms, Total. 4.393 ms (0.0%)
[Performance] AssetChangedListener.OnPostprocessAllAssets                                                                     :        2 samples, Peak.  1.51 ms (1.0x), Avg.  1.51 ms, Total. 3.024 ms (0.0%)
[Performance] SpeedTreePostProcessor.OnPostprocessAllAssets                                                                   :        2 samples, Peak.   143 us (1.0x), Avg.   142 us, Total. 284.3 us (0.0%)
[Performance] TextAssetPostProcessor.OnPostprocessAllAssets                                                                   :        2 samples, Peak.   304 us (1.0x), Avg.   303 us, Total. 605.2 us (0.0%)
[Performance] SyncVS.PostprocessSyncProject                                                                                   :        1 samples, Peak.  1.24 ms (1.0x), Avg.  1.24 ms, Total. 1.238 ms (0.0%)
[Performance] EditorApplication.projectChanged: UnityEditor.Audio.MixerEffectDefinitionReloader.OnProjectChanged              :        1 samples, Peak.   234 us (1.0x), Avg.   234 us, Total. 233.6 us (0.0%)
[Performance] Application.ImportPackagesAndSetTemplateWhenCreatingProject                                                     :        1 samples, Peak.  11.0 ms (1.0x), Avg.  11.0 ms, Total. 11.05 ms (0.1%)
[Performance] Application.SyncCurrentColorSpace                                                                               :        1 samples, Peak.  88.7 ms (1.0x), Avg.  88.7 ms, Total. 88.73 ms (0.4%)
[Performance] Application.OnUsbDevicesChanged                                                                                 :        1 samples, Peak.   721 us (1.0x), Avg.   721 us, Total. 720.8 us (0.0%)
[Performance] Application.AssetInstanceCacheUpdate                                                                            :        1 samples, Peak. 100.0 ns (1.0x), Avg. 100.0 ns, Total. 100.00 ns (0.0%)
[Performance] Application.UnityExtensions.Initialize                                                                          :        1 samples, Peak.   269 us (1.0x), Avg.   269 us, Total. 268.7 us (0.0%)
[Performance] CodeEditorProjectSync.SyncEditorProject                                                                         :        1 samples, Peak.  68.2 us (1.0x), Avg.  68.2 us, Total. 68.20 us (0.0%)
[Performance] Application.ExecuteStartups                                                                                     :        1 samples, Peak.  36.2 ms (1.0x), Avg.  36.2 ms, Total. 36.16 ms (0.2%)
[Performance] Menu.RegisterMenuInterface                                                                                      :       26 samples, Peak.   500 ns (4.2x), Avg.   119 ns, Total. 3.100 us (0.0%)
[Performance] Gizmo.RebuildRenderers                                                                                          :        2 samples, Peak.  35.5 ms (1.5x), Avg.  23.6 ms, Total. 47.22 ms (0.2%)
[Performance] Gizmo.AddGizmoRenderers                                                                                         :       42 samples, Peak.  1.24 ms (28.4x), Avg.  43.8 us, Total. 1.838 ms (0.0%)
[Performance] Application.editorInitializingProject                                                                           :        1 samples, Peak.   144 ms (1.0x), Avg.   144 ms, Total. 143.6 ms (0.7%)
[Performance] Application.InitializeMenu                                                                                      :        1 samples, Peak.  39.9 ms (1.0x), Avg.  39.9 ms, Total. 39.85 ms (0.2%)
[Performance] Menu.RebuildAll                                                                                                 :        1 samples, Peak.  39.8 ms (1.0x), Avg.  39.8 ms, Total. 39.84 ms (0.2%)
[Performance] Menu.BuildRegisteredMenuInterfaces                                                                              :        1 samples, Peak.  37.7 ms (1.0x), Avg.  37.7 ms, Total. 37.71 ms (0.2%)
[Performance] Menu.FilterMenuItem                                                                                             :      470 samples, Peak.  7.73 ms (462.8x), Avg.  16.7 us, Total. 7.851 ms (0.0%)
[Performance] UpdateAllMenus                                                                                                  :        1 samples, Peak.   324 us (1.0x), Avg.   324 us, Total. 324.4 us (0.0%)
[Performance] Menu.RebuildOSMainMenu                                                                                          :        3 samples, Peak.  2.24 ms (1.5x), Avg.  1.54 ms, Total. 4.613 ms (0.0%)
[Performance] EditorSceneManager.sceneClosing: UnityEditor.SceneVisibilityManager.EditorSceneManagerOnSceneClosing            :        5 samples, Peak.   176 us (4.8x), Avg.  36.9 us, Total. 184.7 us (0.0%)
[Performance] GUIView.RepaintAll.PlayerLoopController                                                                         :        4 samples, Peak.  1.50 us (1.2x), Avg.  1.22 us, Total. 4.900 us (0.0%)
[Performance] EditorSceneManager.newSceneCreated: UnityEditor.SceneTemplate.SceneTemplateService.OnNewSceneCreated            :        3 samples, Peak.   171 us (3.0x), Avg.  57.7 us, Total. 173.0 us (0.0%)
[Performance] EditorSceneManager.newSceneCreated: UnityEditor.SceneVisibilityManager.EditorSceneManagerOnNewSceneCreated      :        3 samples, Peak.   131 us (2.7x), Avg.  48.9 us, Total. 146.6 us (0.0%)
[Performance] EditorSceneManager.newSceneCreated: UnityEditor.SceneManagement.StageNavigationManager.OnNewSceneCreated        :        3 samples, Peak.  34.6 us (2.8x), Avg.  12.2 us, Total. 36.50 us (0.0%)
[Performance] Application.InvokeFinishedLoadingProject                                                                        :        1 samples, Peak.  1.11 ms (1.0x), Avg.  1.11 ms, Total. 1.108 ms (0.0%)
[Performance] ProcessService.OnProjectLoaded                                                                                  :        1 samples, Peak.  25.6 us (1.0x), Avg.  25.6 us, Total. 25.60 us (0.0%)
[Performance] Inspector.InitOrRebuild                                                                                         :        3 samples, Peak.   196 us (1.6x), Avg.   124 us, Total. 371.9 us (0.0%)
[Performance] BuilderAssetModificationProcessor.OnWillSaveAssets                                                              :        2 samples, Peak.   239 us (2.0x), Avg.   122 us, Total. 245.0 us (0.0%)
[Performance] TerrainModificationProcessor.OnWillSaveAssets                                                                   :        2 samples, Peak.   424 us (2.0x), Avg.   213 us, Total. 425.1 us (0.0%)
[Performance] GenerateAssemblyTypeInfos                                                                                       :        2 samples, Peak.  3.34 ms (1.2x), Avg.  2.77 ms, Total. 5.535 ms (0.0%)
[Performance] AssetDatabase.Refresh                                                                                           :        1 samples, Peak.  3.84 ms (1.0x), Avg.  3.84 ms, Total. 3.843 ms (0.0%)
[Performance] EditorSceneManager.sceneOpened: UnityEditor.SceneTemplate.SceneTemplateService.OnSceneOpened                    :        1 samples, Peak.   154 us (1.0x), Avg.   154 us, Total. 154.0 us (0.0%)
[Performance] EditorSceneManager.sceneOpened: UnityEditor.SceneVisibilityManager.EditorSceneManagerOnSceneOpened              :        1 samples, Peak.   113 us (1.0x), Avg.   113 us, Total. 113.1 us (0.0%)
[Performance] EditorSceneManager.sceneOpened: UnityEditor.SceneManagement.StageNavigationManager.OnSceneOpened                :        1 samples, Peak.  35.8 us (1.0x), Avg.  35.8 us, Total. 35.80 us (0.0%)
[Performance] UnityBuildPostprocessor.OnProcessScene                                                                          :        1 samples, Peak.   438 us (1.0x), Avg.   438 us, Total. 437.6 us (0.0%)
[Performance] EditorApplication.quitting: callback in UnityEditor.TextCore.Text.EditorEventCallbacks                          :        1 samples, Peak.  1.59 ms (1.0x), Avg.  1.59 ms, Total. 1.589 ms (0.0%)
[Performance] Application.Shutdown.PauseProfilerSession                                                                       :        1 samples, Peak.  18.7 us (1.0x), Avg.  18.7 us, Total. 18.70 us (0.0%)
[Performance] Application.Shutdown.PauseAssetImportWorkers                                                                    :        1 samples, Peak.  55.0 us (1.0x), Avg.  55.0 us, Total. 55.00 us (0.0%)
[Performance] Application.Shutdown.SaveAssets                                                                                 :        1 samples, Peak.  2.06 ms (1.0x), Avg.  2.06 ms, Total. 2.059 ms (0.0%)
[Performance] Application.Shutdown.CleanupRenderPipeline                                                                      :        1 samples, Peak.  2.80 us (1.0x), Avg.  2.80 us, Total. 2.800 us (0.0%)
[Performance] Application.Shutdown.StopPreloadManager                                                                         :        1 samples, Peak.  9.88 ms (1.0x), Avg.  9.88 ms, Total. 9.883 ms (0.0%)
[Performance] Application.Shutdown.DestroyWorld                                                                               :        1 samples, Peak.   200 us (1.0x), Avg.   200 us, Total. 200.3 us (0.0%)
[Performance] Application.Shutdown.CleanupAfterLoad                                                                           :        1 samples, Peak.  1.46 ms (1.0x), Avg.  1.46 ms, Total. 1.458 ms (0.0%)
[Performance] Application.Shutdown.Progress                                                                                   :        1 samples, Peak.  5.90 us (1.0x), Avg.  5.90 us, Total. 5.900 us (0.0%)
[Performance] Application.Shutdown.GICleanupManagers                                                                          :        1 samples, Peak.   483 us (1.0x), Avg.   483 us, Total. 483.2 us (0.0%)
[Performance] Application.Shutdown.MenuCleanupClass                                                                           :        1 samples, Peak.  82.9 us (1.0x), Avg.  82.9 us, Total. 82.90 us (0.0%)
[Performance] Application.Shutdown.ADBSaveStateBeforeShutdown                                                                 :        1 samples, Peak.  5.50 us (1.0x), Avg.  5.50 us, Total. 5.500 us (0.0%)
[Performance] Application.Shutdown.RemoteShutdown                                                                             :        1 samples, Peak.   700 ns (1.0x), Avg.   700 ns, Total. 700.0 ns (0.0%)
[Performance] Application.Shutdown.CleanupVCProvider                                                                          :        1 samples, Peak.  6.80 us (1.0x), Avg.  6.80 us, Total. 6.800 us (0.0%)
[Performance] Application.Shutdown.InputShutdown                                                                              :        1 samples, Peak.   500 ns (1.0x), Avg.   500 ns, Total. 500.0 ns (0.0%)
[Performance] Application.Shutdown.GizmoManagerDestroy                                                                        :        1 samples, Peak.   755 us (1.0x), Avg.   755 us, Total. 754.9 us (0.0%)
[Performance] Application.Shutdown.ProfilerSession                                                                            :        1 samples, Peak.   142 us (1.0x), Avg.   142 us, Total. 142.0 us (0.0%)
[Performance] Application.Shutdown.ReleaseGfxWindowOnAllGUIViews                                                              :        1 samples, Peak.   300 ns (1.0x), Avg.   300 ns, Total. 300.0 ns (0.0%)
[Performance] Application.Shutdown.CleanupEngine                                                                              :        1 samples, Peak.  79.7 ms (1.0x), Avg.  79.7 ms, Total. 79.66 ms (0.4%)
[Performance] Application.Shutdown.CleanupAssetDatabase                                                                       :        1 samples, Peak.  3.04 ms (1.0x), Avg.  3.04 ms, Total. 3.041 ms (0.0%)
[Performance] Application.Shutdown.ScriptCompilationCleanUp                                                                   :        1 samples, Peak.  11.9 ms (1.0x), Avg.  11.9 ms, Total. 11.92 ms (0.1%)
[Performance] Application.Shutdown.DestroyJobSystem                                                                           :        1 samples, Peak.  93.3 us (1.0x), Avg.  93.3 us, Total. 93.30 us (0.0%)
[Performance] Application.Shutdown.CleanupPersistentManager                                                                   :        1 samples, Peak.   253 us (1.0x), Avg.   253 us, Total. 253.0 us (0.0%)
[Performance] Application.Shutdown.CleanupAsyncReadManager                                                                    :        1 samples, Peak.   232 us (1.0x), Avg.   232 us, Total. 232.4 us (0.0%)
[Performance] Application.Shutdown.CleanupProgressBar                                                                         :        1 samples, Peak.   300 ns (1.0x), Avg.   300 ns, Total. 300.0 ns (0.0%)
[Performance] Application.Shutdown.CleanupMono                                                                                :        1 samples, Peak.  28.5 ms (1.0x), Avg.  28.5 ms, Total. 28.52 ms (0.1%)
[Performance] Application.Shutdown.CleanupStdConverters                                                                       :        1 samples, Peak.  6.00 us (1.0x), Avg.  6.00 us, Total. 6.000 us (0.0%)
[Performance] Application.Shutdown.UnloadAllPlatformSupportModuleNativeDlls                                                   :        1 samples, Peak.   500 ns (1.0x), Avg.   500 ns, Total. 500.0 ns (0.0%)
[Performance] Application.Shutdown.UnloadAllPlatformSupportNativeLibraries                                                    :        1 samples, Peak. 100.0 ns (1.0x), Avg. 100.0 ns, Total. 100.00 ns (0.0%)
[Performance] Application.Shutdown.CleanupAutoDocumentation                                                                   :        1 samples, Peak.   240 us (1.0x), Avg.   240 us, Total. 240.2 us (0.0%)
[Performance] Application.Shutdown.ShaderNameManagerDestroy                                                                   :        1 samples, Peak.  36.8 us (1.0x), Avg.  36.8 us, Total. 36.80 us (0.0%)
[Performance] Application.Shutdown.CleanupCacheServer                                                                         :        1 samples, Peak. 0.0 (-nan(ind)x), Avg. 0.0, Total. 0.0 (0.0%)
[Performance] Application.Shutdown.Virtualization_Shutdown                                                                    :        1 samples, Peak.   300 ns (1.0x), Avg.   300 ns, Total. 300.0 ns (0.0%)
[Performance] Application.Shutdown.DevConnections                                                                             :        1 samples, Peak.   213 us (1.0x), Avg.   213 us, Total. 213.0 us (0.0%)
Exiting batchmode successfully now!
Exiting without the bug reporter. Application will terminate with return code 0