[Licensing::Module] Trying to connect to existing licensing client channel...
[Licensing::IpcConnector] Connection attempt to the License Client on channel: "LicenseClient-trlanfeng" failed because channel doesn't exist; code: "0x80000002"
[Licensing::Module] GetFullLicensingClientPath:	 C:/Program Files/Tuanjie/Hub/Editor/2022.3.61t14/Editor/Data/Resources/Licensing/Client/Tuanjie.Licensing.Client.exe
[Licensing::Module] Successfully launched the LicensingClient (PId: 19844)
[Licensing::IpcConnector] Successfully connected to the License Client on channel: "LicenseClient-trlanfeng" at "2026-09-23T05:04:02.9573918Z"
[Licensing::Client] Error: Code 0 while verifying Licensing Client signature (process Id: 19844, path: "C:/Program Files/Tuanjie/Hub/Editor/2022.3.61t14/Editor/Data/Resources/Licensing/Client/Tuanjie.Licensing.Client.exe")
[Licensing::Module] Error: LicensingClient has failed validation; ignoring
[Licensing::Client] Successfully send message: {"AuthorizationCheck":"Ewh6pS6hCORuKw==","messageType":"HandshakeRequest","protocolVersion":"1.12","userAgent":"TuanjieEditor/2022.3.61t14 (Windows; U; Windows NT 10.0; zh)","externalCorrelationId":"8023926184971013484"} at 1790139843
[Licensing::Client] Successfully receive message: {"protocolVersion":"1.12","sessionId":"4fecfc15d1a340f2b976c1561a215ad5","context":{"DeviceName":"MY-PC","DeviceModel":"MS-7E01 (Micro-Star International Co., Ltd.)","PhysicalMemoryMB":"32477","SystemLanguageISO":"zh","ProcessorCount":"24","ProcessorType":"13th Gen Intel(R) Core(TM) i7-13700","OperatingSystem":"Windows 10  (10.0.26200) 64bit","OperatingSystemNumeric":"1000","Legacy.MachineBinding1":"00330-80000-00000-AA674","Legacy.MachineBinding2":"00000_00_000000_00_00D0DD_D0_00D0DD_D0.0","Legacy.MachineBinding4":"RGVmYXVsdCBzdHJpbmc=","Legacy.MachineBinding5":"04:7c:16:87:4a:e7","EnvironmentUser":"trlanfeng","EnvironmentDomain":"MY-PC","EnvironmentHostname":"MY-PC"},"assemblyProductVersion":"1.14.0+76da6ae","machineId":"+nhstU21CyyHh9yxWJ5fOovY55Q=","correlationId":"96291fc249fa46d5ce4777302f95b101","responseCode":200,"responseStatus":"Handshake successful","messageType":"HandshakeResponse"} at 1790139843
[Licensing::Client] Handshaking with LicensingClient:
  Version:                 1.14.0+76da6ae
  Session Id:              4fecfc15d1a340f2b976c1561a215ad5
  Correlation Id:          96291fc249fa46d5ce4777302f95b101
  External correlation Id: 8023926184971013484
  Machine Id:              +nhstU21CyyHh9yxWJ5fOovY55Q=
[Licensing::Module] Successfully connected to LicensingClient on channel: "LicenseClient-trlanfeng" (connect: 2.20s, validation: 0.06s, handshake: 0.05s)
[Licensing::IpcConnector] Successfully connected to the License Notification on channel: "LicenseClient-trlanfeng-notifications" at "2026-09-23T05:04:03.0634139Z"
[Licensing::Module] Connected to LicensingClient (PId: 19844, launch time: 0.02, total connection time: 2.30s)
[Licensing::Module] Error: Access token is unavailable; failed to update
[Licensing::Client] Successfully send message: {"AuthorizationCheck":"1Dium/xdA2F82Q==","messageType":"UpdateLicenseRequest","AccessToken":"","OrgId":"","ProjectId":"","forceUpdateLicense":true} at 1790139843
[Licensing::Client] Successfully receive message: {"responseCode":200,"responseStatus":"Licenses updated.","messageType":"UpdateLicenseResponse","authorizationCheck":"1Dium/xdA2F82W3Ppu8/AImqcQE9"} at 1790139848
[Licensing::Client] Attempt to check time stamp (startTime: 1790139843, endTime: 1790139848)
[Licensing::Client] Successfully updated license
Built from 'tuanjie/1.6/staging' branch; Version is '2022.3.61t14 (3a70663b70e0) revision 3829862'; Using compiler version '192829333'; Build Type 'Release'
OS: 'Windows 11  (10.0.26200) 64bit Professional' Language: 'zh' Physical Memory: 32477 MB
[Licensing::Client] Successfully send message: {"AuthorizationCheck":"Yq4zMVFdS13g1g==","messageType":"EntitlementDetailsRequest","entitlementIds":["com.unity.editor.legacy.pro","com.unity.editor.headless"],"packageEntitlementIds":[],"includeCustomData":false} at 1790139848
[Licensing::Client] Successfully receive message: {"entitlementGroups":[{"entitlementGroupId":"F4-9MP9-ZWAG-QSVY-CHDF-P4PP","entitlementGroupIdHash":"25af702a0ffcfe3cb60897b1e699a94eb8956553","productName":"Unity Personal","productType":"TuanjieEditor","licenseType":"ULF","expiration":1790575447000,"matchedEntitlements":[{"entitlementId":"com.unity.editor.headless","isPackage":false,"count":1}]}],"responseCode":200,"responseStatus":"Found 1 entitlement groups and 0 free entitlements matching requested entitlement ids","messageType":"EntitlementDetailsResponse","authorizationCheck":"Yq4zMVFdS13g1q5Emuh5Ettdn1wN"} at 1790139848
[Licensing::Client] Attempt to check time stamp (startTime: 1790139848, endTime: 1790139848)
[Licensing::Client] Successfully resolved entitlement details
[Licensing::Module] Serial number assigned to: "F4-9MP9-ZWAG-QSVY-CHDF-XXXX"
BatchMode: 1, IsHumanControllingUs: 0, StartBugReporterOnCrash: 0, Is64bit: 1, IsPro: 0
[Licensing::Client] Successfully send message: {"AuthorizationCheck":"Yq4zMVFdS13g1g==","messageType":"EntitlementDetailsRequest","entitlementIds":["com.unity.editor.headless","com.unity.editor.ui"],"packageEntitlementIds":[],"includeCustomData":false} at 1790139848
[Licensing::Client] Successfully receive message: {"entitlementGroups":[{"entitlementGroupId":"F4-9MP9-ZWAG-QSVY-CHDF-P4PP","entitlementGroupIdHash":"25af702a0ffcfe3cb60897b1e699a94eb8956553","productName":"Unity Personal","productType":"TuanjieEditor","licenseType":"ULF","expiration":1790575447000,"matchedEntitlements":[{"entitlementId":"com.unity.editor.ui","isPackage":false,"count":1},{"entitlementId":"com.unity.editor.headless","isPackage":false,"count":1}]}],"responseCode":200,"responseStatus":"Found 1 entitlement groups and 0 free entitlements matching requested entitlement ids","messageType":"EntitlementDetailsResponse","authorizationCheck":"Yq4zMVFdS13g1q5Emuh5Ettdn1wN"} at 1790139848
[Licensing::Client] Attempt to check time stamp (startTime: 1790139848, endTime: 1790139848)
[Licensing::Client] Successfully resolved entitlement details

COMMAND LINE ARGUMENTS:
C:\Program Files\Tuanjie\Hub\Editor\2022.3.61t14\Editor\Tuanjie.exe
-batchmode
-nographics
-projectPath
D:/game/LoveQiE-without2DToolkit
-executeMethod
NativeTilemapMigration.Convert
-quit
-logFile
D:/game/LoveQiE-without2DToolkit/MigrationReports/convert.log
Successfully changed project path to: D:/game/LoveQiE-without2DToolkit
D:/game/LoveQiE-without2DToolkit
[Memory] Configuration Parameters - Can be set up in boot.config
    "memorysetup-bucket-allocator-granularity=16"
    "memorysetup-bucket-allocator-bucket-count=8"
    "memorysetup-bucket-allocator-block-size=33554432"
    "memorysetup-bucket-allocator-block-count=8"
    "memorysetup-main-allocator-block-size=16777216"
    "memorysetup-thread-allocator-block-size=16777216"
    "memorysetup-gfx-main-allocator-block-size=16777216"
    "memorysetup-gfx-thread-allocator-block-size=16777216"
    "memorysetup-cache-allocator-block-size=4194304"
    "memorysetup-typetree-allocator-block-size=2097152"
    "memorysetup-profiler-bucket-allocator-granularity=16"
    "memorysetup-profiler-bucket-allocator-bucket-count=8"
    "memorysetup-profiler-bucket-allocator-block-size=33554432"
    "memorysetup-profiler-bucket-allocator-block-count=8"
    "memorysetup-profiler-allocator-block-size=16777216"
    "memorysetup-profiler-editor-allocator-block-size=1048576"
    "memorysetup-temp-allocator-size-main=16777216"
    "memorysetup-job-temp-allocator-block-size=2097152"
    "memorysetup-job-temp-allocator-block-size-background=1048576"
    "memorysetup-job-temp-allocator-reduction-small-platforms=262144"
    "memorysetup-allocator-temp-initial-block-size-main=262144"
    "memorysetup-allocator-temp-initial-block-size-worker=262144"
    "memorysetup-temp-allocator-size-background-worker=32768"
    "memorysetup-temp-allocator-size-job-worker=262144"
    "memorysetup-temp-allocator-size-preload-manager=33554432"
    "memorysetup-temp-allocator-size-nav-mesh-worker=65536"
    "memorysetup-temp-allocator-size-audio-worker=65536"
    "memorysetup-temp-allocator-size-cloud-worker=32768"
    "memorysetup-temp-allocator-size-gi-baking-worker=262144"
    "memorysetup-temp-allocator-size-gfx=262144"
Player connection [44920]  Target information:

Player connection [44920]  * "[IP] 192.168.1.2 [Port] 55504 [Flags] 2 [Guid] 3149061847 [EditorId] 3149061847 [Version] 1048832 [Id] WindowsEditor(7,MY-PC) [Debug] 1 [PackageName] WindowsEditor [ProjectName] Editor" 

Player connection [44920]  * "[IP] 192.168.115.1 [Port] 55504 [Flags] 2 [Guid] 3149061847 [EditorId] 3149061847 [Version] 1048832 [Id] WindowsEditor(7,MY-PC) [Debug] 1 [PackageName] WindowsEditor [ProjectName] Editor" 

Player connection [44920]  * "[IP] 192.168.80.1 [Port] 55504 [Flags] 2 [Guid] 3149061847 [EditorId] 3149061847 [Version] 1048832 [Id] WindowsEditor(7,MY-PC) [Debug] 1 [PackageName] WindowsEditor [ProjectName] Editor" 

Player connection [44920] Host joined multi-casting on [225.0.0.222:54997]...
Player connection [44920] Host joined alternative multi-casting on [225.0.0.222:34997]...
Input System module state changed to: Initialized.
AS: AutoStreaming module initializing.
Begin write certificate to file.
Write certificate complete, return 1.
StartServer, cert is C:/Users/trlanfeng/AppData/Roaming/Tuanjie/17024-rest-certificate.pem
Start HTTP server port 38000, HTTPS server port 38443.
[Package Manager] UpmClient::Connect -- Connected to IPC stream "Upm-17024" after 0.2 seconds.
[Licensing::Client] Successfully send message: {"AuthorizationCheck":"Yq4zMVFdS13g1g==","messageType":"EntitlementDetailsRequest","entitlementIds":["com.unity.editor.last.activation.date","com.unity.editor.headless"],"packageEntitlementIds":[],"includeCustomData":false} at 1790139848
[Licensing::Client] Successfully receive message: {"entitlementGroups":[{"entitlementGroupId":"F4-9MP9-ZWAG-QSVY-CHDF-P4PP","entitlementGroupIdHash":"25af702a0ffcfe3cb60897b1e699a94eb8956553","productName":"Unity Personal","productType":"TuanjieEditor","licenseType":"ULF","expiration":1790575447000,"matchedEntitlements":[{"entitlementId":"com.unity.editor.headless","isPackage":false,"count":1},{"entitlementId":"com.unity.editor.last.activation.date","isPackage":false,"count":1}]}],"responseCode":200,"responseStatus":"Found 1 entitlement groups and 0 free entitlements matching requested entitlement ids","messageType":"EntitlementDetailsResponse","authorizationCheck":"Yq4zMVFdS13g1q5Emuh5Ettdn1wN"} at 1790139848
[Licensing::Client] Attempt to check time stamp (startTime: 1790139848, endTime: 1790139848)
[Licensing::Client] Successfully resolved entitlement details
[Licensing::Client] Successfully send message: {"AuthorizationCheck":"Yq4zMVFdS13g1g==","messageType":"EntitlementDetailsRequest","entitlementIds":["com.unity.editor.disable-splash-screen","com.unity.editor.headless"],"packageEntitlementIds":[],"includeCustomData":false} at 1790139848
[Licensing::Client] Successfully receive message: {"entitlementGroups":[{"entitlementGroupId":"F4-9MP9-ZWAG-QSVY-CHDF-P4PP","entitlementGroupIdHash":"25af702a0ffcfe3cb60897b1e699a94eb8956553","productName":"Unity Personal","productType":"TuanjieEditor","licenseType":"ULF","expiration":1790575447000,"matchedEntitlements":[{"entitlementId":"com.unity.editor.headless","isPackage":false,"count":1}]}],"responseCode":200,"responseStatus":"Found 1 entitlement groups and 0 free entitlements matching requested entitlement ids","messageType":"EntitlementDetailsResponse","authorizationCheck":"Yq4zMVFdS13g1q5Emuh5Ettdn1wN"} at 1790139848
[Licensing::Client] Attempt to check time stamp (startTime: 1790139848, endTime: 1790139848)
[Licensing::Client] Successfully resolved entitlement details
[Licensing::Client] Successfully send message: {"AuthorizationCheck":"Yq4zMVFdS13g1g==","messageType":"EntitlementDetailsRequest","entitlementIds":["com.unity.editor.allow-mix-usage","com.unity.editor.headless"],"packageEntitlementIds":[],"includeCustomData":false} at 1790139848
[Licensing::Client] Successfully receive message: {"entitlementGroups":[{"entitlementGroupId":"F4-9MP9-ZWAG-QSVY-CHDF-P4PP","entitlementGroupIdHash":"25af702a0ffcfe3cb60897b1e699a94eb8956553","productName":"Unity Personal","productType":"TuanjieEditor","licenseType":"ULF","expiration":1790575447000,"matchedEntitlements":[{"entitlementId":"com.unity.editor.headless","isPackage":false,"count":1}]}],"responseCode":200,"responseStatus":"Found 1 entitlement groups and 0 free entitlements matching requested entitlement ids","messageType":"EntitlementDetailsResponse","authorizationCheck":"Yq4zMVFdS13g1q5Emuh5Ettdn1wN"} at 1790139848
[Licensing::Client] Attempt to check time stamp (startTime: 1790139848, endTime: 1790139848)
[Licensing::Client] Successfully resolved entitlement details
[Package Manager] Restoring resolved packages state from cache
[Licensing::Client] Successfully send message: {"AuthorizationCheck":"Yq4zMVFdS13g1g==","messageType":"EntitlementDetailsRequest","entitlementIds":[],"packageEntitlementIds":["com.unity.modules.ai","com.unity.modules.androidjni","com.unity.modules.animation","com.unity.modules.assetbundle","com.unity.modules.audio","com.unity.modules.cloth","com.unity.modules.director","com.unity.modules.imageconversion","com.unity.modules.imgui","com.unity.modules.infinity","com.unity.modules.jsonserialize","com.unity.modules.particlesystem","com.unity.modules.physics","com.unity.modules.physics2d","com.unity.modules.screencapture","com.unity.modules.terrain","com.unity.modules.terrainphysics","com.unity.modules.tilemap","com.unity.modules.ui","com.unity.modules.uielements","com.unity.modules.unityanalytics","com.unity.modules.unitywebrequest","com.unity.modules.unitywebrequestassetbundle","com.unity.modules.unitywebrequestaudio","com.unity.modules.unitywebrequesttexture","com.unity.modules.unitywebrequestwww","com.unity.modules.vehicles","com.unity.modules.video","com.unity.modules.vr","com.unity.modules.wind","com.unity.modules.xr","com.unity.modules.subsystems"],"includeCustomData":false} at 1790139848
[Licensing::Client] Successfully receive message: {"freeEntitlementIds":["com.unity.modules.ai","com.unity.modules.androidjni","com.unity.modules.animation","com.unity.modules.assetbundle","com.unity.modules.audio","com.unity.modules.cloth","com.unity.modules.director","com.unity.modules.imageconversion","com.unity.modules.imgui","com.unity.modules.infinity","com.unity.modules.jsonserialize","com.unity.modules.particlesystem","com.unity.modules.physics","com.unity.modules.physics2d","com.unity.modules.screencapture","com.unity.modules.terrain","com.unity.modules.terrainphysics","com.unity.modules.tilemap","com.unity.modules.ui","com.unity.modules.uielements","com.unity.modules.unityanalytics","com.unity.modules.unitywebrequest","com.unity.modules.unitywebrequestassetbundle","com.unity.modules.unitywebrequestaudio","com.unity.modules.unitywebrequesttexture","com.unity.modules.unitywebrequestwww","com.unity.modules.vehicles","com.unity.modules.video","com.unity.modules.vr","com.unity.modules.wind","com.unity.modules.xr","com.unity.modules.subsystems"],"responseCode":200,"responseStatus":"Found 0 entitlement groups and 32 free entitlements matching requested entitlement ids","messageType":"EntitlementDetailsResponse","authorizationCheck":"Yq4zMVFdS13g1q5Emuh5Ettdn1wN"} at 1790139848
[Licensing::Client] Attempt to check time stamp (startTime: 1790139848, endTime: 1790139848)
[Licensing::Client] Successfully resolved entitlement details
[Package Manager] Registered 32 packages:
  Built-in packages:
    com.unity.modules.ai@1.0.0 (location: D:\game\LoveQiE-without2DToolkit\Library\PackageCache\com.unity.modules.ai@1.0.0)
    com.unity.modules.androidjni@1.0.0 (location: D:\game\LoveQiE-without2DToolkit\Library\PackageCache\com.unity.modules.androidjni@1.0.0)
    com.unity.modules.animation@1.0.0 (location: D:\game\LoveQiE-without2DToolkit\Library\PackageCache\com.unity.modules.animation@1.0.0)
    com.unity.modules.assetbundle@1.0.0 (location: D:\game\LoveQiE-without2DToolkit\Library\PackageCache\com.unity.modules.assetbundle@1.0.0)
    com.unity.modules.audio@1.0.0 (location: D:\game\LoveQiE-without2DToolkit\Library\PackageCache\com.unity.modules.audio@1.0.0)
    com.unity.modules.cloth@1.0.0 (location: D:\game\LoveQiE-without2DToolkit\Library\PackageCache\com.unity.modules.cloth@1.0.0)
    com.unity.modules.director@1.0.0 (location: D:\game\LoveQiE-without2DToolkit\Library\PackageCache\com.unity.modules.director@1.0.0)
    com.unity.modules.imageconversion@1.0.0 (location: D:\game\LoveQiE-without2DToolkit\Library\PackageCache\com.unity.modules.imageconversion@1.0.0)
    com.unity.modules.imgui@1.0.0 (location: D:\game\LoveQiE-without2DToolkit\Library\PackageCache\com.unity.modules.imgui@1.0.0)
    com.unity.modules.infinity@1.0.0 (location: D:\game\LoveQiE-without2DToolkit\Library\PackageCache\com.unity.modules.infinity@1.0.0)
    com.unity.modules.jsonserialize@1.0.0 (location: D:\game\LoveQiE-without2DToolkit\Library\PackageCache\com.unity.modules.jsonserialize@1.0.0)
    com.unity.modules.particlesystem@1.0.0 (location: D:\game\LoveQiE-without2DToolkit\Library\PackageCache\com.unity.modules.particlesystem@1.0.0)
    com.unity.modules.physics@1.0.0 (location: D:\game\LoveQiE-without2DToolkit\Library\PackageCache\com.unity.modules.physics@1.0.0)
    com.unity.modules.physics2d@1.0.0 (location: D:\game\LoveQiE-without2DToolkit\Library\PackageCache\com.unity.modules.physics2d@1.0.0)
    com.unity.modules.screencapture@1.0.0 (location: D:\game\LoveQiE-without2DToolkit\Library\PackageCache\com.unity.modules.screencapture@1.0.0)
    com.unity.modules.terrain@1.0.0 (location: D:\game\LoveQiE-without2DToolkit\Library\PackageCache\com.unity.modules.terrain@1.0.0)
    com.unity.modules.terrainphysics@1.0.0 (location: D:\game\LoveQiE-without2DToolkit\Library\PackageCache\com.unity.modules.terrainphysics@1.0.0)
    com.unity.modules.tilemap@1.0.0 (location: D:\game\LoveQiE-without2DToolkit\Library\PackageCache\com.unity.modules.tilemap@1.0.0)
    com.unity.modules.ui@1.0.0 (location: D:\game\LoveQiE-without2DToolkit\Library\PackageCache\com.unity.modules.ui@1.0.0)
    com.unity.modules.uielements@1.0.0 (location: D:\game\LoveQiE-without2DToolkit\Library\PackageCache\com.unity.modules.uielements@1.0.0)
    com.unity.modules.unityanalytics@1.0.0 (location: D:\game\LoveQiE-without2DToolkit\Library\PackageCache\com.unity.modules.unityanalytics@1.0.0)
    com.unity.modules.unitywebrequest@1.0.0 (location: D:\game\LoveQiE-without2DToolkit\Library\PackageCache\com.unity.modules.unitywebrequest@1.0.0)
    com.unity.modules.unitywebrequestassetbundle@1.0.0 (location: D:\game\LoveQiE-without2DToolkit\Library\PackageCache\com.unity.modules.unitywebrequestassetbundle@1.0.0)
    com.unity.modules.unitywebrequestaudio@1.0.0 (location: D:\game\LoveQiE-without2DToolkit\Library\PackageCache\com.unity.modules.unitywebrequestaudio@1.0.0)
    com.unity.modules.unitywebrequesttexture@1.0.0 (location: D:\game\LoveQiE-without2DToolkit\Library\PackageCache\com.unity.modules.unitywebrequesttexture@1.0.0)
    com.unity.modules.unitywebrequestwww@1.0.0 (location: D:\game\LoveQiE-without2DToolkit\Library\PackageCache\com.unity.modules.unitywebrequestwww@1.0.0)
    com.unity.modules.vehicles@1.0.0 (location: D:\game\LoveQiE-without2DToolkit\Library\PackageCache\com.unity.modules.vehicles@1.0.0)
    com.unity.modules.video@1.0.0 (location: D:\game\LoveQiE-without2DToolkit\Library\PackageCache\com.unity.modules.video@1.0.0)
    com.unity.modules.vr@1.0.0 (location: D:\game\LoveQiE-without2DToolkit\Library\PackageCache\com.unity.modules.vr@1.0.0)
    com.unity.modules.wind@1.0.0 (location: D:\game\LoveQiE-without2DToolkit\Library\PackageCache\com.unity.modules.wind@1.0.0)
    com.unity.modules.xr@1.0.0 (location: D:\game\LoveQiE-without2DToolkit\Library\PackageCache\com.unity.modules.xr@1.0.0)
    com.unity.modules.subsystems@1.0.0 (location: D:\game\LoveQiE-without2DToolkit\Library\PackageCache\com.unity.modules.subsystems@1.0.0)
Cannot set VR devices because the platform passed isn't supported by Unity.
Cannot set VR devices because the platform passed isn't supported by Unity.
Cannot set VR devices because the platform passed isn't supported by Unity.
Cannot set VR devices because the platform passed isn't supported by Unity.
Cannot set VR devices because the platform passed isn't supported by Unity.
Cannot set VR devices because the platform passed isn't supported by Unity.
Cannot set VR devices because the platform passed isn't supported by Unity.
Cannot set VR devices because the platform passed isn't supported by Unity.
Cannot set VR devices because the platform passed isn't supported by Unity.
Cannot set VR devices because the platform passed isn't supported by Unity.
Cannot set VR devices because the platform passed isn't supported by Unity.
[Subsystems] No new subsystems found in resolved package list.
Package Manager log level set to [2]
[Package Manager] Done registering packages in 0.33 seconds
[Package Manager] Done resolving packages in 0.39 seconds
[Package Manager] Registered 32 packages:
  Built-in packages:
    com.unity.modules.ai@1.0.0 (location: D:\game\LoveQiE-without2DToolkit\Library\PackageCache\com.unity.modules.ai@1.0.0)
    com.unity.modules.androidjni@1.0.0 (location: D:\game\LoveQiE-without2DToolkit\Library\PackageCache\com.unity.modules.androidjni@1.0.0)
    com.unity.modules.animation@1.0.0 (location: D:\game\LoveQiE-without2DToolkit\Library\PackageCache\com.unity.modules.animation@1.0.0)
    com.unity.modules.assetbundle@1.0.0 (location: D:\game\LoveQiE-without2DToolkit\Library\PackageCache\com.unity.modules.assetbundle@1.0.0)
    com.unity.modules.audio@1.0.0 (location: D:\game\LoveQiE-without2DToolkit\Library\PackageCache\com.unity.modules.audio@1.0.0)
    com.unity.modules.cloth@1.0.0 (location: D:\game\LoveQiE-without2DToolkit\Library\PackageCache\com.unity.modules.cloth@1.0.0)
    com.unity.modules.director@1.0.0 (location: D:\game\LoveQiE-without2DToolkit\Library\PackageCache\com.unity.modules.director@1.0.0)
    com.unity.modules.imageconversion@1.0.0 (location: D:\game\LoveQiE-without2DToolkit\Library\PackageCache\com.unity.modules.imageconversion@1.0.0)
    com.unity.modules.imgui@1.0.0 (location: D:\game\LoveQiE-without2DToolkit\Library\PackageCache\com.unity.modules.imgui@1.0.0)
    com.unity.modules.infinity@1.0.0 (location: D:\game\LoveQiE-without2DToolkit\Library\PackageCache\com.unity.modules.infinity@1.0.0)
    com.unity.modules.jsonserialize@1.0.0 (location: D:\game\LoveQiE-without2DToolkit\Library\PackageCache\com.unity.modules.jsonserialize@1.0.0)
    com.unity.modules.particlesystem@1.0.0 (location: D:\game\LoveQiE-without2DToolkit\Library\PackageCache\com.unity.modules.particlesystem@1.0.0)
    com.unity.modules.physics@1.0.0 (location: D:\game\LoveQiE-without2DToolkit\Library\PackageCache\com.unity.modules.physics@1.0.0)
    com.unity.modules.physics2d@1.0.0 (location: D:\game\LoveQiE-without2DToolkit\Library\PackageCache\com.unity.modules.physics2d@1.0.0)
    com.unity.modules.screencapture@1.0.0 (location: D:\game\LoveQiE-without2DToolkit\Library\PackageCache\com.unity.modules.screencapture@1.0.0)
    com.unity.modules.terrain@1.0.0 (location: D:\game\LoveQiE-without2DToolkit\Library\PackageCache\com.unity.modules.terrain@1.0.0)
    com.unity.modules.terrainphysics@1.0.0 (location: D:\game\LoveQiE-without2DToolkit\Library\PackageCache\com.unity.modules.terrainphysics@1.0.0)
    com.unity.modules.tilemap@1.0.0 (location: D:\game\LoveQiE-without2DToolkit\Library\PackageCache\com.unity.modules.tilemap@1.0.0)
    com.unity.modules.ui@1.0.0 (location: D:\game\LoveQiE-without2DToolkit\Library\PackageCache\com.unity.modules.ui@1.0.0)
    com.unity.modules.uielements@1.0.0 (location: D:\game\LoveQiE-without2DToolkit\Library\PackageCache\com.unity.modules.uielements@1.0.0)
    com.unity.modules.unityanalytics@1.0.0 (location: D:\game\LoveQiE-without2DToolkit\Library\PackageCache\com.unity.modules.unityanalytics@1.0.0)
    com.unity.modules.unitywebrequest@1.0.0 (location: D:\game\LoveQiE-without2DToolkit\Library\PackageCache\com.unity.modules.unitywebrequest@1.0.0)
    com.unity.modules.unitywebrequestassetbundle@1.0.0 (location: D:\game\LoveQiE-without2DToolkit\Library\PackageCache\com.unity.modules.unitywebrequestassetbundle@1.0.0)
    com.unity.modules.unitywebrequestaudio@1.0.0 (location: D:\game\LoveQiE-without2DToolkit\Library\PackageCache\com.unity.modules.unitywebrequestaudio@1.0.0)
    com.unity.modules.unitywebrequesttexture@1.0.0 (location: D:\game\LoveQiE-without2DToolkit\Library\PackageCache\com.unity.modules.unitywebrequesttexture@1.0.0)
    com.unity.modules.unitywebrequestwww@1.0.0 (location: D:\game\LoveQiE-without2DToolkit\Library\PackageCache\com.unity.modules.unitywebrequestwww@1.0.0)
    com.unity.modules.vehicles@1.0.0 (location: D:\game\LoveQiE-without2DToolkit\Library\PackageCache\com.unity.modules.vehicles@1.0.0)
    com.unity.modules.video@1.0.0 (location: D:\game\LoveQiE-without2DToolkit\Library\PackageCache\com.unity.modules.video@1.0.0)
    com.unity.modules.vr@1.0.0 (location: D:\game\LoveQiE-without2DToolkit\Library\PackageCache\com.unity.modules.vr@1.0.0)
    com.unity.modules.wind@1.0.0 (location: D:\game\LoveQiE-without2DToolkit\Library\PackageCache\com.unity.modules.wind@1.0.0)
    com.unity.modules.xr@1.0.0 (location: D:\game\LoveQiE-without2DToolkit\Library\PackageCache\com.unity.modules.xr@1.0.0)
    com.unity.modules.subsystems@1.0.0 (location: D:\game\LoveQiE-without2DToolkit\Library\PackageCache\com.unity.modules.subsystems@1.0.0)
[Subsystems] No new subsystems found in resolved package list.
[Package Manager] Done registering packages in 0.00 seconds
Refreshing native plugins compatible for Editor in 0.27 ms, found 0 plugins.
Preloading 0 native plugins for Editor in 0.00 ms.
Initialize engine version: 2022.3.61t14 (3a70663b70e0)
[Subsystems] Discovering subsystems at path C:/Program Files/Tuanjie/Hub/Editor/2022.3.61t14/Editor/Data/Resources/UnitySubsystems
[Subsystems] Discovering subsystems at path D:/game/LoveQiE-without2DToolkit/Assets
Forcing GfxDevice: Null
GfxDevice: creating device client; threaded=0; jobified=0
NullGfxDevice:
    Version:  NULL 1.0 [1.0]
    Renderer: Null Device
    Vendor:   Unity Technologies
[Licensing::Client] Successfully send message: {"AuthorizationCheck":"Yq4zMVFdS13g1w==","messageType":"EntitlementDetailsRequest","entitlementIds":["com.unity.editor.cluster","com.unity.editor.headless"],"packageEntitlementIds":[],"includeCustomData":false} at 1790139849
[Licensing::Client] Successfully receive message: {"entitlementGroups":[{"entitlementGroupId":"F4-9MP9-ZWAG-QSVY-CHDF-P4PP","entitlementGroupIdHash":"25af702a0ffcfe3cb60897b1e699a94eb8956553","productName":"Unity Personal","productType":"TuanjieEditor","licenseType":"ULF","expiration":1790575447000,"matchedEntitlements":[{"entitlementId":"com.unity.editor.headless","isPackage":false,"count":1}]}],"responseCode":200,"responseStatus":"Found 1 entitlement groups and 0 free entitlements matching requested entitlement ids","messageType":"EntitlementDetailsResponse","authorizationCheck":"Yq4zMVFdS13g165Emuh5EhJJodDD"} at 1790139849
[Licensing::Client] Attempt to check time stamp (startTime: 1790139849, endTime: 1790139849)
[Licensing::Client] Successfully resolved entitlement details
Initialize mono
Mono path[0] = 'C:/Program Files/Tuanjie/Hub/Editor/2022.3.61t14/Editor/Data/Managed'
Mono path[1] = 'C:/Program Files/Tuanjie/Hub/Editor/2022.3.61t14/Editor/Data/MonoBleedingEdge/lib/mono/unityjit-win32'
Mono config path = 'C:/Program Files/Tuanjie/Hub/Editor/2022.3.61t14/Editor/Data/MonoBleedingEdge/etc'
Using monoOptions --debugger-agent=transport=dt_socket,embedding=1,server=y,suspend=n,address=0.0.0.0:56024
Using cacheserver namespaces - metadata:defaultmetadata, artifacts:defaultartifacts
Using cacheserver namespaces - metadata:defaultmetadata, artifacts:defaultartifacts
ImportWorker Server TCP listen port: 0
Begin MonoManager ReloadAssembly
Registering precompiled tuanjie dll's ...
Register platform support module: C:/Program Files/Tuanjie/Hub/Editor/2022.3.61t14/Editor/Data/PlaybackEngines/WindowsStandaloneSupport/UnityEditor.WindowsStandalone.Extensions.dll
Registered in 0.008792 seconds.
- Loaded All Assemblies, in  0.242 seconds
Native extension for WindowsStandalone target not found
[Licensing::Client] Successfully send message: {"AuthorizationCheck":"Yq4zMVFdS13h3g==","messageType":"EntitlementDetailsRequest","entitlementIds":["com.unity.editor.minigame.subplatform.wechat","com.unity.editor.headless"],"packageEntitlementIds":[],"includeCustomData":false} at 1790139850
[Licensing::Client] Successfully receive message: {"entitlementGroups":[{"entitlementGroupId":"F4-9MP9-ZWAG-QSVY-CHDF-P4PP","entitlementGroupIdHash":"25af702a0ffcfe3cb60897b1e699a94eb8956553","productName":"Unity Personal","productType":"TuanjieEditor","licenseType":"ULF","expiration":1790575447000,"matchedEntitlements":[{"entitlementId":"com.unity.editor.headless","isPackage":false,"count":1},{"entitlementId":"com.unity.editor.minigame.subplatform.wechat","isPackage":false,"count":1}]}],"responseCode":200,"responseStatus":"Found 1 entitlement groups and 0 free entitlements matching requested entitlement ids","messageType":"EntitlementDetailsResponse","authorizationCheck":"Yq4zMVFdS13h3q5Emuh5EnLxVxF8"} at 1790139850
[Licensing::Client] Attempt to check time stamp (startTime: 1790139850, endTime: 1790139850)
[Licensing::Client] Successfully resolved entitlement details
[Licensing::Client] Successfully send message: {"AuthorizationCheck":"Yq4zMVFdS13h3g==","messageType":"EntitlementDetailsRequest","entitlementIds":["com.unity.editor.minigame.subplatform.douyin","com.unity.editor.headless"],"packageEntitlementIds":[],"includeCustomData":false} at 1790139850
[Licensing::Client] Successfully receive message: {"entitlementGroups":[{"entitlementGroupId":"F4-9MP9-ZWAG-QSVY-CHDF-P4PP","entitlementGroupIdHash":"25af702a0ffcfe3cb60897b1e699a94eb8956553","productName":"Unity Personal","productType":"TuanjieEditor","licenseType":"ULF","expiration":1790575447000,"matchedEntitlements":[{"entitlementId":"com.unity.editor.headless","isPackage":false,"count":1},{"entitlementId":"com.unity.editor.minigame.subplatform.douyin","isPackage":false,"count":1}]}],"responseCode":200,"responseStatus":"Found 1 entitlement groups and 0 free entitlements matching requested entitlement ids","messageType":"EntitlementDetailsResponse","authorizationCheck":"Yq4zMVFdS13h3q5Emuh5EnLxVxF8"} at 1790139850
[Licensing::Client] Attempt to check time stamp (startTime: 1790139850, endTime: 1790139850)
[Licensing::Client] Successfully resolved entitlement details
[Licensing::Client] Successfully send message: {"AuthorizationCheck":"Yq4zMVFdS13h3g==","messageType":"EntitlementDetailsRequest","entitlementIds":["com.unity.editor.minigame.subplatform.kuaishou","com.unity.editor.headless"],"packageEntitlementIds":[],"includeCustomData":false} at 1790139850
[Licensing::Client] Successfully receive message: {"entitlementGroups":[{"entitlementGroupId":"F4-9MP9-ZWAG-QSVY-CHDF-P4PP","entitlementGroupIdHash":"25af702a0ffcfe3cb60897b1e699a94eb8956553","productName":"Unity Personal","productType":"TuanjieEditor","licenseType":"ULF","expiration":1790575447000,"matchedEntitlements":[{"entitlementId":"com.unity.editor.headless","isPackage":false,"count":1},{"entitlementId":"com.unity.editor.minigame.subplatform.kuaishou","isPackage":false,"count":1}]}],"responseCode":200,"responseStatus":"Found 1 entitlement groups and 0 free entitlements matching requested entitlement ids","messageType":"EntitlementDetailsResponse","authorizationCheck":"Yq4zMVFdS13h3q5Emuh5EnLxVxF8"} at 1790139850
[Licensing::Client] Attempt to check time stamp (startTime: 1790139850, endTime: 1790139850)
[Licensing::Client] Successfully resolved entitlement details
[Licensing::Client] Successfully send message: {"AuthorizationCheck":"Yq4zMVFdS13h3g==","messageType":"EntitlementDetailsRequest","entitlementIds":["com.unity.editor.minigame.subplatform.minihost","com.unity.editor.headless"],"packageEntitlementIds":[],"includeCustomData":false} at 1790139850
[Licensing::Client] Successfully receive message: {"entitlementGroups":[{"entitlementGroupId":"F4-9MP9-ZWAG-QSVY-CHDF-P4PP","entitlementGroupIdHash":"25af702a0ffcfe3cb60897b1e699a94eb8956553","productName":"Unity Personal","productType":"TuanjieEditor","licenseType":"ULF","expiration":1790575447000,"matchedEntitlements":[{"entitlementId":"com.unity.editor.headless","isPackage":false,"count":1},{"entitlementId":"com.unity.editor.minigame.subplatform.minihost","isPackage":false,"count":1}]}],"responseCode":200,"responseStatus":"Found 1 entitlement groups and 0 free entitlements matching requested entitlement ids","messageType":"EntitlementDetailsResponse","authorizationCheck":"Yq4zMVFdS13h3q5Emuh5EnLxVxF8"} at 1790139850
[Licensing::Client] Attempt to check time stamp (startTime: 1790139850, endTime: 1790139850)
[Licensing::Client] Successfully resolved entitlement details
Mono: successfully reloaded assembly
- Finished resetting the current domain, in  0.249 seconds
Domain Reload Profiling: 489ms
	BeginReloadAssembly (74ms)
		ExecutionOrderSort (0ms)
		DisableScriptedObjects (0ms)
		BackupInstance (0ms)
		ReleaseScriptingObjects (0ms)
		CreateAndSetChildDomain (1ms)
	RebuildCommonClasses (22ms)
	RebuildNativeTypeToScriptingClass (7ms)
	initialDomainReloadingComplete (44ms)
	LoadAllAssembliesAndSetupDomain (92ms)
		LoadAssemblies (72ms)
		RebuildTransferFunctionScriptingTraits (0ms)
		AnalyzeDomain (91ms)
			TypeCache.Refresh (90ms)
				TypeCache.ScanAssembly (80ms)
			ScanForSourceGeneratedMonoScriptInfo (0ms)
			ResolveRequiredComponents (0ms)
	FinalizeReload (249ms)
		ReleaseScriptCaches (0ms)
		RebuildScriptCaches (0ms)
		SetupLoadedEditorAssemblies (218ms)
			LogAssemblyErrors (0ms)
			InitializePlatformSupportModulesInManaged (7ms)
			SetLoadedEditorAssemblies (5ms)
			RefreshPlugins (0ms)
			BeforeProcessingInitializeOnLoad (1ms)
			ProcessInitializeOnLoadAttributes (190ms)
			ProcessInitializeOnLoadMethodAttributes (14ms)
			AfterProcessingInitializeOnLoad (0ms)
			EditorAssembliesLoaded (0ms)
		ExecutionOrderSort2 (0ms)
		AwakeInstancesAfterBackupRestoration (0ms)
[Licensing::Client] Successfully send message: {"AuthorizationCheck":"Yq4zMVFdS13h3g==","messageType":"EntitlementDetailsRequest","entitlementIds":["com.unity.editor.legacy.pro","com.unity.editor.watermarks.disable","com.unity.editor.watermarks.prototyping","com.unity.editor.watermarks.edu","com.unity.editor.watermarks.trial","com.unity.editor.time-limited-license","com.unity.editor.cluster","com.unity.editor.unity.compliant","com.unity.editor.watermarks.forcedisable","com.unity.editor.open-harmony.analytics.disabled","com.unity.editor.mini-game.analytics.disabled","com.unity.editor.unity.expiration.2d","com.unity.editor.unity.expiration.7d","com.unity.editor.headless"],"packageEntitlementIds":[],"includeCustomData":false} at 1790139850
[Licensing::Client] Successfully receive message: {"entitlementGroups":[{"entitlementGroupId":"F4-9MP9-ZWAG-QSVY-CHDF-P4PP","entitlementGroupIdHash":"25af702a0ffcfe3cb60897b1e699a94eb8956553","productName":"Unity Personal","productType":"TuanjieEditor","licenseType":"ULF","expiration":1790575447000,"matchedEntitlements":[{"entitlementId":"com.unity.editor.headless","isPackage":false,"count":1},{"entitlementId":"com.unity.editor.unity.expiration.2d","isPackage":false,"count":1},{"entitlementId":"com.unity.editor.watermarks.forcedisable","isPackage":false,"count":1},{"entitlementId":"com.unity.editor.unity.compliant","isPackage":false,"count":1},{"entitlementId":"com.unity.editor.mini-game.analytics.disabled","isPackage":false,"count":1},{"entitlementId":"com.unity.editor.time-limited-license","isPackage":false,"count":1}]}],"responseCode":200,"responseStatus":"Found 1 entitlement groups and 0 free entitlements matching requested entitlement ids","messageType":"EntitlementDetailsResponse","authorizationCheck":"Yq4zMVFdS13h3q5Emuh5EnLxVxF8"} at 1790139850
[Licensing::Client] Attempt to check time stamp (startTime: 1790139850, endTime: 1790139850)
[Licensing::Client] Successfully resolved entitlement details
Application.AssetDatabase Initial Refresh Start
[Licensing::Client] Successfully send message: {"AuthorizationCheck":"Yq4zMVFdS13h3g==","messageType":"EntitlementDetailsRequest","entitlementIds":["com.unity.editor.guid.encryption","com.unity.editor.headless"],"packageEntitlementIds":[],"includeCustomData":false} at 1790139850
[Licensing::Client] Successfully receive message: {"entitlementGroups":[{"entitlementGroupId":"F4-9MP9-ZWAG-QSVY-CHDF-P4PP","entitlementGroupIdHash":"25af702a0ffcfe3cb60897b1e699a94eb8956553","productName":"Unity Personal","productType":"TuanjieEditor","licenseType":"ULF","expiration":1790575447000,"matchedEntitlements":[{"entitlementId":"com.unity.editor.headless","isPackage":false,"count":1},{"entitlementId":"com.unity.editor.guid.encryption","isPackage":false,"count":1}]}],"responseCode":200,"responseStatus":"Found 1 entitlement groups and 0 free entitlements matching requested entitlement ids","messageType":"EntitlementDetailsResponse","authorizationCheck":"Yq4zMVFdS13h3q5Emuh5EnLxVxF8"} at 1790139850
[Licensing::Client] Attempt to check time stamp (startTime: 1790139850, endTime: 1790139850)
[Licensing::Client] Successfully resolved entitlement details
[ScriptCompilation] Requested script compilation because: Assetdatabase observed changes in script compilation related files
Starting: C:\Program Files\Tuanjie\Hub\Editor\2022.3.61t14\Editor\Data\bee_backend.exe --dont-print-to-structured-log --ipc --defer-dag-verification --dagfile="Library/Bee/1900b0aE.dag" --continue-on-failure --profile="Library/Bee/backend1.traceevents" ScriptAssemblies
WorkingDir: D:/game/LoveQiE-without2DToolkit
DisplayProgressbar: Compiling Scripts
ExitCode: 4 Duration: 0s372ms
Rebuilding DAG because FileSignature timestamp changed: Library/Bee/1900b0aE-inputdata.json
[104/110    0s] Csc Library/Bee/artifacts/1900b0aE.dag/Assembly-CSharp.dll (+2 others)
##### CommandLine
"C:\Program Files\Tuanjie\Hub\Editor\2022.3.61t14\Editor\Data\NetCoreRuntime\dotnet.exe" exec "C:/Program Files/Tuanjie/Hub/Editor/2022.3.61t14/Editor/Data/DotNetSdkRoslyn/csc.dll" /nostdlib /noconfig /shared "@Library/Bee/artifacts/1900b0aE.dag/Assembly-CSharp.rsp" "@Library/Bee/artifacts/1900b0aE.dag/Assembly-CSharp.rsp2"
##### Contents of Library\Bee\artifacts\1900b0aE.dag\Assembly-CSharp.rsp
-target:library
-out:"Library/Bee/artifacts/1900b0aE.dag/Assembly-CSharp.dll"
-refout:"Library/Bee/artifacts/1900b0aE.dag/Assembly-CSharp.ref.dll"
-define:UNITY_2022_3_61
-define:UNITY_2022_3
-define:UNITY_2022
-define:TUANJIE_1_6_13
-define:TUANJIE_1_6
-define:TUANJIE_1
-define:UNITY_5_3_OR_NEWER
-define:UNITY_5_4_OR_NEWER
-define:UNITY_5_5_OR_NEWER
-define:UNITY_5_6_OR_NEWER
-define:UNITY_2017_1_OR_NEWER
-define:UNITY_2017_2_OR_NEWER
-define:UNITY_2017_3_OR_NEWER
-define:UNITY_2017_4_OR_NEWER
-define:UNITY_2018_1_OR_NEWER
-define:UNITY_2018_2_OR_NEWER
-define:UNITY_2018_3_OR_NEWER
-define:UNITY_2018_4_OR_NEWER
-define:UNITY_2019_1_OR_NEWER
-define:UNITY_2019_2_OR_NEWER
-define:UNITY_2019_3_OR_NEWER
-define:UNITY_2019_4_OR_NEWER
-define:UNITY_2020_1_OR_NEWER
-define:UNITY_2020_2_OR_NEWER
-define:UNITY_2020_3_OR_NEWER
-define:UNITY_2021_1_OR_NEWER
-define:UNITY_2021_2_OR_NEWER
-define:UNITY_2021_3_OR_NEWER
-define:UNITY_2022_1_OR_NEWER
-define:UNITY_2022_2_OR_NEWER
-define:UNITY_2022_3_OR_NEWER
-define:TUANJIE_2022_3_OR_NEWER
-define:TUANJIE_1_0_OR_NEWER
-define:TUANJIE_1_1_OR_NEWER
-define:TUANJIE_1_2_OR_NEWER
-define:TUANJIE_1_3_OR_NEWER
-define:TUANJIE_1_4_OR_NEWER
-define:TUANJIE_1_5_OR_NEWER
-define:TUANJIE_1_6_OR_NEWER
-define:PLATFORM_ARCH_64
-define:UNITY_64
-define:UNITY_INCLUDE_TESTS
-define:ENABLE_AR
-define:ENABLE_AUDIO
-define:ENABLE_CACHING
-define:ENABLE_CLOTH
-define:ENABLE_EVENT_QUEUE
-define:ENABLE_MICROPHONE
-define:ENABLE_MULTIPLE_DISPLAYS
-define:ENABLE_PHYSICS
-define:ENABLE_TEXTURE_STREAMING
-define:ENABLE_VIRTUALTEXTURING
-define:ENABLE_LZMA
-define:ENABLE_UNITYEVENTS
-define:ENABLE_VR
-define:ENABLE_WEBCAM
-define:ENABLE_UNITYWEBREQUEST
-define:ENABLE_WWW
-define:ENABLE_CLOUD_SERVICES
-define:ENABLE_CLOUD_SERVICES_ADS
-define:ENABLE_CLOUD_SERVICES_USE_WEBREQUEST
-define:ENABLE_CLOUD_SERVICES_CRASH_REPORTING
-define:ENABLE_CLOUD_SERVICES_PURCHASING
-define:ENABLE_CLOUD_SERVICES_ANALYTICS
-define:ENABLE_CLOUD_SERVICES_BUILD
-define:ENABLE_EDITOR_GAME_SERVICES
-define:ENABLE_UNITY_GAME_SERVICES_ANALYTICS_SUPPORT
-define:ENABLE_CLOUD_LICENSE
-define:ENABLE_EDITOR_HUB_LICENSE
-define:ENABLE_WEBSOCKET_CLIENT
-define:ENABLE_GENERATE_NATIVE_PLUGINS_FOR_ASSEMBLIES_API
-define:ENABLE_DIRECTOR_AUDIO
-define:ENABLE_DIRECTOR_TEXTURE
-define:ENABLE_MANAGED_JOBS
-define:ENABLE_MANAGED_TRANSFORM_JOBS
-define:ENABLE_MANAGED_ANIMATION_JOBS
-define:ENABLE_MANAGED_AUDIO_JOBS
-define:ENABLE_MANAGED_UNITYTLS
-define:INCLUDE_DYNAMIC_GI
-define:ENABLE_SCRIPTING_GC_WBARRIERS
-define:PLATFORM_SUPPORTS_MONO
-define:RENDER_SOFTWARE_CURSOR
-define:ENABLE_VIDEO
-define:ENABLE_ACCELERATOR_CLIENT_DEBUGGING
-define:ENABLE_NAVIGATION_PACKAGE_DEBUG_VISUALIZATION
-define:ENABLE_NAVIGATION_HEIGHTMESH_RUNTIME_SUPPORT
-define:ENABLE_NAVIGATION_UI_REQUIRES_PACKAGE
-define:PLATFORM_STANDALONE
-define:TEXTCORE_1_0_OR_NEWER
-define:PLATFORM_STANDALONE_WIN
-define:UNITY_STANDALONE_WIN
-define:UNITY_STANDALONE
-define:UNITY_UGP_API
-define:ENABLE_RUNTIME_GI
-define:ENABLE_MOVIES
-define:ENABLE_NETWORK
-define:ENABLE_NVIDIA
-define:ENABLE_CRUNCH_TEXTURE_COMPRESSION
-define:ENABLE_OUT_OF_PROCESS_CRASH_HANDLER
-define:ENABLE_CLUSTER_SYNC
-define:ENABLE_CLUSTERINPUT
-define:PLATFORM_UPDATES_TIME_OUTSIDE_OF_PLAYER_LOOP
-define:GFXDEVICE_WAITFOREVENT_MESSAGEPUMP
-define:UNITY_GPU_DRIVEN_PIPELINE
-define:PLATFORM_INITIALIZES_MEMORY_MANAGER_EXPLICITLY
-define:ENABLE_MONO
-define:NET_STANDARD_2_0
-define:NET_STANDARD
-define:NET_STANDARD_2_1
-define:NETSTANDARD
-define:NETSTANDARD2_1
-define:ENABLE_PROFILER
-define:DEBUG
-define:TRACE
-define:UNITY_ASSERTIONS
-define:UNITY_EDITOR
-define:UNITY_EDITOR_64
-define:UNITY_EDITOR_WIN
-define:ENABLE_SCRIPTS_ENCRYPTION
-define:ENABLE_UNITY_COLLECTIONS_CHECKS
-define:ENABLE_BURST_AOT
-define:UNITY_TEAM_LICENSE
-define:ENABLE_CUSTOM_RENDER_TEXTURE
-define:ENABLE_DIRECTOR
-define:ENABLE_LOCALIZATION
-define:ENABLE_SPRITES
-define:ENABLE_TERRAIN
-define:ENABLE_TILEMAP
-define:ENABLE_TIMELINE
-define:ENABLE_LEGACY_INPUT_MANAGER
-define:TEXTCORE_FONT_ENGINE_1_5_OR_NEWER
-define:CSHARP_7_OR_LATER
-define:CSHARP_7_3_OR_NEWER
-r:"Assets/DOTween/DOTween.dll"
-r:"Assets/DOTween/DOTween50.dll"
-r:"Assets/Rotorz/Tile System/TileSystem.Runtime.dll"
-r:"C:/Program Files/Tuanjie/Hub/Editor/2022.3.61t14/Editor/Data/Managed/UnityEngine/UnityEditor.CoreModule.dll"
-r:"C:/Program Files/Tuanjie/Hub/Editor/2022.3.61t14/Editor/Data/Managed/UnityEngine/UnityEditor.DeviceSimulatorModule.dll"
-r:"C:/Program Files/Tuanjie/Hub/Editor/2022.3.61t14/Editor/Data/Managed/UnityEngine/UnityEditor.DiagnosticsModule.dll"
-r:"C:/Program Files/Tuanjie/Hub/Editor/2022.3.61t14/Editor/Data/Managed/UnityEngine/UnityEditor.dll"
-r:"C:/Program Files/Tuanjie/Hub/Editor/2022.3.61t14/Editor/Data/Managed/UnityEngine/UnityEditor.EditorToolbarModule.dll"
-r:"C:/Program Files/Tuanjie/Hub/Editor/2022.3.61t14/Editor/Data/Managed/UnityEngine/UnityEditor.GraphViewModule.dll"
-r:"C:/Program Files/Tuanjie/Hub/Editor/2022.3.61t14/Editor/Data/Managed/UnityEngine/UnityEditor.HMISimulatorModule.dll"
-r:"C:/Program Files/Tuanjie/Hub/Editor/2022.3.61t14/Editor/Data/Managed/UnityEngine/UnityEditor.PresetsUIModule.dll"
-r:"C:/Program Files/Tuanjie/Hub/Editor/2022.3.61t14/Editor/Data/Managed/UnityEngine/UnityEditor.QuickSearchModule.dll"
-r:"C:/Program Files/Tuanjie/Hub/Editor/2022.3.61t14/Editor/Data/Managed/UnityEngine/UnityEditor.SceneTemplateModule.dll"
-r:"C:/Program Files/Tuanjie/Hub/Editor/2022.3.61t14/Editor/Data/Managed/UnityEngine/UnityEditor.SceneViewModule.dll"
-r:"C:/Program Files/Tuanjie/Hub/Editor/2022.3.61t14/Editor/Data/Managed/UnityEngine/UnityEditor.TextCoreFontEngineModule.dll"
-r:"C:/Program Files/Tuanjie/Hub/Editor/2022.3.61t14/Editor/Data/Managed/UnityEngine/UnityEditor.TextCoreTextEngineModule.dll"
-r:"C:/Program Files/Tuanjie/Hub/Editor/2022.3.61t14/Editor/Data/Managed/UnityEngine/UnityEditor.UIBuilderModule.dll"
-r:"C:/Program Files/Tuanjie/Hub/Editor/2022.3.61t14/Editor/Data/Managed/UnityEngine/UnityEditor.UIElementsModule.dll"
-r:"C:/Program Files/Tuanjie/Hub/Editor/2022.3.61t14/Editor/Data/Managed/UnityEngine/UnityEditor.UIElementsSamplesModule.dll"
-r:"C:/Program Files/Tuanjie/Hub/Editor/2022.3.61t14/Editor/Data/Managed/UnityEngine/UnityEditor.UnityConnectModule.dll"
-r:"C:/Program Files/Tuanjie/Hub/Editor/2022.3.61t14/Editor/Data/Managed/UnityEngine/UnityEngine.AccessibilityModule.dll"
-r:"C:/Program Files/Tuanjie/Hub/Editor/2022.3.61t14/Editor/Data/Managed/UnityEngine/UnityEngine.AIModule.dll"
-r:"C:/Program Files/Tuanjie/Hub/Editor/2022.3.61t14/Editor/Data/Managed/UnityEngine/UnityEngine.AndroidJNIModule.dll"
-r:"C:/Program Files/Tuanjie/Hub/Editor/2022.3.61t14/Editor/Data/Managed/UnityEngine/UnityEngine.AnimationModule.dll"
-r:"C:/Program Files/Tuanjie/Hub/Editor/2022.3.61t14/Editor/Data/Managed/UnityEngine/UnityEngine.ARModule.dll"
-r:"C:/Program Files/Tuanjie/Hub/Editor/2022.3.61t14/Editor/Data/Managed/UnityEngine/UnityEngine.AssetBundleModule.dll"
-r:"C:/Program Files/Tuanjie/Hub/Editor/2022.3.61t14/Editor/Data/Managed/UnityEngine/UnityEngine.AudioModule.dll"
-r:"C:/Program Files/Tuanjie/Hub/Editor/2022.3.61t14/Editor/Data/Managed/UnityEngine/UnityEngine.ClothModule.dll"
-r:"C:/Program Files/Tuanjie/Hub/Editor/2022.3.61t14/Editor/Data/Managed/UnityEngine/UnityEngine.ClusterInputModule.dll"
-r:"C:/Program Files/Tuanjie/Hub/Editor/2022.3.61t14/Editor/Data/Managed/UnityEngine/UnityEngine.ClusterRendererModule.dll"
-r:"C:/Program Files/Tuanjie/Hub/Editor/2022.3.61t14/Editor/Data/Managed/UnityEngine/UnityEngine.ContentLoadModule.dll"
-r:"C:/Program Files/Tuanjie/Hub/Editor/2022.3.61t14/Editor/Data/Managed/UnityEngine/UnityEngine.CoreModule.dll"
-r:"C:/Program Files/Tuanjie/Hub/Editor/2022.3.61t14/Editor/Data/Managed/UnityEngine/UnityEngine.CrashReportingModule.dll"
-r:"C:/Program Files/Tuanjie/Hub/Editor/2022.3.61t14/Editor/Data/Managed/UnityEngine/UnityEngine.DirectorModule.dll"
-r:"C:/Program Files/Tuanjie/Hub/Editor/2022.3.61t14/Editor/Data/Managed/UnityEngine/UnityEngine.dll"
-r:"C:/Program Files/Tuanjie/Hub/Editor/2022.3.61t14/Editor/Data/Managed/UnityEngine/UnityEngine.DSPGraphModule.dll"
-r:"C:/Program Files/Tuanjie/Hub/Editor/2022.3.61t14/Editor/Data/Managed/UnityEngine/UnityEngine.GameCenterModule.dll"
-r:"C:/Program Files/Tuanjie/Hub/Editor/2022.3.61t14/Editor/Data/Managed/UnityEngine/UnityEngine.GIModule.dll"
-r:"C:/Program Files/Tuanjie/Hub/Editor/2022.3.61t14/Editor/Data/Managed/UnityEngine/UnityEngine.GridModule.dll"
-r:"C:/Program Files/Tuanjie/Hub/Editor/2022.3.61t14/Editor/Data/Managed/UnityEngine/UnityEngine.HotReloadModule.dll"
-r:"C:/Program Files/Tuanjie/Hub/Editor/2022.3.61t14/Editor/Data/Managed/UnityEngine/UnityEngine.ImageConversionModule.dll"
-r:"C:/Program Files/Tuanjie/Hub/Editor/2022.3.61t14/Editor/Data/Managed/UnityEngine/UnityEngine.IMGUIModule.dll"
-r:"C:/Program Files/Tuanjie/Hub/Editor/2022.3.61t14/Editor/Data/Managed/UnityEngine/UnityEngine.InfinityModule.dll"
-r:"C:/Program Files/Tuanjie/Hub/Editor/2022.3.61t14/Editor/Data/Managed/UnityEngine/UnityEngine.InputLegacyModule.dll"
-r:"C:/Program Files/Tuanjie/Hub/Editor/2022.3.61t14/Editor/Data/Managed/UnityEngine/UnityEngine.InputModule.dll"
-r:"C:/Program Files/Tuanjie/Hub/Editor/2022.3.61t14/Editor/Data/Managed/UnityEngine/UnityEngine.JSONSerializeModule.dll"
-r:"C:/Program Files/Tuanjie/Hub/Editor/2022.3.61t14/Editor/Data/Managed/UnityEngine/UnityEngine.LocalizationModule.dll"
-r:"C:/Program Files/Tuanjie/Hub/Editor/2022.3.61t14/Editor/Data/Managed/UnityEngine/UnityEngine.OpenHarmonyJSModule.dll"
-r:"C:/Program Files/Tuanjie/Hub/Editor/2022.3.61t14/Editor/Data/Managed/UnityEngine/UnityEngine.ParticleSystemModule.dll"
-r:"C:/Program Files/Tuanjie/Hub/Editor/2022.3.61t14/Editor/Data/Managed/UnityEngine/UnityEngine.PerformanceReportingModule.dll"
-r:"C:/Program Files/Tuanjie/Hub/Editor/2022.3.61t14/Editor/Data/Managed/UnityEngine/UnityEngine.Physics2DModule.dll"
-r:"C:/Program Files/Tuanjie/Hub/Editor/2022.3.61t14/Editor/Data/Managed/UnityEngine/UnityEngine.PhysicsModule.dll"
-r:"C:/Program Files/Tuanjie/Hub/Editor/2022.3.61t14/Editor/Data/Managed/UnityEngine/UnityEngine.ProfilerModule.dll"
-r:"C:/Program Files/Tuanjie/Hub/Editor/2022.3.61t14/Editor/Data/Managed/UnityEngine/UnityEngine.PropertiesModule.dll"
-r:"C:/Program Files/Tuanjie/Hub/Editor/2022.3.61t14/Editor/Data/Managed/UnityEngine/UnityEngine.RuntimeInitializeOnLoadManagerInitializerModule.dll"
-r:"C:/Program Files/Tuanjie/Hub/Editor/2022.3.61t14/Editor/Data/Managed/UnityEngine/UnityEngine.ScreenCaptureModule.dll"
-r:"C:/Program Files/Tuanjie/Hub/Editor/2022.3.61t14/Editor/Data/Managed/UnityEngine/UnityEngine.SharedInternalsModule.dll"
-r:"C:/Program Files/Tuanjie/Hub/Editor/2022.3.61t14/Editor/Data/Managed/UnityEngine/UnityEngine.SpriteMaskModule.dll"
-r:"C:/Program Files/Tuanjie/Hub/Editor/2022.3.61t14/Editor/Data/Managed/UnityEngine/UnityEngine.SpriteShapeModule.dll"
-r:"C:/Program Files/Tuanjie/Hub/Editor/2022.3.61t14/Editor/Data/Managed/UnityEngine/UnityEngine.StreamingModule.dll"
-r:"C:/Program Files/Tuanjie/Hub/Editor/2022.3.61t14/Editor/Data/Managed/UnityEngine/UnityEngine.SubstanceModule.dll"
-r:"C:/Program Files/Tuanjie/Hub/Editor/2022.3.61t14/Editor/Data/Managed/UnityEngine/UnityEngine.SubsystemsModule.dll"
-r:"C:/Program Files/Tuanjie/Hub/Editor/2022.3.61t14/Editor/Data/Managed/UnityEngine/UnityEngine.TerrainModule.dll"
-r:"C:/Program Files/Tuanjie/Hub/Editor/2022.3.61t14/Editor/Data/Managed/UnityEngine/UnityEngine.TerrainPhysicsModule.dll"
-r:"C:/Program Files/Tuanjie/Hub/Editor/2022.3.61t14/Editor/Data/Managed/UnityEngine/UnityEngine.TextCoreFontEngineModule.dll"
-r:"C:/Program Files/Tuanjie/Hub/Editor/2022.3.61t14/Editor/Data/Managed/UnityEngine/UnityEngine.TextCoreTextEngineModule.dll"
-r:"C:/Program Files/Tuanjie/Hub/Editor/2022.3.61t14/Editor/Data/Managed/UnityEngine/UnityEngine.TextRenderingModule.dll"
-r:"C:/Program Files/Tuanjie/Hub/Editor/2022.3.61t14/Editor/Data/Managed/UnityEngine/UnityEngine.TilemapModule.dll"
-r:"C:/Program Files/Tuanjie/Hub/Editor/2022.3.61t14/Editor/Data/Managed/UnityEngine/UnityEngine.TLSModule.dll"
-r:"C:/Program Files/Tuanjie/Hub/Editor/2022.3.61t14/Editor/Data/Managed/UnityEngine/UnityEngine.UIElementsModule.dll"
-r:"C:/Program Files/Tuanjie/Hub/Editor/2022.3.61t14/Editor/Data/Managed/UnityEngine/UnityEngine.UIModule.dll"
-r:"C:/Program Files/Tuanjie/Hub/Editor/2022.3.61t14/Editor/Data/Managed/UnityEngine/UnityEngine.UnityAnalyticsCommonModule.dll"
-r:"C:/Program Files/Tuanjie/Hub/Editor/2022.3.61t14/Editor/Data/Managed/UnityEngine/UnityEngine.UnityAnalyticsModule.dll"
-r:"C:/Program Files/Tuanjie/Hub/Editor/2022.3.61t14/Editor/Data/Managed/UnityEngine/UnityEngine.UnityConnectModule.dll"
-r:"C:/Program Files/Tuanjie/Hub/Editor/2022.3.61t14/Editor/Data/Managed/UnityEngine/UnityEngine.UnityCurlModule.dll"
-r:"C:/Program Files/Tuanjie/Hub/Editor/2022.3.61t14/Editor/Data/Managed/UnityEngine/UnityEngine.UnityTestProtocolModule.dll"
-r:"C:/Program Files/Tuanjie/Hub/Editor/2022.3.61t14/Editor/Data/Managed/UnityEngine/UnityEngine.UnityWebRequestAssetBundleModule.dll"
-r:"C:/Program Files/Tuanjie/Hub/Editor/2022.3.61t14/Editor/Data/Managed/UnityEngine/UnityEngine.UnityWebRequestAudioModule.dll"
-r:"C:/Program Files/Tuanjie/Hub/Editor/2022.3.61t14/Editor/Data/Managed/UnityEngine/UnityEngine.UnityWebRequestModule.dll"
-r:"C:/Program Files/Tuanjie/Hub/Editor/2022.3.61t14/Editor/Data/Managed/UnityEngine/UnityEngine.UnityWebRequestTextureModule.dll"
-r:"C:/Program Files/Tuanjie/Hub/Editor/2022.3.61t14/Editor/Data/Managed/UnityEngine/UnityEngine.UnityWebRequestWWWModule.dll"
-r:"C:/Program Files/Tuanjie/Hub/Editor/2022.3.61t14/Editor/Data/Managed/UnityEngine/UnityEngine.VehiclesModule.dll"
-r:"C:/Program Files/Tuanjie/Hub/Editor/2022.3.61t14/Editor/Data/Managed/UnityEngine/UnityEngine.VFXModule.dll"
-r:"C:/Program Files/Tuanjie/Hub/Editor/2022.3.61t14/Editor/Data/Managed/UnityEngine/UnityEngine.VideoModule.dll"
-r:"C:/Program Files/Tuanjie/Hub/Editor/2022.3.61t14/Editor/Data/Managed/UnityEngine/UnityEngine.VirtualTexturingModule.dll"
-r:"C:/Program Files/Tuanjie/Hub/Editor/2022.3.61t14/Editor/Data/Managed/UnityEngine/UnityEngine.VRModule.dll"
-r:"C:/Program Files/Tuanjie/Hub/Editor/2022.3.61t14/Editor/Data/Managed/UnityEngine/UnityEngine.WindModule.dll"
-r:"C:/Program Files/Tuanjie/Hub/Editor/2022.3.61t14/Editor/Data/Managed/UnityEngine/UnityEngine.XRModule.dll"
-r:"C:/Program Files/Tuanjie/Hub/Editor/2022.3.61t14/Editor/Data/NetStandard/compat/2.1.0/shims/netfx/mscorlib.dll"
-r:"C:/Program Files/Tuanjie/Hub/Editor/2022.3.61t14/Editor/Data/NetStandard/compat/2.1.0/shims/netfx/System.ComponentModel.Composition.dll"
-r:"C:/Program Files/Tuanjie/Hub/Editor/2022.3.61t14/Editor/Data/NetStandard/compat/2.1.0/shims/netfx/System.Core.dll"
-r:"C:/Program Files/Tuanjie/Hub/Editor/2022.3.61t14/Editor/Data/NetStandard/compat/2.1.0/shims/netfx/System.Data.dll"
-r:"C:/Program Files/Tuanjie/Hub/Editor/2022.3.61t14/Editor/Data/NetStandard/compat/2.1.0/shims/netfx/System.dll"
-r:"C:/Program Files/Tuanjie/Hub/Editor/2022.3.61t14/Editor/Data/NetStandard/compat/2.1.0/shims/netfx/System.Drawing.dll"
-r:"C:/Program Files/Tuanjie/Hub/Editor/2022.3.61t14/Editor/Data/NetStandard/compat/2.1.0/shims/netfx/System.IO.Compression.FileSystem.dll"
-r:"C:/Program Files/Tuanjie/Hub/Editor/2022.3.61t14/Editor/Data/NetStandard/compat/2.1.0/shims/netfx/System.Net.dll"
-r:"C:/Program Files/Tuanjie/Hub/Editor/2022.3.61t14/Editor/Data/NetStandard/compat/2.1.0/shims/netfx/System.Numerics.dll"
-r:"C:/Program Files/Tuanjie/Hub/Editor/2022.3.61t14/Editor/Data/NetStandard/compat/2.1.0/shims/netfx/System.Runtime.Serialization.dll"
-r:"C:/Program Files/Tuanjie/Hub/Editor/2022.3.61t14/Editor/Data/NetStandard/compat/2.1.0/shims/netfx/System.ServiceModel.Web.dll"
-r:"C:/Program Files/Tuanjie/Hub/Editor/2022.3.61t14/Editor/Data/NetStandard/compat/2.1.0/shims/netfx/System.Transactions.dll"
-r:"C:/Program Files/Tuanjie/Hub/Editor/2022.3.61t14/Editor/Data/NetStandard/compat/2.1.0/shims/netfx/System.Web.dll"
-r:"C:/Program Files/Tuanjie/Hub/Editor/2022.3.61t14/Editor/Data/NetStandard/compat/2.1.0/shims/netfx/System.Windows.dll"
-r:"C:/Program Files/Tuanjie/Hub/Editor/2022.3.61t14/Editor/Data/NetStandard/compat/2.1.0/shims/netfx/System.Xml.dll"
-r:"C:/Program Files/Tuanjie/Hub/Editor/2022.3.61t14/Editor/Data/NetStandard/compat/2.1.0/shims/netfx/System.Xml.Linq.dll"
-r:"C:/Program Files/Tuanjie/Hub/Editor/2022.3.61t14/Editor/Data/NetStandard/compat/2.1.0/shims/netfx/System.Xml.Serialization.dll"
-r:"C:/Program Files/Tuanjie/Hub/Editor/2022.3.61t14/Editor/Data/NetStandard/compat/2.1.0/shims/netstandard/Microsoft.Win32.Primitives.dll"
-r:"C:/Program Files/Tuanjie/Hub/Editor/2022.3.61t14/Editor/Data/NetStandard/compat/2.1.0/shims/netstandard/System.AppContext.dll"
-r:"C:/Program Files/Tuanjie/Hub/Editor/2022.3.61t14/Editor/Data/NetStandard/compat/2.1.0/shims/netstandard/System.Buffers.dll"
-r:"C:/Program Files/Tuanjie/Hub/Editor/2022.3.61t14/Editor/Data/NetStandard/compat/2.1.0/shims/netstandard/System.Collections.Concurrent.dll"
-r:"C:/Program Files/Tuanjie/Hub/Editor/2022.3.61t14/Editor/Data/NetStandard/compat/2.1.0/shims/netstandard/System.Collections.dll"
-r:"C:/Program Files/Tuanjie/Hub/Editor/2022.3.61t14/Editor/Data/NetStandard/compat/2.1.0/shims/netstandard/System.Collections.NonGeneric.dll"
-r:"C:/Program Files/Tuanjie/Hub/Editor/2022.3.61t14/Editor/Data/NetStandard/compat/2.1.0/shims/netstandard/System.Collections.Specialized.dll"
-r:"C:/Program Files/Tuanjie/Hub/Editor/2022.3.61t14/Editor/Data/NetStandard/compat/2.1.0/shims/netstandard/System.ComponentModel.dll"
-r:"C:/Program Files/Tuanjie/Hub/Editor/2022.3.61t14/Editor/Data/NetStandard/compat/2.1.0/shims/netstandard/System.ComponentModel.EventBasedAsync.dll"
-r:"C:/Program Files/Tuanjie/Hub/Editor/2022.3.61t14/Editor/Data/NetStandard/compat/2.1.0/shims/netstandard/System.ComponentModel.Primitives.dll"
-r:"C:/Program Files/Tuanjie/Hub/Editor/2022.3.61t14/Editor/Data/NetStandard/compat/2.1.0/shims/netstandard/System.ComponentModel.TypeConverter.dll"
-r:"C:/Program Files/Tuanjie/Hub/Editor/2022.3.61t14/Editor/Data/NetStandard/compat/2.1.0/shims/netstandard/System.Console.dll"
-r:"C:/Program Files/Tuanjie/Hub/Editor/2022.3.61t14/Editor/Data/NetStandard/compat/2.1.0/shims/netstandard/System.Data.Common.dll"
-r:"C:/Program Files/Tuanjie/Hub/Editor/2022.3.61t14/Editor/Data/NetStandard/compat/2.1.0/shims/netstandard/System.Diagnostics.Contracts.dll"
-r:"C:/Program Files/Tuanjie/Hub/Editor/2022.3.61t14/Editor/Data/NetStandard/compat/2.1.0/shims/netstandard/System.Diagnostics.Debug.dll"
-r:"C:/Program Files/Tuanjie/Hub/Editor/2022.3.61t14/Editor/Data/NetStandard/compat/2.1.0/shims/netstandard/System.Diagnostics.FileVersionInfo.dll"
-r:"C:/Program Files/Tuanjie/Hub/Editor/2022.3.61t14/Editor/Data/NetStandard/compat/2.1.0/shims/netstandard/System.Diagnostics.Process.dll"
-r:"C:/Program Files/Tuanjie/Hub/Editor/2022.3.61t14/Editor/Data/NetStandard/compat/2.1.0/shims/netstandard/System.Diagnostics.StackTrace.dll"
-r:"C:/Program Files/Tuanjie/Hub/Editor/2022.3.61t14/Editor/Data/NetStandard/compat/2.1.0/shims/netstandard/System.Diagnostics.TextWriterTraceListener.dll"
-r:"C:/Program Files/Tuanjie/Hub/Editor/2022.3.61t14/Editor/Data/NetStandard/compat/2.1.0/shims/netstandard/System.Diagnostics.Tools.dll"
-r:"C:/Program Files/Tuanjie/Hub/Editor/2022.3.61t14/Editor/Data/NetStandard/compat/2.1.0/shims/netstandard/System.Diagnostics.TraceSource.dll"
-r:"C:/Program Files/Tuanjie/Hub/Editor/2022.3.61t14/Editor/Data/NetStandard/compat/2.1.0/shims/netstandard/System.Diagnostics.Tracing.dll"
-r:"C:/Program Files/Tuanjie/Hub/Editor/2022.3.61t14/Editor/Data/NetStandard/compat/2.1.0/shims/netstandard/System.Drawing.Primitives.dll"
-r:"C:/Program Files/Tuanjie/Hub/Editor/2022.3.61t14/Editor/Data/NetStandard/compat/2.1.0/shims/netstandard/System.Dynamic.Runtime.dll"
-r:"C:/Program Files/Tuanjie/Hub/Editor/2022.3.61t14/Editor/Data/NetStandard/compat/2.1.0/shims/netstandard/System.Globalization.Calendars.dll"
-r:"C:/Program Files/Tuanjie/Hub/Editor/2022.3.61t14/Editor/Data/NetStandard/compat/2.1.0/shims/netstandard/System.Globalization.dll"
-r:"C:/Program Files/Tuanjie/Hub/Editor/2022.3.61t14/Editor/Data/NetStandard/compat/2.1.0/shims/netstandard/System.Globalization.Extensions.dll"
-r:"C:/Program Files/Tuanjie/Hub/Editor/2022.3.61t14/Editor/Data/NetStandard/compat/2.1.0/shims/netstandard/System.IO.Compression.dll"
-r:"C:/Program Files/Tuanjie/Hub/Editor/2022.3.61t14/Editor/Data/NetStandard/compat/2.1.0/shims/netstandard/System.IO.Compression.ZipFile.dll"
-r:"C:/Program Files/Tuanjie/Hub/Editor/2022.3.61t14/Editor/Data/NetStandard/compat/2.1.0/shims/netstandard/System.IO.dll"
-r:"C:/Program Files/Tuanjie/Hub/Editor/2022.3.61t14/Editor/Data/NetStandard/compat/2.1.0/shims/netstandard/System.IO.FileSystem.dll"
-r:"C:/Program Files/Tuanjie/Hub/Editor/2022.3.61t14/Editor/Data/NetStandard/compat/2.1.0/shims/netstandard/System.IO.FileSystem.DriveInfo.dll"
-r:"C:/Program Files/Tuanjie/Hub/Editor/2022.3.61t14/Editor/Data/NetStandard/compat/2.1.0/shims/netstandard/System.IO.FileSystem.Primitives.dll"
-r:"C:/Program Files/Tuanjie/Hub/Editor/2022.3.61t14/Editor/Data/NetStandard/compat/2.1.0/shims/netstandard/System.IO.FileSystem.Watcher.dll"
-r:"C:/Program Files/Tuanjie/Hub/Editor/2022.3.61t14/Editor/Data/NetStandard/compat/2.1.0/shims/netstandard/System.IO.IsolatedStorage.dll"
-r:"C:/Program Files/Tuanjie/Hub/Editor/2022.3.61t14/Editor/Data/NetStandard/compat/2.1.0/shims/netstandard/System.IO.MemoryMappedFiles.dll"
-r:"C:/Program Files/Tuanjie/Hub/Editor/2022.3.61t14/Editor/Data/NetStandard/compat/2.1.0/shims/netstandard/System.IO.Pipes.dll"
-r:"C:/Program Files/Tuanjie/Hub/Editor/2022.3.61t14/Editor/Data/NetStandard/compat/2.1.0/shims/netstandard/System.IO.UnmanagedMemoryStream.dll"
-r:"C:/Program Files/Tuanjie/Hub/Editor/2022.3.61t14/Editor/Data/NetStandard/compat/2.1.0/shims/netstandard/System.Linq.dll"
-r:"C:/Program Files/Tuanjie/Hub/Editor/2022.3.61t14/Editor/Data/NetStandard/compat/2.1.0/shims/netstandard/System.Linq.Expressions.dll"
-r:"C:/Program Files/Tuanjie/Hub/Editor/2022.3.61t14/Editor/Data/NetStandard/compat/2.1.0/shims/netstandard/System.Linq.Parallel.dll"
-r:"C:/Program Files/Tuanjie/Hub/Editor/2022.3.61t14/Editor/Data/NetStandard/compat/2.1.0/shims/netstandard/System.Linq.Queryable.dll"
-r:"C:/Program Files/Tuanjie/Hub/Editor/2022.3.61t14/Editor/Data/NetStandard/compat/2.1.0/shims/netstandard/System.Memory.dll"
-r:"C:/Program Files/Tuanjie/Hub/Editor/2022.3.61t14/Editor/Data/NetStandard/compat/2.1.0/shims/netstandard/System.Net.Http.dll"
-r:"C:/Program Files/Tuanjie/Hub/Editor/2022.3.61t14/Editor/Data/NetStandard/compat/2.1.0/shims/netstandard/System.Net.NameResolution.dll"
-r:"C:/Program Files/Tuanjie/Hub/Editor/2022.3.61t14/Editor/Data/NetStandard/compat/2.1.0/shims/netstandard/System.Net.NetworkInformation.dll"
-r:"C:/Program Files/Tuanjie/Hub/Editor/2022.3.61t14/Editor/Data/NetStandard/compat/2.1.0/shims/netstandard/System.Net.Ping.dll"
-r:"C:/Program Files/Tuanjie/Hub/Editor/2022.3.61t14/Editor/Data/NetStandard/compat/2.1.0/shims/netstandard/System.Net.Primitives.dll"
-r:"C:/Program Files/Tuanjie/Hub/Editor/2022.3.61t14/Editor/Data/NetStandard/compat/2.1.0/shims/netstandard/System.Net.Requests.dll"
-r:"C:/Program Files/Tuanjie/Hub/Editor/2022.3.61t14/Editor/Data/NetStandard/compat/2.1.0/shims/netstandard/System.Net.Security.dll"
-r:"C:/Program Files/Tuanjie/Hub/Editor/2022.3.61t14/Editor/Data/NetStandard/compat/2.1.0/shims/netstandard/System.Net.Sockets.dll"
-r:"C:/Program Files/Tuanjie/Hub/Editor/2022.3.61t14/Editor/Data/NetStandard/compat/2.1.0/shims/netstandard/System.Net.WebHeaderCollection.dll"
-r:"C:/Program Files/Tuanjie/Hub/Editor/2022.3.61t14/Editor/Data/NetStandard/compat/2.1.0/shims/netstandard/System.Net.WebSockets.Client.dll"
-r:"C:/Program Files/Tuanjie/Hub/Editor/2022.3.61t14/Editor/Data/NetStandard/compat/2.1.0/shims/netstandard/System.Net.WebSockets.dll"
-r:"C:/Program Files/Tuanjie/Hub/Editor/2022.3.61t14/Editor/Data/NetStandard/compat/2.1.0/shims/netstandard/System.Numerics.Vectors.dll"
-r:"C:/Program Files/Tuanjie/Hub/Editor/2022.3.61t14/Editor/Data/NetStandard/compat/2.1.0/shims/netstandard/System.ObjectModel.dll"
-r:"C:/Program Files/Tuanjie/Hub/Editor/2022.3.61t14/Editor/Data/NetStandard/compat/2.1.0/shims/netstandard/System.Reflection.DispatchProxy.dll"
-r:"C:/Program Files/Tuanjie/Hub/Editor/2022.3.61t14/Editor/Data/NetStandard/compat/2.1.0/shims/netstandard/System.Reflection.dll"
-r:"C:/Program Files/Tuanjie/Hub/Editor/2022.3.61t14/Editor/Data/NetStandard/compat/2.1.0/shims/netstandard/System.Reflection.Emit.dll"
-r:"C:/Program Files/Tuanjie/Hub/Editor/2022.3.61t14/Editor/Data/NetStandard/compat/2.1.0/shims/netstandard/System.Reflection.Emit.ILGeneration.dll"
-r:"C:/Program Files/Tuanjie/Hub/Editor/2022.3.61t14/Editor/Data/NetStandard/compat/2.1.0/shims/netstandard/System.Reflection.Emit.Lightweight.dll"
-r:"C:/Program Files/Tuanjie/Hub/Editor/2022.3.61t14/Editor/Data/NetStandard/compat/2.1.0/shims/netstandard/System.Reflection.Extensions.dll"
-r:"C:/Program Files/Tuanjie/Hub/Editor/2022.3.61t14/Editor/Data/NetStandard/compat/2.1.0/shims/netstandard/System.Reflection.Primitives.dll"
-r:"C:/Program Files/Tuanjie/Hub/Editor/2022.3.61t14/Editor/Data/NetStandard/compat/2.1.0/shims/netstandard/System.Resources.Reader.dll"
-r:"C:/Program Files/Tuanjie/Hub/Editor/2022.3.61t14/Editor/Data/NetStandard/compat/2.1.0/shims/netstandard/System.Resources.ResourceManager.dll"
-r:"C:/Program Files/Tuanjie/Hub/Editor/2022.3.61t14/Editor/Data/NetStandard/compat/2.1.0/shims/netstandard/System.Resources.Writer.dll"
-r:"C:/Program Files/Tuanjie/Hub/Editor/2022.3.61t14/Editor/Data/NetStandard/compat/2.1.0/shims/netstandard/System.Runtime.CompilerServices.VisualC.dll"
-r:"C:/Program Files/Tuanjie/Hub/Editor/2022.3.61t14/Editor/Data/NetStandard/compat/2.1.0/shims/netstandard/System.Runtime.dll"
-r:"C:/Program Files/Tuanjie/Hub/Editor/2022.3.61t14/Editor/Data/NetStandard/compat/2.1.0/shims/netstandard/System.Runtime.Extensions.dll"
-r:"C:/Program Files/Tuanjie/Hub/Editor/2022.3.61t14/Editor/Data/NetStandard/compat/2.1.0/shims/netstandard/System.Runtime.Handles.dll"
-r:"C:/Program Files/Tuanjie/Hub/Editor/2022.3.61t14/Editor/Data/NetStandard/compat/2.1.0/shims/netstandard/System.Runtime.InteropServices.dll"
-r:"C:/Program Files/Tuanjie/Hub/Editor/2022.3.61t14/Editor/Data/NetStandard/compat/2.1.0/shims/netstandard/System.Runtime.InteropServices.RuntimeInformation.dll"
-r:"C:/Program Files/Tuanjie/Hub/Editor/2022.3.61t14/Editor/Data/NetStandard/compat/2.1.0/shims/netstandard/System.Runtime.Numerics.dll"
-r:"C:/Program Files/Tuanjie/Hub/Editor/2022.3.61t14/Editor/Data/NetStandard/compat/2.1.0/shims/netstandard/System.Runtime.Serialization.Formatters.dll"
-r:"C:/Program Files/Tuanjie/Hub/Editor/2022.3.61t14/Editor/Data/NetStandard/compat/2.1.0/shims/netstandard/System.Runtime.Serialization.Json.dll"
-r:"C:/Program Files/Tuanjie/Hub/Editor/2022.3.61t14/Editor/Data/NetStandard/compat/2.1.0/shims/netstandard/System.Runtime.Serialization.Primitives.dll"
-r:"C:/Program Files/Tuanjie/Hub/Editor/2022.3.61t14/Editor/Data/NetStandard/compat/2.1.0/shims/netstandard/System.Runtime.Serialization.Xml.dll"
-r:"C:/Program Files/Tuanjie/Hub/Editor/2022.3.61t14/Editor/Data/NetStandard/compat/2.1.0/shims/netstandard/System.Security.Claims.dll"
-r:"C:/Program Files/Tuanjie/Hub/Editor/2022.3.61t14/Editor/Data/NetStandard/compat/2.1.0/shims/netstandard/System.Security.Cryptography.Algorithms.dll"
-r:"C:/Program Files/Tuanjie/Hub/Editor/2022.3.61t14/Editor/Data/NetStandard/compat/2.1.0/shims/netstandard/System.Security.Cryptography.Csp.dll"
-r:"C:/Program Files/Tuanjie/Hub/Editor/2022.3.61t14/Editor/Data/NetStandard/compat/2.1.0/shims/netstandard/System.Security.Cryptography.Encoding.dll"
-r:"C:/Program Files/Tuanjie/Hub/Editor/2022.3.61t14/Editor/Data/NetStandard/compat/2.1.0/shims/netstandard/System.Security.Cryptography.Primitives.dll"
-r:"C:/Program Files/Tuanjie/Hub/Editor/2022.3.61t14/Editor/Data/NetStandard/compat/2.1.0/shims/netstandard/System.Security.Cryptography.X509Certificates.dll"
-r:"C:/Program Files/Tuanjie/Hub/Editor/2022.3.61t14/Editor/Data/NetStandard/compat/2.1.0/shims/netstandard/System.Security.Principal.dll"
-r:"C:/Program Files/Tuanjie/Hub/Editor/2022.3.61t14/Editor/Data/NetStandard/compat/2.1.0/shims/netstandard/System.Security.SecureString.dll"
-r:"C:/Program Files/Tuanjie/Hub/Editor/2022.3.61t14/Editor/Data/NetStandard/compat/2.1.0/shims/netstandard/System.Text.Encoding.dll"
-r:"C:/Program Files/Tuanjie/Hub/Editor/2022.3.61t14/Editor/Data/NetStandard/compat/2.1.0/shims/netstandard/System.Text.Encoding.Extensions.dll"
-r:"C:/Program Files/Tuanjie/Hub/Editor/2022.3.61t14/Editor/Data/NetStandard/compat/2.1.0/shims/netstandard/System.Text.RegularExpressions.dll"
-r:"C:/Program Files/Tuanjie/Hub/Editor/2022.3.61t14/Editor/Data/NetStandard/compat/2.1.0/shims/netstandard/System.Threading.dll"
-r:"C:/Program Files/Tuanjie/Hub/Editor/2022.3.61t14/Editor/Data/NetStandard/compat/2.1.0/shims/netstandard/System.Threading.Overlapped.dll"
-r:"C:/Program Files/Tuanjie/Hub/Editor/2022.3.61t14/Editor/Data/NetStandard/compat/2.1.0/shims/netstandard/System.Threading.Tasks.dll"
-r:"C:/Program Files/Tuanjie/Hub/Editor/2022.3.61t14/Editor/Data/NetStandard/compat/2.1.0/shims/netstandard/System.Threading.Tasks.Extensions.dll"
-r:"C:/Program Files/Tuanjie/Hub/Editor/2022.3.61t14/Editor/Data/NetStandard/compat/2.1.0/shims/netstandard/System.Threading.Tasks.Parallel.dll"
-r:"C:/Program Files/Tuanjie/Hub/Editor/2022.3.61t14/Editor/Data/NetStandard/compat/2.1.0/shims/netstandard/System.Threading.Thread.dll"
-r:"C:/Program Files/Tuanjie/Hub/Editor/2022.3.61t14/Editor/Data/NetStandard/compat/2.1.0/shims/netstandard/System.Threading.ThreadPool.dll"
-r:"C:/Program Files/Tuanjie/Hub/Editor/2022.3.61t14/Editor/Data/NetStandard/compat/2.1.0/shims/netstandard/System.Threading.Timer.dll"
-r:"C:/Program Files/Tuanjie/Hub/Editor/2022.3.61t14/Editor/Data/NetStandard/compat/2.1.0/shims/netstandard/System.ValueTuple.dll"
-r:"C:/Program Files/Tuanjie/Hub/Editor/2022.3.61t14/Editor/Data/NetStandard/compat/2.1.0/shims/netstandard/System.Xml.ReaderWriter.dll"
-r:"C:/Program Files/Tuanjie/Hub/Editor/2022.3.61t14/Editor/Data/NetStandard/compat/2.1.0/shims/netstandard/System.Xml.XDocument.dll"
-r:"C:/Program Files/Tuanjie/Hub/Editor/2022.3.61t14/Editor/Data/NetStandard/compat/2.1.0/shims/netstandard/System.Xml.XmlDocument.dll"
-r:"C:/Program Files/Tuanjie/Hub/Editor/2022.3.61t14/Editor/Data/NetStandard/compat/2.1.0/shims/netstandard/System.Xml.XmlSerializer.dll"
-r:"C:/Program Files/Tuanjie/Hub/Editor/2022.3.61t14/Editor/Data/NetStandard/compat/2.1.0/shims/netstandard/System.Xml.XPath.dll"
-r:"C:/Program Files/Tuanjie/Hub/Editor/2022.3.61t14/Editor/Data/NetStandard/compat/2.1.0/shims/netstandard/System.Xml.XPath.XDocument.dll"
-r:"C:/Program Files/Tuanjie/Hub/Editor/2022.3.61t14/Editor/Data/NetStandard/Extensions/2.0.0/System.Runtime.InteropServices.WindowsRuntime.dll"
-r:"C:/Program Files/Tuanjie/Hub/Editor/2022.3.61t14/Editor/Data/NetStandard/ref/2.1.0/netstandard.dll"
-analyzer:"C:/Program Files/Tuanjie/Hub/Editor/2022.3.61t14/Editor/Data/Tools/Unity.SourceGenerators/Unity.Properties.SourceGenerator.dll"
-analyzer:"C:/Program Files/Tuanjie/Hub/Editor/2022.3.61t14/Editor/Data/Tools/Unity.SourceGenerators/Unity.SourceGenerators.dll"
"Assets/_Scripts/Manager/CharactorManager.cs"
"Assets/_Scripts/Manager/GameManager.cs"
"Assets/_Scripts/Manager/TileManager.cs"
"Assets/_Scripts/Utils/BreathIt.cs"
"Assets/_Scripts/Utils/Camera2D.cs"
-langversion:9.0
/deterministic
/optimize+
/debug:portable
/nologo
/RuntimeMetadataVersion:v4.0.30319
/nowarn:0169
/nowarn:0649
/nowarn:0282
/nowarn:1701
/nowarn:1702
/utf8output
/preferreduilang:en-US
/additionalfile:"Library/Bee/artifacts/1900b0aE.dag/Assembly-CSharp.UnityAdditionalFile.txt"
##### Custom Environment Variables
DOTNET_MULTILEVEL_LOOKUP=0
##### ExitCode
1
##### Output
error CS0006: Metadata file 'Assets/DOTween/DOTween.dll' could not be found

error CS0006: Metadata file 'Assets/DOTween/DOTween50.dll' could not be found

error CS0006: Metadata file 'Assets/Rotorz/Tile System/TileSystem.Runtime.dll' could not be found
*** Tundra requires additional run (0.34 seconds), 1 items updated, 103 evaluated
Starting: C:\Program Files\Tuanjie\Hub\Editor\2022.3.61t14\Editor\Data\Tools\netcorerun\netcorerun.exe "C:\Program Files\Tuanjie\Hub\Editor\2022.3.61t14\Editor\Data\Tools\BuildPipeline\ScriptCompilationBuildProgram.exe" "Library/Bee/1900b0aE.dag.json" "Library/Bee/1900b0aE-inputdata.json" "Library\Bee\buildprogram0.traceevents"
WorkingDir: D:/game/LoveQiE-without2DToolkit
ExitCode: 0 Duration: 0s175ms
Starting: C:\Program Files\Tuanjie\Hub\Editor\2022.3.61t14\Editor\Data\bee_backend.exe --dont-print-to-structured-log --ipc --defer-dag-verification --dagfile="Library/Bee/1900b0aE.dag" --continue-on-failure --dagfilejson="Library\Bee\1900b0aE.dag.json" --profile="Library/Bee/backend2.traceevents" ScriptAssemblies
WorkingDir: D:/game/LoveQiE-without2DToolkit
ExitCode: 0 Duration: 0s713ms
Finished compiling graph: 113 nodes, 415 flattened edges (405 ToBuild, 4 ToUse), maximum node priority 18
[102/110    0s] WriteText Library/Bee/artifacts/1900b0aE.dag/Assembly-CSharp-Editor.rsp
[103/110    0s] WriteText Library/Bee/artifacts/1900b0aE.dag/Assembly-CSharp.rsp
[104/110    0s] Csc Library/Bee/artifacts/1900b0aE.dag/Assembly-CSharp.dll (+2 others)
[105/110    0s] CopyFiles Library/ScriptAssemblies/Assembly-CSharp.dll
[106/110    0s] CopyFiles Library/ScriptAssemblies/Assembly-CSharp.pdb
[107/110    0s] Csc Library/Bee/artifacts/1900b0aE.dag/Assembly-CSharp-Editor.dll (+2 others)
[108/110    0s] CopyFiles Library/ScriptAssemblies/Assembly-CSharp-Editor.dll
[109/110    0s] CopyFiles Library/ScriptAssemblies/Assembly-CSharp-Editor.pdb
*** Tundra build success (0.69 seconds), 8 items updated, 110 evaluated
AssetDatabase: script compilation time: 1.578093s
Begin MonoManager ReloadAssembly
- Loaded All Assemblies, in  0.219 seconds
Refreshing native plugins compatible for Editor in 0.34 ms, found 0 plugins.
Preloading 0 native plugins for Editor in 0.00 ms.
Start importing Assets/Editor using Guid(29e881f66e4674f4dab3e026a03dae0b) Importer(Primary)  -> (artifact id: 'f57ff26495908d76813adf080b0cbc6d') in 0.009145 seconds
Start importing Assets/NativeTiles using Guid(d9a0b1eb1ff829c4fa523c201bbce1a4) Importer(Primary)  -> (artifact id: 'dc677a34038125599683b76de87bafd0') in 0.001329 seconds
Start importing Assets/Editor/NativeTilemapMigration using Guid(91417ccd79ef36f42a0e517580902d9b) Importer(Primary)  -> (artifact id: 'e45dc4744a0cb8e716c6731f84e2c938') in 0.001226 seconds
Start importing Assets/_Scripts/Maps using Guid(2b0d05ae3adfa8b4d85b48713c4f6069) Importer(Primary)  -> (artifact id: '5f16ef4386d1c64c514a31b8ff52d364') in 0.001466 seconds
Start importing Assets/NativeTiles/Textures using Guid(8b3de7b8540542646ab42bed20e5886e) Importer(Primary)  -> (artifact id: '9628217042a6da506ee2eb7823ad9ea1') in 0.001244 seconds
Start importing Assets/_Scripts/Utils/Camera2D.cs using Guid(f348ca39852106b4e9e44f21b4e942ce) Importer(Primary)  -> (artifact id: '242413ad87fa63ea87a7405bfa097bdf') in 0.001788 seconds
Start importing Assets/_Scripts/Utils/MapCameraFit.cs using Guid(b8ac8c8ea355295489c982ca902c2461) Importer(Primary)  -> (artifact id: '02264621f50dc2544ddca08eb15517b8') in 0.002777 seconds
Start importing Assets/_Scripts/Manager/CharactorManager.cs using Guid(f84c73cc67ac28241abca04de94130c5) Importer(Primary)  -> (artifact id: 'e296c801bb0c3220e472c90f61b776bc') in 0.001410 seconds
Start importing Assets/_Scripts/Manager/TileManager.cs using Guid(0b06ca0a6125b554a9990eb6c4762225) Importer(Primary)  -> (artifact id: '2c7984d0d3278acd5aaef9a42f144c58') in 0.001398 seconds
Start importing Assets/_Scripts/Maps/NativeLevel.cs using Guid(fb3874a7e13a34945b2313b75efc3bda) Importer(Primary)  -> (artifact id: '1e0ca5002ec64f0dc0ceaa643e6209df') in 0.002727 seconds
Start importing Assets/_Scripts/Manager/GameManager.cs using Guid(6cb75ce4c5bd28e488eb0682e757f625) Importer(Primary)  -> (artifact id: '1f18a77e0aaa1180328abf08cb258822') in 0.001624 seconds
Start importing Assets/_Scripts/Utils/BreathIt.cs using Guid(cdb2366844f926f488c9792dc7677e91) Importer(Primary)  -> (artifact id: 'bffb1febe7ac711ef764c157d7d2130c') in 0.001513 seconds
Start importing Assets/Editor/NativeTilemapMigration/NativeTilemapMigration.cs using Guid(dee8ddf75280bd647bab5a33f92419ff) Importer(Primary)  -> (artifact id: '3346304de7a6357e15c72c7a5e85bdb6') in 0.002456 seconds
Refreshing native plugins compatible for Editor in 0.29 ms, found 0 plugins.
Native extension for WindowsStandalone target not found
Mono: successfully reloaded assembly
- Finished resetting the current domain, in  0.171 seconds
Domain Reload Profiling: 388ms
	BeginReloadAssembly (103ms)
		ExecutionOrderSort (0ms)
		DisableScriptedObjects (3ms)
		BackupInstance (0ms)
		ReleaseScriptingObjects (0ms)
		CreateAndSetChildDomain (15ms)
	RebuildCommonClasses (21ms)
	RebuildNativeTypeToScriptingClass (7ms)
	initialDomainReloadingComplete (19ms)
	LoadAllAssembliesAndSetupDomain (67ms)
		LoadAssemblies (122ms)
		RebuildTransferFunctionScriptingTraits (0ms)
		AnalyzeDomain (5ms)
			TypeCache.Refresh (3ms)
				TypeCache.ScanAssembly (0ms)
			ScanForSourceGeneratedMonoScriptInfo (0ms)
			ResolveRequiredComponents (0ms)
	FinalizeReload (171ms)
		ReleaseScriptCaches (0ms)
		RebuildScriptCaches (0ms)
		SetupLoadedEditorAssemblies (111ms)
			LogAssemblyErrors (0ms)
			InitializePlatformSupportModulesInManaged (4ms)
			SetLoadedEditorAssemblies (2ms)
			RefreshPlugins (0ms)
			BeforeProcessingInitializeOnLoad (9ms)
			ProcessInitializeOnLoadAttributes (82ms)
			ProcessInitializeOnLoadMethodAttributes (5ms)
			AfterProcessingInitializeOnLoad (8ms)
			EditorAssembliesLoaded (0ms)
		ExecutionOrderSort2 (0ms)
		AwakeInstancesAfterBackupRestoration (5ms)
Start importing Assets/NativeTiles/Textures/Wood_27.png using Guid(70d781321e674314cac3e832c9a2836d) Importer(Primary)  -> (artifact id: 'c8d3c751697c3512237b8e8a352fb354') in 0.020809 seconds
Start importing Assets/NativeTiles/Textures/Wood_49.png using Guid(b0094f06c4a951547b47bfeea6690e16) Importer(Primary)  -> (artifact id: '33214c6c066ac03c6ca6fea25ffbe248') in 0.012335 seconds
Start importing Assets/NativeTiles/Textures/Wood_39.png using Guid(b05d8d6873ebe6149857562ed402aea2) Importer(Primary)  -> (artifact id: '5d66d0f1ee403fefc7cd2689dfc92d22') in 0.003147 seconds
Start importing Assets/NativeTiles/Textures/Wood_57.png using Guid(51f9e43d645ba8a4182fe0037edec827) Importer(Primary)  -> (artifact id: '3afe50b09842863958dadbeaa50f5ed2') in 0.003018 seconds
Start importing Assets/NativeTiles/Textures/Wood_05.png using Guid(51edf60195cd7274e93e575b19b9a300) Importer(Primary)  -> (artifact id: 'a9ca185d6e4a3af072a804dd46890f92') in 0.002660 seconds
Start importing Assets/NativeTiles/Textures/Wood_23.png using Guid(8109f50b40a079a4faa2ed04c93f87c3) Importer(Primary)  -> (artifact id: '6aadabb8a8fbf5ff8f5c86fe553818d8') in 0.002994 seconds
Start importing Assets/NativeTiles/Textures/Wood_25.png using Guid(91f873862f55c9249993a0ab16a9c6ea) Importer(Primary)  -> (artifact id: '2cb4f0f3186b33ffb4378a3ee60d1b04') in 0.002902 seconds
Start importing Assets/NativeTiles/Textures/Wood_30.png using Guid(42716643ce430374a8cfdc9970717148) Importer(Primary)  -> (artifact id: 'db63eaef7c823e03b99beaf7b5765618') in 0.002854 seconds
Start importing Assets/NativeTiles/Textures/Wood_09.png using Guid(52e6416ed1d39fe4b9682572948c7b38) Importer(Primary)  -> (artifact id: '23b29bbfbdf60c1177c0077a947b6cc0') in 0.002902 seconds
Start importing Assets/NativeTiles/Textures/Wood_26.png using Guid(9275b59f96dfaf94a8618b8fb3ab6a51) Importer(Primary)  -> (artifact id: '460549f1a60e0b223b9979e51b8a3a1b') in 0.002980 seconds
Start importing Assets/NativeTiles/Textures/Wood_24.png using Guid(c250fc274d93a2f4e9e9a60be04421d9) Importer(Primary)  -> (artifact id: '188e40d69d9235434f3e5f0419bf358a') in 0.002665 seconds
Start importing Assets/NativeTiles/Textures/Wood_37.png using Guid(134f69aea3af9f544b1c9d8cf3dfb5b6) Importer(Primary)  -> (artifact id: '26226af82d852109007eb8adef498504') in 0.002858 seconds
Start importing Assets/NativeTiles/Textures/Wood_43.png using Guid(23909231b223caa4e8565411f772303e) Importer(Primary)  -> (artifact id: '3971f4fb0dcd44139939aea8e2cff86b') in 0.003042 seconds
Start importing Assets/NativeTiles/Textures/Wood_56.png using Guid(33343d3e5bba5484aaf89b0b06cf1581) Importer(Primary)  -> (artifact id: '821d08d9f4f6938000a0b104920e8e0d') in 0.002948 seconds
Start importing Assets/NativeTiles/Textures/Wood_20.png using Guid(63f0158081732744fb99903935378ef5) Importer(Primary)  -> (artifact id: '7ab4293254e29b1ebd2bd146e31cf48c') in 0.003082 seconds
Start importing Assets/NativeTiles/Textures/Wood_04.png using Guid(73e1599e19718eb40bacc8fa9a4fc162) Importer(Primary)  -> (artifact id: '1942168313464e3b607a280f74bdafeb') in 0.003095 seconds
Start importing Assets/NativeTiles/Textures/Wood_14.png using Guid(e3848f197f3f66c4587ead620d10b7da) Importer(Primary)  -> (artifact id: '6fecd1149ea0a78f6df2f4f880c0b2c4') in 0.002925 seconds
Start importing Assets/NativeTiles/Textures/Wood_11.png using Guid(149da0097a08bd443bfdea1ef7746b37) Importer(Primary)  -> (artifact id: '071b6aa24d71843aeb92b14dbd650977') in 0.002910 seconds
Start importing Assets/NativeTiles/Textures/Wood_15.png using Guid(242325f07b48b4a47af8ff4816f6908f) Importer(Primary)  -> (artifact id: '59b52be8b708581b501b6bf52311cec6') in 0.002884 seconds
Start importing Assets/NativeTiles/Textures/Wood_44.png using Guid(6424edaf29ae17349927514106a907b0) Importer(Primary)  -> (artifact id: '546e75e46f5822fdce648edc4072cb51') in 0.002996 seconds
Start importing Assets/NativeTiles/Textures/Wood_48.png using Guid(d4c78e5a75285754398f7fd0ef8f8e73) Importer(Primary)  -> (artifact id: 'ade8b8a58aaa4bdabf7d4bd4b165dcce') in 0.002886 seconds
Start importing Assets/NativeTiles/Textures/Wood_03.png using Guid(f495f4de22db50b4fadd9d604e2607ca) Importer(Primary)  -> (artifact id: 'ac80970339d5a71b031ad657b06cda34') in 0.003047 seconds
Start importing Assets/NativeTiles/Textures/Wood_10.png using Guid(35985df024e5670439c729226dafccbf) Importer(Primary)  -> (artifact id: '91c6f16b3a3fe104fae2a59c6d5f7af6') in 0.003129 seconds
Start importing Assets/NativeTiles/Textures/Wood_51.png using Guid(75517a019c13ab448b006b03fb693de5) Importer(Primary)  -> (artifact id: '865bef959ff831b60241eb2f647d7c8d') in 0.002967 seconds
Start importing Assets/NativeTiles/Textures/Wood_50.png using Guid(75b3e3b4079d1004da43b2aac959e504) Importer(Primary)  -> (artifact id: '0ce9b59aaf49d705fe1bb72aa484e358') in 0.002911 seconds
Start importing Assets/NativeTiles/Textures/Wood_18.png using Guid(95a2a71bf95a6d44183614bfc97766b1) Importer(Primary)  -> (artifact id: 'ca9080e23fddff428394b449bf66bc3c') in 0.002975 seconds
Start importing Assets/NativeTiles/Textures/Wood_60.png using Guid(c534fba146e84fe4ab55b0eed5d3a9f2) Importer(Primary)  -> (artifact id: 'df1f3b01c85e57ddab8d8a990da3a2a0') in 0.002878 seconds
Start importing Assets/NativeTiles/Textures/Wood_54.png using Guid(16dd5d28f1c768649961bb7183f9bbfa) Importer(Primary)  -> (artifact id: '075e7443c27c887a80dedc35abdb3a18') in 0.003174 seconds
Start importing Assets/NativeTiles/Textures/Wood_38.png using Guid(56890d1b92403ec43a9d41c0d109d4ae) Importer(Primary)  -> (artifact id: 'ce4e855a62e72baea08e332403bad244') in 0.003145 seconds
Start importing Assets/NativeTiles/Textures/Wood_29.png using Guid(66757f8b889ed04498a2565ec24ed9e3) Importer(Primary)  -> (artifact id: '2839f10ede3202d2d5d39ce63e5b91ac') in 0.003182 seconds
Start importing Assets/NativeTiles/Textures/Wood_62.png using Guid(965e023cf1394e1438e01d6ff4950cbf) Importer(Primary)  -> (artifact id: '2923361159893ce6079673839d5559e0') in 0.002938 seconds
Start importing Assets/NativeTiles/Textures/Wood_52.png using Guid(a625718b54f34c748a9e26673a08f3b6) Importer(Primary)  -> (artifact id: 'ae31819772e5d84d3c6f377d93215d45') in 0.002837 seconds
Start importing Assets/NativeTiles/Textures/Wood_21.png using Guid(f651382875b5fdf4aa38edde6b082c47) Importer(Primary)  -> (artifact id: '9556109e14938879956e12b84651a2b1') in 0.002771 seconds
Start importing Assets/NativeTiles/Textures/Wood_07.png using Guid(c78642e7f6ed0894eab58844e9ee6080) Importer(Primary)  -> (artifact id: 'd542672f76daee87292441278d64b70d') in 0.003041 seconds
Start importing Assets/NativeTiles/Textures/Wood_36.png using Guid(e748172a4f9510a438f33257acb2649a) Importer(Primary)  -> (artifact id: 'f9e9bd069564f5c297951dbf7e374763') in 0.002867 seconds
Start importing Assets/NativeTiles/Textures/Wood_46.png using Guid(48ee09b6fcf99f5449c6a433bb039f6e) Importer(Primary)  -> (artifact id: '498aeadf2b2467fcf874ef4bfa1f4762') in 0.003021 seconds
Start importing Assets/NativeTiles/Textures/Wood_01.png using Guid(a8b9d75127b8aae4589478be95924192) Importer(Primary)  -> (artifact id: 'fb1fe1b43fe35e7cc4b8f717c7a35f7c') in 0.002813 seconds
Start importing Assets/NativeTiles/Textures/Wood_41.png using Guid(d8847ec9acb9be44199445a7350fc74e) Importer(Primary)  -> (artifact id: '200e7fa77c5776a235ab8a4b4c014dc5') in 0.003699 seconds
Start importing Assets/NativeTiles/Textures/Wood_58.png using Guid(39f233ca48a29b04d95148bf902a0cc2) Importer(Primary)  -> (artifact id: 'f76111b576241eedb4b69b82ef46a4bb') in 0.003124 seconds
Start importing Assets/NativeTiles/Textures/Wood_16.png using Guid(89dbb3e9dcd497c4d830995e1751937f) Importer(Primary)  -> (artifact id: 'e9e159ab86fd23a837a804cbc96d069a') in 0.002915 seconds
Start importing Assets/NativeTiles/Textures/Wood_31.png using Guid(99e8f342f49b94e40ab68bfeb09c35f7) Importer(Primary)  -> (artifact id: '6fd90e243ac40ce1a25b3eb3d29529e0') in 0.002797 seconds
Start importing Assets/NativeTiles/Textures/Wood_59.png using Guid(a9dc7dde6d6b19042917475f7c9ca4c4) Importer(Primary)  -> (artifact id: 'c07e793b5b8d3ab69fb2a44aaaba2aee') in 0.003136 seconds
Start importing Assets/NativeTiles/Textures/Wood_12.png using Guid(0ac8b960d55f93f4b81770523fc706df) Importer(Primary)  -> (artifact id: '8435afd90cbc7e4345305a1912786cee') in 0.002876 seconds
Start importing Assets/NativeTiles/Textures/Wood_53.png using Guid(7a35d18482da0fa4db49531c012ba7e6) Importer(Primary)  -> (artifact id: '44ed7e5fb126e39577d72f763245fc53') in 0.002678 seconds
Start importing Assets/NativeTiles/Textures/Wood_35.png using Guid(aa83faccf0485d64aa937cdd3b903b2e) Importer(Primary)  -> (artifact id: 'f6cbaeeeebbe687dbb7e5d4f240e27ad') in 0.002870 seconds
Start importing Assets/NativeTiles/Textures/Wood_13.png using Guid(aaf5a1ec56d2e154aa36a6cb6bf0be5f) Importer(Primary)  -> (artifact id: '86f817232a9c3cdb77480cfa5eb1f964') in 0.002890 seconds
Start importing Assets/NativeTiles/Textures/Wood_08.png using Guid(0b8ac4aeb87414743b05c701c25a1a6e) Importer(Primary)  -> (artifact id: '9de652b4a622ac1e16a4baa32b8a2fdd') in 0.002851 seconds
Start importing Assets/NativeTiles/Textures/Wood_06.png using Guid(1b230899976f68a4fb238187ceed2f48) Importer(Primary)  -> (artifact id: '6a41e7f288e580907a6f3013f84ef345') in 0.002714 seconds
Start importing Assets/NativeTiles/Textures/Wood_34.png using Guid(6b42f276b39973b458ee550c703378bf) Importer(Primary)  -> (artifact id: '015a54ac032f3f0a7a7e632181e2a036') in 0.002953 seconds
Start importing Assets/NativeTiles/Textures/Wood_19.png using Guid(9b934a3430a2f1d4595cb69d7c4821c7) Importer(Primary)  -> (artifact id: 'cf0933b0f356dfebdfc1d3c8ac733ade') in 0.002742 seconds
Start importing Assets/NativeTiles/Textures/Wood_42.png using Guid(eb1c386b9f5d68a4684e90af4ccdd78c) Importer(Primary)  -> (artifact id: '1588d7aecac23dacef7798087bbc0c56') in 0.002866 seconds
Start importing Assets/NativeTiles/Textures/Wood_33.png using Guid(fc0431e1ddb917242943e9eb362f3682) Importer(Primary)  -> (artifact id: 'dec15c998e47fe6bee126a080e435226') in 0.002833 seconds
Start importing Assets/NativeTiles/Textures/Wood_28.png using Guid(5d30f8523d9bc3147b7bc564d3864722) Importer(Primary)  -> (artifact id: 'cd0fb8da6e5d8e8de6f818df793f7b4c') in 0.002848 seconds
Start importing Assets/NativeTiles/Textures/Wood_00.png using Guid(7d1e0020a83a10f4f95efcbd2b8b1449) Importer(Primary)  -> (artifact id: '786dbe97a4c447419c82c1e6e8a425c0') in 0.002958 seconds
Start importing Assets/NativeTiles/Textures/Wood_40.png using Guid(ed51aa2df9a8d3f4e9d5835096a935e6) Importer(Primary)  -> (artifact id: '72db3e824d75254bdd0ebf0a28652786') in 0.002999 seconds
Start importing Assets/NativeTiles/Textures/Wood_47.png using Guid(0e33f019a6a726a4584f073ebf2aad1f) Importer(Primary)  -> (artifact id: '51da39fc6ae5b12dedeeb29eef54c44c') in 0.002559 seconds
Start importing Assets/NativeTiles/Textures/Wood_63.png using Guid(4e9cd46eba0c69e42b28fc8741203108) Importer(Primary)  -> (artifact id: 'dcb5c045ca572d5061608dce736d1253') in 0.002785 seconds
Start importing Assets/NativeTiles/Textures/Wood_17.png using Guid(5ed9d48ceac644d4f814391957d91c25) Importer(Primary)  -> (artifact id: '21d3a11db1fa773fe8fb74bc17e59431') in 0.002667 seconds
Start importing Assets/NativeTiles/Textures/Wood_45.png using Guid(ae8e258381c9572439ae79e4831c66b6) Importer(Primary)  -> (artifact id: 'b9acadfd7930f40d4881f0e9b45025ac') in 0.003104 seconds
Start importing Assets/NativeTiles/Textures/Wood_61.png using Guid(de108f07f34500645ba67e46994e7488) Importer(Primary)  -> (artifact id: 'f588bd8d8982eb8b83f47a22f4676d8c') in 0.002805 seconds
Start importing Assets/NativeTiles/Textures/Wood_55.png using Guid(eea5ccfef2a527a4a949bc0e313562f9) Importer(Primary)  -> (artifact id: 'f7bd3e0c277e0fba2ef8e71dd15fc01d') in 0.002818 seconds
Start importing Assets/NativeTiles/Textures/Wood_32.png using Guid(0f30b4363e26b924e8ae729a9ed21e87) Importer(Primary)  -> (artifact id: '11d6f614226caaedf0040cb585cc161d') in 0.003065 seconds
Start importing Assets/NativeTiles/Textures/Wood_02.png using Guid(2f5e2586844f54c42b4ff327e8de6e14) Importer(Primary)  -> (artifact id: 'daf3bb40d9f784b2d3992a0672e1d037') in 0.003237 seconds
Start importing Assets/NativeTiles/Textures/Wood_22.png using Guid(cfeb9648f1b84684aaca3a939f49db60) Importer(Primary)  -> (artifact id: '437f34f7f2e80a41e2745fec83c8e77d') in 0.002892 seconds
Start importing Assets/Editor/NativeTilemapMigration/levels.json using Guid(196247d4a9ebb31469058fb07e01e978) Importer(Primary)  -> (artifact id: 'dce06d3e4069bfc64c0e14d098c6f64c') in 0.004767 seconds
Start importing Assets/Resources/Maps/Scenes/Scene 77.prefab using Guid(001140e4e13725d42af9b63a6dda9aaf) Importer(Primary)  -> (artifact id: '5908f8daa4559ebad442b005eeb0ec64') in 0.006722 seconds
Start importing Assets/Resources/Maps/Scenes/Scene 60.prefab using Guid(101a38abaff153249850e8f39b3fbe7c) Importer(Primary)  -> (artifact id: '5602c67555872646c56a5e3be7fce1a7') in 0.006478 seconds
Start importing Assets/Resources/Maps/Scenes/Scene 13.prefab using Guid(204b4fc5b807b824db0b60d5432261c4) Importer(Primary)  -> (artifact id: '017f61cfda4203951544db10b560ee75') in 0.006056 seconds
Start importing Assets/Resources/Maps/Scenes/Scene 21.prefab using Guid(305d322627149a64c8d7cbf403e00bf7) Importer(Primary)  -> (artifact id: 'c7b94aeb1869c77df3eb61dc4193f2fb') in 0.005849 seconds
Start importing Assets/Resources/Maps/Scenes/Scene 84.prefab using Guid(305ec9d8c7f5e2f43bf31a2a78da0119) Importer(Primary)  -> (artifact id: '6118809560bdfd3ac0557749ba500e8d') in 0.005941 seconds
Start importing Assets/Resources/Maps/Scenes/Scene 73.prefab using Guid(405fc9139c7348e4990d9b056e6ffa64) Importer(Primary)  -> (artifact id: '530a0a686923959e566d06e7b9f0b774') in 0.005989 seconds
Start importing Assets/Resources/Maps/Scenes/Scene 41.prefab using Guid(60b55710cd203f64b9effee886e4432d) Importer(Primary)  -> (artifact id: '0c47c0e24a7d1a8711e1875a79d0d7f2') in 0.006011 seconds
Start importing Assets/Resources/Maps/Scenes/Scene 88.prefab using Guid(90660aaeee46b384aa32bed1d7a7ef1e) Importer(Primary)  -> (artifact id: '5d5c9a414bd77fac509a17efcb748cc3') in 0.005946 seconds
Start importing Assets/Resources/Maps/Scenes/Scene 44.prefab using Guid(0147f4b55055ddf4a9e48e6d9e3c4797) Importer(Primary)  -> (artifact id: 'ccfc652954d0174cc3f5e509678c4957') in 0.006217 seconds
Start importing Assets/Resources/Maps/Scenes/Scene 90.prefab using Guid(01d7e605a5b79704ba885adc1966da05) Importer(Primary)  -> (artifact id: '04ca9bf60d0189fe06c524e77ed3d9ed') in 0.005985 seconds
Start importing Assets/Resources/Maps/Scenes/Scene 59.prefab using Guid(211d202583d01934f98e69726f042b4f) Importer(Primary)  -> (artifact id: 'ceaedcf73d54282e577a070e3685d9e5') in 0.005984 seconds
Start importing Assets/Resources/Maps/Scenes/Scene 26.prefab using Guid(4130153691c48d943916562a58b18703) Importer(Primary)  -> (artifact id: '5188d7f06508c1095f660dc58db5ab91') in 0.006138 seconds
Start importing Assets/Resources/Maps/Scenes/Scene 43.prefab using Guid(51f2b86cb66477842a1fc748210bc143) Importer(Primary)  -> (artifact id: '333432cde0165dd7fd043caf84b03ffe') in 0.006217 seconds
Start importing Assets/Resources/Maps/Scenes/Scene 76.prefab using Guid(6170b5f67bd32de488b39afcb1c9b828) Importer(Primary)  -> (artifact id: '192e76e7e0c1beaf1a3d4ded6aab4667') in 0.006024 seconds
Start importing Assets/Resources/Maps/Scenes/Scene 18.prefab using Guid(81d189f363c69c2419b96e807033eb59) Importer(Primary)  -> (artifact id: '15fd33a34c78195d75b814f81dbc91af') in 0.005999 seconds
Start importing Assets/Resources/Maps/Scenes/Scene 87.prefab using Guid(81c4f3e5e07be0d43b1a61c7146e8b3e) Importer(Primary)  -> (artifact id: 'cb5543a91a61d97313595a45394ae8bd') in 0.006100 seconds
Start importing Assets/Resources/Maps/Scenes/Scene 95.prefab using Guid(32d8a2d9dda57304a9b6739015180122) Importer(Primary)  -> (artifact id: '095fe4fbc0947bbc9ab0e9686c4ea75e') in 0.006445 seconds
Start importing Assets/Resources/Maps/Scenes/Scene 45.prefab using Guid(72e4f504cb8a3f74f9c6d9576a771cfb) Importer(Primary)  -> (artifact id: 'deb87ad2554ff103cf75e189b6ba3014') in 0.006252 seconds
Start importing Assets/Resources/Maps/Scenes/Scene 66.prefab using Guid(92e5901fe2699ad43b366aba9c1392b9) Importer(Primary)  -> (artifact id: '61eeb6e6e833fe415879c6cdeb0589c7') in 0.005902 seconds
Start importing Assets/Resources/Maps/Scenes/Scene.prefab using Guid(03a7ab38b2c7ff24f89f34e8f09d849c) Importer(Primary)  -> (artifact id: 'd92500ff7d487a90a3f185d6d5cb347f') in 0.005953 seconds
Start importing Assets/Resources/Maps/Scenes/Scene 48.prefab using Guid(33685eb5fedf8544a9fed02965edd67f) Importer(Primary)  -> (artifact id: '794584910358c0f7616230496bfddf0d') in 0.006060 seconds
Start importing Assets/Resources/Maps/Scenes/Scene 96.prefab using Guid(337af5ed36271884ea4579896b674bca) Importer(Primary)  -> (artifact id: 'a3b7d6c5348a057c22967ad7f25ddd47') in 0.006330 seconds
Start importing Assets/Resources/Maps/Scenes/Scene 54.prefab using Guid(63b6cb05419e38c428c838fafa54adfe) Importer(Primary)  -> (artifact id: '27e0960dfc7e2724dc186780410458cc') in 0.006171 seconds
Start importing Assets/Resources/Maps/Scenes/Scene 17.prefab using Guid(83a8695db7a874e419390cb9913ca653) Importer(Primary)  -> (artifact id: '283b0c0673695e2196721b6f051a50d8') in 0.006273 seconds
Start importing Assets/Resources/Maps/Scenes/Scene 74.prefab using Guid(c3303b8f85a801d4d8a6cebf0a60b8a4) Importer(Primary)  -> (artifact id: 'f83d35b51f84469847eb51861e86b1b1') in 0.006074 seconds
Start importing Assets/Resources/Maps/Scenes/Scene 47.prefab using Guid(d35748159607b3848bfbc80fd941b8cf) Importer(Primary)  -> (artifact id: '133a5a102f05b4e986ab6023de6c7573') in 0.006014 seconds
Start importing Assets/Resources/Maps/Scenes/Scene 68.prefab using Guid(e37c1039bf25f1a44bcaf388b312f2f7) Importer(Primary)  -> (artifact id: 'cf4dc50ef54712710f31a11bdfa00fa0') in 0.006146 seconds
Start importing Assets/Resources/Maps/Scenes/Scene 9.prefab using Guid(e38f9b8b9624b144693c3b612e1d5776) Importer(Primary)  -> (artifact id: 'ab8533f5203f398d617329bfae47102e') in 0.006023 seconds
Start importing Assets/Resources/Maps/Scenes/Scene 36.prefab using Guid(0444911d003de7546806c023b54616f4) Importer(Primary)  -> (artifact id: '2fa709f9480fbb10182c54f51003a5d4') in 0.006187 seconds
Start importing Assets/Resources/Maps/Scenes/Scene 24.prefab using Guid(24ba36403fff5af47972fcb688f1c806) Importer(Primary)  -> (artifact id: '894dccb4233490c3a28ff7ac577e5dc7') in 0.005867 seconds
Start importing Assets/Resources/Maps/Scenes/Scene 57.prefab using Guid(44f8fe7b48bdff947b36e396da6200be) Importer(Primary)  -> (artifact id: '6e5e3969aeeb0827fa0f38d02bfd5532') in 0.005881 seconds
Start importing Assets/Resources/Maps/Scenes/Scene 42.prefab using Guid(549e744b64c3f314bb93bc6cfa44025c) Importer(Primary)  -> (artifact id: '3953c56c3da1e431ec3d295b593567fc') in 0.006191 seconds
Start importing Assets/Resources/Maps/Scenes/Scene 50.prefab using Guid(94c6e014c92ca464c9e9f870eedc2020) Importer(Primary)  -> (artifact id: '6c4cbe756f51617bafd4ae1a8776dca5') in 0.006366 seconds
Start importing Assets/Resources/Maps/Scenes/Scene 97.prefab using Guid(b4263c82b14d17f4ea08b412764af741) Importer(Primary)  -> (artifact id: '4aa691e379462082d72dbc4f2d9685b6') in 0.005961 seconds
Start importing Assets/Resources/Maps/Scenes/Scene 93.prefab using Guid(0513a210fe941044f854c4f40110429d) Importer(Primary)  -> (artifact id: '3d72a72c16dad2d1e237e2b859023ddb') in 0.006155 seconds
Start importing Assets/Resources/Maps/Scenes/Scene 37.prefab using Guid(05cb6058ea081a544b9cfa2e2e54cc81) Importer(Primary)  -> (artifact id: 'd2d99e408747a746cd34a1d85ec1fee8') in 0.006081 seconds
Start importing Assets/Resources/Maps/Scenes/Scene 39.prefab using Guid(157e1da89eed02743887682b3ee63086) Importer(Primary)  -> (artifact id: '36d9dc0c75c21c24672a92242d564e96') in 0.006327 seconds
Start importing Assets/Resources/Maps/Scenes/Scene 98.prefab using Guid(2585e7f87830b904ca585475b5a171ad) Importer(Primary)  -> (artifact id: 'f3a3925be46c82a1143f4c24bfab316c') in 0.006211 seconds
Start importing Assets/Resources/Maps/Scenes/Scene 83.prefab using Guid(26c2b01e2bb91e64cbd4ea78c472275e) Importer(Primary)  -> (artifact id: '7a5870f9deced0171bfe16ea4ef98e49') in 0.006249 seconds
Start importing Assets/Resources/Maps/Scenes/Scene 33.prefab using Guid(36010cc75136c2f498ffe277ce382966) Importer(Primary)  -> (artifact id: '746ad868d8eb2f33ea1f4fdbbe64772f') in 0.006164 seconds
Start importing Assets/Resources/Maps/Scenes/Scene 14.prefab using Guid(468718e066cee0f48930ae274e6cfde2) Importer(Primary)  -> (artifact id: '2778322283725e44683807004a7a22d1') in 0.006245 seconds
Start importing Assets/Resources/Maps/Scenes/Scene 29.prefab using Guid(56c53d4cb807f9d4486bc2fa5d1c12e6) Importer(Primary)  -> (artifact id: 'bfbe84333671c2583c142b221b0924a6') in 0.006832 seconds
Start importing Assets/Resources/Maps/Scenes/Scene 12.prefab using Guid(865e74ec313f87242b2bc8c23f5f70be) Importer(Primary)  -> (artifact id: '563febd6acd8ed6cf68531d4fa769997') in 0.006209 seconds
Start importing Assets/Resources/Maps/Scenes/Scene 27.prefab using Guid(b6b507bdc66992840be4cc53f281d903) Importer(Primary)  -> (artifact id: '487d0470ab283d2104f69df90b9863dd') in 0.006369 seconds
Start importing Assets/Resources/Maps/Scenes/Scene 35.prefab using Guid(c63459d72a61a5346bd5077659953d77) Importer(Primary)  -> (artifact id: '5d78baeaba91a22d4348100e399234d2') in 0.006470 seconds
Start importing Assets/Resources/Maps/Scenes/Scene 71.prefab using Guid(f64615f61181afc42b177f8bc43bdc55) Importer(Primary)  -> (artifact id: 'd756966b70aca8b54800b1b370a547d4') in 0.006270 seconds
Start importing Assets/Resources/Maps/Scenes/Scene 92.prefab using Guid(f6c70cafd8f0a084da75afe81cffabb3) Importer(Primary)  -> (artifact id: '9a2dcfa9956c63bec93633e0a7f42d8c') in 0.006907 seconds
Start importing Assets/Resources/Maps/Scenes/Scene 58.prefab using Guid(07dd1094aefae444a9e9c3097226c53c) Importer(Primary)  -> (artifact id: '40f324a9f83a1b4827d32f2ef143fd69') in 0.006391 seconds
Start importing Assets/Resources/Maps/Scenes/Scene 30.prefab using Guid(27735480aa6ddc141b6415ddf2b670c5) Importer(Primary)  -> (artifact id: '477ba4f9d51cbd71ebf205d44d0e5957') in 0.006774 seconds
Start importing Assets/Resources/Maps/Scenes/Scene 31.prefab using Guid(77f3f91ee76e1064abb180931b328b3c) Importer(Primary)  -> (artifact id: '3dd9477c6a8930a3a62ba0eca62d171b') in 0.006251 seconds
Start importing Assets/Resources/Maps/Scenes/Scene 85.prefab using Guid(87b6b4cc649ef184aa53ce1755f94e16) Importer(Primary)  -> (artifact id: '822769d8d083bec2434a07f2672a5ceb') in 0.006247 seconds
Start importing Assets/Resources/Maps/Scenes/Scene 19.prefab using Guid(e71ac66f827c1ad4b8ec87460873c233) Importer(Primary)  -> (artifact id: 'feb26e71661499233f5d9533e71623f2') in 0.006107 seconds
Start importing Assets/Resources/Maps/Scenes/Scene 1.prefab using Guid(e73a640d8fdb5754ba407bef13151cb9) Importer(Primary)  -> (artifact id: '224cab7db770d3767571d258daf3b83d') in 0.006273 seconds
Start importing Assets/Prefabs/hero_blue.prefab using Guid(08473387bf030ea44b5626f35f10a2fd) Importer(Primary)  -> (artifact id: 'de2e0f7b4d9f53d15006d29306429555') in 0.007063 seconds
Start importing Assets/Resources/Maps/Scenes/Scene 25.prefab using Guid(18138cb2cd6f07047b01d6f4850d1dac) Importer(Primary)  -> (artifact id: '166cd18b6747aebc98853fa62742f752') in 0.006241 seconds
Start importing Assets/Prefabs/xin.prefab using Guid(18aa61c3d57d52f4c80ca6e0615b9973) Importer(Primary)  -> (artifact id: 'ad6792e3c98de58c8f31be9d5195b6f6') in 0.002833 seconds
Start importing Assets/Prefabs/hero_red.prefab using Guid(383536b82fb6a1c498dcea7423c75cf3) Importer(Primary)  -> (artifact id: '626a4e63d3a3e5ce845e45ae9cf44dcd') in 0.002845 seconds
Start importing Assets/Resources/Maps/Scenes/Scene 94.prefab using Guid(68193b1039ef59142aee68960b61c684) Importer(Primary)  -> (artifact id: 'ee19cdb4f884f35cad9dc8b289c7a29a') in 0.005849 seconds
Start importing Assets/Resources/Maps/Scenes/Scene 49.prefab using Guid(888af68bb30ec3c458948a5a620295ff) Importer(Primary)  -> (artifact id: '0f6dedf35812bc9508eab6fbb27a50bb') in 0.005886 seconds
Start importing Assets/Resources/Maps/Scenes/Scene 63.prefab using Guid(a83653ef30d95ab49b550637e2d67b56) Importer(Primary)  -> (artifact id: '5bd62608bd7f6bc47c256f40867ddef6') in 0.005908 seconds
Start importing Assets/Resources/Maps/Scenes/Scene 80.prefab using Guid(b8101315e7a08234a97ae76edcd272c5) Importer(Primary)  -> (artifact id: '3fc9d7d41423a7673a47a816879c1897') in 0.006185 seconds
Start importing Assets/Resources/Maps/Scenes/Scene 22.prefab using Guid(c8c3467514df2234998cc06ae4d03753) Importer(Primary)  -> (artifact id: 'de6feff5a2e84c1c649908d4591e0ad8') in 0.005992 seconds
Start importing Assets/Resources/Maps/Scenes/Scene 34.prefab using Guid(f81d7c42d75bb7f4fa87bfac62f27020) Importer(Primary)  -> (artifact id: '2644aa2a076a82d509067128c75e0dfa') in 0.005986 seconds
Start importing Assets/Resources/Maps/Scenes/Scene 99.prefab using Guid(3970da5cd9445534984fc33f62cef000) Importer(Primary)  -> (artifact id: 'b10c83d4dbdc25d5b1d5c2ef3bf564af') in 0.006036 seconds
Start importing Assets/Resources/Maps/Scenes/Scene 52.prefab using Guid(b9927feacdd11074b96a87f65c8f3243) Importer(Primary)  -> (artifact id: '69427b07a743dc716302d9f8442817db') in 0.006117 seconds
Start importing Assets/Resources/Maps/Scenes/Scene 8.prefab using Guid(b974ad3d1bc1ab44cbc2164f45469ee0) Importer(Primary)  -> (artifact id: '321cb739b0942cd37e64ee3f270fb0e0') in 0.006191 seconds
Start importing Assets/Resources/Maps/Scenes/Scene 82.prefab using Guid(d91a658988a80f04eb77cd9847975ce9) Importer(Primary)  -> (artifact id: 'da032d4db83deeafc7a0dc9a25b3cef5') in 0.006127 seconds
Start importing Assets/Resources/Maps/Scenes/Scene 53.prefab using Guid(e944776ed484edd44b534c9b6b90bd67) Importer(Primary)  -> (artifact id: 'e275fccbc511ce61981807530056973c') in 0.005948 seconds
Start importing Assets/Resources/Maps/Scenes/Scene 51.prefab using Guid(2a35c4451c2b051419de41d941c140b0) Importer(Primary)  -> (artifact id: '1e6f9a0639eb9c13c09a2fc743c119cd') in 0.006114 seconds
Start importing Assets/Resources/Maps/Scenes/Scene 72.prefab using Guid(4aa6c41446634244d88e23486d55fd2a) Importer(Primary)  -> (artifact id: 'afb9f98231f9a005560c2782358c5791') in 0.005934 seconds
Start importing Assets/Resources/Maps/Scenes/Scene 91.prefab using Guid(4a29bd3792ee3144fbf8429794bebf57) Importer(Primary)  -> (artifact id: '2751cf94c79c1a593c7a935e7623fa82') in 0.006144 seconds
Start importing Assets/Resources/Maps/Scenes/Scene 81.prefab using Guid(9a75544628f2fe64ca748698d1cbe63d) Importer(Primary)  -> (artifact id: 'ebcdf895fcd26a13b76c74490f8ba7dd') in 0.006115 seconds
Start importing Assets/Resources/Maps/Scenes/Scene 4.prefab using Guid(aa6b846ae9f794545b49484492f5e89d) Importer(Primary)  -> (artifact id: 'da834dac5f288facbe518c98e6a00a55') in 0.006127 seconds
Start importing Assets/Resources/Maps/Scenes/Scene 89.prefab using Guid(eabd5e423ccfb934a9ada097d9f9396a) Importer(Primary)  -> (artifact id: '090a9b0e217cae336a34500e5c44a1e5') in 0.006028 seconds
Start importing Assets/Resources/Maps/Scenes/Scene 46.prefab using Guid(9bc57c538f645cc4190ff14f35e652be) Importer(Primary)  -> (artifact id: '08bf1298d075e5e8bf1e17756ca5ca4d') in 0.006105 seconds
Start importing Assets/Resources/Maps/Scenes/Scene 20.prefab using Guid(3ce38452c66b3fc46894e909c22ded8f) Importer(Primary)  -> (artifact id: '7f7cd1aa6c21cad051f4bf78a514ecd4') in 0.006116 seconds
Start importing Assets/Resources/Maps/Scenes/Scene 62.prefab using Guid(8c020c6c534df0e4881d38912ef14bfa) Importer(Primary)  -> (artifact id: 'b58024cb490a8463a1a584a07404628c') in 0.006100 seconds
Start importing Assets/Resources/Maps/Scenes/Scene 56.prefab using Guid(7d6c3b261c78fe4488d2789c90abcaf3) Importer(Primary)  -> (artifact id: '40e9c0423243999ea3a3a8a07e5f8d18') in 0.005918 seconds
Start importing Assets/Resources/Maps/Scenes/Scene 86.prefab using Guid(8dbfd50070a1fda4494e85b5dfc89922) Importer(Primary)  -> (artifact id: '49f134d20dcf6b0946b6650606e4b92c') in 0.005980 seconds
Start importing Assets/Resources/Maps/Scenes/Scene 6.prefab using Guid(bdab0c2a62e14f44ebe17afb906a7470) Importer(Primary)  -> (artifact id: '3f8f8be992da215ca4ccab14992cc3b0') in 0.006065 seconds
Start importing Assets/Resources/Maps/Scenes/Scene 10.prefab using Guid(cd334ef1a08e84b469a62b591fbe2ea2) Importer(Primary)  -> (artifact id: '9eed5b3cf64b066c142f3a898027ed27') in 0.006177 seconds
Start importing Assets/Prefabs/player_red.prefab using Guid(cd47c00a8da6e7c47929846b3ea5df1b) Importer(Primary)  -> (artifact id: 'cf7012af6dc7ca593e6ac67848474255') in 0.002770 seconds
Start importing Assets/Resources/Maps/Scenes/Scene 69.prefab using Guid(cdb7a33bee77a1549931a5faf389b64b) Importer(Primary)  -> (artifact id: '3dc31e2b793caab994cb6dfa16b047c3') in 0.005995 seconds
Start importing Assets/Prefabs/player_green.prefab using Guid(dd1785e5a4ad3784790021a6cc0b5903) Importer(Primary)  -> (artifact id: '36805e000fea983062447316eeeeba4f') in 0.002476 seconds
Start importing Assets/Resources/Maps/Scenes/Scene 40.prefab using Guid(ed3086e0b1a7ae340836e145b01da658) Importer(Primary)  -> (artifact id: '35fed871588b9ce032e6141b31bbbb7f') in 0.006105 seconds
Start importing Assets/Resources/Maps/Scenes/Scene 38.prefab using Guid(ed98305d8eda0ba4ead1c638aea45ab3) Importer(Primary)  -> (artifact id: 'ff7da40059363e0f493b86efb3743176') in 0.006305 seconds
Start importing Assets/Resources/Maps/Scenes/Scene 79.prefab using Guid(0ec810f15aca8a24999108099395ecf6) Importer(Primary)  -> (artifact id: '57cfbd87bad1fc5269778f6a91a58b2d') in 0.005965 seconds
Start importing Assets/Resources/Maps/Scenes/Scene 67.prefab using Guid(2ebf3c23f79282f4ea26f4f13447e5b6) Importer(Primary)  -> (artifact id: '081eba24cf4e79c227a201878dd1a15c') in 0.006034 seconds
Start importing Assets/Resources/Maps/Scenes/Scene 16.prefab using Guid(5e8907167b58a6a4cb5cdfac77c6983a) Importer(Primary)  -> (artifact id: '02f3942ce37c01a70bfaa5af5f5027b7') in 0.005951 seconds
Start importing Assets/Resources/Maps/Scenes/Scene 32.prefab using Guid(6e9ee2aa68a37c54686127a49b5fade0) Importer(Primary)  -> (artifact id: '48748c3ca21c0836746621324a619903') in 0.006267 seconds
Start importing Assets/Resources/Maps/Scenes/Scene 70.prefab using Guid(9e37d6f57b2f6884a8b382b20675a26e) Importer(Primary)  -> (artifact id: 'efeb323030b96ab1de1e10ea3da74207') in 0.006300 seconds
Start importing Assets/Resources/Maps/Scenes/Scene 5.prefab using Guid(ae19a82ab4d6ea642b9f181f7840633c) Importer(Primary)  -> (artifact id: '3de3930d3dc5f81247da7fabea17a8d7') in 0.006139 seconds
Start importing Assets/Resources/Maps/Scenes/Scene 65.prefab using Guid(cef08f8a3b82f8342a5ffc6e91d71fb5) Importer(Primary)  -> (artifact id: 'b50d3c7498907adc6c8cad1fff69ede8') in 0.006571 seconds
Start importing Assets/Resources/Maps/Scenes/Scene 64.prefab using Guid(cebbbdc08d6cded49b1f10f3f69b6b16) Importer(Primary)  -> (artifact id: '0dad42e203b14bf69f62f17ca40a09f7') in 0.005961 seconds
Start importing Assets/Resources/Maps/Scenes/Scene 7.prefab using Guid(de8be27a2d4af514fb8e92091600ee75) Importer(Primary)  -> (artifact id: '695f9acb31359b5ed37ffdc1557ec3a2') in 0.006241 seconds
Start importing Assets/Resources/Maps/Scenes/Scene 2.prefab using Guid(fe295932b9225734092291cf81886700) Importer(Primary)  -> (artifact id: '11d51181976dd9e775cdf9ef017aa60e') in 0.006097 seconds
Start importing Assets/Resources/Maps/Scenes/Scene 11.prefab using Guid(0fc5c50b209897a4ca58f49944ddf2cf) Importer(Primary)  -> (artifact id: '49b953659189e13e69161c380cc9c87d') in 0.006482 seconds
Start importing Assets/Resources/Maps/Scenes/Scene 55.prefab using Guid(3fdbbabf75afae5478cda800710ccd4c) Importer(Primary)  -> (artifact id: '32dea0bef0e7b19982b19d9cf9620766') in 0.006109 seconds
Start importing Assets/Resources/Maps/Scenes/Scene 61.prefab using Guid(5fcf00f523fbf3847a3db85118761fc0) Importer(Primary)  -> (artifact id: 'f09e1ceaa7675a74a3ca4316736b05b3') in 0.006102 seconds
Start importing Assets/Resources/Maps/Scenes/Scene 28.prefab using Guid(6f76727a62c2b414cb49ff230c752754) Importer(Primary)  -> (artifact id: '0867cbe73960dedd706806583c0dee47') in 0.006041 seconds
Start importing Assets/Resources/Maps/Scenes/Scene 3.prefab using Guid(7f92f895e264b7f4492f806a36eddba5) Importer(Primary)  -> (artifact id: '0a9ad44d89a969bdd167358abaa82aa4') in 0.006302 seconds
Start importing Assets/Resources/Maps/Scenes/Scene 78.prefab using Guid(8f8402c8d8e8e644b86d70d351302cd0) Importer(Primary)  -> (artifact id: 'a7c816edd9861b83fdea0076acffd23a') in 0.006254 seconds
Start importing Assets/Resources/Maps/Scenes/Scene 15.prefab using Guid(cf864461eb49fe34f92a68c88f852ad5) Importer(Primary)  -> (artifact id: '0378f611734acb861a870ff93ab686bf') in 0.006297 seconds
Start importing Assets/Resources/Maps/Scenes/Scene 75.prefab using Guid(ef1eb1579b82f214aae0d031fa87a341) Importer(Primary)  -> (artifact id: 'd0a041b0d7f4fbc9fe0fd76afce8ebc5') in 0.006016 seconds
Start importing Assets/Resources/Maps/Scenes/Scene 23.prefab using Guid(ff8139cf0e5806c49bff2906354cf973) Importer(Primary)  -> (artifact id: '85465783384f764a7a6414a616fd9e8d') in 0.006511 seconds
Refreshing native plugins compatible for Editor in 0.33 ms, found 0 plugins.
Preloading 0 native plugins for Editor in 0.00 ms.
Asset Pipeline Refresh (id=ecab790efd868e042be37266e4a16458): Total: 3.145 seconds - Initiated by InitialRefreshV2(ForceSynchronousImport)
	Summary:
		Imports: total=183 (actual=183, local cache=0, cache server=0)
		Asset DB Process Time: managed=10 ms, native=1100 ms
		Asset DB Callback time: managed=32 ms, native=6 ms
		Scripting: domain reloads=1, domain reload time=408 ms, compile time=1579 ms, other=6 ms
		Project Asset Count: scripts=112, non-scripts=285
		Asset File Changes: new=73, changed=77, moved=0, deleted=84
		Scan Filter Count: 0
		OnDemandAssets Count:0
	InvokeBeforeRefreshCallbacks: 0.958ms
	ApplyChangesToAssetFolders: 0.025ms
	Scan: 106.417ms
	OnSourceAssetsModified: 1.895ms
	UnregisterDeletedAssets: 0.195ms
	GetAllGuidsForCategorization: 0.030ms
	CategorizeAssets: 2.114ms
	ImportOutOfDateAssets: 1099.774ms (-1408.398ms without children)
		ImportManagerImport: 927.097ms (21.692ms without children)
			ImportInProcess: 905.011ms
			UpdateCategorizedAssets: 0.395ms
		CompileScripts: 1579.482ms
		ReloadNativeAssets: 0.000ms
		UnloadImportedAssets: 0.068ms
		ReloadImportedAssets: 1.422ms
		EnsureUptoDateAssetsAreRegisteredWithGuidPM: 0.033ms
		InitializingProgressBar: 0.004ms
		PostProcessAllAssetNotificationsAddChangedAssets: 0.000ms
		OnDemandSchedulerStart: 0.065ms
	PostProcessAllAssets: 34.870ms
	Hotreload: 1.168ms
	GatherAllCurrentPrimaryArtifactRevisions: 0.001ms
	UnloadStreamsBegin: 0.197ms
	PersistCurrentRevisions: 0.166ms
	UnloadStreamsEnd: 0.002ms
	GenerateScriptTypeHashes: 0.014ms
	Untracked: 1897.111ms
Application.AssetDatabase Initial Refresh End
Scanning for USB devices : 0.742ms
Initializing Tuanjie extensions:
[Licensing::Client] Successfully send message: {"AuthorizationCheck":"Enep5TlSllGVWA==","messageType":"ProductNameRequest","Value":"unity.DefaultCompany.2DTOOLKIT"} at 1790139853
[Licensing::Client] Successfully receive message: {"responseCode":200,"messageType":"ProductNameResponse"} at 1790139853
[Licensing::Client] Error: ProductNameResponse could not be deserialized
[MODES] ModeService[none].Initialize
[MODES] ModeService[none].LoadModes
[MODES] Loading mode Default (0) for mode-current-id-2DTOOLKIT
Unloading 3 Unused Serialized files (Serialized files now loaded: 0)
Unloading 16 unused Assets / (0.5 MB). Loaded Objects now: 549.
Memory consumption went from 80.9 MB to 80.4 MB.
Total: 2.032000 ms (FindLiveObjects: 0.041900 ms CreateObjectMapping: 0.003200 ms MarkObjects: 1.837500 ms  DeleteObjects: 0.148100 ms)

Start importing Assets/NativeTiles/Tiles using Guid(b1fa6507721e57d47afe8d919d9b8c52) Importer(Primary)  -> (artifact id: '1fd6f09b52abe285571ef409093e7f25') in 0.001801 seconds
Refreshing native plugins compatible for Editor in 0.29 ms, found 0 plugins.
Preloading 0 native plugins for Editor in 0.00 ms.
Asset Pipeline Refresh (id=074273c91f3af0943a04a5a71250f626): Total: 0.045 seconds - Initiated by RefreshV2(NoUpdateAssetOptions)
Start importing Assets/NativeTiles/Textures/Wood_00.png using Guid(7d1e0020a83a10f4f95efcbd2b8b1449) Importer(Primary)  -> (artifact id: 'a4e4c28b8210272e28c79c3917bf2721') in 0.002602 seconds
Refreshing native plugins compatible for Editor in 0.29 ms, found 0 plugins.
Preloading 0 native plugins for Editor in 0.00 ms.
Asset Pipeline Refresh (id=d1d54fb311eb1d14885c3ef394ca428e): Total: 0.010 seconds - Initiated by StopAssetImportingV2(NoUpdateAssetOptions)
Start importing Assets/NativeTiles/Tiles/Wood_00.asset using Guid(a113491ca0873364a89f74c433d9b9ee) Importer(Primary)  -> (artifact id: 'cdae0d3ae8a9580202cc459c1ff76212') in 0.002031 seconds
Refreshing native plugins compatible for Editor in 0.35 ms, found 0 plugins.
Preloading 0 native plugins for Editor in 0.00 ms.
Asset Pipeline Refresh (id=03356924f7d3d9749900b05954721a32): Total: 0.006 seconds - Initiated by StopAssetImportingV2(NoUpdateAssetOptions)
Start importing Assets/NativeTiles/Textures/Wood_01.png using Guid(a8b9d75127b8aae4589478be95924192) Importer(Primary)  -> (artifact id: 'be23f69d95bb01fb18de225b38271bdc') in 0.002043 seconds
Refreshing native plugins compatible for Editor in 0.29 ms, found 0 plugins.
Preloading 0 native plugins for Editor in 0.00 ms.
Asset Pipeline Refresh (id=32462fe720abf44498d08d9bc1976e38): Total: 0.010 seconds - Initiated by StopAssetImportingV2(NoUpdateAssetOptions)
Start importing Assets/NativeTiles/Tiles/Wood_01.asset using Guid(9d64658f84c67774d8b26399689e23f2) Importer(Primary)  -> (artifact id: '4ec4bc696b23420956eed178e1f6adef') in 0.001714 seconds
Refreshing native plugins compatible for Editor in 0.30 ms, found 0 plugins.
Preloading 0 native plugins for Editor in 0.00 ms.
Asset Pipeline Refresh (id=fd3884584738e414db064c7854fef711): Total: 0.005 seconds - Initiated by StopAssetImportingV2(NoUpdateAssetOptions)
Start importing Assets/NativeTiles/Textures/Wood_02.png using Guid(2f5e2586844f54c42b4ff327e8de6e14) Importer(Primary)  -> (artifact id: '1bc364d8ef089a1889eb046bb47b4707') in 0.002240 seconds
Refreshing native plugins compatible for Editor in 0.29 ms, found 0 plugins.
Preloading 0 native plugins for Editor in 0.00 ms.
Asset Pipeline Refresh (id=31753674f4f43a94899938e47b540eaa): Total: 0.009 seconds - Initiated by StopAssetImportingV2(NoUpdateAssetOptions)
Start importing Assets/NativeTiles/Tiles/Wood_02.asset using Guid(cd53b848a6f3f8e4b9f13c61945ad79b) Importer(Primary)  -> (artifact id: 'a244ee37c4ac65a3d19a4e5373632fbb') in 0.001937 seconds
Refreshing native plugins compatible for Editor in 0.29 ms, found 0 plugins.
Preloading 0 native plugins for Editor in 0.00 ms.
Asset Pipeline Refresh (id=74b41b00e7c21ba4db7de80573a92695): Total: 0.006 seconds - Initiated by StopAssetImportingV2(NoUpdateAssetOptions)
Start importing Assets/NativeTiles/Textures/Wood_03.png using Guid(f495f4de22db50b4fadd9d604e2607ca) Importer(Primary)  -> (artifact id: 'f69c69d468ee071e5a8100a2f8abc6d5') in 0.002149 seconds
Refreshing native plugins compatible for Editor in 0.30 ms, found 0 plugins.
Preloading 0 native plugins for Editor in 0.00 ms.
Asset Pipeline Refresh (id=c8f4945adb8de2e4a99d4a2754f17541): Total: 0.010 seconds - Initiated by StopAssetImportingV2(NoUpdateAssetOptions)
Start importing Assets/NativeTiles/Tiles/Wood_03.asset using Guid(c3bcb72229766ae4ba2dd032011e21c9) Importer(Primary)  -> (artifact id: 'e1889874b736dfc13e5d59cd51c6fe0a') in 0.001682 seconds
Refreshing native plugins compatible for Editor in 0.29 ms, found 0 plugins.
Preloading 0 native plugins for Editor in 0.00 ms.
Asset Pipeline Refresh (id=3db41f33fecafd54f8cc9834b694071d): Total: 0.005 seconds - Initiated by StopAssetImportingV2(NoUpdateAssetOptions)
Start importing Assets/NativeTiles/Textures/Wood_04.png using Guid(73e1599e19718eb40bacc8fa9a4fc162) Importer(Primary)  -> (artifact id: '4f1409e840a0198695eccc23721f8a44') in 0.001965 seconds
Refreshing native plugins compatible for Editor in 0.29 ms, found 0 plugins.
Preloading 0 native plugins for Editor in 0.00 ms.
Asset Pipeline Refresh (id=39f16c676d31152498e9ca6146dcad1f): Total: 0.009 seconds - Initiated by StopAssetImportingV2(NoUpdateAssetOptions)
Start importing Assets/NativeTiles/Tiles/Wood_04.asset using Guid(9ed5f97371219c84c80b5b778fd24c21) Importer(Primary)  -> (artifact id: '06b5727d9f89d23bd6038319675ca4e0') in 0.001717 seconds
Refreshing native plugins compatible for Editor in 0.27 ms, found 0 plugins.
Preloading 0 native plugins for Editor in 0.00 ms.
Asset Pipeline Refresh (id=77e03a12db859f64d8a21027fa912fc1): Total: 0.005 seconds - Initiated by StopAssetImportingV2(NoUpdateAssetOptions)
Start importing Assets/NativeTiles/Textures/Wood_05.png using Guid(51edf60195cd7274e93e575b19b9a300) Importer(Primary)  -> (artifact id: '48dead2e230ca49db66ad2409523a703') in 0.002020 seconds
Refreshing native plugins compatible for Editor in 0.31 ms, found 0 plugins.
Preloading 0 native plugins for Editor in 0.00 ms.
Asset Pipeline Refresh (id=f6f9a29ab92cdf14fa70e5c4c1a16bf4): Total: 0.009 seconds - Initiated by StopAssetImportingV2(NoUpdateAssetOptions)
Start importing Assets/NativeTiles/Tiles/Wood_05.asset using Guid(b3c860625dcec2240a1a340272fcf6ed) Importer(Primary)  -> (artifact id: '8b683a9ed5d4ddf3ec8c9f32cbbdd258') in 0.001850 seconds
Refreshing native plugins compatible for Editor in 0.28 ms, found 0 plugins.
Preloading 0 native plugins for Editor in 0.00 ms.
Asset Pipeline Refresh (id=ff5fe1e98cbb9294ca38d46ded3db2b6): Total: 0.006 seconds - Initiated by StopAssetImportingV2(NoUpdateAssetOptions)
Start importing Assets/NativeTiles/Textures/Wood_06.png using Guid(1b230899976f68a4fb238187ceed2f48) Importer(Primary)  -> (artifact id: '93300e9a521d05ddfd7cc479c03c80e8') in 0.001950 seconds
Refreshing native plugins compatible for Editor in 0.27 ms, found 0 plugins.
Preloading 0 native plugins for Editor in 0.00 ms.
Asset Pipeline Refresh (id=16723a2904566b24283193a137027da9): Total: 0.009 seconds - Initiated by StopAssetImportingV2(NoUpdateAssetOptions)
Start importing Assets/NativeTiles/Tiles/Wood_06.asset using Guid(dbcba50179351414baa8c78a08e90fcc) Importer(Primary)  -> (artifact id: '8647f2df1e95f5958607735b1c542e87') in 0.001701 seconds
Refreshing native plugins compatible for Editor in 0.30 ms, found 0 plugins.
Preloading 0 native plugins for Editor in 0.00 ms.
Asset Pipeline Refresh (id=be3aae4f917507e4595eb4c2f6b26293): Total: 0.006 seconds - Initiated by StopAssetImportingV2(NoUpdateAssetOptions)
Start importing Assets/NativeTiles/Textures/Wood_07.png using Guid(c78642e7f6ed0894eab58844e9ee6080) Importer(Primary)  -> (artifact id: 'b8b2f7ad3ce44b4bd7e6c776152925b4') in 0.001860 seconds
Refreshing native plugins compatible for Editor in 0.28 ms, found 0 plugins.
Preloading 0 native plugins for Editor in 0.00 ms.
Asset Pipeline Refresh (id=c1d195771eeefd14fb8831b4ebe10fdf): Total: 0.009 seconds - Initiated by StopAssetImportingV2(NoUpdateAssetOptions)
Start importing Assets/NativeTiles/Tiles/Wood_07.asset using Guid(ac06dc881dc9ffa46b032b444a166d4e) Importer(Primary)  -> (artifact id: 'fec374bba6a5f1930d482fa4a8b3be0d') in 0.001631 seconds
Refreshing native plugins compatible for Editor in 0.28 ms, found 0 plugins.
Preloading 0 native plugins for Editor in 0.00 ms.
Asset Pipeline Refresh (id=db10092cd12b83147b4aca4087bef9db): Total: 0.005 seconds - Initiated by StopAssetImportingV2(NoUpdateAssetOptions)
Start importing Assets/NativeTiles/Textures/Wood_08.png using Guid(0b8ac4aeb87414743b05c701c25a1a6e) Importer(Primary)  -> (artifact id: 'cb7dfc84374f2d98f097bc299c115c9b') in 0.002034 seconds
Refreshing native plugins compatible for Editor in 0.28 ms, found 0 plugins.
Preloading 0 native plugins for Editor in 0.00 ms.
Asset Pipeline Refresh (id=37256410963a10f45959afe048177343): Total: 0.009 seconds - Initiated by StopAssetImportingV2(NoUpdateAssetOptions)
Start importing Assets/NativeTiles/Tiles/Wood_08.asset using Guid(10df900ff80363d4c8c8ae53a56fedee) Importer(Primary)  -> (artifact id: 'e782ed2f09f70a11e461ad8eeb995026') in 0.001754 seconds
Refreshing native plugins compatible for Editor in 0.31 ms, found 0 plugins.
Preloading 0 native plugins for Editor in 0.00 ms.
Asset Pipeline Refresh (id=8cd1f290cdc690b41bdf85afe16ec806): Total: 0.006 seconds - Initiated by StopAssetImportingV2(NoUpdateAssetOptions)
Start importing Assets/NativeTiles/Textures/Wood_09.png using Guid(52e6416ed1d39fe4b9682572948c7b38) Importer(Primary)  -> (artifact id: '63a99d42009472c170caefb45e05c735') in 0.002228 seconds
Refreshing native plugins compatible for Editor in 0.31 ms, found 0 plugins.
Preloading 0 native plugins for Editor in 0.00 ms.
Asset Pipeline Refresh (id=421ce7ad0497bd546b5a89553445e3c6): Total: 0.010 seconds - Initiated by StopAssetImportingV2(NoUpdateAssetOptions)
Start importing Assets/NativeTiles/Tiles/Wood_09.asset using Guid(404d94abdceb3ca4386c78bb51135701) Importer(Primary)  -> (artifact id: 'c83eeefaab7c26a8a175531b3f2aad36') in 0.001762 seconds
Refreshing native plugins compatible for Editor in 0.28 ms, found 0 plugins.
Preloading 0 native plugins for Editor in 0.00 ms.
Asset Pipeline Refresh (id=265db1e291b04a24c866e77e91e085c0): Total: 0.006 seconds - Initiated by StopAssetImportingV2(NoUpdateAssetOptions)
Start importing Assets/NativeTiles/Textures/Wood_10.png using Guid(35985df024e5670439c729226dafccbf) Importer(Primary)  -> (artifact id: '609b2edbd663b8d44c523ca8f101644a') in 0.002210 seconds
Refreshing native plugins compatible for Editor in 0.30 ms, found 0 plugins.
Preloading 0 native plugins for Editor in 0.00 ms.
Asset Pipeline Refresh (id=920fb6efceca6d946b97abd88c0de702): Total: 0.009 seconds - Initiated by StopAssetImportingV2(NoUpdateAssetOptions)
Start importing Assets/NativeTiles/Tiles/Wood_10.asset using Guid(1eee57bfe6803784f8604c6c47bc8929) Importer(Primary)  -> (artifact id: '43e4453baa90ce5cb8025fd307a813b3') in 0.001546 seconds
Refreshing native plugins compatible for Editor in 0.27 ms, found 0 plugins.
Preloading 0 native plugins for Editor in 0.00 ms.
Asset Pipeline Refresh (id=55a9d6a350070f542807a042e9c61326): Total: 0.005 seconds - Initiated by StopAssetImportingV2(NoUpdateAssetOptions)
Start importing Assets/NativeTiles/Textures/Wood_11.png using Guid(149da0097a08bd443bfdea1ef7746b37) Importer(Primary)  -> (artifact id: '847d8ffd977424a182f5ca3105c40195') in 0.001838 seconds
Refreshing native plugins compatible for Editor in 0.29 ms, found 0 plugins.
Preloading 0 native plugins for Editor in 0.00 ms.
Asset Pipeline Refresh (id=618b3ebfc0530bf41af0c529ae32246c): Total: 0.009 seconds - Initiated by StopAssetImportingV2(NoUpdateAssetOptions)
Start importing Assets/NativeTiles/Tiles/Wood_11.asset using Guid(bf48c66ae97981a42b05a55aa800750a) Importer(Primary)  -> (artifact id: 'bbfb07c88b4257558f7c5fa4c8f6386e') in 0.001742 seconds
Refreshing native plugins compatible for Editor in 0.28 ms, found 0 plugins.
Preloading 0 native plugins for Editor in 0.00 ms.
Asset Pipeline Refresh (id=b94ccad74e165ca41a0331e7710b1a11): Total: 0.006 seconds - Initiated by StopAssetImportingV2(NoUpdateAssetOptions)
Start importing Assets/NativeTiles/Textures/Wood_12.png using Guid(0ac8b960d55f93f4b81770523fc706df) Importer(Primary)  -> (artifact id: 'c171bd18cd48008e129874fd005bd434') in 0.002257 seconds
Refreshing native plugins compatible for Editor in 0.28 ms, found 0 plugins.
Preloading 0 native plugins for Editor in 0.00 ms.
Asset Pipeline Refresh (id=2db5697b8bc802141b9dbc216237e584): Total: 0.009 seconds - Initiated by StopAssetImportingV2(NoUpdateAssetOptions)
Start importing Assets/NativeTiles/Tiles/Wood_12.asset using Guid(c451ef80a9f39ba4da5780575af3dc10) Importer(Primary)  -> (artifact id: '42b6caf32de8ec0297028e11eaa0d8a8') in 0.001813 seconds
Refreshing native plugins compatible for Editor in 0.30 ms, found 0 plugins.
Preloading 0 native plugins for Editor in 0.00 ms.
Asset Pipeline Refresh (id=4c67eb71cbf11294b925bcde58087759): Total: 0.006 seconds - Initiated by StopAssetImportingV2(NoUpdateAssetOptions)
Start importing Assets/NativeTiles/Textures/Wood_13.png using Guid(aaf5a1ec56d2e154aa36a6cb6bf0be5f) Importer(Primary)  -> (artifact id: '13b9398dcb801caebca782a830fbcf6e') in 0.002377 seconds
Refreshing native plugins compatible for Editor in 0.30 ms, found 0 plugins.
Preloading 0 native plugins for Editor in 0.00 ms.
Asset Pipeline Refresh (id=2e57acd61be58984dbb752b3088dfa01): Total: 0.013 seconds - Initiated by StopAssetImportingV2(NoUpdateAssetOptions)
Start importing Assets/NativeTiles/Tiles/Wood_13.asset using Guid(e7a927c6a87e8af469184de2075f106a) Importer(Primary)  -> (artifact id: '3d3de89c68773c71bec1f060c144da1f') in 0.001809 seconds
Refreshing native plugins compatible for Editor in 0.34 ms, found 0 plugins.
Preloading 0 native plugins for Editor in 0.00 ms.
Asset Pipeline Refresh (id=b941a743d0d50004ba144b0249a5f6a4): Total: 0.006 seconds - Initiated by StopAssetImportingV2(NoUpdateAssetOptions)
Start importing Assets/NativeTiles/Textures/Wood_14.png using Guid(e3848f197f3f66c4587ead620d10b7da) Importer(Primary)  -> (artifact id: '78a1f293501d77a210ac999091517673') in 0.002178 seconds
Refreshing native plugins compatible for Editor in 0.29 ms, found 0 plugins.
Preloading 0 native plugins for Editor in 0.00 ms.
Asset Pipeline Refresh (id=4b2e77edc84d9954c91b3b1a3f33a803): Total: 0.010 seconds - Initiated by StopAssetImportingV2(NoUpdateAssetOptions)
Start importing Assets/NativeTiles/Tiles/Wood_14.asset using Guid(27bcacd13da0e7f4ba9ce3738b7daf8e) Importer(Primary)  -> (artifact id: '36b50cacbc663d21975f32ad17580fc1') in 0.001860 seconds
Refreshing native plugins compatible for Editor in 0.32 ms, found 0 plugins.
Preloading 0 native plugins for Editor in 0.00 ms.
Asset Pipeline Refresh (id=0a261fb5d4a2e5645aff959c0d421b78): Total: 0.006 seconds - Initiated by StopAssetImportingV2(NoUpdateAssetOptions)
Start importing Assets/NativeTiles/Textures/Wood_15.png using Guid(242325f07b48b4a47af8ff4816f6908f) Importer(Primary)  -> (artifact id: '23a1d2106c3522bd04ba9722c5982e43') in 0.002259 seconds
Refreshing native plugins compatible for Editor in 0.28 ms, found 0 plugins.
Preloading 0 native plugins for Editor in 0.00 ms.
Asset Pipeline Refresh (id=45573f4b6bd78db4396b0fa160e7cc04): Total: 0.010 seconds - Initiated by StopAssetImportingV2(NoUpdateAssetOptions)
Start importing Assets/NativeTiles/Tiles/Wood_15.asset using Guid(c00eeb5d18bd3014f84a5f94b824fcaa) Importer(Primary)  -> (artifact id: '830980f3f46c74a6429602d96bdfc123') in 0.001878 seconds
Refreshing native plugins compatible for Editor in 0.28 ms, found 0 plugins.
Preloading 0 native plugins for Editor in 0.00 ms.
Asset Pipeline Refresh (id=b84b44dda950bb040844ce5036ced57a): Total: 0.006 seconds - Initiated by StopAssetImportingV2(NoUpdateAssetOptions)
Start importing Assets/NativeTiles/Textures/Wood_16.png using Guid(89dbb3e9dcd497c4d830995e1751937f) Importer(Primary)  -> (artifact id: '6879644d9ddb32416ee7e277daeae50c') in 0.002338 seconds
Refreshing native plugins compatible for Editor in 0.28 ms, found 0 plugins.
Preloading 0 native plugins for Editor in 0.00 ms.
Asset Pipeline Refresh (id=f7673de43162b994fa0469ead347e33e): Total: 0.010 seconds - Initiated by StopAssetImportingV2(NoUpdateAssetOptions)
Start importing Assets/NativeTiles/Tiles/Wood_16.asset using Guid(e70520bc3d39d6b439c87e5ef7dce996) Importer(Primary)  -> (artifact id: '0f07d789f4073aeea3bedae45310cc2b') in 0.001976 seconds
Refreshing native plugins compatible for Editor in 0.31 ms, found 0 plugins.
Preloading 0 native plugins for Editor in 0.00 ms.
Asset Pipeline Refresh (id=43b42446a561ba240bbf066ca1231fa2): Total: 0.006 seconds - Initiated by StopAssetImportingV2(NoUpdateAssetOptions)
Start importing Assets/NativeTiles/Textures/Wood_17.png using Guid(5ed9d48ceac644d4f814391957d91c25) Importer(Primary)  -> (artifact id: 'f5c9da0acb714660b7e6dbeef24b0792') in 0.002083 seconds
Refreshing native plugins compatible for Editor in 0.32 ms, found 0 plugins.
Preloading 0 native plugins for Editor in 0.00 ms.
Asset Pipeline Refresh (id=c94e9dedb4afa5f469733df042c5f076): Total: 0.009 seconds - Initiated by StopAssetImportingV2(NoUpdateAssetOptions)
Start importing Assets/NativeTiles/Tiles/Wood_17.asset using Guid(dcc4e1a9725a8074c88e06f97514c8aa) Importer(Primary)  -> (artifact id: '77760683748e122cd860cdf6c88b6832') in 0.001578 seconds
Refreshing native plugins compatible for Editor in 0.29 ms, found 0 plugins.
Preloading 0 native plugins for Editor in 0.00 ms.
Asset Pipeline Refresh (id=c20d0555e8247ff4c861cf14b0ef0ad9): Total: 0.006 seconds - Initiated by StopAssetImportingV2(NoUpdateAssetOptions)
Start importing Assets/NativeTiles/Textures/Wood_18.png using Guid(95a2a71bf95a6d44183614bfc97766b1) Importer(Primary)  -> (artifact id: 'c339e7954dc6e30f8141001bafa8e423') in 0.002362 seconds
Refreshing native plugins compatible for Editor in 0.29 ms, found 0 plugins.
Preloading 0 native plugins for Editor in 0.00 ms.
Asset Pipeline Refresh (id=7874adcf356cfa047a3567c632d328b4): Total: 0.010 seconds - Initiated by StopAssetImportingV2(NoUpdateAssetOptions)
Start importing Assets/NativeTiles/Tiles/Wood_18.asset using Guid(c2e2027ad6b4c0143a904f5e2575ea4b) Importer(Primary)  -> (artifact id: '7c4cfac02d03404c76363cb46b6951ae') in 0.001882 seconds
Refreshing native plugins compatible for Editor in 0.28 ms, found 0 plugins.
Preloading 0 native plugins for Editor in 0.00 ms.
Asset Pipeline Refresh (id=501ee721feb7fcf4fb9096c9711f6d23): Total: 0.006 seconds - Initiated by StopAssetImportingV2(NoUpdateAssetOptions)
Start importing Assets/NativeTiles/Textures/Wood_19.png using Guid(9b934a3430a2f1d4595cb69d7c4821c7) Importer(Primary)  -> (artifact id: '507b26cc60f51613f10aa83a4f116637') in 0.002092 seconds
Refreshing native plugins compatible for Editor in 0.31 ms, found 0 plugins.
Preloading 0 native plugins for Editor in 0.00 ms.
Asset Pipeline Refresh (id=7a5a35cf1305e0b43a8cac7facd3fb55): Total: 0.010 seconds - Initiated by StopAssetImportingV2(NoUpdateAssetOptions)
Start importing Assets/NativeTiles/Tiles/Wood_19.asset using Guid(02bd05601186547408f10d34a0aebaf2) Importer(Primary)  -> (artifact id: '1a759e1b775a32aa7887202783ae35a9') in 0.001644 seconds
Refreshing native plugins compatible for Editor in 0.29 ms, found 0 plugins.
Preloading 0 native plugins for Editor in 0.00 ms.
Asset Pipeline Refresh (id=173ff1e472e469142a8b724ef00ec47f): Total: 0.006 seconds - Initiated by StopAssetImportingV2(NoUpdateAssetOptions)
Start importing Assets/NativeTiles/Textures/Wood_20.png using Guid(63f0158081732744fb99903935378ef5) Importer(Primary)  -> (artifact id: '7a861cb48ecd32d8be4b84a817e11464') in 0.002033 seconds
Refreshing native plugins compatible for Editor in 0.34 ms, found 0 plugins.
Preloading 0 native plugins for Editor in 0.00 ms.
Asset Pipeline Refresh (id=cabd3bf06144e214694955fed3ca4ba6): Total: 0.009 seconds - Initiated by StopAssetImportingV2(NoUpdateAssetOptions)
Start importing Assets/NativeTiles/Tiles/Wood_20.asset using Guid(6603775feaca1b646b3912c0230d54c2) Importer(Primary)  -> (artifact id: '6d75e220e45c6b673f97197496e36b47') in 0.001635 seconds
Refreshing native plugins compatible for Editor in 0.28 ms, found 0 plugins.
Preloading 0 native plugins for Editor in 0.00 ms.
Asset Pipeline Refresh (id=49a59033da94e524a8735721491aa676): Total: 0.005 seconds - Initiated by StopAssetImportingV2(NoUpdateAssetOptions)
Start importing Assets/NativeTiles/Textures/Wood_21.png using Guid(f651382875b5fdf4aa38edde6b082c47) Importer(Primary)  -> (artifact id: '65eec9ac3123b4468060141fa962b95f') in 0.002076 seconds
Refreshing native plugins compatible for Editor in 0.27 ms, found 0 plugins.
Preloading 0 native plugins for Editor in 0.00 ms.
Asset Pipeline Refresh (id=8bbeeeec0cbccc2488c53074ee378986): Total: 0.009 seconds - Initiated by StopAssetImportingV2(NoUpdateAssetOptions)
Start importing Assets/NativeTiles/Tiles/Wood_21.asset using Guid(f24c7ca42e5b0df42956906a6af640ad) Importer(Primary)  -> (artifact id: '61ea65669ce3e46a10458d313398d887') in 0.001637 seconds
Refreshing native plugins compatible for Editor in 0.32 ms, found 0 plugins.
Preloading 0 native plugins for Editor in 0.00 ms.
Asset Pipeline Refresh (id=4bb2bc3635f49184097a09b42500c515): Total: 0.006 seconds - Initiated by StopAssetImportingV2(NoUpdateAssetOptions)
Start importing Assets/NativeTiles/Textures/Wood_22.png using Guid(cfeb9648f1b84684aaca3a939f49db60) Importer(Primary)  -> (artifact id: 'bb79d76897f5879654795d2c7e14c678') in 0.001902 seconds
Refreshing native plugins compatible for Editor in 0.28 ms, found 0 plugins.
Preloading 0 native plugins for Editor in 0.00 ms.
Asset Pipeline Refresh (id=88d72d6002fa2494a9171909dcf8aa5c): Total: 0.009 seconds - Initiated by StopAssetImportingV2(NoUpdateAssetOptions)
Start importing Assets/NativeTiles/Tiles/Wood_22.asset using Guid(0a676cb0d5f85f049b996302f2ead98d) Importer(Primary)  -> (artifact id: 'd896b55172c279d0ff17ddedd9d3b8a0') in 0.001572 seconds
Refreshing native plugins compatible for Editor in 0.31 ms, found 0 plugins.
Preloading 0 native plugins for Editor in 0.00 ms.
Asset Pipeline Refresh (id=fd8c89e99dbdba24e9afdf0bd403e348): Total: 0.005 seconds - Initiated by StopAssetImportingV2(NoUpdateAssetOptions)
Start importing Assets/NativeTiles/Textures/Wood_23.png using Guid(8109f50b40a079a4faa2ed04c93f87c3) Importer(Primary)  -> (artifact id: '4347328d85a66099a47db8ac68fde302') in 0.002207 seconds
Refreshing native plugins compatible for Editor in 0.29 ms, found 0 plugins.
Preloading 0 native plugins for Editor in 0.00 ms.
Asset Pipeline Refresh (id=11e56ce548e8df343b658a6d2c419565): Total: 0.009 seconds - Initiated by StopAssetImportingV2(NoUpdateAssetOptions)
Start importing Assets/NativeTiles/Tiles/Wood_23.asset using Guid(ea14d9fb2036dd34d86b1a37f412dd52) Importer(Primary)  -> (artifact id: '021bdc10a8cba56024475ec2d4d40876') in 0.001718 seconds
Refreshing native plugins compatible for Editor in 0.28 ms, found 0 plugins.
Preloading 0 native plugins for Editor in 0.00 ms.
Asset Pipeline Refresh (id=f062dde06fef54d46a18547d79a9dc69): Total: 0.006 seconds - Initiated by StopAssetImportingV2(NoUpdateAssetOptions)
Start importing Assets/NativeTiles/Textures/Wood_24.png using Guid(c250fc274d93a2f4e9e9a60be04421d9) Importer(Primary)  -> (artifact id: '6e34481923c8ec66d6365ba8b409ac4a') in 0.002210 seconds
Refreshing native plugins compatible for Editor in 0.32 ms, found 0 plugins.
Preloading 0 native plugins for Editor in 0.00 ms.
Asset Pipeline Refresh (id=19815ff566f040240966f4b0d1ae5143): Total: 0.009 seconds - Initiated by StopAssetImportingV2(NoUpdateAssetOptions)
Start importing Assets/NativeTiles/Tiles/Wood_24.asset using Guid(e4d51ee6f85b32544997a9df54e75106) Importer(Primary)  -> (artifact id: '4b6ba2c3ffa26540a8e4d47d3d9de879') in 0.001580 seconds
Refreshing native plugins compatible for Editor in 0.30 ms, found 0 plugins.
Preloading 0 native plugins for Editor in 0.00 ms.
Asset Pipeline Refresh (id=51a925abd7ea10b4f9e452bf244a6952): Total: 0.006 seconds - Initiated by StopAssetImportingV2(NoUpdateAssetOptions)
Start importing Assets/NativeTiles/Textures/Wood_25.png using Guid(91f873862f55c9249993a0ab16a9c6ea) Importer(Primary)  -> (artifact id: '4cba8fa2943388df2c12dacdc7ecdfe8') in 0.002371 seconds
Refreshing native plugins compatible for Editor in 0.28 ms, found 0 plugins.
Preloading 0 native plugins for Editor in 0.00 ms.
Asset Pipeline Refresh (id=2cad5a908af7edb409c1370307b4b42f): Total: 0.010 seconds - Initiated by StopAssetImportingV2(NoUpdateAssetOptions)
Start importing Assets/NativeTiles/Tiles/Wood_25.asset using Guid(0f8eb25ab2bfffd46b002c890395fc80) Importer(Primary)  -> (artifact id: 'b7bf40faa419e86260edcc7800a10953') in 0.001682 seconds
Refreshing native plugins compatible for Editor in 0.28 ms, found 0 plugins.
Preloading 0 native plugins for Editor in 0.00 ms.
Asset Pipeline Refresh (id=d698fe6ac2856ca4785d4111d70e4c54): Total: 0.006 seconds - Initiated by StopAssetImportingV2(NoUpdateAssetOptions)
Start importing Assets/NativeTiles/Textures/Wood_26.png using Guid(9275b59f96dfaf94a8618b8fb3ab6a51) Importer(Primary)  -> (artifact id: 'ac80d255a12ab61cffef966db308dd67') in 0.002085 seconds
Refreshing native plugins compatible for Editor in 0.28 ms, found 0 plugins.
Preloading 0 native plugins for Editor in 0.00 ms.
Asset Pipeline Refresh (id=648e25e3112393747ad1602a856ed7c6): Total: 0.009 seconds - Initiated by StopAssetImportingV2(NoUpdateAssetOptions)
Start importing Assets/NativeTiles/Tiles/Wood_26.asset using Guid(1b8996b338f9cc14a93df9b2204b48d6) Importer(Primary)  -> (artifact id: 'cdb760c738144d92494de3a2e5400a33') in 0.001525 seconds
Refreshing native plugins compatible for Editor in 0.31 ms, found 0 plugins.
Preloading 0 native plugins for Editor in 0.00 ms.
Asset Pipeline Refresh (id=27114e99316dc6446a07f400f04134d8): Total: 0.005 seconds - Initiated by StopAssetImportingV2(NoUpdateAssetOptions)
Start importing Assets/NativeTiles/Textures/Wood_27.png using Guid(70d781321e674314cac3e832c9a2836d) Importer(Primary)  -> (artifact id: '509784fde0115fff308a9ad3253ee43b') in 0.002374 seconds
Refreshing native plugins compatible for Editor in 0.31 ms, found 0 plugins.
Preloading 0 native plugins for Editor in 0.00 ms.
Asset Pipeline Refresh (id=17718d00f67d0ce4aa31c0c2f4155c9e): Total: 0.010 seconds - Initiated by StopAssetImportingV2(NoUpdateAssetOptions)
Start importing Assets/NativeTiles/Tiles/Wood_27.asset using Guid(c658816e121e7834ca7a14606ccbd731) Importer(Primary)  -> (artifact id: '3ab55f546983507bff3e0e6daf34a37f') in 0.001879 seconds
Refreshing native plugins compatible for Editor in 0.32 ms, found 0 plugins.
Preloading 0 native plugins for Editor in 0.00 ms.
Asset Pipeline Refresh (id=12fc45fb825c88d4f8e699745dc63d5e): Total: 0.006 seconds - Initiated by StopAssetImportingV2(NoUpdateAssetOptions)
Start importing Assets/NativeTiles/Textures/Wood_28.png using Guid(5d30f8523d9bc3147b7bc564d3864722) Importer(Primary)  -> (artifact id: '0bb3a51b4f141e5509106e8e01cf8ab4') in 0.002308 seconds
Refreshing native plugins compatible for Editor in 0.28 ms, found 0 plugins.
Preloading 0 native plugins for Editor in 0.00 ms.
Asset Pipeline Refresh (id=513b11c3d7dd2f84db3a9ab1112e2360): Total: 0.010 seconds - Initiated by StopAssetImportingV2(NoUpdateAssetOptions)
Start importing Assets/NativeTiles/Tiles/Wood_28.asset using Guid(f7c2b801afdd81749850fe3d5ef29a5f) Importer(Primary)  -> (artifact id: '1f5b20c1d5fe4dc1bf5eb5b4baf14224') in 0.001828 seconds
Refreshing native plugins compatible for Editor in 0.28 ms, found 0 plugins.
Preloading 0 native plugins for Editor in 0.00 ms.
Asset Pipeline Refresh (id=69e5caab61c6d7b439928d31f56da72d): Total: 0.006 seconds - Initiated by StopAssetImportingV2(NoUpdateAssetOptions)
Start importing Assets/NativeTiles/Textures/Wood_29.png using Guid(66757f8b889ed04498a2565ec24ed9e3) Importer(Primary)  -> (artifact id: '8d49bc00a88f08cff741f9b1ddf2c518') in 0.002121 seconds
Refreshing native plugins compatible for Editor in 0.30 ms, found 0 plugins.
Preloading 0 native plugins for Editor in 0.00 ms.
Asset Pipeline Refresh (id=1d4fdb8fc235b75479837bdc1009df10): Total: 0.009 seconds - Initiated by StopAssetImportingV2(NoUpdateAssetOptions)
Start importing Assets/NativeTiles/Tiles/Wood_29.asset using Guid(8744caec750865a41817d3d004b647a3) Importer(Primary)  -> (artifact id: '5b0854bd878f9b88ccaf9917bf7238fd') in 0.001769 seconds
Refreshing native plugins compatible for Editor in 0.31 ms, found 0 plugins.
Preloading 0 native plugins for Editor in 0.00 ms.
Asset Pipeline Refresh (id=52a7efdfc42ed204297b4eef962ccc71): Total: 0.006 seconds - Initiated by StopAssetImportingV2(NoUpdateAssetOptions)
Start importing Assets/NativeTiles/Textures/Wood_30.png using Guid(42716643ce430374a8cfdc9970717148) Importer(Primary)  -> (artifact id: '1f795d44e7bc5b5602345e8429c87d6b') in 0.002583 seconds
Refreshing native plugins compatible for Editor in 0.28 ms, found 0 plugins.
Preloading 0 native plugins for Editor in 0.00 ms.
Asset Pipeline Refresh (id=4eba0d088af9e8548a5461c0c130d3b7): Total: 0.010 seconds - Initiated by StopAssetImportingV2(NoUpdateAssetOptions)
Start importing Assets/NativeTiles/Tiles/Wood_30.asset using Guid(7d8686f91ea609b41af3aa7d651b6325) Importer(Primary)  -> (artifact id: 'b0ae18d4281d59f36b41f3809bebfc4f') in 0.001568 seconds
Refreshing native plugins compatible for Editor in 0.31 ms, found 0 plugins.
Preloading 0 native plugins for Editor in 0.00 ms.
Asset Pipeline Refresh (id=8ea85e7f9703b9f4e8e545b8dfce48bf): Total: 0.006 seconds - Initiated by StopAssetImportingV2(NoUpdateAssetOptions)
Start importing Assets/NativeTiles/Textures/Wood_31.png using Guid(99e8f342f49b94e40ab68bfeb09c35f7) Importer(Primary)  -> (artifact id: '0249c3cbaf50d6159c1f466e9a23f0c7') in 0.002080 seconds
Refreshing native plugins compatible for Editor in 0.28 ms, found 0 plugins.
Preloading 0 native plugins for Editor in 0.00 ms.
Asset Pipeline Refresh (id=e824baea6cc35f64f833278fa0c49a2d): Total: 0.009 seconds - Initiated by StopAssetImportingV2(NoUpdateAssetOptions)
Start importing Assets/NativeTiles/Tiles/Wood_31.asset using Guid(8811784411821ef47850d57206c1c4c2) Importer(Primary)  -> (artifact id: 'f37050b498c218ffe9c33516c6f304a3') in 0.001699 seconds
Refreshing native plugins compatible for Editor in 0.28 ms, found 0 plugins.
Preloading 0 native plugins for Editor in 0.00 ms.
Asset Pipeline Refresh (id=914a91cbf323396449dc2f489e06593a): Total: 0.006 seconds - Initiated by StopAssetImportingV2(NoUpdateAssetOptions)
Start importing Assets/NativeTiles/Textures/Wood_32.png using Guid(0f30b4363e26b924e8ae729a9ed21e87) Importer(Primary)  -> (artifact id: '1d1757b7451062525ab6fd70b7b99656') in 0.002140 seconds
Refreshing native plugins compatible for Editor in 0.28 ms, found 0 plugins.
Preloading 0 native plugins for Editor in 0.00 ms.
Asset Pipeline Refresh (id=97a446349a8f3a9439e6fe7a0ca60857): Total: 0.010 seconds - Initiated by StopAssetImportingV2(NoUpdateAssetOptions)
Start importing Assets/NativeTiles/Tiles/Wood_32.asset using Guid(c951e4905c9f90848ae3808d6ee3feb5) Importer(Primary)  -> (artifact id: '40b6b0efd1ca6f14365b1e90f6e4d21b') in 0.001691 seconds
Refreshing native plugins compatible for Editor in 0.28 ms, found 0 plugins.
Preloading 0 native plugins for Editor in 0.00 ms.
Asset Pipeline Refresh (id=bdc4b73eaa3cebf4d9393549430f6e30): Total: 0.006 seconds - Initiated by StopAssetImportingV2(NoUpdateAssetOptions)
Start importing Assets/NativeTiles/Textures/Wood_33.png using Guid(fc0431e1ddb917242943e9eb362f3682) Importer(Primary)  -> (artifact id: 'ba0f09bfe1e308ea6cd9f07603fdd9e4') in 0.001907 seconds
Refreshing native plugins compatible for Editor in 0.28 ms, found 0 plugins.
Preloading 0 native plugins for Editor in 0.00 ms.
Asset Pipeline Refresh (id=08fce413b592b6649b3d21520c99f252): Total: 0.009 seconds - Initiated by StopAssetImportingV2(NoUpdateAssetOptions)
Start importing Assets/NativeTiles/Tiles/Wood_33.asset using Guid(acb08f0019c636d47a6be03a1266ed90) Importer(Primary)  -> (artifact id: '13dae69d70154e2b7fe80b8c5207ee5a') in 0.001891 seconds
Refreshing native plugins compatible for Editor in 0.28 ms, found 0 plugins.
Preloading 0 native plugins for Editor in 0.00 ms.
Asset Pipeline Refresh (id=9903e48ee4b6a0f49aa9b842a013c243): Total: 0.006 seconds - Initiated by StopAssetImportingV2(NoUpdateAssetOptions)
Start importing Assets/NativeTiles/Textures/Wood_34.png using Guid(6b42f276b39973b458ee550c703378bf) Importer(Primary)  -> (artifact id: '66503cbcda1d0c9337cf597c74965f6d') in 0.002289 seconds
Refreshing native plugins compatible for Editor in 0.29 ms, found 0 plugins.
Preloading 0 native plugins for Editor in 0.00 ms.
Asset Pipeline Refresh (id=3cf60d15344db5f4998531115b93fd65): Total: 0.010 seconds - Initiated by StopAssetImportingV2(NoUpdateAssetOptions)
Start importing Assets/NativeTiles/Tiles/Wood_34.asset using Guid(80ff9565242dad645a7df3d8ee473bd9) Importer(Primary)  -> (artifact id: '133e5ccc9f55d0e875c44303c705cde5') in 0.001568 seconds
Refreshing native plugins compatible for Editor in 0.31 ms, found 0 plugins.
Preloading 0 native plugins for Editor in 0.00 ms.
Asset Pipeline Refresh (id=9748f9ff26a5b9a43a1fe19f8cb4054f): Total: 0.006 seconds - Initiated by StopAssetImportingV2(NoUpdateAssetOptions)
Start importing Assets/NativeTiles/Textures/Wood_35.png using Guid(aa83faccf0485d64aa937cdd3b903b2e) Importer(Primary)  -> (artifact id: '243a62dbe912942a28c8be7da1a0ffde') in 0.002139 seconds
Refreshing native plugins compatible for Editor in 0.32 ms, found 0 plugins.
Preloading 0 native plugins for Editor in 0.00 ms.
Asset Pipeline Refresh (id=4a71d19d384e5c244bfb45a71fcadc39): Total: 0.009 seconds - Initiated by StopAssetImportingV2(NoUpdateAssetOptions)
Start importing Assets/NativeTiles/Tiles/Wood_35.asset using Guid(220c45661e8bcaa41925635374659c9d) Importer(Primary)  -> (artifact id: 'bf937d5d90816d7675cdb7b590d0bed0') in 0.001633 seconds
Refreshing native plugins compatible for Editor in 0.31 ms, found 0 plugins.
Preloading 0 native plugins for Editor in 0.00 ms.
Asset Pipeline Refresh (id=c3d2c754269d42f49b5521ff020b0ecc): Total: 0.006 seconds - Initiated by StopAssetImportingV2(NoUpdateAssetOptions)
Start importing Assets/NativeTiles/Textures/Wood_36.png using Guid(e748172a4f9510a438f33257acb2649a) Importer(Primary)  -> (artifact id: '502727f5df3539ea0a865a63712418e4') in 0.002364 seconds
Refreshing native plugins compatible for Editor in 0.28 ms, found 0 plugins.
Preloading 0 native plugins for Editor in 0.00 ms.
Asset Pipeline Refresh (id=d2c959d6fa1dc7b4bbc57f49bd5c1382): Total: 0.009 seconds - Initiated by StopAssetImportingV2(NoUpdateAssetOptions)
Start importing Assets/NativeTiles/Tiles/Wood_36.asset using Guid(18227d59acb93074aabe67160cbced15) Importer(Primary)  -> (artifact id: '1d564186cbfa2457e3dceaf7a4e86f70') in 0.001691 seconds
Refreshing native plugins compatible for Editor in 0.28 ms, found 0 plugins.
Preloading 0 native plugins for Editor in 0.00 ms.
Asset Pipeline Refresh (id=8332426392c2fd247b067978cbcff8da): Total: 0.006 seconds - Initiated by StopAssetImportingV2(NoUpdateAssetOptions)
Start importing Assets/NativeTiles/Textures/Wood_37.png using Guid(134f69aea3af9f544b1c9d8cf3dfb5b6) Importer(Primary)  -> (artifact id: 'fd61951b317e90c0a2210d0fe2d583c8') in 0.002152 seconds
Refreshing native plugins compatible for Editor in 0.28 ms, found 0 plugins.
Preloading 0 native plugins for Editor in 0.00 ms.
Asset Pipeline Refresh (id=a775288edcd271e4a904cfa383cef754): Total: 0.009 seconds - Initiated by StopAssetImportingV2(NoUpdateAssetOptions)
Start importing Assets/NativeTiles/Tiles/Wood_37.asset using Guid(2ec45ee10f53f7048b84397f4360f0da) Importer(Primary)  -> (artifact id: '3686d36db49dab264b976d8f7ce086f5') in 0.001555 seconds
Refreshing native plugins compatible for Editor in 0.27 ms, found 0 plugins.
Preloading 0 native plugins for Editor in 0.00 ms.
Asset Pipeline Refresh (id=f980dcdc96890764890f5790fc798e13): Total: 0.006 seconds - Initiated by StopAssetImportingV2(NoUpdateAssetOptions)
Start importing Assets/NativeTiles/Textures/Wood_38.png using Guid(56890d1b92403ec43a9d41c0d109d4ae) Importer(Primary)  -> (artifact id: 'd2c041a355482a0f958b0bb91c4cb89d') in 0.001970 seconds
Refreshing native plugins compatible for Editor in 0.29 ms, found 0 plugins.
Preloading 0 native plugins for Editor in 0.00 ms.
Asset Pipeline Refresh (id=af7ce7d987ead8644b261e6cbb717c72): Total: 0.010 seconds - Initiated by StopAssetImportingV2(NoUpdateAssetOptions)
Start importing Assets/NativeTiles/Tiles/Wood_38.asset using Guid(5a07f3d0536465e4bbf95a2e0ac70be7) Importer(Primary)  -> (artifact id: 'dc56dbbbedb97a40f09b752650c04b5b') in 0.001941 seconds
Refreshing native plugins compatible for Editor in 0.28 ms, found 0 plugins.
Preloading 0 native plugins for Editor in 0.00 ms.
Asset Pipeline Refresh (id=b3adc957e2ed95f4f933ba4f37715cea): Total: 0.006 seconds - Initiated by StopAssetImportingV2(NoUpdateAssetOptions)
Start importing Assets/NativeTiles/Textures/Wood_39.png using Guid(b05d8d6873ebe6149857562ed402aea2) Importer(Primary)  -> (artifact id: '88a2800c2eac9b4a8edaf77478f9660b') in 0.002081 seconds
Refreshing native plugins compatible for Editor in 0.32 ms, found 0 plugins.
Preloading 0 native plugins for Editor in 0.00 ms.
Asset Pipeline Refresh (id=dcd45e0b2f4237949b7a95a5257c273d): Total: 0.009 seconds - Initiated by StopAssetImportingV2(NoUpdateAssetOptions)
Start importing Assets/NativeTiles/Tiles/Wood_39.asset using Guid(41e99067a1d116a4f822358082f1a2e9) Importer(Primary)  -> (artifact id: '7a4225dca05a52a0409740196ccd6a2c') in 0.001623 seconds
Refreshing native plugins compatible for Editor in 0.30 ms, found 0 plugins.
Preloading 0 native plugins for Editor in 0.00 ms.
Asset Pipeline Refresh (id=e691183301c2831438320e67d74f5650): Total: 0.006 seconds - Initiated by StopAssetImportingV2(NoUpdateAssetOptions)
Start importing Assets/NativeTiles/Textures/Wood_40.png using Guid(ed51aa2df9a8d3f4e9d5835096a935e6) Importer(Primary)  -> (artifact id: '511e96db1271cd9325f8c479ad3e7d65') in 0.001882 seconds
Refreshing native plugins compatible for Editor in 0.27 ms, found 0 plugins.
Preloading 0 native plugins for Editor in 0.00 ms.
Asset Pipeline Refresh (id=f625d14e46a555440ba0da0072ff7149): Total: 0.009 seconds - Initiated by StopAssetImportingV2(NoUpdateAssetOptions)
Start importing Assets/NativeTiles/Tiles/Wood_40.asset using Guid(999c6de54d1013c4b880b78d52787f80) Importer(Primary)  -> (artifact id: 'dae6e5d6d33cc1140616dc1c59e9c9a7') in 0.001571 seconds
Refreshing native plugins compatible for Editor in 0.31 ms, found 0 plugins.
Preloading 0 native plugins for Editor in 0.00 ms.
Asset Pipeline Refresh (id=da0d397f17b70354f8b38df571c26b94): Total: 0.006 seconds - Initiated by StopAssetImportingV2(NoUpdateAssetOptions)
Start importing Assets/NativeTiles/Textures/Wood_41.png using Guid(d8847ec9acb9be44199445a7350fc74e) Importer(Primary)  -> (artifact id: '0e03b59ac2b0580634fdb20155de2407') in 0.002167 seconds
Refreshing native plugins compatible for Editor in 0.27 ms, found 0 plugins.
Preloading 0 native plugins for Editor in 0.00 ms.
Asset Pipeline Refresh (id=9d0ca60f43c610f4ca80c4ab08cba5e4): Total: 0.009 seconds - Initiated by StopAssetImportingV2(NoUpdateAssetOptions)
Start importing Assets/NativeTiles/Tiles/Wood_41.asset using Guid(780ebcea4eaee654e8a101bd628be90f) Importer(Primary)  -> (artifact id: '46655ff281f82ad823d8743de7a9368a') in 0.001478 seconds
Refreshing native plugins compatible for Editor in 0.38 ms, found 0 plugins.
Preloading 0 native plugins for Editor in 0.00 ms.
Asset Pipeline Refresh (id=9f6a4f7027787564a82e742ff6ddfdc3): Total: 0.005 seconds - Initiated by StopAssetImportingV2(NoUpdateAssetOptions)
Start importing Assets/NativeTiles/Textures/Wood_42.png using Guid(eb1c386b9f5d68a4684e90af4ccdd78c) Importer(Primary)  -> (artifact id: '49a41e7f75e014492e8ccc4a75749885') in 0.002018 seconds
Refreshing native plugins compatible for Editor in 0.33 ms, found 0 plugins.
Preloading 0 native plugins for Editor in 0.00 ms.
Asset Pipeline Refresh (id=489f969fdd8f9194a8f1f4cddfe74f36): Total: 0.009 seconds - Initiated by StopAssetImportingV2(NoUpdateAssetOptions)
Start importing Assets/NativeTiles/Tiles/Wood_42.asset using Guid(9e640792df2f530409df50b253d851c0) Importer(Primary)  -> (artifact id: 'b3d2753cef56323bc6cbd8cdf4c9718c') in 0.001934 seconds
Refreshing native plugins compatible for Editor in 0.33 ms, found 0 plugins.
Preloading 0 native plugins for Editor in 0.00 ms.
Asset Pipeline Refresh (id=48a138162a8c17e44b643d85987a5c82): Total: 0.006 seconds - Initiated by StopAssetImportingV2(NoUpdateAssetOptions)
Start importing Assets/NativeTiles/Textures/Wood_43.png using Guid(23909231b223caa4e8565411f772303e) Importer(Primary)  -> (artifact id: '6fdb8bef73d30a74324b5acdf8d26524') in 0.001977 seconds
Refreshing native plugins compatible for Editor in 0.29 ms, found 0 plugins.
Preloading 0 native plugins for Editor in 0.00 ms.
Asset Pipeline Refresh (id=58dd70bbb15a7464eaa81546bb01bcf7): Total: 0.009 seconds - Initiated by StopAssetImportingV2(NoUpdateAssetOptions)
Start importing Assets/NativeTiles/Tiles/Wood_43.asset using Guid(6f2d4334fa6bb4d43888e5e9b1c1bbb2) Importer(Primary)  -> (artifact id: 'edec6ff14a506fd2755ebf20f0424a32') in 0.001698 seconds
Refreshing native plugins compatible for Editor in 0.27 ms, found 0 plugins.
Preloading 0 native plugins for Editor in 0.00 ms.
Asset Pipeline Refresh (id=68ddfde7ca31c8647a771919ead7cc9d): Total: 0.005 seconds - Initiated by StopAssetImportingV2(NoUpdateAssetOptions)
Start importing Assets/NativeTiles/Textures/Wood_44.png using Guid(6424edaf29ae17349927514106a907b0) Importer(Primary)  -> (artifact id: '63cbb520b48dc0d2f732183604b7a738') in 0.002243 seconds
Refreshing native plugins compatible for Editor in 0.27 ms, found 0 plugins.
Preloading 0 native plugins for Editor in 0.00 ms.
Asset Pipeline Refresh (id=a0ce3f63176e36840a70bd58d088335d): Total: 0.010 seconds - Initiated by StopAssetImportingV2(NoUpdateAssetOptions)
Start importing Assets/NativeTiles/Tiles/Wood_44.asset using Guid(0a961ef9eb518fb41b9cc67a30369bc8) Importer(Primary)  -> (artifact id: '48fe8774b5abd4e5bc8aec0ccaf7ab33') in 0.001860 seconds
Refreshing native plugins compatible for Editor in 0.63 ms, found 0 plugins.
Preloading 0 native plugins for Editor in 0.00 ms.
Asset Pipeline Refresh (id=f76a8da8885b62b4cb0752eb5b0da789): Total: 0.006 seconds - Initiated by StopAssetImportingV2(NoUpdateAssetOptions)
Start importing Assets/NativeTiles/Textures/Wood_45.png using Guid(ae8e258381c9572439ae79e4831c66b6) Importer(Primary)  -> (artifact id: 'd1362261a93e599b4cd9110830698200') in 0.002035 seconds
Refreshing native plugins compatible for Editor in 0.28 ms, found 0 plugins.
Preloading 0 native plugins for Editor in 0.00 ms.
Asset Pipeline Refresh (id=a01cfafe6cccf2340924ffe40da9133f): Total: 0.009 seconds - Initiated by StopAssetImportingV2(NoUpdateAssetOptions)
Start importing Assets/NativeTiles/Tiles/Wood_45.asset using Guid(2f77f020c6467a64b8f4a7f0ea0d9d52) Importer(Primary)  -> (artifact id: '2ab675eea995bf30aba7ef47c0acab32') in 0.001894 seconds
Refreshing native plugins compatible for Editor in 0.30 ms, found 0 plugins.
Preloading 0 native plugins for Editor in 0.00 ms.
Asset Pipeline Refresh (id=cd1c39720f0ad3748acc85b97a0d4b72): Total: 0.006 seconds - Initiated by StopAssetImportingV2(NoUpdateAssetOptions)
Start importing Assets/NativeTiles/Textures/Wood_46.png using Guid(48ee09b6fcf99f5449c6a433bb039f6e) Importer(Primary)  -> (artifact id: '43beaf96691365a5496ea6c59ce4c996') in 0.002237 seconds
Refreshing native plugins compatible for Editor in 0.28 ms, found 0 plugins.
Preloading 0 native plugins for Editor in 0.00 ms.
Asset Pipeline Refresh (id=634b17109133ba84881abdcd3fc19ce6): Total: 0.010 seconds - Initiated by StopAssetImportingV2(NoUpdateAssetOptions)
Start importing Assets/NativeTiles/Tiles/Wood_46.asset using Guid(e1433a92819b97b429e2d91cb09211c1) Importer(Primary)  -> (artifact id: '3077ff5819e609d01f7d0aeb452625b6') in 0.001669 seconds
Refreshing native plugins compatible for Editor in 0.33 ms, found 0 plugins.
Preloading 0 native plugins for Editor in 0.00 ms.
Asset Pipeline Refresh (id=0dcc81a060909fd4dbf1297ae2548ac7): Total: 0.006 seconds - Initiated by StopAssetImportingV2(NoUpdateAssetOptions)
Start importing Assets/NativeTiles/Textures/Wood_47.png using Guid(0e33f019a6a726a4584f073ebf2aad1f) Importer(Primary)  -> (artifact id: '443afab652733fce1752357432660009') in 0.002153 seconds
Refreshing native plugins compatible for Editor in 0.35 ms, found 0 plugins.
Preloading 0 native plugins for Editor in 0.00 ms.
Asset Pipeline Refresh (id=5ea8ecb04fe31964481f4b47d5be3cd9): Total: 0.010 seconds - Initiated by StopAssetImportingV2(NoUpdateAssetOptions)
Start importing Assets/NativeTiles/Tiles/Wood_47.asset using Guid(8763c5c1949e00747b7944fd0f5fb594) Importer(Primary)  -> (artifact id: '2e780cbcccf12722f5acd05032fead58') in 0.001732 seconds
Refreshing native plugins compatible for Editor in 0.28 ms, found 0 plugins.
Preloading 0 native plugins for Editor in 0.00 ms.
Asset Pipeline Refresh (id=90162abb0127cbb4f86abfaa86dfb2f9): Total: 0.006 seconds - Initiated by StopAssetImportingV2(NoUpdateAssetOptions)
Start importing Assets/NativeTiles/Textures/Wood_48.png using Guid(d4c78e5a75285754398f7fd0ef8f8e73) Importer(Primary)  -> (artifact id: '72c7550b244b081436c6281be8bc4a4c') in 0.001994 seconds
Refreshing native plugins compatible for Editor in 0.35 ms, found 0 plugins.
Preloading 0 native plugins for Editor in 0.00 ms.
Asset Pipeline Refresh (id=c3bbdbb917b82774789df73446d73b49): Total: 0.009 seconds - Initiated by StopAssetImportingV2(NoUpdateAssetOptions)
Start importing Assets/NativeTiles/Tiles/Wood_48.asset using Guid(1bb7e71ce9079854887cfc41308d09cd) Importer(Primary)  -> (artifact id: '010624c052af5a6f02fdbd8205ae6748') in 0.001612 seconds
Refreshing native plugins compatible for Editor in 0.33 ms, found 0 plugins.
Preloading 0 native plugins for Editor in 0.00 ms.
Asset Pipeline Refresh (id=c630a19b1860738488482eea8f633a81): Total: 0.007 seconds - Initiated by StopAssetImportingV2(NoUpdateAssetOptions)
Start importing Assets/NativeTiles/Textures/Wood_49.png using Guid(b0094f06c4a951547b47bfeea6690e16) Importer(Primary)  -> (artifact id: '2703bc518fdd1ab35114e3215ff1fc4c') in 0.001931 seconds
Refreshing native plugins compatible for Editor in 0.28 ms, found 0 plugins.
Preloading 0 native plugins for Editor in 0.00 ms.
Asset Pipeline Refresh (id=7018c67f824424846abd5a6363d3f00d): Total: 0.009 seconds - Initiated by StopAssetImportingV2(NoUpdateAssetOptions)
Start importing Assets/NativeTiles/Tiles/Wood_49.asset using Guid(7a29ce7cef1557b41b3064eeb4a5f1cb) Importer(Primary)  -> (artifact id: '47a262c6c4a1551fc747a5317183c45f') in 0.001589 seconds
Refreshing native plugins compatible for Editor in 0.43 ms, found 0 plugins.
Preloading 0 native plugins for Editor in 0.00 ms.
Asset Pipeline Refresh (id=9810439a4b82ee2419c5a13f6ebb8661): Total: 0.006 seconds - Initiated by StopAssetImportingV2(NoUpdateAssetOptions)
Start importing Assets/NativeTiles/Textures/Wood_50.png using Guid(75b3e3b4079d1004da43b2aac959e504) Importer(Primary)  -> (artifact id: '50c244647bd25c8c9ead9d1c439b832e') in 0.002177 seconds
Refreshing native plugins compatible for Editor in 0.30 ms, found 0 plugins.
Preloading 0 native plugins for Editor in 0.00 ms.
Asset Pipeline Refresh (id=7ba6d533b71a86442b29ebf3367ce308): Total: 0.010 seconds - Initiated by StopAssetImportingV2(NoUpdateAssetOptions)
Start importing Assets/NativeTiles/Tiles/Wood_50.asset using Guid(1771821e90b909d4caa5426ba0fe2d24) Importer(Primary)  -> (artifact id: '4cfff3a70bd19a70577202f49c0564f5') in 0.001587 seconds
Refreshing native plugins compatible for Editor in 0.29 ms, found 0 plugins.
Preloading 0 native plugins for Editor in 0.00 ms.
Asset Pipeline Refresh (id=a2b0431630f675f43bad7029e58a959f): Total: 0.005 seconds - Initiated by StopAssetImportingV2(NoUpdateAssetOptions)
Start importing Assets/NativeTiles/Textures/Wood_51.png using Guid(75517a019c13ab448b006b03fb693de5) Importer(Primary)  -> (artifact id: '9a59f7bfdf78586fecaf40693bddf992') in 0.001942 seconds
Refreshing native plugins compatible for Editor in 0.28 ms, found 0 plugins.
Preloading 0 native plugins for Editor in 0.00 ms.
Asset Pipeline Refresh (id=1028a4dea63b45a4d9a8bb681038767d): Total: 0.009 seconds - Initiated by StopAssetImportingV2(NoUpdateAssetOptions)
Start importing Assets/NativeTiles/Tiles/Wood_51.asset using Guid(5d406d6308e6ea94e82903a4a831bb89) Importer(Primary)  -> (artifact id: 'e1689abc138da4e705ff84400e4ddac5') in 0.001568 seconds
Refreshing native plugins compatible for Editor in 0.30 ms, found 0 plugins.
Preloading 0 native plugins for Editor in 0.00 ms.
Asset Pipeline Refresh (id=15f09700ae7b303459c8ecc78681b482): Total: 0.005 seconds - Initiated by StopAssetImportingV2(NoUpdateAssetOptions)
Start importing Assets/NativeTiles/Textures/Wood_52.png using Guid(a625718b54f34c748a9e26673a08f3b6) Importer(Primary)  -> (artifact id: 'a4674a3a77b5e7c8b5020a8d649be3cd') in 0.002289 seconds
Refreshing native plugins compatible for Editor in 0.29 ms, found 0 plugins.
Preloading 0 native plugins for Editor in 0.00 ms.
Asset Pipeline Refresh (id=021da8914883a854aa59335ce769cba2): Total: 0.009 seconds - Initiated by StopAssetImportingV2(NoUpdateAssetOptions)
Start importing Assets/NativeTiles/Tiles/Wood_52.asset using Guid(f104519919cdda14389c43c114d016e6) Importer(Primary)  -> (artifact id: 'b0a3131ef450921b403b2ac666e44209') in 0.001585 seconds
Refreshing native plugins compatible for Editor in 0.33 ms, found 0 plugins.
Preloading 0 native plugins for Editor in 0.00 ms.
Asset Pipeline Refresh (id=fdc68dc807d915840920991703677aff): Total: 0.006 seconds - Initiated by StopAssetImportingV2(NoUpdateAssetOptions)
Start importing Assets/NativeTiles/Textures/Wood_53.png using Guid(7a35d18482da0fa4db49531c012ba7e6) Importer(Primary)  -> (artifact id: '73c74fc1f932977a8d9a79ab80b00c95') in 0.002317 seconds
Refreshing native plugins compatible for Editor in 0.33 ms, found 0 plugins.
Preloading 0 native plugins for Editor in 0.00 ms.
Asset Pipeline Refresh (id=cb945cafe22d0a345b1cd783cb2cbd6b): Total: 0.009 seconds - Initiated by StopAssetImportingV2(NoUpdateAssetOptions)
Start importing Assets/NativeTiles/Tiles/Wood_53.asset using Guid(8d7ae5821e549e64cb6e933f3f4b92a9) Importer(Primary)  -> (artifact id: '5728573f14f9c5b3d99afa4916c1fe5b') in 0.001759 seconds
Refreshing native plugins compatible for Editor in 0.31 ms, found 0 plugins.
Preloading 0 native plugins for Editor in 0.00 ms.
Asset Pipeline Refresh (id=0f6362d651af5934ba6ad24a51de0880): Total: 0.006 seconds - Initiated by StopAssetImportingV2(NoUpdateAssetOptions)
Start importing Assets/NativeTiles/Textures/Wood_54.png using Guid(16dd5d28f1c768649961bb7183f9bbfa) Importer(Primary)  -> (artifact id: '84becca7888400522cd24c6ed1ce862e') in 0.002213 seconds
Refreshing native plugins compatible for Editor in 0.30 ms, found 0 plugins.
Preloading 0 native plugins for Editor in 0.00 ms.
Asset Pipeline Refresh (id=7f27704cbc33d984693134ac07d8ca76): Total: 0.009 seconds - Initiated by StopAssetImportingV2(NoUpdateAssetOptions)
Start importing Assets/NativeTiles/Tiles/Wood_54.asset using Guid(5ad9046f7c9e4be47a343fdf127f1208) Importer(Primary)  -> (artifact id: '9eadd4ecc56a96de61271a5d99d2b4e5') in 0.001620 seconds
Refreshing native plugins compatible for Editor in 0.29 ms, found 0 plugins.
Preloading 0 native plugins for Editor in 0.00 ms.
Asset Pipeline Refresh (id=bae477a2c246aa94d94c8538d91cd2f2): Total: 0.006 seconds - Initiated by StopAssetImportingV2(NoUpdateAssetOptions)
Start importing Assets/NativeTiles/Textures/Wood_55.png using Guid(eea5ccfef2a527a4a949bc0e313562f9) Importer(Primary)  -> (artifact id: '53e1623576232b38eb895e515db61a7f') in 0.002167 seconds
Refreshing native plugins compatible for Editor in 0.28 ms, found 0 plugins.
Preloading 0 native plugins for Editor in 0.00 ms.
Asset Pipeline Refresh (id=ee8978844b955044c906863780f726c2): Total: 0.009 seconds - Initiated by StopAssetImportingV2(NoUpdateAssetOptions)
Start importing Assets/NativeTiles/Tiles/Wood_55.asset using Guid(23246c734b3e9ff4f93a1c5e8be7ea35) Importer(Primary)  -> (artifact id: '0dc2910cf895c138681629919abf6934') in 0.002097 seconds
Refreshing native plugins compatible for Editor in 0.37 ms, found 0 plugins.
Preloading 0 native plugins for Editor in 0.00 ms.
Asset Pipeline Refresh (id=4a42556e38979ea42b69be954d091c32): Total: 0.006 seconds - Initiated by StopAssetImportingV2(NoUpdateAssetOptions)
Start importing Assets/NativeTiles/Textures/Wood_56.png using Guid(33343d3e5bba5484aaf89b0b06cf1581) Importer(Primary)  -> (artifact id: '1232785520dbf768a63eb78a65fb17fa') in 0.002107 seconds
Refreshing native plugins compatible for Editor in 0.28 ms, found 0 plugins.
Preloading 0 native plugins for Editor in 0.00 ms.
Asset Pipeline Refresh (id=586f0e45875d1674298c1cd88a7cfec2): Total: 0.010 seconds - Initiated by StopAssetImportingV2(NoUpdateAssetOptions)
Start importing Assets/NativeTiles/Tiles/Wood_56.asset using Guid(1d58254438241b14089c2655155d1999) Importer(Primary)  -> (artifact id: '755c25108b29f90857026a746489da64') in 0.001493 seconds
Refreshing native plugins compatible for Editor in 0.28 ms, found 0 plugins.
Preloading 0 native plugins for Editor in 0.00 ms.
Asset Pipeline Refresh (id=fd7ac7851f9a7044c8121b1e9fac442b): Total: 0.006 seconds - Initiated by StopAssetImportingV2(NoUpdateAssetOptions)
Start importing Assets/NativeTiles/Textures/Wood_57.png using Guid(51f9e43d645ba8a4182fe0037edec827) Importer(Primary)  -> (artifact id: 'db207c4abb5f2264f9d4df96da835158') in 0.002320 seconds
Refreshing native plugins compatible for Editor in 0.30 ms, found 0 plugins.
Preloading 0 native plugins for Editor in 0.00 ms.
Asset Pipeline Refresh (id=6227e4047693b3d42bf3b66453fed886): Total: 0.010 seconds - Initiated by StopAssetImportingV2(NoUpdateAssetOptions)
Start importing Assets/NativeTiles/Tiles/Wood_57.asset using Guid(5eeda1a92b5101c4fabde2ed59aab7ff) Importer(Primary)  -> (artifact id: 'a447c34852df2a609452357903f65634') in 0.001466 seconds
Refreshing native plugins compatible for Editor in 0.28 ms, found 0 plugins.
Preloading 0 native plugins for Editor in 0.00 ms.
Asset Pipeline Refresh (id=0d20974354eea4c44a483aa922a9af80): Total: 0.005 seconds - Initiated by StopAssetImportingV2(NoUpdateAssetOptions)
Start importing Assets/NativeTiles/Textures/Wood_58.png using Guid(39f233ca48a29b04d95148bf902a0cc2) Importer(Primary)  -> (artifact id: '17d5b4685b0d8ebf3504cd7c119f89c5') in 0.002154 seconds
Refreshing native plugins compatible for Editor in 0.30 ms, found 0 plugins.
Preloading 0 native plugins for Editor in 0.00 ms.
Asset Pipeline Refresh (id=b791654d5cc1ec346b0ac8fa7c08ea61): Total: 0.009 seconds - Initiated by StopAssetImportingV2(NoUpdateAssetOptions)
Start importing Assets/NativeTiles/Tiles/Wood_58.asset using Guid(29c375cdb35306845abf077a05a7e2ca) Importer(Primary)  -> (artifact id: '72d5dff6add78d2813b69d8b9aec572a') in 0.001494 seconds
Refreshing native plugins compatible for Editor in 0.28 ms, found 0 plugins.
Preloading 0 native plugins for Editor in 0.00 ms.
Asset Pipeline Refresh (id=62fea4a07048a7645bcba7ae6419582e): Total: 0.005 seconds - Initiated by StopAssetImportingV2(NoUpdateAssetOptions)
Start importing Assets/NativeTiles/Textures/Wood_59.png using Guid(a9dc7dde6d6b19042917475f7c9ca4c4) Importer(Primary)  -> (artifact id: 'b06254e17c5b13b4ab3ad24fad2579fd') in 0.001889 seconds
Refreshing native plugins compatible for Editor in 0.42 ms, found 0 plugins.
Preloading 0 native plugins for Editor in 0.00 ms.
Asset Pipeline Refresh (id=a91db5f23c6ed65489c06e2cf3340bed): Total: 0.009 seconds - Initiated by StopAssetImportingV2(NoUpdateAssetOptions)
Start importing Assets/NativeTiles/Tiles/Wood_59.asset using Guid(b17f72115faf4c6429b1157ac50339e4) Importer(Primary)  -> (artifact id: '14b52c8caf020df7d69c8954fc9cc96b') in 0.001698 seconds
Refreshing native plugins compatible for Editor in 0.31 ms, found 0 plugins.
Preloading 0 native plugins for Editor in 0.00 ms.
Asset Pipeline Refresh (id=22806433d5f1a9f47b108871f8672ff7): Total: 0.006 seconds - Initiated by StopAssetImportingV2(NoUpdateAssetOptions)
Start importing Assets/NativeTiles/Textures/Wood_60.png using Guid(c534fba146e84fe4ab55b0eed5d3a9f2) Importer(Primary)  -> (artifact id: 'f65e0030cfde3c134f2ae5819dd1b3bb') in 0.002000 seconds
Refreshing native plugins compatible for Editor in 0.30 ms, found 0 plugins.
Preloading 0 native plugins for Editor in 0.00 ms.
Asset Pipeline Refresh (id=e483a62f029b5fe47883c483e9b490d3): Total: 0.009 seconds - Initiated by StopAssetImportingV2(NoUpdateAssetOptions)
Start importing Assets/NativeTiles/Tiles/Wood_60.asset using Guid(a9aae784910e93c4599f52b6d599d9ac) Importer(Primary)  -> (artifact id: 'e12d0c48cb9ddb6545eded1802764154') in 0.001656 seconds
Refreshing native plugins compatible for Editor in 0.29 ms, found 0 plugins.
Preloading 0 native plugins for Editor in 0.00 ms.
Asset Pipeline Refresh (id=464e52721bd072f4294fd2c97964e0bd): Total: 0.006 seconds - Initiated by StopAssetImportingV2(NoUpdateAssetOptions)
Start importing Assets/NativeTiles/Textures/Wood_61.png using Guid(de108f07f34500645ba67e46994e7488) Importer(Primary)  -> (artifact id: '0b534c5e705124f9d7d2ff35ce565a51') in 0.001925 seconds
Refreshing native plugins compatible for Editor in 0.30 ms, found 0 plugins.
Preloading 0 native plugins for Editor in 0.00 ms.
Asset Pipeline Refresh (id=57ee7eecb88e5544bbb1799111edb45f): Total: 0.009 seconds - Initiated by StopAssetImportingV2(NoUpdateAssetOptions)
Start importing Assets/NativeTiles/Tiles/Wood_61.asset using Guid(1f483472e5604a84ca1ee1eba90e8638) Importer(Primary)  -> (artifact id: 'fb55b0ccac76178dc206f780c3cc2bdb') in 0.001567 seconds
Refreshing native plugins compatible for Editor in 0.30 ms, found 0 plugins.
Preloading 0 native plugins for Editor in 0.00 ms.
Asset Pipeline Refresh (id=6762f038dd2fe8d42a201fd0b32428b2): Total: 0.005 seconds - Initiated by StopAssetImportingV2(NoUpdateAssetOptions)
Start importing Assets/NativeTiles/Textures/Wood_62.png using Guid(965e023cf1394e1438e01d6ff4950cbf) Importer(Primary)  -> (artifact id: '57f6a01803771bb0fa7a643a8d9762d3') in 0.002141 seconds
Refreshing native plugins compatible for Editor in 0.28 ms, found 0 plugins.
Preloading 0 native plugins for Editor in 0.00 ms.
Asset Pipeline Refresh (id=78fdc84113a7a174896f98d94efae023): Total: 0.010 seconds - Initiated by StopAssetImportingV2(NoUpdateAssetOptions)
Start importing Assets/NativeTiles/Tiles/Wood_62.asset using Guid(acd133970a3db0f4d84d8392d8b95b2c) Importer(Primary)  -> (artifact id: '5a5b5108e47dd97bbd253bdeb9a3549d') in 0.001811 seconds
Refreshing native plugins compatible for Editor in 0.29 ms, found 0 plugins.
Preloading 0 native plugins for Editor in 0.00 ms.
Asset Pipeline Refresh (id=6b27148ca5410a54c82fc4fc4c634ed2): Total: 0.006 seconds - Initiated by StopAssetImportingV2(NoUpdateAssetOptions)
Start importing Assets/NativeTiles/Textures/Wood_63.png using Guid(4e9cd46eba0c69e42b28fc8741203108) Importer(Primary)  -> (artifact id: '84ab26dfaa0e757ebadd947058ddd013') in 0.002252 seconds
Refreshing native plugins compatible for Editor in 0.30 ms, found 0 plugins.
Preloading 0 native plugins for Editor in 0.00 ms.
Asset Pipeline Refresh (id=efab656cae86a514ea6c389ed2858e97): Total: 0.010 seconds - Initiated by StopAssetImportingV2(NoUpdateAssetOptions)
Start importing Assets/NativeTiles/Tiles/Wood_63.asset using Guid(b58b7946c3e5ca549ae364b6c4cf9e8a) Importer(Primary)  -> (artifact id: '51cd0dcd3f2f0a5fe7b0b8e0c5273066') in 0.001988 seconds
Refreshing native plugins compatible for Editor in 0.29 ms, found 0 plugins.
Preloading 0 native plugins for Editor in 0.00 ms.
Asset Pipeline Refresh (id=399af246085695b40ba5e006178fd529): Total: 0.007 seconds - Initiated by StopAssetImportingV2(NoUpdateAssetOptions)
A meta data file (.meta) exists but its asset 'Assets/Resources/Maps/Scenes/Scene 1.prefab' can't be found. When moving or deleting files outside of Unity, please ensure that the corresponding .meta file is moved or deleted along with it.
UnityEngine.StackTraceUtility:ExtractStackTrace ()
UnityEditor.AssetDatabase:Refresh ()
NativeTilemapMigration:Convert () (at Assets/Editor/NativeTilemapMigration/NativeTilemapMigration.cs:69)

[Assets/Editor/NativeTilemapMigration/NativeTilemapMigration.cs line 69]

Refreshing native plugins compatible for Editor in 0.28 ms, found 0 plugins.
Preloading 0 native plugins for Editor in 0.00 ms.
Asset Pipeline Refresh (id=e4cfa42fd3d869d478f602155edcdc67): Total: 0.040 seconds - Initiated by RefreshV2(NoUpdateAssetOptions)
Start importing Assets/Resources/Maps/Scenes/Scene 1.prefab using Guid(e73a640d8fdb5754ba407bef13151cb9) Importer(Primary)  -> (artifact id: '4ea093fa8ee3c9098e2c13b1441c6df4') in 0.004890 seconds
Refreshing native plugins compatible for Editor in 0.29 ms, found 0 plugins.
Preloading 0 native plugins for Editor in 0.00 ms.
Asset Pipeline Refresh (id=f652d321c9653f64c9ecfbeefbf75903): Total: 0.015 seconds - Initiated by StopAssetImportingV2(NoUpdateAssetOptions)
A meta data file (.meta) exists but its asset 'Assets/Resources/Maps/Scenes/Scene 10.prefab' can't be found. When moving or deleting files outside of Unity, please ensure that the corresponding .meta file is moved or deleted along with it.
UnityEngine.StackTraceUtility:ExtractStackTrace ()
UnityEditor.AssetDatabase:Refresh ()
NativeTilemapMigration:Convert () (at Assets/Editor/NativeTilemapMigration/NativeTilemapMigration.cs:69)

[Assets/Editor/NativeTilemapMigration/NativeTilemapMigration.cs line 69]

Refreshing native plugins compatible for Editor in 0.28 ms, found 0 plugins.
Preloading 0 native plugins for Editor in 0.00 ms.
Asset Pipeline Refresh (id=35f0817809c13af4a8a73450ae45b67b): Total: 0.024 seconds - Initiated by RefreshV2(NoUpdateAssetOptions)
Start importing Assets/Resources/Maps/Scenes/Scene 10.prefab using Guid(cd334ef1a08e84b469a62b591fbe2ea2) Importer(Primary)  -> (artifact id: 'd39897f7a445b67428a01e95cf9cd150') in 0.004519 seconds
Refreshing native plugins compatible for Editor in 0.28 ms, found 0 plugins.
Preloading 0 native plugins for Editor in 0.00 ms.
Asset Pipeline Refresh (id=bb5cfb366f03bbf40b3c24bafa0913d2): Total: 0.014 seconds - Initiated by StopAssetImportingV2(NoUpdateAssetOptions)
A meta data file (.meta) exists but its asset 'Assets/Resources/Maps/Scenes/Scene 11.prefab' can't be found. When moving or deleting files outside of Unity, please ensure that the corresponding .meta file is moved or deleted along with it.
UnityEngine.StackTraceUtility:ExtractStackTrace ()
UnityEditor.AssetDatabase:Refresh ()
NativeTilemapMigration:Convert () (at Assets/Editor/NativeTilemapMigration/NativeTilemapMigration.cs:69)

[Assets/Editor/NativeTilemapMigration/NativeTilemapMigration.cs line 69]

Refreshing native plugins compatible for Editor in 0.29 ms, found 0 plugins.
Preloading 0 native plugins for Editor in 0.00 ms.
Asset Pipeline Refresh (id=f5f7070f0cddd864cb5c37d9e8fd8298): Total: 0.030 seconds - Initiated by RefreshV2(NoUpdateAssetOptions)
Start importing Assets/Resources/Maps/Scenes/Scene 11.prefab using Guid(0fc5c50b209897a4ca58f49944ddf2cf) Importer(Primary)  -> (artifact id: 'a70d7d64ef16ff3106cf7370f546d120') in 0.004595 seconds
Refreshing native plugins compatible for Editor in 0.28 ms, found 0 plugins.
Preloading 0 native plugins for Editor in 0.00 ms.
Asset Pipeline Refresh (id=f59c759b66ca06844bda1de765cc2c4d): Total: 0.014 seconds - Initiated by StopAssetImportingV2(NoUpdateAssetOptions)
A meta data file (.meta) exists but its asset 'Assets/Resources/Maps/Scenes/Scene 12.prefab' can't be found. When moving or deleting files outside of Unity, please ensure that the corresponding .meta file is moved or deleted along with it.
UnityEngine.StackTraceUtility:ExtractStackTrace ()
UnityEditor.AssetDatabase:Refresh ()
NativeTilemapMigration:Convert () (at Assets/Editor/NativeTilemapMigration/NativeTilemapMigration.cs:69)

[Assets/Editor/NativeTilemapMigration/NativeTilemapMigration.cs line 69]

Refreshing native plugins compatible for Editor in 0.28 ms, found 0 plugins.
Preloading 0 native plugins for Editor in 0.00 ms.
Asset Pipeline Refresh (id=549a81ae873141d428bdab50b1da6a5e): Total: 0.030 seconds - Initiated by RefreshV2(NoUpdateAssetOptions)
Start importing Assets/Resources/Maps/Scenes/Scene 12.prefab using Guid(865e74ec313f87242b2bc8c23f5f70be) Importer(Primary)  -> (artifact id: '90e350fde062f0e3677454259152fdb7') in 0.005071 seconds
Refreshing native plugins compatible for Editor in 0.31 ms, found 0 plugins.
Preloading 0 native plugins for Editor in 0.00 ms.
Asset Pipeline Refresh (id=781c628e0c5af9a4d87e0ec2fdcdd9ea): Total: 0.014 seconds - Initiated by StopAssetImportingV2(NoUpdateAssetOptions)
A meta data file (.meta) exists but its asset 'Assets/Resources/Maps/Scenes/Scene 13.prefab' can't be found. When moving or deleting files outside of Unity, please ensure that the corresponding .meta file is moved or deleted along with it.
UnityEngine.StackTraceUtility:ExtractStackTrace ()
UnityEditor.AssetDatabase:Refresh ()
NativeTilemapMigration:Convert () (at Assets/Editor/NativeTilemapMigration/NativeTilemapMigration.cs:69)

[Assets/Editor/NativeTilemapMigration/NativeTilemapMigration.cs line 69]

Refreshing native plugins compatible for Editor in 0.31 ms, found 0 plugins.
Preloading 0 native plugins for Editor in 0.00 ms.
Asset Pipeline Refresh (id=fa963b7dd10b1ff478db139224866288): Total: 0.031 seconds - Initiated by RefreshV2(NoUpdateAssetOptions)
Start importing Assets/Resources/Maps/Scenes/Scene 13.prefab using Guid(204b4fc5b807b824db0b60d5432261c4) Importer(Primary)  -> (artifact id: '6e75297cf60fa45655dbe43a87ffd84e') in 0.004346 seconds
Refreshing native plugins compatible for Editor in 0.28 ms, found 0 plugins.
Preloading 0 native plugins for Editor in 0.00 ms.
Asset Pipeline Refresh (id=d653756999a71a84896064dd5ba4ca27): Total: 0.014 seconds - Initiated by StopAssetImportingV2(NoUpdateAssetOptions)
A meta data file (.meta) exists but its asset 'Assets/Resources/Maps/Scenes/Scene 14.prefab' can't be found. When moving or deleting files outside of Unity, please ensure that the corresponding .meta file is moved or deleted along with it.
UnityEngine.StackTraceUtility:ExtractStackTrace ()
UnityEditor.AssetDatabase:Refresh ()
NativeTilemapMigration:Convert () (at Assets/Editor/NativeTilemapMigration/NativeTilemapMigration.cs:69)

[Assets/Editor/NativeTilemapMigration/NativeTilemapMigration.cs line 69]

Refreshing native plugins compatible for Editor in 0.28 ms, found 0 plugins.
Preloading 0 native plugins for Editor in 0.00 ms.
Asset Pipeline Refresh (id=c1dc4da5336039b458ccbec55f5c1239): Total: 0.030 seconds - Initiated by RefreshV2(NoUpdateAssetOptions)
Start importing Assets/Resources/Maps/Scenes/Scene 14.prefab using Guid(468718e066cee0f48930ae274e6cfde2) Importer(Primary)  -> (artifact id: '9dcad828ecf25037b3e5489288a0d367') in 0.004479 seconds
Refreshing native plugins compatible for Editor in 0.32 ms, found 0 plugins.
Preloading 0 native plugins for Editor in 0.00 ms.
Asset Pipeline Refresh (id=e75b1367e0b86c14db33f8de61ef70e1): Total: 0.014 seconds - Initiated by StopAssetImportingV2(NoUpdateAssetOptions)
A meta data file (.meta) exists but its asset 'Assets/Resources/Maps/Scenes/Scene 15.prefab' can't be found. When moving or deleting files outside of Unity, please ensure that the corresponding .meta file is moved or deleted along with it.
UnityEngine.StackTraceUtility:ExtractStackTrace ()
UnityEditor.AssetDatabase:Refresh ()
NativeTilemapMigration:Convert () (at Assets/Editor/NativeTilemapMigration/NativeTilemapMigration.cs:69)

[Assets/Editor/NativeTilemapMigration/NativeTilemapMigration.cs line 69]

Refreshing native plugins compatible for Editor in 0.30 ms, found 0 plugins.
Preloading 0 native plugins for Editor in 0.00 ms.
Asset Pipeline Refresh (id=210772bce7d7e0548916b49b66d2fee0): Total: 0.029 seconds - Initiated by RefreshV2(NoUpdateAssetOptions)
Start importing Assets/Resources/Maps/Scenes/Scene 15.prefab using Guid(cf864461eb49fe34f92a68c88f852ad5) Importer(Primary)  -> (artifact id: 'f2af1f33e437d222e1f5491b1e655103') in 0.004446 seconds
Refreshing native plugins compatible for Editor in 0.33 ms, found 0 plugins.
Preloading 0 native plugins for Editor in 0.00 ms.
Asset Pipeline Refresh (id=1e2376bd3cf857a448d461da32aac65c): Total: 0.014 seconds - Initiated by StopAssetImportingV2(NoUpdateAssetOptions)
A meta data file (.meta) exists but its asset 'Assets/Resources/Maps/Scenes/Scene 16.prefab' can't be found. When moving or deleting files outside of Unity, please ensure that the corresponding .meta file is moved or deleted along with it.
UnityEngine.StackTraceUtility:ExtractStackTrace ()
UnityEditor.AssetDatabase:Refresh ()
NativeTilemapMigration:Convert () (at Assets/Editor/NativeTilemapMigration/NativeTilemapMigration.cs:69)

[Assets/Editor/NativeTilemapMigration/NativeTilemapMigration.cs line 69]

Refreshing native plugins compatible for Editor in 0.28 ms, found 0 plugins.
Preloading 0 native plugins for Editor in 0.00 ms.
Asset Pipeline Refresh (id=ba4f5af5194fbe8489db19d0cbc2a339): Total: 0.028 seconds - Initiated by RefreshV2(NoUpdateAssetOptions)
Start importing Assets/Resources/Maps/Scenes/Scene 16.prefab using Guid(5e8907167b58a6a4cb5cdfac77c6983a) Importer(Primary)  -> (artifact id: 'f3737c3df206928aa1bd9b61abbd6a59') in 0.004508 seconds
Refreshing native plugins compatible for Editor in 0.30 ms, found 0 plugins.
Preloading 0 native plugins for Editor in 0.00 ms.
Asset Pipeline Refresh (id=4021cbc50a705bc43862534ec7e38306): Total: 0.014 seconds - Initiated by StopAssetImportingV2(NoUpdateAssetOptions)
A meta data file (.meta) exists but its asset 'Assets/Resources/Maps/Scenes/Scene 17.prefab' can't be found. When moving or deleting files outside of Unity, please ensure that the corresponding .meta file is moved or deleted along with it.
UnityEngine.StackTraceUtility:ExtractStackTrace ()
UnityEditor.AssetDatabase:Refresh ()
NativeTilemapMigration:Convert () (at Assets/Editor/NativeTilemapMigration/NativeTilemapMigration.cs:69)

[Assets/Editor/NativeTilemapMigration/NativeTilemapMigration.cs line 69]

Refreshing native plugins compatible for Editor in 0.31 ms, found 0 plugins.
Preloading 0 native plugins for Editor in 0.00 ms.
Asset Pipeline Refresh (id=931f22f5da04586449c3acbf8aeb2f9f): Total: 0.030 seconds - Initiated by RefreshV2(NoUpdateAssetOptions)
Start importing Assets/Resources/Maps/Scenes/Scene 17.prefab using Guid(83a8695db7a874e419390cb9913ca653) Importer(Primary)  -> (artifact id: '5a8310f13e60f09f8696e79b11e4e1e0') in 0.004247 seconds
Refreshing native plugins compatible for Editor in 0.42 ms, found 0 plugins.
Preloading 0 native plugins for Editor in 0.00 ms.
Asset Pipeline Refresh (id=c1ffbb0ee0518804fae6e2b5f0454267): Total: 0.013 seconds - Initiated by StopAssetImportingV2(NoUpdateAssetOptions)
A meta data file (.meta) exists but its asset 'Assets/Resources/Maps/Scenes/Scene 18.prefab' can't be found. When moving or deleting files outside of Unity, please ensure that the corresponding .meta file is moved or deleted along with it.
UnityEngine.StackTraceUtility:ExtractStackTrace ()
UnityEditor.AssetDatabase:Refresh ()
NativeTilemapMigration:Convert () (at Assets/Editor/NativeTilemapMigration/NativeTilemapMigration.cs:69)

[Assets/Editor/NativeTilemapMigration/NativeTilemapMigration.cs line 69]

Refreshing native plugins compatible for Editor in 0.44 ms, found 0 plugins.
Preloading 0 native plugins for Editor in 0.00 ms.
Asset Pipeline Refresh (id=161e97db3a7264146abdc9e79cb60653): Total: 0.030 seconds - Initiated by RefreshV2(NoUpdateAssetOptions)
Start importing Assets/Resources/Maps/Scenes/Scene 18.prefab using Guid(81d189f363c69c2419b96e807033eb59) Importer(Primary)  -> (artifact id: 'b47bc951605cfbcea7e3d279d985d35b') in 0.004950 seconds
Refreshing native plugins compatible for Editor in 0.28 ms, found 0 plugins.
Preloading 0 native plugins for Editor in 0.00 ms.
Asset Pipeline Refresh (id=36d39b19b9b6ab14e9dd99243748cc25): Total: 0.014 seconds - Initiated by StopAssetImportingV2(NoUpdateAssetOptions)
A meta data file (.meta) exists but its asset 'Assets/Resources/Maps/Scenes/Scene 19.prefab' can't be found. When moving or deleting files outside of Unity, please ensure that the corresponding .meta file is moved or deleted along with it.
UnityEngine.StackTraceUtility:ExtractStackTrace ()
UnityEditor.AssetDatabase:Refresh ()
NativeTilemapMigration:Convert () (at Assets/Editor/NativeTilemapMigration/NativeTilemapMigration.cs:69)

[Assets/Editor/NativeTilemapMigration/NativeTilemapMigration.cs line 69]

Refreshing native plugins compatible for Editor in 0.30 ms, found 0 plugins.
Preloading 0 native plugins for Editor in 0.00 ms.
Asset Pipeline Refresh (id=681507e39a566b646acc946a28d0aeda): Total: 0.029 seconds - Initiated by RefreshV2(NoUpdateAssetOptions)
Start importing Assets/Resources/Maps/Scenes/Scene 19.prefab using Guid(e71ac66f827c1ad4b8ec87460873c233) Importer(Primary)  -> (artifact id: '196a6de7ca2c1300ebb6afb22d326594') in 0.004774 seconds
Refreshing native plugins compatible for Editor in 0.29 ms, found 0 plugins.
Preloading 0 native plugins for Editor in 0.00 ms.
Asset Pipeline Refresh (id=c6a144f822e198441b4400b4c9fd93d6): Total: 0.013 seconds - Initiated by StopAssetImportingV2(NoUpdateAssetOptions)
A meta data file (.meta) exists but its asset 'Assets/Resources/Maps/Scenes/Scene 2.prefab' can't be found. When moving or deleting files outside of Unity, please ensure that the corresponding .meta file is moved or deleted along with it.
UnityEngine.StackTraceUtility:ExtractStackTrace ()
UnityEditor.AssetDatabase:Refresh ()
NativeTilemapMigration:Convert () (at Assets/Editor/NativeTilemapMigration/NativeTilemapMigration.cs:69)

[Assets/Editor/NativeTilemapMigration/NativeTilemapMigration.cs line 69]

Refreshing native plugins compatible for Editor in 0.30 ms, found 0 plugins.
Preloading 0 native plugins for Editor in 0.00 ms.
Asset Pipeline Refresh (id=76add48fc65948847b422d0004903d41): Total: 0.032 seconds - Initiated by RefreshV2(NoUpdateAssetOptions)
Start importing Assets/Resources/Maps/Scenes/Scene 2.prefab using Guid(fe295932b9225734092291cf81886700) Importer(Primary)  -> (artifact id: 'ef85532462001b6a953f3cb65dc0842c') in 0.004356 seconds
Refreshing native plugins compatible for Editor in 0.31 ms, found 0 plugins.
Preloading 0 native plugins for Editor in 0.00 ms.
Asset Pipeline Refresh (id=c7217019dcc1a7c4793b9cf4b66129ce): Total: 0.013 seconds - Initiated by StopAssetImportingV2(NoUpdateAssetOptions)
A meta data file (.meta) exists but its asset 'Assets/Resources/Maps/Scenes/Scene 20.prefab' can't be found. When moving or deleting files outside of Unity, please ensure that the corresponding .meta file is moved or deleted along with it.
UnityEngine.StackTraceUtility:ExtractStackTrace ()
UnityEditor.AssetDatabase:Refresh ()
NativeTilemapMigration:Convert () (at Assets/Editor/NativeTilemapMigration/NativeTilemapMigration.cs:69)

[Assets/Editor/NativeTilemapMigration/NativeTilemapMigration.cs line 69]

Refreshing native plugins compatible for Editor in 0.28 ms, found 0 plugins.
Preloading 0 native plugins for Editor in 0.00 ms.
Asset Pipeline Refresh (id=71593f30ee731a14780a39a929fdf982): Total: 0.030 seconds - Initiated by RefreshV2(NoUpdateAssetOptions)
Start importing Assets/Resources/Maps/Scenes/Scene 20.prefab using Guid(3ce38452c66b3fc46894e909c22ded8f) Importer(Primary)  -> (artifact id: 'a2a3a31a2a0a2270119e226e636d3417') in 0.004361 seconds
Refreshing native plugins compatible for Editor in 0.28 ms, found 0 plugins.
Preloading 0 native plugins for Editor in 0.00 ms.
Asset Pipeline Refresh (id=badb791e09672f241b07fc59d9674da9): Total: 0.013 seconds - Initiated by StopAssetImportingV2(NoUpdateAssetOptions)
A meta data file (.meta) exists but its asset 'Assets/Resources/Maps/Scenes/Scene 21.prefab' can't be found. When moving or deleting files outside of Unity, please ensure that the corresponding .meta file is moved or deleted along with it.
UnityEngine.StackTraceUtility:ExtractStackTrace ()
UnityEditor.AssetDatabase:Refresh ()
NativeTilemapMigration:Convert () (at Assets/Editor/NativeTilemapMigration/NativeTilemapMigration.cs:69)

[Assets/Editor/NativeTilemapMigration/NativeTilemapMigration.cs line 69]

Refreshing native plugins compatible for Editor in 0.33 ms, found 0 plugins.
Preloading 0 native plugins for Editor in 0.00 ms.
Asset Pipeline Refresh (id=2d14902f0458f104582d1bcefe151c33): Total: 0.031 seconds - Initiated by RefreshV2(NoUpdateAssetOptions)
Start importing Assets/Resources/Maps/Scenes/Scene 21.prefab using Guid(305d322627149a64c8d7cbf403e00bf7) Importer(Primary)  -> (artifact id: 'a2e3c41595e1379540ef0f47cc72be3e') in 0.004491 seconds
Refreshing native plugins compatible for Editor in 0.30 ms, found 0 plugins.
Preloading 0 native plugins for Editor in 0.00 ms.
Asset Pipeline Refresh (id=8d511ab4ca22f614c992faf0396bdf8b): Total: 0.013 seconds - Initiated by StopAssetImportingV2(NoUpdateAssetOptions)
A meta data file (.meta) exists but its asset 'Assets/Resources/Maps/Scenes/Scene 22.prefab' can't be found. When moving or deleting files outside of Unity, please ensure that the corresponding .meta file is moved or deleted along with it.
UnityEngine.StackTraceUtility:ExtractStackTrace ()
UnityEditor.AssetDatabase:Refresh ()
NativeTilemapMigration:Convert () (at Assets/Editor/NativeTilemapMigration/NativeTilemapMigration.cs:69)

[Assets/Editor/NativeTilemapMigration/NativeTilemapMigration.cs line 69]

Refreshing native plugins compatible for Editor in 0.30 ms, found 0 plugins.
Preloading 0 native plugins for Editor in 0.00 ms.
Asset Pipeline Refresh (id=afe25585f11f8e046906c41e1f25bd9d): Total: 0.032 seconds - Initiated by RefreshV2(NoUpdateAssetOptions)
Start importing Assets/Resources/Maps/Scenes/Scene 22.prefab using Guid(c8c3467514df2234998cc06ae4d03753) Importer(Primary)  -> (artifact id: '713014111362307c85d8cc835748324f') in 0.004762 seconds
Refreshing native plugins compatible for Editor in 0.31 ms, found 0 plugins.
Preloading 0 native plugins for Editor in 0.00 ms.
Asset Pipeline Refresh (id=121af5feee225244f98f6d62fbabff08): Total: 0.014 seconds - Initiated by StopAssetImportingV2(NoUpdateAssetOptions)
A meta data file (.meta) exists but its asset 'Assets/Resources/Maps/Scenes/Scene 23.prefab' can't be found. When moving or deleting files outside of Unity, please ensure that the corresponding .meta file is moved or deleted along with it.
UnityEngine.StackTraceUtility:ExtractStackTrace ()
UnityEditor.AssetDatabase:Refresh ()
NativeTilemapMigration:Convert () (at Assets/Editor/NativeTilemapMigration/NativeTilemapMigration.cs:69)

[Assets/Editor/NativeTilemapMigration/NativeTilemapMigration.cs line 69]

Refreshing native plugins compatible for Editor in 0.28 ms, found 0 plugins.
Preloading 0 native plugins for Editor in 0.00 ms.
Asset Pipeline Refresh (id=4d6449d1915230740b9528c59a69ec19): Total: 0.029 seconds - Initiated by RefreshV2(NoUpdateAssetOptions)
Start importing Assets/Resources/Maps/Scenes/Scene 23.prefab using Guid(ff8139cf0e5806c49bff2906354cf973) Importer(Primary)  -> (artifact id: 'c1b0eb8a1c58fb5bb013a8913ac257cb') in 0.004062 seconds
Refreshing native plugins compatible for Editor in 0.28 ms, found 0 plugins.
Preloading 0 native plugins for Editor in 0.00 ms.
Asset Pipeline Refresh (id=a7b1ecd37c4e12e4aac30718b7259581): Total: 0.013 seconds - Initiated by StopAssetImportingV2(NoUpdateAssetOptions)
A meta data file (.meta) exists but its asset 'Assets/Resources/Maps/Scenes/Scene 24.prefab' can't be found. When moving or deleting files outside of Unity, please ensure that the corresponding .meta file is moved or deleted along with it.
UnityEngine.StackTraceUtility:ExtractStackTrace ()
UnityEditor.AssetDatabase:Refresh ()
NativeTilemapMigration:Convert () (at Assets/Editor/NativeTilemapMigration/NativeTilemapMigration.cs:69)

[Assets/Editor/NativeTilemapMigration/NativeTilemapMigration.cs line 69]

Refreshing native plugins compatible for Editor in 0.31 ms, found 0 plugins.
Preloading 0 native plugins for Editor in 0.00 ms.
Asset Pipeline Refresh (id=cb38d48103c51934188f045f05858aa8): Total: 0.032 seconds - Initiated by RefreshV2(NoUpdateAssetOptions)
Start importing Assets/Resources/Maps/Scenes/Scene 24.prefab using Guid(24ba36403fff5af47972fcb688f1c806) Importer(Primary)  -> (artifact id: '0e795e10f40b06d45f6521378e354440') in 0.004960 seconds
Refreshing native plugins compatible for Editor in 0.28 ms, found 0 plugins.
Preloading 0 native plugins for Editor in 0.00 ms.
Asset Pipeline Refresh (id=2444c0234b8eed24097c931402b8474a): Total: 0.014 seconds - Initiated by StopAssetImportingV2(NoUpdateAssetOptions)
A meta data file (.meta) exists but its asset 'Assets/Resources/Maps/Scenes/Scene 25.prefab' can't be found. When moving or deleting files outside of Unity, please ensure that the corresponding .meta file is moved or deleted along with it.
UnityEngine.StackTraceUtility:ExtractStackTrace ()
UnityEditor.AssetDatabase:Refresh ()
NativeTilemapMigration:Convert () (at Assets/Editor/NativeTilemapMigration/NativeTilemapMigration.cs:69)

[Assets/Editor/NativeTilemapMigration/NativeTilemapMigration.cs line 69]

Refreshing native plugins compatible for Editor in 0.29 ms, found 0 plugins.
Preloading 0 native plugins for Editor in 0.00 ms.
Asset Pipeline Refresh (id=28d7fbc1597b64644895d8e62650070d): Total: 0.030 seconds - Initiated by RefreshV2(NoUpdateAssetOptions)
Start importing Assets/Resources/Maps/Scenes/Scene 25.prefab using Guid(18138cb2cd6f07047b01d6f4850d1dac) Importer(Primary)  -> (artifact id: '5236d579a712a36a3907cef2ea48b706') in 0.004282 seconds
Refreshing native plugins compatible for Editor in 0.39 ms, found 0 plugins.
Preloading 0 native plugins for Editor in 0.00 ms.
Asset Pipeline Refresh (id=cbf388b6a6acfbd4b956d530ecfd6ea8): Total: 0.014 seconds - Initiated by StopAssetImportingV2(NoUpdateAssetOptions)
A meta data file (.meta) exists but its asset 'Assets/Resources/Maps/Scenes/Scene 26.prefab' can't be found. When moving or deleting files outside of Unity, please ensure that the corresponding .meta file is moved or deleted along with it.
UnityEngine.StackTraceUtility:ExtractStackTrace ()
UnityEditor.AssetDatabase:Refresh ()
NativeTilemapMigration:Convert () (at Assets/Editor/NativeTilemapMigration/NativeTilemapMigration.cs:69)

[Assets/Editor/NativeTilemapMigration/NativeTilemapMigration.cs line 69]

Refreshing native plugins compatible for Editor in 0.33 ms, found 0 plugins.
Preloading 0 native plugins for Editor in 0.00 ms.
Asset Pipeline Refresh (id=a1559a755ef9b2b49b4727fe3b7b767c): Total: 0.030 seconds - Initiated by RefreshV2(NoUpdateAssetOptions)
Start importing Assets/Resources/Maps/Scenes/Scene 26.prefab using Guid(4130153691c48d943916562a58b18703) Importer(Primary)  -> (artifact id: 'ece41d99b544129e9de5aeddfdae9dc2') in 0.004334 seconds
Refreshing native plugins compatible for Editor in 0.30 ms, found 0 plugins.
Preloading 0 native plugins for Editor in 0.00 ms.
Asset Pipeline Refresh (id=73dcf15be9e4c184ab1f32c1f85953a4): Total: 0.013 seconds - Initiated by StopAssetImportingV2(NoUpdateAssetOptions)
A meta data file (.meta) exists but its asset 'Assets/Resources/Maps/Scenes/Scene 27.prefab' can't be found. When moving or deleting files outside of Unity, please ensure that the corresponding .meta file is moved or deleted along with it.
UnityEngine.StackTraceUtility:ExtractStackTrace ()
UnityEditor.AssetDatabase:Refresh ()
NativeTilemapMigration:Convert () (at Assets/Editor/NativeTilemapMigration/NativeTilemapMigration.cs:69)

[Assets/Editor/NativeTilemapMigration/NativeTilemapMigration.cs line 69]

Refreshing native plugins compatible for Editor in 0.29 ms, found 0 plugins.
Preloading 0 native plugins for Editor in 0.00 ms.
Asset Pipeline Refresh (id=f7b86a8dfb546cf4a932aec81d03cf86): Total: 0.032 seconds - Initiated by RefreshV2(NoUpdateAssetOptions)
Start importing Assets/Resources/Maps/Scenes/Scene 27.prefab using Guid(b6b507bdc66992840be4cc53f281d903) Importer(Primary)  -> (artifact id: '69c6ee45b5f16f374cff72bc2c9a1362') in 0.004340 seconds
Refreshing native plugins compatible for Editor in 0.28 ms, found 0 plugins.
Preloading 0 native plugins for Editor in 0.00 ms.
Asset Pipeline Refresh (id=a1dcd3444109ee74ab1eb28bf6792619): Total: 0.014 seconds - Initiated by StopAssetImportingV2(NoUpdateAssetOptions)
A meta data file (.meta) exists but its asset 'Assets/Resources/Maps/Scenes/Scene 28.prefab' can't be found. When moving or deleting files outside of Unity, please ensure that the corresponding .meta file is moved or deleted along with it.
UnityEngine.StackTraceUtility:ExtractStackTrace ()
UnityEditor.AssetDatabase:Refresh ()
NativeTilemapMigration:Convert () (at Assets/Editor/NativeTilemapMigration/NativeTilemapMigration.cs:69)

[Assets/Editor/NativeTilemapMigration/NativeTilemapMigration.cs line 69]

Refreshing native plugins compatible for Editor in 0.28 ms, found 0 plugins.
Preloading 0 native plugins for Editor in 0.00 ms.
Asset Pipeline Refresh (id=cb1c0bb7832d1214e85f7fe6dfd031ef): Total: 0.028 seconds - Initiated by RefreshV2(NoUpdateAssetOptions)
Start importing Assets/Resources/Maps/Scenes/Scene 28.prefab using Guid(6f76727a62c2b414cb49ff230c752754) Importer(Primary)  -> (artifact id: 'a042bada3ba9c04454f266b3a54eb2b3') in 0.003885 seconds
Refreshing native plugins compatible for Editor in 0.36 ms, found 0 plugins.
Preloading 0 native plugins for Editor in 0.00 ms.
Asset Pipeline Refresh (id=0967b83187f28594590d6eb23df76b8a): Total: 0.013 seconds - Initiated by StopAssetImportingV2(NoUpdateAssetOptions)
A meta data file (.meta) exists but its asset 'Assets/Resources/Maps/Scenes/Scene 29.prefab' can't be found. When moving or deleting files outside of Unity, please ensure that the corresponding .meta file is moved or deleted along with it.
UnityEngine.StackTraceUtility:ExtractStackTrace ()
UnityEditor.AssetDatabase:Refresh ()
NativeTilemapMigration:Convert () (at Assets/Editor/NativeTilemapMigration/NativeTilemapMigration.cs:69)

[Assets/Editor/NativeTilemapMigration/NativeTilemapMigration.cs line 69]

Refreshing native plugins compatible for Editor in 0.31 ms, found 0 plugins.
Preloading 0 native plugins for Editor in 0.00 ms.
Asset Pipeline Refresh (id=21064b25fe409e442aaf4a236162aa1e): Total: 0.031 seconds - Initiated by RefreshV2(NoUpdateAssetOptions)
Start importing Assets/Resources/Maps/Scenes/Scene 29.prefab using Guid(56c53d4cb807f9d4486bc2fa5d1c12e6) Importer(Primary)  -> (artifact id: 'b7ada88d5acbca44f955bff6fb88254d') in 0.004831 seconds
Refreshing native plugins compatible for Editor in 0.29 ms, found 0 plugins.
Preloading 0 native plugins for Editor in 0.00 ms.
Asset Pipeline Refresh (id=963e5c4315ad2e849a5288844f93768f): Total: 0.013 seconds - Initiated by StopAssetImportingV2(NoUpdateAssetOptions)
A meta data file (.meta) exists but its asset 'Assets/Resources/Maps/Scenes/Scene 3.prefab' can't be found. When moving or deleting files outside of Unity, please ensure that the corresponding .meta file is moved or deleted along with it.
UnityEngine.StackTraceUtility:ExtractStackTrace ()
UnityEditor.AssetDatabase:Refresh ()
NativeTilemapMigration:Convert () (at Assets/Editor/NativeTilemapMigration/NativeTilemapMigration.cs:69)

[Assets/Editor/NativeTilemapMigration/NativeTilemapMigration.cs line 69]

Refreshing native plugins compatible for Editor in 0.36 ms, found 0 plugins.
Preloading 0 native plugins for Editor in 0.00 ms.
Asset Pipeline Refresh (id=8c8d02f9a416e0c4186a6e7a2262366c): Total: 0.031 seconds - Initiated by RefreshV2(NoUpdateAssetOptions)
Start importing Assets/Resources/Maps/Scenes/Scene 3.prefab using Guid(7f92f895e264b7f4492f806a36eddba5) Importer(Primary)  -> (artifact id: '70b3ccbc8211cd277210ac09e9bd8ca7') in 0.004395 seconds
Refreshing native plugins compatible for Editor in 0.30 ms, found 0 plugins.
Preloading 0 native plugins for Editor in 0.00 ms.
Asset Pipeline Refresh (id=0da1d95a2a567474ebba2473f33ce51e): Total: 0.013 seconds - Initiated by StopAssetImportingV2(NoUpdateAssetOptions)
A meta data file (.meta) exists but its asset 'Assets/Resources/Maps/Scenes/Scene 30.prefab' can't be found. When moving or deleting files outside of Unity, please ensure that the corresponding .meta file is moved or deleted along with it.
UnityEngine.StackTraceUtility:ExtractStackTrace ()
UnityEditor.AssetDatabase:Refresh ()
NativeTilemapMigration:Convert () (at Assets/Editor/NativeTilemapMigration/NativeTilemapMigration.cs:69)

[Assets/Editor/NativeTilemapMigration/NativeTilemapMigration.cs line 69]

Refreshing native plugins compatible for Editor in 0.29 ms, found 0 plugins.
Preloading 0 native plugins for Editor in 0.00 ms.
Asset Pipeline Refresh (id=c965d42ea65b75240a3204b2121156ea): Total: 0.031 seconds - Initiated by RefreshV2(NoUpdateAssetOptions)
Start importing Assets/Resources/Maps/Scenes/Scene 30.prefab using Guid(27735480aa6ddc141b6415ddf2b670c5) Importer(Primary)  -> (artifact id: 'e178fe802589a496478a5cc0c8b544aa') in 0.004556 seconds
Refreshing native plugins compatible for Editor in 0.31 ms, found 0 plugins.
Preloading 0 native plugins for Editor in 0.00 ms.
Asset Pipeline Refresh (id=f6666faf4cbe3fe49bbc6f229999f501): Total: 0.014 seconds - Initiated by StopAssetImportingV2(NoUpdateAssetOptions)
A meta data file (.meta) exists but its asset 'Assets/Resources/Maps/Scenes/Scene 31.prefab' can't be found. When moving or deleting files outside of Unity, please ensure that the corresponding .meta file is moved or deleted along with it.
UnityEngine.StackTraceUtility:ExtractStackTrace ()
UnityEditor.AssetDatabase:Refresh ()
NativeTilemapMigration:Convert () (at Assets/Editor/NativeTilemapMigration/NativeTilemapMigration.cs:69)

[Assets/Editor/NativeTilemapMigration/NativeTilemapMigration.cs line 69]

Refreshing native plugins compatible for Editor in 0.31 ms, found 0 plugins.
Preloading 0 native plugins for Editor in 0.00 ms.
Asset Pipeline Refresh (id=c219b046574818944a3ce23c73adc7ea): Total: 0.031 seconds - Initiated by RefreshV2(NoUpdateAssetOptions)
Start importing Assets/Resources/Maps/Scenes/Scene 31.prefab using Guid(77f3f91ee76e1064abb180931b328b3c) Importer(Primary)  -> (artifact id: '7c811afcda8845b850b3849f08d9c1a9') in 0.004508 seconds
Refreshing native plugins compatible for Editor in 0.28 ms, found 0 plugins.
Preloading 0 native plugins for Editor in 0.00 ms.
Asset Pipeline Refresh (id=cc0965cbb9365384b98649bba1d8c7fc): Total: 0.013 seconds - Initiated by StopAssetImportingV2(NoUpdateAssetOptions)
A meta data file (.meta) exists but its asset 'Assets/Resources/Maps/Scenes/Scene 32.prefab' can't be found. When moving or deleting files outside of Unity, please ensure that the corresponding .meta file is moved or deleted along with it.
UnityEngine.StackTraceUtility:ExtractStackTrace ()
UnityEditor.AssetDatabase:Refresh ()
NativeTilemapMigration:Convert () (at Assets/Editor/NativeTilemapMigration/NativeTilemapMigration.cs:69)

[Assets/Editor/NativeTilemapMigration/NativeTilemapMigration.cs line 69]

Refreshing native plugins compatible for Editor in 0.31 ms, found 0 plugins.
Preloading 0 native plugins for Editor in 0.00 ms.
Asset Pipeline Refresh (id=bf10dde185a9d0a4ba4d49eda27f6a21): Total: 0.030 seconds - Initiated by RefreshV2(NoUpdateAssetOptions)
Start importing Assets/Resources/Maps/Scenes/Scene 32.prefab using Guid(6e9ee2aa68a37c54686127a49b5fade0) Importer(Primary)  -> (artifact id: '7033f04e8eaa5dd37754ca4340969c36') in 0.004626 seconds
Refreshing native plugins compatible for Editor in 0.28 ms, found 0 plugins.
Preloading 0 native plugins for Editor in 0.00 ms.
Asset Pipeline Refresh (id=b7ab27e39240b36478ab478d899910ee): Total: 0.014 seconds - Initiated by StopAssetImportingV2(NoUpdateAssetOptions)
A meta data file (.meta) exists but its asset 'Assets/Resources/Maps/Scenes/Scene 33.prefab' can't be found. When moving or deleting files outside of Unity, please ensure that the corresponding .meta file is moved or deleted along with it.
UnityEngine.StackTraceUtility:ExtractStackTrace ()
UnityEditor.AssetDatabase:Refresh ()
NativeTilemapMigration:Convert () (at Assets/Editor/NativeTilemapMigration/NativeTilemapMigration.cs:69)

[Assets/Editor/NativeTilemapMigration/NativeTilemapMigration.cs line 69]

Refreshing native plugins compatible for Editor in 0.36 ms, found 0 plugins.
Preloading 0 native plugins for Editor in 0.00 ms.
Asset Pipeline Refresh (id=6edb888a606b416478e3ecf3ef74fba8): Total: 0.030 seconds - Initiated by RefreshV2(NoUpdateAssetOptions)
Start importing Assets/Resources/Maps/Scenes/Scene 33.prefab using Guid(36010cc75136c2f498ffe277ce382966) Importer(Primary)  -> (artifact id: 'a0be45961533b2c0c9438de6ae669d37') in 0.004418 seconds
Refreshing native plugins compatible for Editor in 0.28 ms, found 0 plugins.
Preloading 0 native plugins for Editor in 0.00 ms.
Asset Pipeline Refresh (id=42a5427277798b14685d0645c66a6542): Total: 0.013 seconds - Initiated by StopAssetImportingV2(NoUpdateAssetOptions)
A meta data file (.meta) exists but its asset 'Assets/Resources/Maps/Scenes/Scene 34.prefab' can't be found. When moving or deleting files outside of Unity, please ensure that the corresponding .meta file is moved or deleted along with it.
UnityEngine.StackTraceUtility:ExtractStackTrace ()
UnityEditor.AssetDatabase:Refresh ()
NativeTilemapMigration:Convert () (at Assets/Editor/NativeTilemapMigration/NativeTilemapMigration.cs:69)

[Assets/Editor/NativeTilemapMigration/NativeTilemapMigration.cs line 69]

Refreshing native plugins compatible for Editor in 0.33 ms, found 0 plugins.
Preloading 0 native plugins for Editor in 0.00 ms.
Asset Pipeline Refresh (id=131da17f1534184439a3cedf5f12181d): Total: 0.031 seconds - Initiated by RefreshV2(NoUpdateAssetOptions)
Start importing Assets/Resources/Maps/Scenes/Scene 34.prefab using Guid(f81d7c42d75bb7f4fa87bfac62f27020) Importer(Primary)  -> (artifact id: '435cb0cc3fbad54e3c8e0b7d72cae39f') in 0.004163 seconds
Refreshing native plugins compatible for Editor in 0.31 ms, found 0 plugins.
Preloading 0 native plugins for Editor in 0.00 ms.
Asset Pipeline Refresh (id=a3e64d81cebfae04aa7484c945ac5170): Total: 0.013 seconds - Initiated by StopAssetImportingV2(NoUpdateAssetOptions)
A meta data file (.meta) exists but its asset 'Assets/Resources/Maps/Scenes/Scene 35.prefab' can't be found. When moving or deleting files outside of Unity, please ensure that the corresponding .meta file is moved or deleted along with it.
UnityEngine.StackTraceUtility:ExtractStackTrace ()
UnityEditor.AssetDatabase:Refresh ()
NativeTilemapMigration:Convert () (at Assets/Editor/NativeTilemapMigration/NativeTilemapMigration.cs:69)

[Assets/Editor/NativeTilemapMigration/NativeTilemapMigration.cs line 69]

Refreshing native plugins compatible for Editor in 0.29 ms, found 0 plugins.
Preloading 0 native plugins for Editor in 0.00 ms.
Asset Pipeline Refresh (id=e558ac038ad8f7e429f55a436b159a10): Total: 0.031 seconds - Initiated by RefreshV2(NoUpdateAssetOptions)
Start importing Assets/Resources/Maps/Scenes/Scene 35.prefab using Guid(c63459d72a61a5346bd5077659953d77) Importer(Primary)  -> (artifact id: '03b558d9b6f9c9c36915f0f7e82669ed') in 0.004552 seconds
Refreshing native plugins compatible for Editor in 0.31 ms, found 0 plugins.
Preloading 0 native plugins for Editor in 0.00 ms.
Asset Pipeline Refresh (id=3f90795eb56768a4c9c7640b746dc69f): Total: 0.013 seconds - Initiated by StopAssetImportingV2(NoUpdateAssetOptions)
A meta data file (.meta) exists but its asset 'Assets/Resources/Maps/Scenes/Scene 36.prefab' can't be found. When moving or deleting files outside of Unity, please ensure that the corresponding .meta file is moved or deleted along with it.
UnityEngine.StackTraceUtility:ExtractStackTrace ()
UnityEditor.AssetDatabase:Refresh ()
NativeTilemapMigration:Convert () (at Assets/Editor/NativeTilemapMigration/NativeTilemapMigration.cs:69)

[Assets/Editor/NativeTilemapMigration/NativeTilemapMigration.cs line 69]

Refreshing native plugins compatible for Editor in 0.29 ms, found 0 plugins.
Preloading 0 native plugins for Editor in 0.00 ms.
Asset Pipeline Refresh (id=a0663ec5f78339d429aa96151c5e5376): Total: 0.030 seconds - Initiated by RefreshV2(NoUpdateAssetOptions)
Start importing Assets/Resources/Maps/Scenes/Scene 36.prefab using Guid(0444911d003de7546806c023b54616f4) Importer(Primary)  -> (artifact id: '74219e2d225d57b743098898573fa494') in 0.004534 seconds
Refreshing native plugins compatible for Editor in 0.28 ms, found 0 plugins.
Preloading 0 native plugins for Editor in 0.00 ms.
Asset Pipeline Refresh (id=24c3c1b99ba49fd4c882a21052ff1143): Total: 0.013 seconds - Initiated by StopAssetImportingV2(NoUpdateAssetOptions)
A meta data file (.meta) exists but its asset 'Assets/Resources/Maps/Scenes/Scene 37.prefab' can't be found. When moving or deleting files outside of Unity, please ensure that the corresponding .meta file is moved or deleted along with it.
UnityEngine.StackTraceUtility:ExtractStackTrace ()
UnityEditor.AssetDatabase:Refresh ()
NativeTilemapMigration:Convert () (at Assets/Editor/NativeTilemapMigration/NativeTilemapMigration.cs:69)

[Assets/Editor/NativeTilemapMigration/NativeTilemapMigration.cs line 69]

Refreshing native plugins compatible for Editor in 0.29 ms, found 0 plugins.
Preloading 0 native plugins for Editor in 0.00 ms.
Asset Pipeline Refresh (id=bc357ab0313c70f4d8c7c6d7c6f8743b): Total: 0.031 seconds - Initiated by RefreshV2(NoUpdateAssetOptions)
Start importing Assets/Resources/Maps/Scenes/Scene 37.prefab using Guid(05cb6058ea081a544b9cfa2e2e54cc81) Importer(Primary)  -> (artifact id: 'cc16a5a67f72fbd4196900d2c826ee51') in 0.004252 seconds
Refreshing native plugins compatible for Editor in 0.28 ms, found 0 plugins.
Preloading 0 native plugins for Editor in 0.00 ms.
Asset Pipeline Refresh (id=c7a40b2b78879994c935773382292a7d): Total: 0.013 seconds - Initiated by StopAssetImportingV2(NoUpdateAssetOptions)
A meta data file (.meta) exists but its asset 'Assets/Resources/Maps/Scenes/Scene 38.prefab' can't be found. When moving or deleting files outside of Unity, please ensure that the corresponding .meta file is moved or deleted along with it.
UnityEngine.StackTraceUtility:ExtractStackTrace ()
UnityEditor.AssetDatabase:Refresh ()
NativeTilemapMigration:Convert () (at Assets/Editor/NativeTilemapMigration/NativeTilemapMigration.cs:69)

[Assets/Editor/NativeTilemapMigration/NativeTilemapMigration.cs line 69]

Refreshing native plugins compatible for Editor in 0.30 ms, found 0 plugins.
Preloading 0 native plugins for Editor in 0.00 ms.
Asset Pipeline Refresh (id=29431bc1614428643bb7be546cfed7a7): Total: 0.030 seconds - Initiated by RefreshV2(NoUpdateAssetOptions)
Start importing Assets/Resources/Maps/Scenes/Scene 38.prefab using Guid(ed98305d8eda0ba4ead1c638aea45ab3) Importer(Primary)  -> (artifact id: 'b71966b292915ca9a777985c6fd6ed00') in 0.004058 seconds
Refreshing native plugins compatible for Editor in 0.28 ms, found 0 plugins.
Preloading 0 native plugins for Editor in 0.00 ms.
Asset Pipeline Refresh (id=1124615dda87806449ee65ca3f3e1f95): Total: 0.013 seconds - Initiated by StopAssetImportingV2(NoUpdateAssetOptions)
A meta data file (.meta) exists but its asset 'Assets/Resources/Maps/Scenes/Scene 39.prefab' can't be found. When moving or deleting files outside of Unity, please ensure that the corresponding .meta file is moved or deleted along with it.
UnityEngine.StackTraceUtility:ExtractStackTrace ()
UnityEditor.AssetDatabase:Refresh ()
NativeTilemapMigration:Convert () (at Assets/Editor/NativeTilemapMigration/NativeTilemapMigration.cs:69)

[Assets/Editor/NativeTilemapMigration/NativeTilemapMigration.cs line 69]

Refreshing native plugins compatible for Editor in 0.31 ms, found 0 plugins.
Preloading 0 native plugins for Editor in 0.00 ms.
Asset Pipeline Refresh (id=2354def5944ea4e42a2c0740f7de902e): Total: 0.032 seconds - Initiated by RefreshV2(NoUpdateAssetOptions)
Start importing Assets/Resources/Maps/Scenes/Scene 39.prefab using Guid(157e1da89eed02743887682b3ee63086) Importer(Primary)  -> (artifact id: 'a9ad589192e944e78ce895186caefc7a') in 0.004648 seconds
Refreshing native plugins compatible for Editor in 0.39 ms, found 0 plugins.
Preloading 0 native plugins for Editor in 0.00 ms.
Asset Pipeline Refresh (id=c5b41892055d8a14e987f4fde5ac9e9f): Total: 0.014 seconds - Initiated by StopAssetImportingV2(NoUpdateAssetOptions)
A meta data file (.meta) exists but its asset 'Assets/Resources/Maps/Scenes/Scene 4.prefab' can't be found. When moving or deleting files outside of Unity, please ensure that the corresponding .meta file is moved or deleted along with it.
UnityEngine.StackTraceUtility:ExtractStackTrace ()
UnityEditor.AssetDatabase:Refresh ()
NativeTilemapMigration:Convert () (at Assets/Editor/NativeTilemapMigration/NativeTilemapMigration.cs:69)

[Assets/Editor/NativeTilemapMigration/NativeTilemapMigration.cs line 69]

Refreshing native plugins compatible for Editor in 0.30 ms, found 0 plugins.
Preloading 0 native plugins for Editor in 0.00 ms.
Asset Pipeline Refresh (id=02d901929a494a34086f7418f5825ad4): Total: 0.030 seconds - Initiated by RefreshV2(NoUpdateAssetOptions)
Start importing Assets/Resources/Maps/Scenes/Scene 4.prefab using Guid(aa6b846ae9f794545b49484492f5e89d) Importer(Primary)  -> (artifact id: '5afd9419d8e0382ba56747e44757c8b7') in 0.004507 seconds
Refreshing native plugins compatible for Editor in 0.32 ms, found 0 plugins.
Preloading 0 native plugins for Editor in 0.00 ms.
Asset Pipeline Refresh (id=7f8f3d784dc448b4bad6b8f25544f851): Total: 0.013 seconds - Initiated by StopAssetImportingV2(NoUpdateAssetOptions)
A meta data file (.meta) exists but its asset 'Assets/Resources/Maps/Scenes/Scene 40.prefab' can't be found. When moving or deleting files outside of Unity, please ensure that the corresponding .meta file is moved or deleted along with it.
UnityEngine.StackTraceUtility:ExtractStackTrace ()
UnityEditor.AssetDatabase:Refresh ()
NativeTilemapMigration:Convert () (at Assets/Editor/NativeTilemapMigration/NativeTilemapMigration.cs:69)

[Assets/Editor/NativeTilemapMigration/NativeTilemapMigration.cs line 69]

Refreshing native plugins compatible for Editor in 0.31 ms, found 0 plugins.
Preloading 0 native plugins for Editor in 0.00 ms.
Asset Pipeline Refresh (id=db5851e2e08a1a748a31942bf3963b6b): Total: 0.030 seconds - Initiated by RefreshV2(NoUpdateAssetOptions)
Start importing Assets/Resources/Maps/Scenes/Scene 40.prefab using Guid(ed3086e0b1a7ae340836e145b01da658) Importer(Primary)  -> (artifact id: 'ae6c09d5e4cb4256177e1fe1a5c26a82') in 0.004384 seconds
Refreshing native plugins compatible for Editor in 0.31 ms, found 0 plugins.
Preloading 0 native plugins for Editor in 0.00 ms.
Asset Pipeline Refresh (id=e4cabb811774d8a46a363d2dc39f62fd): Total: 0.013 seconds - Initiated by StopAssetImportingV2(NoUpdateAssetOptions)
A meta data file (.meta) exists but its asset 'Assets/Resources/Maps/Scenes/Scene 41.prefab' can't be found. When moving or deleting files outside of Unity, please ensure that the corresponding .meta file is moved or deleted along with it.
UnityEngine.StackTraceUtility:ExtractStackTrace ()
UnityEditor.AssetDatabase:Refresh ()
NativeTilemapMigration:Convert () (at Assets/Editor/NativeTilemapMigration/NativeTilemapMigration.cs:69)

[Assets/Editor/NativeTilemapMigration/NativeTilemapMigration.cs line 69]

Refreshing native plugins compatible for Editor in 0.38 ms, found 0 plugins.
Preloading 0 native plugins for Editor in 0.00 ms.
Asset Pipeline Refresh (id=fc037b419aac40243940af7a42f7945d): Total: 0.032 seconds - Initiated by RefreshV2(NoUpdateAssetOptions)
Start importing Assets/Resources/Maps/Scenes/Scene 41.prefab using Guid(60b55710cd203f64b9effee886e4432d) Importer(Primary)  -> (artifact id: '33399c3406b5d12fffadd9cf96f282fb') in 0.004719 seconds
Refreshing native plugins compatible for Editor in 0.28 ms, found 0 plugins.
Preloading 0 native plugins for Editor in 0.00 ms.
Asset Pipeline Refresh (id=b796d5eb618de544bbb76e519f627b53): Total: 0.014 seconds - Initiated by StopAssetImportingV2(NoUpdateAssetOptions)
A meta data file (.meta) exists but its asset 'Assets/Resources/Maps/Scenes/Scene 42.prefab' can't be found. When moving or deleting files outside of Unity, please ensure that the corresponding .meta file is moved or deleted along with it.
UnityEngine.StackTraceUtility:ExtractStackTrace ()
UnityEditor.AssetDatabase:Refresh ()
NativeTilemapMigration:Convert () (at Assets/Editor/NativeTilemapMigration/NativeTilemapMigration.cs:69)

[Assets/Editor/NativeTilemapMigration/NativeTilemapMigration.cs line 69]

Refreshing native plugins compatible for Editor in 0.29 ms, found 0 plugins.
Preloading 0 native plugins for Editor in 0.00 ms.
Asset Pipeline Refresh (id=8460846887b11a946b35d0392adbcfa3): Total: 0.029 seconds - Initiated by RefreshV2(NoUpdateAssetOptions)
Start importing Assets/Resources/Maps/Scenes/Scene 42.prefab using Guid(549e744b64c3f314bb93bc6cfa44025c) Importer(Primary)  -> (artifact id: '5afdebc7fa4d18b1542b5e784d9e9690') in 0.004416 seconds
Refreshing native plugins compatible for Editor in 0.30 ms, found 0 plugins.
Preloading 0 native plugins for Editor in 0.00 ms.
Asset Pipeline Refresh (id=12180e1437fa05f47984e4fbb028838c): Total: 0.013 seconds - Initiated by StopAssetImportingV2(NoUpdateAssetOptions)
A meta data file (.meta) exists but its asset 'Assets/Resources/Maps/Scenes/Scene 43.prefab' can't be found. When moving or deleting files outside of Unity, please ensure that the corresponding .meta file is moved or deleted along with it.
UnityEngine.StackTraceUtility:ExtractStackTrace ()
UnityEditor.AssetDatabase:Refresh ()
NativeTilemapMigration:Convert () (at Assets/Editor/NativeTilemapMigration/NativeTilemapMigration.cs:69)

[Assets/Editor/NativeTilemapMigration/NativeTilemapMigration.cs line 69]

Refreshing native plugins compatible for Editor in 0.31 ms, found 0 plugins.
Preloading 0 native plugins for Editor in 0.00 ms.
Asset Pipeline Refresh (id=b15e5700c9b8eaa4b9e689f0cbec3762): Total: 0.032 seconds - Initiated by RefreshV2(NoUpdateAssetOptions)
Start importing Assets/Resources/Maps/Scenes/Scene 43.prefab using Guid(51f2b86cb66477842a1fc748210bc143) Importer(Primary)  -> (artifact id: 'bb162a2f5b0a6aacd33ad50aed4990d6') in 0.004425 seconds
Refreshing native plugins compatible for Editor in 0.28 ms, found 0 plugins.
Preloading 0 native plugins for Editor in 0.00 ms.
Asset Pipeline Refresh (id=0b7d83769404e3643a4b9dc28156dceb): Total: 0.013 seconds - Initiated by StopAssetImportingV2(NoUpdateAssetOptions)
A meta data file (.meta) exists but its asset 'Assets/Resources/Maps/Scenes/Scene 44.prefab' can't be found. When moving or deleting files outside of Unity, please ensure that the corresponding .meta file is moved or deleted along with it.
UnityEngine.StackTraceUtility:ExtractStackTrace ()
UnityEditor.AssetDatabase:Refresh ()
NativeTilemapMigration:Convert () (at Assets/Editor/NativeTilemapMigration/NativeTilemapMigration.cs:69)

[Assets/Editor/NativeTilemapMigration/NativeTilemapMigration.cs line 69]

Refreshing native plugins compatible for Editor in 0.30 ms, found 0 plugins.
Preloading 0 native plugins for Editor in 0.00 ms.
Asset Pipeline Refresh (id=27321bc5c29647e4d86a3a5fb91dbe3f): Total: 0.032 seconds - Initiated by RefreshV2(NoUpdateAssetOptions)
Start importing Assets/Resources/Maps/Scenes/Scene 44.prefab using Guid(0147f4b55055ddf4a9e48e6d9e3c4797) Importer(Primary)  -> (artifact id: '115dc4b32eaa488de02f0507459c60a3') in 0.004489 seconds
Refreshing native plugins compatible for Editor in 0.28 ms, found 0 plugins.
Preloading 0 native plugins for Editor in 0.00 ms.
Asset Pipeline Refresh (id=5eea1907a017a4b4289f5b03876e9311): Total: 0.014 seconds - Initiated by StopAssetImportingV2(NoUpdateAssetOptions)
A meta data file (.meta) exists but its asset 'Assets/Resources/Maps/Scenes/Scene 45.prefab' can't be found. When moving or deleting files outside of Unity, please ensure that the corresponding .meta file is moved or deleted along with it.
UnityEngine.StackTraceUtility:ExtractStackTrace ()
UnityEditor.AssetDatabase:Refresh ()
NativeTilemapMigration:Convert () (at Assets/Editor/NativeTilemapMigration/NativeTilemapMigration.cs:69)

[Assets/Editor/NativeTilemapMigration/NativeTilemapMigration.cs line 69]

Refreshing native plugins compatible for Editor in 0.29 ms, found 0 plugins.
Preloading 0 native plugins for Editor in 0.00 ms.
Asset Pipeline Refresh (id=be537f7423a03024bbf6fa5acbe4fcb2): Total: 0.031 seconds - Initiated by RefreshV2(NoUpdateAssetOptions)
Start importing Assets/Resources/Maps/Scenes/Scene 45.prefab using Guid(72e4f504cb8a3f74f9c6d9576a771cfb) Importer(Primary)  -> (artifact id: '8bd5e2e09362d07397f473a5a572390e') in 0.004500 seconds
Refreshing native plugins compatible for Editor in 0.32 ms, found 0 plugins.
Preloading 0 native plugins for Editor in 0.00 ms.
Asset Pipeline Refresh (id=5ce830b449d89664e9d0be2e10527c9d): Total: 0.014 seconds - Initiated by StopAssetImportingV2(NoUpdateAssetOptions)
A meta data file (.meta) exists but its asset 'Assets/Resources/Maps/Scenes/Scene 46.prefab' can't be found. When moving or deleting files outside of Unity, please ensure that the corresponding .meta file is moved or deleted along with it.
UnityEngine.StackTraceUtility:ExtractStackTrace ()
UnityEditor.AssetDatabase:Refresh ()
NativeTilemapMigration:Convert () (at Assets/Editor/NativeTilemapMigration/NativeTilemapMigration.cs:69)

[Assets/Editor/NativeTilemapMigration/NativeTilemapMigration.cs line 69]

Refreshing native plugins compatible for Editor in 0.31 ms, found 0 plugins.
Preloading 0 native plugins for Editor in 0.00 ms.
Asset Pipeline Refresh (id=ccbc3df35b07fdb47b0ccfb5743a12f7): Total: 0.029 seconds - Initiated by RefreshV2(NoUpdateAssetOptions)
Start importing Assets/Resources/Maps/Scenes/Scene 46.prefab using Guid(9bc57c538f645cc4190ff14f35e652be) Importer(Primary)  -> (artifact id: '40311ad39b9fdd8fb9c0a7e401be6569') in 0.004246 seconds
Refreshing native plugins compatible for Editor in 0.28 ms, found 0 plugins.
Preloading 0 native plugins for Editor in 0.00 ms.
Asset Pipeline Refresh (id=11df5241103926142893a26204462a7f): Total: 0.013 seconds - Initiated by StopAssetImportingV2(NoUpdateAssetOptions)
A meta data file (.meta) exists but its asset 'Assets/Resources/Maps/Scenes/Scene 47.prefab' can't be found. When moving or deleting files outside of Unity, please ensure that the corresponding .meta file is moved or deleted along with it.
UnityEngine.StackTraceUtility:ExtractStackTrace ()
UnityEditor.AssetDatabase:Refresh ()
NativeTilemapMigration:Convert () (at Assets/Editor/NativeTilemapMigration/NativeTilemapMigration.cs:69)

[Assets/Editor/NativeTilemapMigration/NativeTilemapMigration.cs line 69]

Refreshing native plugins compatible for Editor in 0.33 ms, found 0 plugins.
Preloading 0 native plugins for Editor in 0.00 ms.
Asset Pipeline Refresh (id=ce4cb8e6e75e0ab40a52d5d5f52564b3): Total: 0.028 seconds - Initiated by RefreshV2(NoUpdateAssetOptions)
Start importing Assets/Resources/Maps/Scenes/Scene 47.prefab using Guid(d35748159607b3848bfbc80fd941b8cf) Importer(Primary)  -> (artifact id: '93fd073e947940056b8e57e49cef0bc7') in 0.010266 seconds
Refreshing native plugins compatible for Editor in 0.87 ms, found 0 plugins.
Preloading 0 native plugins for Editor in 0.00 ms.
Asset Pipeline Refresh (id=20494e28a2e79f945a9e87b739d86116): Total: 0.031 seconds - Initiated by StopAssetImportingV2(NoUpdateAssetOptions)
A meta data file (.meta) exists but its asset 'Assets/Resources/Maps/Scenes/Scene 48.prefab' can't be found. When moving or deleting files outside of Unity, please ensure that the corresponding .meta file is moved or deleted along with it.
UnityEngine.StackTraceUtility:ExtractStackTrace ()
UnityEditor.AssetDatabase:Refresh ()
NativeTilemapMigration:Convert () (at Assets/Editor/NativeTilemapMigration/NativeTilemapMigration.cs:69)

[Assets/Editor/NativeTilemapMigration/NativeTilemapMigration.cs line 69]

Refreshing native plugins compatible for Editor in 0.28 ms, found 0 plugins.
Preloading 0 native plugins for Editor in 0.00 ms.
Asset Pipeline Refresh (id=aefadd3be2b46b54eb73722e4cde159b): Total: 0.027 seconds - Initiated by RefreshV2(NoUpdateAssetOptions)
Start importing Assets/Resources/Maps/Scenes/Scene 48.prefab using Guid(33685eb5fedf8544a9fed02965edd67f) Importer(Primary)  -> (artifact id: 'd8d50d10928294d996959dd7dc8d73e8') in 0.004265 seconds
Refreshing native plugins compatible for Editor in 0.28 ms, found 0 plugins.
Preloading 0 native plugins for Editor in 0.00 ms.
Asset Pipeline Refresh (id=0d3edbac0c167b8498b128e9e7f8e091): Total: 0.013 seconds - Initiated by StopAssetImportingV2(NoUpdateAssetOptions)
A meta data file (.meta) exists but its asset 'Assets/Resources/Maps/Scenes/Scene 49.prefab' can't be found. When moving or deleting files outside of Unity, please ensure that the corresponding .meta file is moved or deleted along with it.
UnityEngine.StackTraceUtility:ExtractStackTrace ()
UnityEditor.AssetDatabase:Refresh ()
NativeTilemapMigration:Convert () (at Assets/Editor/NativeTilemapMigration/NativeTilemapMigration.cs:69)

[Assets/Editor/NativeTilemapMigration/NativeTilemapMigration.cs line 69]

Refreshing native plugins compatible for Editor in 0.28 ms, found 0 plugins.
Preloading 0 native plugins for Editor in 0.00 ms.
Asset Pipeline Refresh (id=cb21d69b7c25622429009772ab9b8412): Total: 0.030 seconds - Initiated by RefreshV2(NoUpdateAssetOptions)
Start importing Assets/Resources/Maps/Scenes/Scene 49.prefab using Guid(888af68bb30ec3c458948a5a620295ff) Importer(Primary)  -> (artifact id: 'd290aa787d17c52b2286532717854eb4') in 0.004453 seconds
Refreshing native plugins compatible for Editor in 0.28 ms, found 0 plugins.
Preloading 0 native plugins for Editor in 0.00 ms.
Asset Pipeline Refresh (id=394ce6fc620f8fc429c30aa3a3206ff8): Total: 0.014 seconds - Initiated by StopAssetImportingV2(NoUpdateAssetOptions)
A meta data file (.meta) exists but its asset 'Assets/Resources/Maps/Scenes/Scene 5.prefab' can't be found. When moving or deleting files outside of Unity, please ensure that the corresponding .meta file is moved or deleted along with it.
UnityEngine.StackTraceUtility:ExtractStackTrace ()
UnityEditor.AssetDatabase:Refresh ()
NativeTilemapMigration:Convert () (at Assets/Editor/NativeTilemapMigration/NativeTilemapMigration.cs:69)

[Assets/Editor/NativeTilemapMigration/NativeTilemapMigration.cs line 69]

Refreshing native plugins compatible for Editor in 0.36 ms, found 0 plugins.
Preloading 0 native plugins for Editor in 0.00 ms.
Asset Pipeline Refresh (id=6446eae01da1ca145bf8b1991a83d5a4): Total: 0.031 seconds - Initiated by RefreshV2(NoUpdateAssetOptions)
Start importing Assets/Resources/Maps/Scenes/Scene 5.prefab using Guid(ae19a82ab4d6ea642b9f181f7840633c) Importer(Primary)  -> (artifact id: 'ce7ac85b5a81ea1f497090b0a86c03a5') in 0.004368 seconds
Refreshing native plugins compatible for Editor in 0.31 ms, found 0 plugins.
Preloading 0 native plugins for Editor in 0.00 ms.
Asset Pipeline Refresh (id=c1e07e44d4b64e94dacbb3360eca0b7c): Total: 0.013 seconds - Initiated by StopAssetImportingV2(NoUpdateAssetOptions)
A meta data file (.meta) exists but its asset 'Assets/Resources/Maps/Scenes/Scene 50.prefab' can't be found. When moving or deleting files outside of Unity, please ensure that the corresponding .meta file is moved or deleted along with it.
UnityEngine.StackTraceUtility:ExtractStackTrace ()
UnityEditor.AssetDatabase:Refresh ()
NativeTilemapMigration:Convert () (at Assets/Editor/NativeTilemapMigration/NativeTilemapMigration.cs:69)

[Assets/Editor/NativeTilemapMigration/NativeTilemapMigration.cs line 69]

Refreshing native plugins compatible for Editor in 0.29 ms, found 0 plugins.
Preloading 0 native plugins for Editor in 0.00 ms.
Asset Pipeline Refresh (id=0dd50cb94c5bdec418013263e4ecbb19): Total: 0.030 seconds - Initiated by RefreshV2(NoUpdateAssetOptions)
Start importing Assets/Resources/Maps/Scenes/Scene 50.prefab using Guid(94c6e014c92ca464c9e9f870eedc2020) Importer(Primary)  -> (artifact id: 'f04e43cb1dad92141b57b64ff2f307d2') in 0.004230 seconds
Refreshing native plugins compatible for Editor in 0.31 ms, found 0 plugins.
Preloading 0 native plugins for Editor in 0.00 ms.
Asset Pipeline Refresh (id=dd612a0924cdff240989cf131dff7578): Total: 0.014 seconds - Initiated by StopAssetImportingV2(NoUpdateAssetOptions)
A meta data file (.meta) exists but its asset 'Assets/Resources/Maps/Scenes/Scene 51.prefab' can't be found. When moving or deleting files outside of Unity, please ensure that the corresponding .meta file is moved or deleted along with it.
UnityEngine.StackTraceUtility:ExtractStackTrace ()
UnityEditor.AssetDatabase:Refresh ()
NativeTilemapMigration:Convert () (at Assets/Editor/NativeTilemapMigration/NativeTilemapMigration.cs:69)

[Assets/Editor/NativeTilemapMigration/NativeTilemapMigration.cs line 69]

Refreshing native plugins compatible for Editor in 0.33 ms, found 0 plugins.
Preloading 0 native plugins for Editor in 0.00 ms.
Asset Pipeline Refresh (id=85b27045c1cb7a541a086c495efaa794): Total: 0.030 seconds - Initiated by RefreshV2(NoUpdateAssetOptions)
Start importing Assets/Resources/Maps/Scenes/Scene 51.prefab using Guid(2a35c4451c2b051419de41d941c140b0) Importer(Primary)  -> (artifact id: 'd6c7c0270807d630e975dc0470451779') in 0.004055 seconds
Refreshing native plugins compatible for Editor in 0.28 ms, found 0 plugins.
Preloading 0 native plugins for Editor in 0.00 ms.
Asset Pipeline Refresh (id=7cef233afdc66944b957d5756483e0f3): Total: 0.013 seconds - Initiated by StopAssetImportingV2(NoUpdateAssetOptions)
A meta data file (.meta) exists but its asset 'Assets/Resources/Maps/Scenes/Scene 52.prefab' can't be found. When moving or deleting files outside of Unity, please ensure that the corresponding .meta file is moved or deleted along with it.
UnityEngine.StackTraceUtility:ExtractStackTrace ()
UnityEditor.AssetDatabase:Refresh ()
NativeTilemapMigration:Convert () (at Assets/Editor/NativeTilemapMigration/NativeTilemapMigration.cs:69)

[Assets/Editor/NativeTilemapMigration/NativeTilemapMigration.cs line 69]

Refreshing native plugins compatible for Editor in 0.33 ms, found 0 plugins.
Preloading 0 native plugins for Editor in 0.00 ms.
Asset Pipeline Refresh (id=6704cf191aa31564c93123775ea038f1): Total: 0.030 seconds - Initiated by RefreshV2(NoUpdateAssetOptions)
Start importing Assets/Resources/Maps/Scenes/Scene 52.prefab using Guid(b9927feacdd11074b96a87f65c8f3243) Importer(Primary)  -> (artifact id: '7cd41b48c1245002c57d557071c4dfb6') in 0.004537 seconds
Refreshing native plugins compatible for Editor in 0.30 ms, found 0 plugins.
Preloading 0 native plugins for Editor in 0.00 ms.
Asset Pipeline Refresh (id=7695b556360e2f445805b5f9b7125aca): Total: 0.013 seconds - Initiated by StopAssetImportingV2(NoUpdateAssetOptions)
A meta data file (.meta) exists but its asset 'Assets/Resources/Maps/Scenes/Scene 53.prefab' can't be found. When moving or deleting files outside of Unity, please ensure that the corresponding .meta file is moved or deleted along with it.
UnityEngine.StackTraceUtility:ExtractStackTrace ()
UnityEditor.AssetDatabase:Refresh ()
NativeTilemapMigration:Convert () (at Assets/Editor/NativeTilemapMigration/NativeTilemapMigration.cs:69)

[Assets/Editor/NativeTilemapMigration/NativeTilemapMigration.cs line 69]

Refreshing native plugins compatible for Editor in 0.29 ms, found 0 plugins.
Preloading 0 native plugins for Editor in 0.00 ms.
Asset Pipeline Refresh (id=f69231393bc96df4d9ec2b8d6e3c5ad3): Total: 0.030 seconds - Initiated by RefreshV2(NoUpdateAssetOptions)
Start importing Assets/Resources/Maps/Scenes/Scene 53.prefab using Guid(e944776ed484edd44b534c9b6b90bd67) Importer(Primary)  -> (artifact id: '56a6e3f13b23f6236212faecc46e2c50') in 0.004132 seconds
Refreshing native plugins compatible for Editor in 0.30 ms, found 0 plugins.
Preloading 0 native plugins for Editor in 0.00 ms.
Asset Pipeline Refresh (id=b661ebd377275684686aa23e26dea4c9): Total: 0.013 seconds - Initiated by StopAssetImportingV2(NoUpdateAssetOptions)
A meta data file (.meta) exists but its asset 'Assets/Resources/Maps/Scenes/Scene 54.prefab' can't be found. When moving or deleting files outside of Unity, please ensure that the corresponding .meta file is moved or deleted along with it.
UnityEngine.StackTraceUtility:ExtractStackTrace ()
UnityEditor.AssetDatabase:Refresh ()
NativeTilemapMigration:Convert () (at Assets/Editor/NativeTilemapMigration/NativeTilemapMigration.cs:69)

[Assets/Editor/NativeTilemapMigration/NativeTilemapMigration.cs line 69]

Refreshing native plugins compatible for Editor in 0.32 ms, found 0 plugins.
Preloading 0 native plugins for Editor in 0.00 ms.
Asset Pipeline Refresh (id=7344e9d03fe710b4a9d53a654b936ee7): Total: 0.032 seconds - Initiated by RefreshV2(NoUpdateAssetOptions)
Start importing Assets/Resources/Maps/Scenes/Scene 54.prefab using Guid(63b6cb05419e38c428c838fafa54adfe) Importer(Primary)  -> (artifact id: '488dd1ca98e72bd0226c3bcadf3d3ca2') in 0.004646 seconds
Refreshing native plugins compatible for Editor in 0.32 ms, found 0 plugins.
Preloading 0 native plugins for Editor in 0.00 ms.
Asset Pipeline Refresh (id=cdafd9655eab23d468758d4078b0bff8): Total: 0.014 seconds - Initiated by StopAssetImportingV2(NoUpdateAssetOptions)
A meta data file (.meta) exists but its asset 'Assets/Resources/Maps/Scenes/Scene 55.prefab' can't be found. When moving or deleting files outside of Unity, please ensure that the corresponding .meta file is moved or deleted along with it.
UnityEngine.StackTraceUtility:ExtractStackTrace ()
UnityEditor.AssetDatabase:Refresh ()
NativeTilemapMigration:Convert () (at Assets/Editor/NativeTilemapMigration/NativeTilemapMigration.cs:69)

[Assets/Editor/NativeTilemapMigration/NativeTilemapMigration.cs line 69]

Refreshing native plugins compatible for Editor in 0.28 ms, found 0 plugins.
Preloading 0 native plugins for Editor in 0.00 ms.
Asset Pipeline Refresh (id=3653fc152bc8664438d8f8f50ccef329): Total: 0.030 seconds - Initiated by RefreshV2(NoUpdateAssetOptions)
Start importing Assets/Resources/Maps/Scenes/Scene 55.prefab using Guid(3fdbbabf75afae5478cda800710ccd4c) Importer(Primary)  -> (artifact id: '09777708ac07cfa0def0c84b7b198a26') in 0.004608 seconds
Refreshing native plugins compatible for Editor in 0.28 ms, found 0 plugins.
Preloading 0 native plugins for Editor in 0.00 ms.
Asset Pipeline Refresh (id=056dc67495d7c694fb9b8bc617c6a6c7): Total: 0.014 seconds - Initiated by StopAssetImportingV2(NoUpdateAssetOptions)
A meta data file (.meta) exists but its asset 'Assets/Resources/Maps/Scenes/Scene 56.prefab' can't be found. When moving or deleting files outside of Unity, please ensure that the corresponding .meta file is moved or deleted along with it.
UnityEngine.StackTraceUtility:ExtractStackTrace ()
UnityEditor.AssetDatabase:Refresh ()
NativeTilemapMigration:Convert () (at Assets/Editor/NativeTilemapMigration/NativeTilemapMigration.cs:69)

[Assets/Editor/NativeTilemapMigration/NativeTilemapMigration.cs line 69]

Refreshing native plugins compatible for Editor in 0.28 ms, found 0 plugins.
Preloading 0 native plugins for Editor in 0.00 ms.
Asset Pipeline Refresh (id=4edd3547df111344388855bb1e806506): Total: 0.030 seconds - Initiated by RefreshV2(NoUpdateAssetOptions)
Start importing Assets/Resources/Maps/Scenes/Scene 56.prefab using Guid(7d6c3b261c78fe4488d2789c90abcaf3) Importer(Primary)  -> (artifact id: '8304ec2dbd15d1b0dab69f4d820f2cdb') in 0.004664 seconds
Refreshing native plugins compatible for Editor in 0.29 ms, found 0 plugins.
Preloading 0 native plugins for Editor in 0.00 ms.
Asset Pipeline Refresh (id=7a5c129316760264097805debda22a8c): Total: 0.014 seconds - Initiated by StopAssetImportingV2(NoUpdateAssetOptions)
A meta data file (.meta) exists but its asset 'Assets/Resources/Maps/Scenes/Scene 57.prefab' can't be found. When moving or deleting files outside of Unity, please ensure that the corresponding .meta file is moved or deleted along with it.
UnityEngine.StackTraceUtility:ExtractStackTrace ()
UnityEditor.AssetDatabase:Refresh ()
NativeTilemapMigration:Convert () (at Assets/Editor/NativeTilemapMigration/NativeTilemapMigration.cs:69)

[Assets/Editor/NativeTilemapMigration/NativeTilemapMigration.cs line 69]

Refreshing native plugins compatible for Editor in 0.28 ms, found 0 plugins.
Preloading 0 native plugins for Editor in 0.00 ms.
Asset Pipeline Refresh (id=b45cb64bb3397dd43a7c6ae220b0cafe): Total: 0.028 seconds - Initiated by RefreshV2(NoUpdateAssetOptions)
Start importing Assets/Resources/Maps/Scenes/Scene 57.prefab using Guid(44f8fe7b48bdff947b36e396da6200be) Importer(Primary)  -> (artifact id: 'fd4780ec211cb9eca991cbd67d024288') in 0.004542 seconds
Refreshing native plugins compatible for Editor in 0.28 ms, found 0 plugins.
Preloading 0 native plugins for Editor in 0.00 ms.
Asset Pipeline Refresh (id=972c8b58f7cf7694285527fbf5b77366): Total: 0.014 seconds - Initiated by StopAssetImportingV2(NoUpdateAssetOptions)
A meta data file (.meta) exists but its asset 'Assets/Resources/Maps/Scenes/Scene 58.prefab' can't be found. When moving or deleting files outside of Unity, please ensure that the corresponding .meta file is moved or deleted along with it.
UnityEngine.StackTraceUtility:ExtractStackTrace ()
UnityEditor.AssetDatabase:Refresh ()
NativeTilemapMigration:Convert () (at Assets/Editor/NativeTilemapMigration/NativeTilemapMigration.cs:69)

[Assets/Editor/NativeTilemapMigration/NativeTilemapMigration.cs line 69]

Refreshing native plugins compatible for Editor in 0.31 ms, found 0 plugins.
Preloading 0 native plugins for Editor in 0.00 ms.
Asset Pipeline Refresh (id=74513d2a74480934ba8f8442ba8b48cf): Total: 0.029 seconds - Initiated by RefreshV2(NoUpdateAssetOptions)
Start importing Assets/Resources/Maps/Scenes/Scene 58.prefab using Guid(07dd1094aefae444a9e9c3097226c53c) Importer(Primary)  -> (artifact id: '6b57d600344f73b3491a619c09647e68') in 0.004382 seconds
Refreshing native plugins compatible for Editor in 0.28 ms, found 0 plugins.
Preloading 0 native plugins for Editor in 0.00 ms.
Asset Pipeline Refresh (id=6067853a5bccbe343a3fe7a761e072b2): Total: 0.013 seconds - Initiated by StopAssetImportingV2(NoUpdateAssetOptions)
A meta data file (.meta) exists but its asset 'Assets/Resources/Maps/Scenes/Scene 59.prefab' can't be found. When moving or deleting files outside of Unity, please ensure that the corresponding .meta file is moved or deleted along with it.
UnityEngine.StackTraceUtility:ExtractStackTrace ()
UnityEditor.AssetDatabase:Refresh ()
NativeTilemapMigration:Convert () (at Assets/Editor/NativeTilemapMigration/NativeTilemapMigration.cs:69)

[Assets/Editor/NativeTilemapMigration/NativeTilemapMigration.cs line 69]

Refreshing native plugins compatible for Editor in 0.29 ms, found 0 plugins.
Preloading 0 native plugins for Editor in 0.00 ms.
Asset Pipeline Refresh (id=4f2b1e118672c064b8379bfe1aa2623e): Total: 0.029 seconds - Initiated by RefreshV2(NoUpdateAssetOptions)
Start importing Assets/Resources/Maps/Scenes/Scene 59.prefab using Guid(211d202583d01934f98e69726f042b4f) Importer(Primary)  -> (artifact id: '4f3ddf79c9ac3ef2da900431aa555e45') in 0.004555 seconds
Refreshing native plugins compatible for Editor in 0.32 ms, found 0 plugins.
Preloading 0 native plugins for Editor in 0.00 ms.
Asset Pipeline Refresh (id=5315bf9fb2e98184eb53fd8f3733e2ed): Total: 0.013 seconds - Initiated by StopAssetImportingV2(NoUpdateAssetOptions)
A meta data file (.meta) exists but its asset 'Assets/Resources/Maps/Scenes/Scene 6.prefab' can't be found. When moving or deleting files outside of Unity, please ensure that the corresponding .meta file is moved or deleted along with it.
UnityEngine.StackTraceUtility:ExtractStackTrace ()
UnityEditor.AssetDatabase:Refresh ()
NativeTilemapMigration:Convert () (at Assets/Editor/NativeTilemapMigration/NativeTilemapMigration.cs:69)

[Assets/Editor/NativeTilemapMigration/NativeTilemapMigration.cs line 69]

Refreshing native plugins compatible for Editor in 0.29 ms, found 0 plugins.
Preloading 0 native plugins for Editor in 0.00 ms.
Asset Pipeline Refresh (id=f8dd86affab4b2b43b36b6a93ab0d4bc): Total: 0.031 seconds - Initiated by RefreshV2(NoUpdateAssetOptions)
Start importing Assets/Resources/Maps/Scenes/Scene 6.prefab using Guid(bdab0c2a62e14f44ebe17afb906a7470) Importer(Primary)  -> (artifact id: '0109cffff1c0ed415292a68f182ff329') in 0.004478 seconds
Refreshing native plugins compatible for Editor in 0.29 ms, found 0 plugins.
Preloading 0 native plugins for Editor in 0.00 ms.
Asset Pipeline Refresh (id=0c2b809d620457d42aff4bea922e939b): Total: 0.014 seconds - Initiated by StopAssetImportingV2(NoUpdateAssetOptions)
A meta data file (.meta) exists but its asset 'Assets/Resources/Maps/Scenes/Scene 60.prefab' can't be found. When moving or deleting files outside of Unity, please ensure that the corresponding .meta file is moved or deleted along with it.
UnityEngine.StackTraceUtility:ExtractStackTrace ()
UnityEditor.AssetDatabase:Refresh ()
NativeTilemapMigration:Convert () (at Assets/Editor/NativeTilemapMigration/NativeTilemapMigration.cs:69)

[Assets/Editor/NativeTilemapMigration/NativeTilemapMigration.cs line 69]

Refreshing native plugins compatible for Editor in 0.29 ms, found 0 plugins.
Preloading 0 native plugins for Editor in 0.00 ms.
Asset Pipeline Refresh (id=96c82c0b0548aed4eb3b828a473bbbf4): Total: 0.030 seconds - Initiated by RefreshV2(NoUpdateAssetOptions)
Start importing Assets/Resources/Maps/Scenes/Scene 60.prefab using Guid(101a38abaff153249850e8f39b3fbe7c) Importer(Primary)  -> (artifact id: '0077e44a4dc18171a40ea9edc613ec4a') in 0.004487 seconds
Refreshing native plugins compatible for Editor in 0.39 ms, found 0 plugins.
Preloading 0 native plugins for Editor in 0.00 ms.
Asset Pipeline Refresh (id=be095180cfffe6149935499b96fd9dd8): Total: 0.014 seconds - Initiated by StopAssetImportingV2(NoUpdateAssetOptions)
A meta data file (.meta) exists but its asset 'Assets/Resources/Maps/Scenes/Scene 61.prefab' can't be found. When moving or deleting files outside of Unity, please ensure that the corresponding .meta file is moved or deleted along with it.
UnityEngine.StackTraceUtility:ExtractStackTrace ()
UnityEditor.AssetDatabase:Refresh ()
NativeTilemapMigration:Convert () (at Assets/Editor/NativeTilemapMigration/NativeTilemapMigration.cs:69)

[Assets/Editor/NativeTilemapMigration/NativeTilemapMigration.cs line 69]

Refreshing native plugins compatible for Editor in 0.32 ms, found 0 plugins.
Preloading 0 native plugins for Editor in 0.00 ms.
Asset Pipeline Refresh (id=35c605177d45c5c4ea9b2a39e7201e01): Total: 0.031 seconds - Initiated by RefreshV2(NoUpdateAssetOptions)
Start importing Assets/Resources/Maps/Scenes/Scene 61.prefab using Guid(5fcf00f523fbf3847a3db85118761fc0) Importer(Primary)  -> (artifact id: '2616f157a033d0f12cf7e318117bae4a') in 0.004642 seconds
Refreshing native plugins compatible for Editor in 0.30 ms, found 0 plugins.
Preloading 0 native plugins for Editor in 0.00 ms.
Asset Pipeline Refresh (id=eb44523a5420849489b64df8ca438fa0): Total: 0.014 seconds - Initiated by StopAssetImportingV2(NoUpdateAssetOptions)
A meta data file (.meta) exists but its asset 'Assets/Resources/Maps/Scenes/Scene 62.prefab' can't be found. When moving or deleting files outside of Unity, please ensure that the corresponding .meta file is moved or deleted along with it.
UnityEngine.StackTraceUtility:ExtractStackTrace ()
UnityEditor.AssetDatabase:Refresh ()
NativeTilemapMigration:Convert () (at Assets/Editor/NativeTilemapMigration/NativeTilemapMigration.cs:69)

[Assets/Editor/NativeTilemapMigration/NativeTilemapMigration.cs line 69]

Refreshing native plugins compatible for Editor in 0.34 ms, found 0 plugins.
Preloading 0 native plugins for Editor in 0.00 ms.
Asset Pipeline Refresh (id=06d8e8e603c1819408a7f84b97f49e58): Total: 0.030 seconds - Initiated by RefreshV2(NoUpdateAssetOptions)
Start importing Assets/Resources/Maps/Scenes/Scene 62.prefab using Guid(8c020c6c534df0e4881d38912ef14bfa) Importer(Primary)  -> (artifact id: 'f58113900a042c8bfb3c0fdd2dd1d722') in 0.004268 seconds
Refreshing native plugins compatible for Editor in 0.28 ms, found 0 plugins.
Preloading 0 native plugins for Editor in 0.00 ms.
Asset Pipeline Refresh (id=ba6b34ffa4a94ad47bea9fede76cc6ef): Total: 0.013 seconds - Initiated by StopAssetImportingV2(NoUpdateAssetOptions)
A meta data file (.meta) exists but its asset 'Assets/Resources/Maps/Scenes/Scene 63.prefab' can't be found. When moving or deleting files outside of Unity, please ensure that the corresponding .meta file is moved or deleted along with it.
UnityEngine.StackTraceUtility:ExtractStackTrace ()
UnityEditor.AssetDatabase:Refresh ()
NativeTilemapMigration:Convert () (at Assets/Editor/NativeTilemapMigration/NativeTilemapMigration.cs:69)

[Assets/Editor/NativeTilemapMigration/NativeTilemapMigration.cs line 69]

Refreshing native plugins compatible for Editor in 0.30 ms, found 0 plugins.
Preloading 0 native plugins for Editor in 0.00 ms.
Asset Pipeline Refresh (id=73e9ea17691d80f419e8d2af79ce3897): Total: 0.029 seconds - Initiated by RefreshV2(NoUpdateAssetOptions)
Start importing Assets/Resources/Maps/Scenes/Scene 63.prefab using Guid(a83653ef30d95ab49b550637e2d67b56) Importer(Primary)  -> (artifact id: '0a1fb6175c19cd10c1fad6b7e11854f0') in 0.004593 seconds
Refreshing native plugins compatible for Editor in 0.32 ms, found 0 plugins.
Preloading 0 native plugins for Editor in 0.00 ms.
Asset Pipeline Refresh (id=f43fbe194cb6a0c478b609e9927d3e2f): Total: 0.014 seconds - Initiated by StopAssetImportingV2(NoUpdateAssetOptions)
A meta data file (.meta) exists but its asset 'Assets/Resources/Maps/Scenes/Scene 64.prefab' can't be found. When moving or deleting files outside of Unity, please ensure that the corresponding .meta file is moved or deleted along with it.
UnityEngine.StackTraceUtility:ExtractStackTrace ()
UnityEditor.AssetDatabase:Refresh ()
NativeTilemapMigration:Convert () (at Assets/Editor/NativeTilemapMigration/NativeTilemapMigration.cs:69)

[Assets/Editor/NativeTilemapMigration/NativeTilemapMigration.cs line 69]

Refreshing native plugins compatible for Editor in 0.31 ms, found 0 plugins.
Preloading 0 native plugins for Editor in 0.00 ms.
Asset Pipeline Refresh (id=86b8824b58ebb204a95e7c333028b49e): Total: 0.030 seconds - Initiated by RefreshV2(NoUpdateAssetOptions)
Start importing Assets/Resources/Maps/Scenes/Scene 64.prefab using Guid(cebbbdc08d6cded49b1f10f3f69b6b16) Importer(Primary)  -> (artifact id: 'ea16ccd88207d52051bc8e62a5fd0160') in 0.004597 seconds
Refreshing native plugins compatible for Editor in 0.31 ms, found 0 plugins.
Preloading 0 native plugins for Editor in 0.00 ms.
Asset Pipeline Refresh (id=63e96f6eefcb2114bbd359955b817ff5): Total: 0.014 seconds - Initiated by StopAssetImportingV2(NoUpdateAssetOptions)
A meta data file (.meta) exists but its asset 'Assets/Resources/Maps/Scenes/Scene 65.prefab' can't be found. When moving or deleting files outside of Unity, please ensure that the corresponding .meta file is moved or deleted along with it.
UnityEngine.StackTraceUtility:ExtractStackTrace ()
UnityEditor.AssetDatabase:Refresh ()
NativeTilemapMigration:Convert () (at Assets/Editor/NativeTilemapMigration/NativeTilemapMigration.cs:69)

[Assets/Editor/NativeTilemapMigration/NativeTilemapMigration.cs line 69]

Refreshing native plugins compatible for Editor in 0.36 ms, found 0 plugins.
Preloading 0 native plugins for Editor in 0.00 ms.
Asset Pipeline Refresh (id=e1632b9dfcf3bdf4abdb8d3c55cb39e8): Total: 0.031 seconds - Initiated by RefreshV2(NoUpdateAssetOptions)
Start importing Assets/Resources/Maps/Scenes/Scene 65.prefab using Guid(cef08f8a3b82f8342a5ffc6e91d71fb5) Importer(Primary)  -> (artifact id: 'e74ff2143d10511706df924a1cb29e66') in 0.004436 seconds
Refreshing native plugins compatible for Editor in 0.29 ms, found 0 plugins.
Preloading 0 native plugins for Editor in 0.00 ms.
Asset Pipeline Refresh (id=32de38bf9ba2a434f89d32a3dc823374): Total: 0.013 seconds - Initiated by StopAssetImportingV2(NoUpdateAssetOptions)
A meta data file (.meta) exists but its asset 'Assets/Resources/Maps/Scenes/Scene 66.prefab' can't be found. When moving or deleting files outside of Unity, please ensure that the corresponding .meta file is moved or deleted along with it.
UnityEngine.StackTraceUtility:ExtractStackTrace ()
UnityEditor.AssetDatabase:Refresh ()
NativeTilemapMigration:Convert () (at Assets/Editor/NativeTilemapMigration/NativeTilemapMigration.cs:69)

[Assets/Editor/NativeTilemapMigration/NativeTilemapMigration.cs line 69]

Refreshing native plugins compatible for Editor in 0.28 ms, found 0 plugins.
Preloading 0 native plugins for Editor in 0.00 ms.
Asset Pipeline Refresh (id=f3d32483c9b89af40b57f9c0f1d8dd85): Total: 0.031 seconds - Initiated by RefreshV2(NoUpdateAssetOptions)
Start importing Assets/Resources/Maps/Scenes/Scene 66.prefab using Guid(92e5901fe2699ad43b366aba9c1392b9) Importer(Primary)  -> (artifact id: '4e4bd44472634f4a0e79e2f4fe1a3107') in 0.004199 seconds
Refreshing native plugins compatible for Editor in 0.29 ms, found 0 plugins.
Preloading 0 native plugins for Editor in 0.00 ms.
Asset Pipeline Refresh (id=1764a82ea17bda54185fdc14b60fc30e): Total: 0.013 seconds - Initiated by StopAssetImportingV2(NoUpdateAssetOptions)
A meta data file (.meta) exists but its asset 'Assets/Resources/Maps/Scenes/Scene 67.prefab' can't be found. When moving or deleting files outside of Unity, please ensure that the corresponding .meta file is moved or deleted along with it.
UnityEngine.StackTraceUtility:ExtractStackTrace ()
UnityEditor.AssetDatabase:Refresh ()
NativeTilemapMigration:Convert () (at Assets/Editor/NativeTilemapMigration/NativeTilemapMigration.cs:69)

[Assets/Editor/NativeTilemapMigration/NativeTilemapMigration.cs line 69]

Refreshing native plugins compatible for Editor in 0.36 ms, found 0 plugins.
Preloading 0 native plugins for Editor in 0.00 ms.
Asset Pipeline Refresh (id=e3f24edc6fefd864a97ed8473d1a7e2a): Total: 0.031 seconds - Initiated by RefreshV2(NoUpdateAssetOptions)
Start importing Assets/Resources/Maps/Scenes/Scene 67.prefab using Guid(2ebf3c23f79282f4ea26f4f13447e5b6) Importer(Primary)  -> (artifact id: '7ebd9df276934cfda0dd8e8ace042315') in 0.004248 seconds
Refreshing native plugins compatible for Editor in 0.28 ms, found 0 plugins.
Preloading 0 native plugins for Editor in 0.00 ms.
Asset Pipeline Refresh (id=b1efd7fc7b793134ea53ef661f74ffbe): Total: 0.014 seconds - Initiated by StopAssetImportingV2(NoUpdateAssetOptions)
A meta data file (.meta) exists but its asset 'Assets/Resources/Maps/Scenes/Scene 68.prefab' can't be found. When moving or deleting files outside of Unity, please ensure that the corresponding .meta file is moved or deleted along with it.
UnityEngine.StackTraceUtility:ExtractStackTrace ()
UnityEditor.AssetDatabase:Refresh ()
NativeTilemapMigration:Convert () (at Assets/Editor/NativeTilemapMigration/NativeTilemapMigration.cs:69)

[Assets/Editor/NativeTilemapMigration/NativeTilemapMigration.cs line 69]

Refreshing native plugins compatible for Editor in 0.28 ms, found 0 plugins.
Preloading 0 native plugins for Editor in 0.00 ms.
Asset Pipeline Refresh (id=cfb6c9bea3ca3ce41b19bb271047fee9): Total: 0.029 seconds - Initiated by RefreshV2(NoUpdateAssetOptions)
Start importing Assets/Resources/Maps/Scenes/Scene 68.prefab using Guid(e37c1039bf25f1a44bcaf388b312f2f7) Importer(Primary)  -> (artifact id: '49d43fde067565ec022a8e8a487e021a') in 0.004296 seconds
Refreshing native plugins compatible for Editor in 0.28 ms, found 0 plugins.
Preloading 0 native plugins for Editor in 0.00 ms.
Asset Pipeline Refresh (id=07f02610f9baf254aada4ce59ad9a49a): Total: 0.013 seconds - Initiated by StopAssetImportingV2(NoUpdateAssetOptions)
A meta data file (.meta) exists but its asset 'Assets/Resources/Maps/Scenes/Scene 69.prefab' can't be found. When moving or deleting files outside of Unity, please ensure that the corresponding .meta file is moved or deleted along with it.
UnityEngine.StackTraceUtility:ExtractStackTrace ()
UnityEditor.AssetDatabase:Refresh ()
NativeTilemapMigration:Convert () (at Assets/Editor/NativeTilemapMigration/NativeTilemapMigration.cs:69)

[Assets/Editor/NativeTilemapMigration/NativeTilemapMigration.cs line 69]

Refreshing native plugins compatible for Editor in 0.32 ms, found 0 plugins.
Preloading 0 native plugins for Editor in 0.00 ms.
Asset Pipeline Refresh (id=1f6e3e917fd5ff046b5dbf4cd87d6285): Total: 0.030 seconds - Initiated by RefreshV2(NoUpdateAssetOptions)
Start importing Assets/Resources/Maps/Scenes/Scene 69.prefab using Guid(cdb7a33bee77a1549931a5faf389b64b) Importer(Primary)  -> (artifact id: '6e1ecde5c5a58cad42431d42fd46f2fe') in 0.005033 seconds
Refreshing native plugins compatible for Editor in 0.28 ms, found 0 plugins.
Preloading 0 native plugins for Editor in 0.00 ms.
Asset Pipeline Refresh (id=b586b27b66dd05048b6564a627397ca0): Total: 0.014 seconds - Initiated by StopAssetImportingV2(NoUpdateAssetOptions)
A meta data file (.meta) exists but its asset 'Assets/Resources/Maps/Scenes/Scene 7.prefab' can't be found. When moving or deleting files outside of Unity, please ensure that the corresponding .meta file is moved or deleted along with it.
UnityEngine.StackTraceUtility:ExtractStackTrace ()
UnityEditor.AssetDatabase:Refresh ()
NativeTilemapMigration:Convert () (at Assets/Editor/NativeTilemapMigration/NativeTilemapMigration.cs:69)

[Assets/Editor/NativeTilemapMigration/NativeTilemapMigration.cs line 69]

Refreshing native plugins compatible for Editor in 0.29 ms, found 0 plugins.
Preloading 0 native plugins for Editor in 0.00 ms.
Asset Pipeline Refresh (id=73f07fc06f84202439b7231e798db484): Total: 0.029 seconds - Initiated by RefreshV2(NoUpdateAssetOptions)
Start importing Assets/Resources/Maps/Scenes/Scene 7.prefab using Guid(de8be27a2d4af514fb8e92091600ee75) Importer(Primary)  -> (artifact id: 'b75524fa7d08e323585a4e60eb1d148c') in 0.004548 seconds
Refreshing native plugins compatible for Editor in 0.39 ms, found 0 plugins.
Preloading 0 native plugins for Editor in 0.00 ms.
Asset Pipeline Refresh (id=3b5a0c08c255dec4e880b8c170a5b4a9): Total: 0.013 seconds - Initiated by StopAssetImportingV2(NoUpdateAssetOptions)
A meta data file (.meta) exists but its asset 'Assets/Resources/Maps/Scenes/Scene 70.prefab' can't be found. When moving or deleting files outside of Unity, please ensure that the corresponding .meta file is moved or deleted along with it.
UnityEngine.StackTraceUtility:ExtractStackTrace ()
UnityEditor.AssetDatabase:Refresh ()
NativeTilemapMigration:Convert () (at Assets/Editor/NativeTilemapMigration/NativeTilemapMigration.cs:69)

[Assets/Editor/NativeTilemapMigration/NativeTilemapMigration.cs line 69]

Refreshing native plugins compatible for Editor in 0.29 ms, found 0 plugins.
Preloading 0 native plugins for Editor in 0.00 ms.
Asset Pipeline Refresh (id=711331207df49684a94832dbacde9372): Total: 0.029 seconds - Initiated by RefreshV2(NoUpdateAssetOptions)
Start importing Assets/Resources/Maps/Scenes/Scene 70.prefab using Guid(9e37d6f57b2f6884a8b382b20675a26e) Importer(Primary)  -> (artifact id: 'f7d3d3538d781be52adb9889d0bad494') in 0.004441 seconds
Refreshing native plugins compatible for Editor in 0.28 ms, found 0 plugins.
Preloading 0 native plugins for Editor in 0.00 ms.
Asset Pipeline Refresh (id=d4df0fc4b075b214d8e1c0cb97a950c4): Total: 0.014 seconds - Initiated by StopAssetImportingV2(NoUpdateAssetOptions)
A meta data file (.meta) exists but its asset 'Assets/Resources/Maps/Scenes/Scene 71.prefab' can't be found. When moving or deleting files outside of Unity, please ensure that the corresponding .meta file is moved or deleted along with it.
UnityEngine.StackTraceUtility:ExtractStackTrace ()
UnityEditor.AssetDatabase:Refresh ()
NativeTilemapMigration:Convert () (at Assets/Editor/NativeTilemapMigration/NativeTilemapMigration.cs:69)

[Assets/Editor/NativeTilemapMigration/NativeTilemapMigration.cs line 69]

Refreshing native plugins compatible for Editor in 0.29 ms, found 0 plugins.
Preloading 0 native plugins for Editor in 0.00 ms.
Asset Pipeline Refresh (id=e65afbb773dc95847ae173cf12875266): Total: 0.030 seconds - Initiated by RefreshV2(NoUpdateAssetOptions)
Start importing Assets/Resources/Maps/Scenes/Scene 71.prefab using Guid(f64615f61181afc42b177f8bc43bdc55) Importer(Primary)  -> (artifact id: '5543f989cd2ce05457ada981028b2496') in 0.004588 seconds
Refreshing native plugins compatible for Editor in 0.29 ms, found 0 plugins.
Preloading 0 native plugins for Editor in 0.00 ms.
Asset Pipeline Refresh (id=5926285eedc968245998fa1418593e4f): Total: 0.013 seconds - Initiated by StopAssetImportingV2(NoUpdateAssetOptions)
A meta data file (.meta) exists but its asset 'Assets/Resources/Maps/Scenes/Scene 72.prefab' can't be found. When moving or deleting files outside of Unity, please ensure that the corresponding .meta file is moved or deleted along with it.
UnityEngine.StackTraceUtility:ExtractStackTrace ()
UnityEditor.AssetDatabase:Refresh ()
NativeTilemapMigration:Convert () (at Assets/Editor/NativeTilemapMigration/NativeTilemapMigration.cs:69)

[Assets/Editor/NativeTilemapMigration/NativeTilemapMigration.cs line 69]

Refreshing native plugins compatible for Editor in 0.30 ms, found 0 plugins.
Preloading 0 native plugins for Editor in 0.00 ms.
Asset Pipeline Refresh (id=74dc080fb162ee64cb399e6f670e175c): Total: 0.031 seconds - Initiated by RefreshV2(NoUpdateAssetOptions)
Start importing Assets/Resources/Maps/Scenes/Scene 72.prefab using Guid(4aa6c41446634244d88e23486d55fd2a) Importer(Primary)  -> (artifact id: '561d2735c7fe00953670d1009c7f8f9a') in 0.004252 seconds
Refreshing native plugins compatible for Editor in 0.30 ms, found 0 plugins.
Preloading 0 native plugins for Editor in 0.00 ms.
Asset Pipeline Refresh (id=7a11c32ce50968b48947a077f4730f7b): Total: 0.013 seconds - Initiated by StopAssetImportingV2(NoUpdateAssetOptions)
A meta data file (.meta) exists but its asset 'Assets/Resources/Maps/Scenes/Scene 73.prefab' can't be found. When moving or deleting files outside of Unity, please ensure that the corresponding .meta file is moved or deleted along with it.
UnityEngine.StackTraceUtility:ExtractStackTrace ()
UnityEditor.AssetDatabase:Refresh ()
NativeTilemapMigration:Convert () (at Assets/Editor/NativeTilemapMigration/NativeTilemapMigration.cs:69)

[Assets/Editor/NativeTilemapMigration/NativeTilemapMigration.cs line 69]

Refreshing native plugins compatible for Editor in 0.29 ms, found 0 plugins.
Preloading 0 native plugins for Editor in 0.00 ms.
Asset Pipeline Refresh (id=62ce3965ef73f2a4b97c31e00c1fe3f9): Total: 0.032 seconds - Initiated by RefreshV2(NoUpdateAssetOptions)
Start importing Assets/Resources/Maps/Scenes/Scene 73.prefab using Guid(405fc9139c7348e4990d9b056e6ffa64) Importer(Primary)  -> (artifact id: '7793ecb2fcf07be1d047f9e0037e88f4') in 0.004214 seconds
Refreshing native plugins compatible for Editor in 0.31 ms, found 0 plugins.
Preloading 0 native plugins for Editor in 0.00 ms.
Asset Pipeline Refresh (id=0faa7e18d41f0df45a49d29de336efab): Total: 0.013 seconds - Initiated by StopAssetImportingV2(NoUpdateAssetOptions)
A meta data file (.meta) exists but its asset 'Assets/Resources/Maps/Scenes/Scene 74.prefab' can't be found. When moving or deleting files outside of Unity, please ensure that the corresponding .meta file is moved or deleted along with it.
UnityEngine.StackTraceUtility:ExtractStackTrace ()
UnityEditor.AssetDatabase:Refresh ()
NativeTilemapMigration:Convert () (at Assets/Editor/NativeTilemapMigration/NativeTilemapMigration.cs:69)

[Assets/Editor/NativeTilemapMigration/NativeTilemapMigration.cs line 69]

Refreshing native plugins compatible for Editor in 0.28 ms, found 0 plugins.
Preloading 0 native plugins for Editor in 0.00 ms.
Asset Pipeline Refresh (id=394dcc8b158857b4a886833aab1db81a): Total: 0.029 seconds - Initiated by RefreshV2(NoUpdateAssetOptions)
Start importing Assets/Resources/Maps/Scenes/Scene 74.prefab using Guid(c3303b8f85a801d4d8a6cebf0a60b8a4) Importer(Primary)  -> (artifact id: '04ab2500c05720169bcb26252e7a8dd1') in 0.004572 seconds
Refreshing native plugins compatible for Editor in 0.31 ms, found 0 plugins.
Preloading 0 native plugins for Editor in 0.00 ms.
Asset Pipeline Refresh (id=e38049bf04ea5a840ad0a531c1229952): Total: 0.013 seconds - Initiated by StopAssetImportingV2(NoUpdateAssetOptions)
A meta data file (.meta) exists but its asset 'Assets/Resources/Maps/Scenes/Scene 75.prefab' can't be found. When moving or deleting files outside of Unity, please ensure that the corresponding .meta file is moved or deleted along with it.
UnityEngine.StackTraceUtility:ExtractStackTrace ()
UnityEditor.AssetDatabase:Refresh ()
NativeTilemapMigration:Convert () (at Assets/Editor/NativeTilemapMigration/NativeTilemapMigration.cs:69)

[Assets/Editor/NativeTilemapMigration/NativeTilemapMigration.cs line 69]

Refreshing native plugins compatible for Editor in 0.31 ms, found 0 plugins.
Preloading 0 native plugins for Editor in 0.00 ms.
Asset Pipeline Refresh (id=780d1d4fd54b70142aa32d4e26b10d99): Total: 0.030 seconds - Initiated by RefreshV2(NoUpdateAssetOptions)
Start importing Assets/Resources/Maps/Scenes/Scene 75.prefab using Guid(ef1eb1579b82f214aae0d031fa87a341) Importer(Primary)  -> (artifact id: 'ec980a26fd680ff06fd8411c6da46d4f') in 0.004475 seconds
Refreshing native plugins compatible for Editor in 0.30 ms, found 0 plugins.
Preloading 0 native plugins for Editor in 0.00 ms.
Asset Pipeline Refresh (id=966327c46a715dd42a54383f51b21efb): Total: 0.013 seconds - Initiated by StopAssetImportingV2(NoUpdateAssetOptions)
A meta data file (.meta) exists but its asset 'Assets/Resources/Maps/Scenes/Scene 76.prefab' can't be found. When moving or deleting files outside of Unity, please ensure that the corresponding .meta file is moved or deleted along with it.
UnityEngine.StackTraceUtility:ExtractStackTrace ()
UnityEditor.AssetDatabase:Refresh ()
NativeTilemapMigration:Convert () (at Assets/Editor/NativeTilemapMigration/NativeTilemapMigration.cs:69)

[Assets/Editor/NativeTilemapMigration/NativeTilemapMigration.cs line 69]

Refreshing native plugins compatible for Editor in 0.32 ms, found 0 plugins.
Preloading 0 native plugins for Editor in 0.00 ms.
Asset Pipeline Refresh (id=9929fa648af813b4bb7d20a2b4d114d8): Total: 0.030 seconds - Initiated by RefreshV2(NoUpdateAssetOptions)
Start importing Assets/Resources/Maps/Scenes/Scene 76.prefab using Guid(6170b5f67bd32de488b39afcb1c9b828) Importer(Primary)  -> (artifact id: '956c8352e34138dd07a744ac60a88e4a') in 0.004261 seconds
Refreshing native plugins compatible for Editor in 0.31 ms, found 0 plugins.
Preloading 0 native plugins for Editor in 0.00 ms.
Asset Pipeline Refresh (id=03e94c56e249a2547b524a30d6f9381c): Total: 0.013 seconds - Initiated by StopAssetImportingV2(NoUpdateAssetOptions)
A meta data file (.meta) exists but its asset 'Assets/Resources/Maps/Scenes/Scene 77.prefab' can't be found. When moving or deleting files outside of Unity, please ensure that the corresponding .meta file is moved or deleted along with it.
UnityEngine.StackTraceUtility:ExtractStackTrace ()
UnityEditor.AssetDatabase:Refresh ()
NativeTilemapMigration:Convert () (at Assets/Editor/NativeTilemapMigration/NativeTilemapMigration.cs:69)

[Assets/Editor/NativeTilemapMigration/NativeTilemapMigration.cs line 69]

Refreshing native plugins compatible for Editor in 0.29 ms, found 0 plugins.
Preloading 0 native plugins for Editor in 0.00 ms.
Asset Pipeline Refresh (id=8a9e9c17f40f3fa4ca98e096d41a34c6): Total: 0.030 seconds - Initiated by RefreshV2(NoUpdateAssetOptions)
Start importing Assets/Resources/Maps/Scenes/Scene 77.prefab using Guid(001140e4e13725d42af9b63a6dda9aaf) Importer(Primary)  -> (artifact id: 'e77938b5d58430714b5dc2a590982d05') in 0.004464 seconds
Refreshing native plugins compatible for Editor in 0.28 ms, found 0 plugins.
Preloading 0 native plugins for Editor in 0.00 ms.
Asset Pipeline Refresh (id=63afa6621cad4674db36d9bebf37c372): Total: 0.014 seconds - Initiated by StopAssetImportingV2(NoUpdateAssetOptions)
A meta data file (.meta) exists but its asset 'Assets/Resources/Maps/Scenes/Scene 78.prefab' can't be found. When moving or deleting files outside of Unity, please ensure that the corresponding .meta file is moved or deleted along with it.
UnityEngine.StackTraceUtility:ExtractStackTrace ()
UnityEditor.AssetDatabase:Refresh ()
NativeTilemapMigration:Convert () (at Assets/Editor/NativeTilemapMigration/NativeTilemapMigration.cs:69)

[Assets/Editor/NativeTilemapMigration/NativeTilemapMigration.cs line 69]

Refreshing native plugins compatible for Editor in 0.29 ms, found 0 plugins.
Preloading 0 native plugins for Editor in 0.00 ms.
Asset Pipeline Refresh (id=d98211d71e263e744ac3be7c4b15e57d): Total: 0.029 seconds - Initiated by RefreshV2(NoUpdateAssetOptions)
Start importing Assets/Resources/Maps/Scenes/Scene 78.prefab using Guid(8f8402c8d8e8e644b86d70d351302cd0) Importer(Primary)  -> (artifact id: '67f7ad6dcf783c6ed8b58ad1adc8b479') in 0.003965 seconds
Refreshing native plugins compatible for Editor in 0.28 ms, found 0 plugins.
Preloading 0 native plugins for Editor in 0.00 ms.
Asset Pipeline Refresh (id=638c31ea802a12649883492cfd03cd4e): Total: 0.013 seconds - Initiated by StopAssetImportingV2(NoUpdateAssetOptions)
A meta data file (.meta) exists but its asset 'Assets/Resources/Maps/Scenes/Scene 79.prefab' can't be found. When moving or deleting files outside of Unity, please ensure that the corresponding .meta file is moved or deleted along with it.
UnityEngine.StackTraceUtility:ExtractStackTrace ()
UnityEditor.AssetDatabase:Refresh ()
NativeTilemapMigration:Convert () (at Assets/Editor/NativeTilemapMigration/NativeTilemapMigration.cs:69)

[Assets/Editor/NativeTilemapMigration/NativeTilemapMigration.cs line 69]

Refreshing native plugins compatible for Editor in 0.28 ms, found 0 plugins.
Preloading 0 native plugins for Editor in 0.00 ms.
Asset Pipeline Refresh (id=3d6a86876dd67a545a198af9eb85734a): Total: 0.032 seconds - Initiated by RefreshV2(NoUpdateAssetOptions)
Start importing Assets/Resources/Maps/Scenes/Scene 79.prefab using Guid(0ec810f15aca8a24999108099395ecf6) Importer(Primary)  -> (artifact id: '60d7d48f4952b3c1e865c2e12c032f16') in 0.004617 seconds
Refreshing native plugins compatible for Editor in 0.30 ms, found 0 plugins.
Preloading 0 native plugins for Editor in 0.00 ms.
Asset Pipeline Refresh (id=490d5082338102c43b1dc779b2a655cb): Total: 0.013 seconds - Initiated by StopAssetImportingV2(NoUpdateAssetOptions)
A meta data file (.meta) exists but its asset 'Assets/Resources/Maps/Scenes/Scene 8.prefab' can't be found. When moving or deleting files outside of Unity, please ensure that the corresponding .meta file is moved or deleted along with it.
UnityEngine.StackTraceUtility:ExtractStackTrace ()
UnityEditor.AssetDatabase:Refresh ()
NativeTilemapMigration:Convert () (at Assets/Editor/NativeTilemapMigration/NativeTilemapMigration.cs:69)

[Assets/Editor/NativeTilemapMigration/NativeTilemapMigration.cs line 69]

Refreshing native plugins compatible for Editor in 0.31 ms, found 0 plugins.
Preloading 0 native plugins for Editor in 0.00 ms.
Asset Pipeline Refresh (id=057c9dfba1c2d8d45bbbc911c1c83273): Total: 0.030 seconds - Initiated by RefreshV2(NoUpdateAssetOptions)
Start importing Assets/Resources/Maps/Scenes/Scene 8.prefab using Guid(b974ad3d1bc1ab44cbc2164f45469ee0) Importer(Primary)  -> (artifact id: 'a9e341700bf281a7cf45c8d272e6be73') in 0.004185 seconds
Refreshing native plugins compatible for Editor in 0.31 ms, found 0 plugins.
Preloading 0 native plugins for Editor in 0.00 ms.
Asset Pipeline Refresh (id=a91374d2de177964caf1c1e4b8aac7cd): Total: 0.013 seconds - Initiated by StopAssetImportingV2(NoUpdateAssetOptions)
A meta data file (.meta) exists but its asset 'Assets/Resources/Maps/Scenes/Scene 80.prefab' can't be found. When moving or deleting files outside of Unity, please ensure that the corresponding .meta file is moved or deleted along with it.
UnityEngine.StackTraceUtility:ExtractStackTrace ()
UnityEditor.AssetDatabase:Refresh ()
NativeTilemapMigration:Convert () (at Assets/Editor/NativeTilemapMigration/NativeTilemapMigration.cs:69)

[Assets/Editor/NativeTilemapMigration/NativeTilemapMigration.cs line 69]

Refreshing native plugins compatible for Editor in 0.40 ms, found 0 plugins.
Preloading 0 native plugins for Editor in 0.00 ms.
Asset Pipeline Refresh (id=a8a2d8e37b49e6e47acaa8ed17c2eb64): Total: 0.033 seconds - Initiated by RefreshV2(NoUpdateAssetOptions)
Start importing Assets/Resources/Maps/Scenes/Scene 80.prefab using Guid(b8101315e7a08234a97ae76edcd272c5) Importer(Primary)  -> (artifact id: '00678d91879171147e51e7f75104e2ab') in 0.004565 seconds
Refreshing native plugins compatible for Editor in 0.34 ms, found 0 plugins.
Preloading 0 native plugins for Editor in 0.00 ms.
Asset Pipeline Refresh (id=ae961543c4a82104e81471abb5653c93): Total: 0.014 seconds - Initiated by StopAssetImportingV2(NoUpdateAssetOptions)
A meta data file (.meta) exists but its asset 'Assets/Resources/Maps/Scenes/Scene 81.prefab' can't be found. When moving or deleting files outside of Unity, please ensure that the corresponding .meta file is moved or deleted along with it.
UnityEngine.StackTraceUtility:ExtractStackTrace ()
UnityEditor.AssetDatabase:Refresh ()
NativeTilemapMigration:Convert () (at Assets/Editor/NativeTilemapMigration/NativeTilemapMigration.cs:69)

[Assets/Editor/NativeTilemapMigration/NativeTilemapMigration.cs line 69]

Refreshing native plugins compatible for Editor in 0.28 ms, found 0 plugins.
Preloading 0 native plugins for Editor in 0.00 ms.
Asset Pipeline Refresh (id=28841b6f34abc2b4683d947f799627eb): Total: 0.028 seconds - Initiated by RefreshV2(NoUpdateAssetOptions)
Start importing Assets/Resources/Maps/Scenes/Scene 81.prefab using Guid(9a75544628f2fe64ca748698d1cbe63d) Importer(Primary)  -> (artifact id: 'f3e7030ab4af274796886e598ea49c1d') in 0.004395 seconds
Refreshing native plugins compatible for Editor in 0.29 ms, found 0 plugins.
Preloading 0 native plugins for Editor in 0.00 ms.
Asset Pipeline Refresh (id=5e3413a570296014bb482bb892d5e42f): Total: 0.013 seconds - Initiated by StopAssetImportingV2(NoUpdateAssetOptions)
A meta data file (.meta) exists but its asset 'Assets/Resources/Maps/Scenes/Scene 82.prefab' can't be found. When moving or deleting files outside of Unity, please ensure that the corresponding .meta file is moved or deleted along with it.
UnityEngine.StackTraceUtility:ExtractStackTrace ()
UnityEditor.AssetDatabase:Refresh ()
NativeTilemapMigration:Convert () (at Assets/Editor/NativeTilemapMigration/NativeTilemapMigration.cs:69)

[Assets/Editor/NativeTilemapMigration/NativeTilemapMigration.cs line 69]

Refreshing native plugins compatible for Editor in 0.29 ms, found 0 plugins.
Preloading 0 native plugins for Editor in 0.00 ms.
Asset Pipeline Refresh (id=7849de78d0d9b68498206b8a8666bd1e): Total: 0.032 seconds - Initiated by RefreshV2(NoUpdateAssetOptions)
Start importing Assets/Resources/Maps/Scenes/Scene 82.prefab using Guid(d91a658988a80f04eb77cd9847975ce9) Importer(Primary)  -> (artifact id: 'd9f13400c6d921d00bef920dc5ff9cce') in 0.004473 seconds
Refreshing native plugins compatible for Editor in 0.32 ms, found 0 plugins.
Preloading 0 native plugins for Editor in 0.00 ms.
Asset Pipeline Refresh (id=91031bdb8104f79459a33e8d6668f2f4): Total: 0.013 seconds - Initiated by StopAssetImportingV2(NoUpdateAssetOptions)
A meta data file (.meta) exists but its asset 'Assets/Resources/Maps/Scenes/Scene 83.prefab' can't be found. When moving or deleting files outside of Unity, please ensure that the corresponding .meta file is moved or deleted along with it.
UnityEngine.StackTraceUtility:ExtractStackTrace ()
UnityEditor.AssetDatabase:Refresh ()
NativeTilemapMigration:Convert () (at Assets/Editor/NativeTilemapMigration/NativeTilemapMigration.cs:69)

[Assets/Editor/NativeTilemapMigration/NativeTilemapMigration.cs line 69]

Refreshing native plugins compatible for Editor in 0.31 ms, found 0 plugins.
Preloading 0 native plugins for Editor in 0.00 ms.
Asset Pipeline Refresh (id=2415f44f160eebe4db568986a1df5d21): Total: 0.030 seconds - Initiated by RefreshV2(NoUpdateAssetOptions)
Start importing Assets/Resources/Maps/Scenes/Scene 83.prefab using Guid(26c2b01e2bb91e64cbd4ea78c472275e) Importer(Primary)  -> (artifact id: '38aa233767b08abe64132e6674dc05be') in 0.004162 seconds
Refreshing native plugins compatible for Editor in 0.28 ms, found 0 plugins.
Preloading 0 native plugins for Editor in 0.00 ms.
Asset Pipeline Refresh (id=fc900da81b59db34aa342c525b81d679): Total: 0.013 seconds - Initiated by StopAssetImportingV2(NoUpdateAssetOptions)
A meta data file (.meta) exists but its asset 'Assets/Resources/Maps/Scenes/Scene 84.prefab' can't be found. When moving or deleting files outside of Unity, please ensure that the corresponding .meta file is moved or deleted along with it.
UnityEngine.StackTraceUtility:ExtractStackTrace ()
UnityEditor.AssetDatabase:Refresh ()
NativeTilemapMigration:Convert () (at Assets/Editor/NativeTilemapMigration/NativeTilemapMigration.cs:69)

[Assets/Editor/NativeTilemapMigration/NativeTilemapMigration.cs line 69]

Refreshing native plugins compatible for Editor in 0.35 ms, found 0 plugins.
Preloading 0 native plugins for Editor in 0.00 ms.
Asset Pipeline Refresh (id=064eeb08a45b468468aefcdd982d19cd): Total: 0.033 seconds - Initiated by RefreshV2(NoUpdateAssetOptions)
Start importing Assets/Resources/Maps/Scenes/Scene 84.prefab using Guid(305ec9d8c7f5e2f43bf31a2a78da0119) Importer(Primary)  -> (artifact id: '6b47ffb31f79558a5d5864d4b4aecb2e') in 0.004314 seconds
Refreshing native plugins compatible for Editor in 0.28 ms, found 0 plugins.
Preloading 0 native plugins for Editor in 0.00 ms.
Asset Pipeline Refresh (id=eba496925aa073f4b8c05bd5f300d60d): Total: 0.014 seconds - Initiated by StopAssetImportingV2(NoUpdateAssetOptions)
A meta data file (.meta) exists but its asset 'Assets/Resources/Maps/Scenes/Scene 85.prefab' can't be found. When moving or deleting files outside of Unity, please ensure that the corresponding .meta file is moved or deleted along with it.
UnityEngine.StackTraceUtility:ExtractStackTrace ()
UnityEditor.AssetDatabase:Refresh ()
NativeTilemapMigration:Convert () (at Assets/Editor/NativeTilemapMigration/NativeTilemapMigration.cs:69)

[Assets/Editor/NativeTilemapMigration/NativeTilemapMigration.cs line 69]

Refreshing native plugins compatible for Editor in 0.30 ms, found 0 plugins.
Preloading 0 native plugins for Editor in 0.00 ms.
Asset Pipeline Refresh (id=5acdece25d4994e4ca9a10fc0302e22b): Total: 0.036 seconds - Initiated by RefreshV2(NoUpdateAssetOptions)
Start importing Assets/Resources/Maps/Scenes/Scene 85.prefab using Guid(87b6b4cc649ef184aa53ce1755f94e16) Importer(Primary)  -> (artifact id: '1ba55f0293cd6c4aa5add46aed486ed6') in 0.004038 seconds
Refreshing native plugins compatible for Editor in 0.39 ms, found 0 plugins.
Preloading 0 native plugins for Editor in 0.00 ms.
Asset Pipeline Refresh (id=b9252397fb90107469066502ef56ef10): Total: 0.013 seconds - Initiated by StopAssetImportingV2(NoUpdateAssetOptions)
A meta data file (.meta) exists but its asset 'Assets/Resources/Maps/Scenes/Scene 86.prefab' can't be found. When moving or deleting files outside of Unity, please ensure that the corresponding .meta file is moved or deleted along with it.
UnityEngine.StackTraceUtility:ExtractStackTrace ()
UnityEditor.AssetDatabase:Refresh ()
NativeTilemapMigration:Convert () (at Assets/Editor/NativeTilemapMigration/NativeTilemapMigration.cs:69)

[Assets/Editor/NativeTilemapMigration/NativeTilemapMigration.cs line 69]

Refreshing native plugins compatible for Editor in 0.34 ms, found 0 plugins.
Preloading 0 native plugins for Editor in 0.00 ms.
Asset Pipeline Refresh (id=ddb1ff31cbb310d49b1fb527dda1a405): Total: 0.025 seconds - Initiated by RefreshV2(NoUpdateAssetOptions)
Start importing Assets/Resources/Maps/Scenes/Scene 86.prefab using Guid(8dbfd50070a1fda4494e85b5dfc89922) Importer(Primary)  -> (artifact id: 'db70306e4f82829c963df35823ac03a0') in 0.004272 seconds
Refreshing native plugins compatible for Editor in 0.29 ms, found 0 plugins.
Preloading 0 native plugins for Editor in 0.00 ms.
Asset Pipeline Refresh (id=a6b33ab18227b7b4b8196494d8c14c62): Total: 0.013 seconds - Initiated by StopAssetImportingV2(NoUpdateAssetOptions)
A meta data file (.meta) exists but its asset 'Assets/Resources/Maps/Scenes/Scene 87.prefab' can't be found. When moving or deleting files outside of Unity, please ensure that the corresponding .meta file is moved or deleted along with it.
UnityEngine.StackTraceUtility:ExtractStackTrace ()
UnityEditor.AssetDatabase:Refresh ()
NativeTilemapMigration:Convert () (at Assets/Editor/NativeTilemapMigration/NativeTilemapMigration.cs:69)

[Assets/Editor/NativeTilemapMigration/NativeTilemapMigration.cs line 69]

Refreshing native plugins compatible for Editor in 0.30 ms, found 0 plugins.
Preloading 0 native plugins for Editor in 0.00 ms.
Asset Pipeline Refresh (id=ba69cacfa3b5a564798a5fc8dd339c8e): Total: 0.031 seconds - Initiated by RefreshV2(NoUpdateAssetOptions)
Start importing Assets/Resources/Maps/Scenes/Scene 87.prefab using Guid(81c4f3e5e07be0d43b1a61c7146e8b3e) Importer(Primary)  -> (artifact id: 'd1392ea5e9756aa957f174a8b0160f52') in 0.004884 seconds
Refreshing native plugins compatible for Editor in 0.30 ms, found 0 plugins.
Preloading 0 native plugins for Editor in 0.00 ms.
Asset Pipeline Refresh (id=9b131f32b31213245a42a4704fcbe4f6): Total: 0.014 seconds - Initiated by StopAssetImportingV2(NoUpdateAssetOptions)
A meta data file (.meta) exists but its asset 'Assets/Resources/Maps/Scenes/Scene 88.prefab' can't be found. When moving or deleting files outside of Unity, please ensure that the corresponding .meta file is moved or deleted along with it.
UnityEngine.StackTraceUtility:ExtractStackTrace ()
UnityEditor.AssetDatabase:Refresh ()
NativeTilemapMigration:Convert () (at Assets/Editor/NativeTilemapMigration/NativeTilemapMigration.cs:69)

[Assets/Editor/NativeTilemapMigration/NativeTilemapMigration.cs line 69]

Refreshing native plugins compatible for Editor in 0.29 ms, found 0 plugins.
Preloading 0 native plugins for Editor in 0.00 ms.
Asset Pipeline Refresh (id=51c5b0cda7bcaf94fb113a551aefe0f2): Total: 0.030 seconds - Initiated by RefreshV2(NoUpdateAssetOptions)
Start importing Assets/Resources/Maps/Scenes/Scene 88.prefab using Guid(90660aaeee46b384aa32bed1d7a7ef1e) Importer(Primary)  -> (artifact id: 'c65561b70cdfc4abb8438afd3ccd1e8c') in 0.004445 seconds
Refreshing native plugins compatible for Editor in 0.29 ms, found 0 plugins.
Preloading 0 native plugins for Editor in 0.00 ms.
Asset Pipeline Refresh (id=c8819c7b379da644e928671c88430361): Total: 0.013 seconds - Initiated by StopAssetImportingV2(NoUpdateAssetOptions)
A meta data file (.meta) exists but its asset 'Assets/Resources/Maps/Scenes/Scene 89.prefab' can't be found. When moving or deleting files outside of Unity, please ensure that the corresponding .meta file is moved or deleted along with it.
UnityEngine.StackTraceUtility:ExtractStackTrace ()
UnityEditor.AssetDatabase:Refresh ()
NativeTilemapMigration:Convert () (at Assets/Editor/NativeTilemapMigration/NativeTilemapMigration.cs:69)

[Assets/Editor/NativeTilemapMigration/NativeTilemapMigration.cs line 69]

Refreshing native plugins compatible for Editor in 0.30 ms, found 0 plugins.
Preloading 0 native plugins for Editor in 0.00 ms.
Asset Pipeline Refresh (id=6076a17385353764ea037aa3038e8df5): Total: 0.031 seconds - Initiated by RefreshV2(NoUpdateAssetOptions)
Start importing Assets/Resources/Maps/Scenes/Scene 89.prefab using Guid(eabd5e423ccfb934a9ada097d9f9396a) Importer(Primary)  -> (artifact id: '063b6eb799e4226466658a2148f4f3be') in 0.004380 seconds
Refreshing native plugins compatible for Editor in 0.41 ms, found 0 plugins.
Preloading 0 native plugins for Editor in 0.00 ms.
Asset Pipeline Refresh (id=20adaf4279587534e8915951ad4f7bc5): Total: 0.014 seconds - Initiated by StopAssetImportingV2(NoUpdateAssetOptions)
A meta data file (.meta) exists but its asset 'Assets/Resources/Maps/Scenes/Scene 9.prefab' can't be found. When moving or deleting files outside of Unity, please ensure that the corresponding .meta file is moved or deleted along with it.
UnityEngine.StackTraceUtility:ExtractStackTrace ()
UnityEditor.AssetDatabase:Refresh ()
NativeTilemapMigration:Convert () (at Assets/Editor/NativeTilemapMigration/NativeTilemapMigration.cs:69)

[Assets/Editor/NativeTilemapMigration/NativeTilemapMigration.cs line 69]

Refreshing native plugins compatible for Editor in 0.38 ms, found 0 plugins.
Preloading 0 native plugins for Editor in 0.00 ms.
Asset Pipeline Refresh (id=01ab98eaf2608ed498cc6595a2a735e5): Total: 0.030 seconds - Initiated by RefreshV2(NoUpdateAssetOptions)
Start importing Assets/Resources/Maps/Scenes/Scene 9.prefab using Guid(e38f9b8b9624b144693c3b612e1d5776) Importer(Primary)  -> (artifact id: '77d095cd58b74d1e61533dbbd2feef3a') in 0.004527 seconds
Refreshing native plugins compatible for Editor in 0.28 ms, found 0 plugins.
Preloading 0 native plugins for Editor in 0.00 ms.
Asset Pipeline Refresh (id=3469acc0be833a74988487e53d5a652a): Total: 0.013 seconds - Initiated by StopAssetImportingV2(NoUpdateAssetOptions)
A meta data file (.meta) exists but its asset 'Assets/Resources/Maps/Scenes/Scene 90.prefab' can't be found. When moving or deleting files outside of Unity, please ensure that the corresponding .meta file is moved or deleted along with it.
UnityEngine.StackTraceUtility:ExtractStackTrace ()
UnityEditor.AssetDatabase:Refresh ()
NativeTilemapMigration:Convert () (at Assets/Editor/NativeTilemapMigration/NativeTilemapMigration.cs:69)

[Assets/Editor/NativeTilemapMigration/NativeTilemapMigration.cs line 69]

Refreshing native plugins compatible for Editor in 0.30 ms, found 0 plugins.
Preloading 0 native plugins for Editor in 0.00 ms.
Asset Pipeline Refresh (id=dd4689b34aa3a6549886bc72e37950e9): Total: 0.031 seconds - Initiated by RefreshV2(NoUpdateAssetOptions)
Start importing Assets/Resources/Maps/Scenes/Scene 90.prefab using Guid(01d7e605a5b79704ba885adc1966da05) Importer(Primary)  -> (artifact id: 'a0ed56fa15f4f91173721f16ff329b53') in 0.004517 seconds
Refreshing native plugins compatible for Editor in 0.32 ms, found 0 plugins.
Preloading 0 native plugins for Editor in 0.00 ms.
Asset Pipeline Refresh (id=494485ed0330bf2499cd14956a1fcd80): Total: 0.014 seconds - Initiated by StopAssetImportingV2(NoUpdateAssetOptions)
A meta data file (.meta) exists but its asset 'Assets/Resources/Maps/Scenes/Scene 91.prefab' can't be found. When moving or deleting files outside of Unity, please ensure that the corresponding .meta file is moved or deleted along with it.
UnityEngine.StackTraceUtility:ExtractStackTrace ()
UnityEditor.AssetDatabase:Refresh ()
NativeTilemapMigration:Convert () (at Assets/Editor/NativeTilemapMigration/NativeTilemapMigration.cs:69)

[Assets/Editor/NativeTilemapMigration/NativeTilemapMigration.cs line 69]

Refreshing native plugins compatible for Editor in 0.34 ms, found 0 plugins.
Preloading 0 native plugins for Editor in 0.00 ms.
Asset Pipeline Refresh (id=a97b52c24a65e2646a28d7d0075294cc): Total: 0.029 seconds - Initiated by RefreshV2(NoUpdateAssetOptions)
Start importing Assets/Resources/Maps/Scenes/Scene 91.prefab using Guid(4a29bd3792ee3144fbf8429794bebf57) Importer(Primary)  -> (artifact id: '8d828af0552bccfc988ebdb5ae2ec274') in 0.004402 seconds
Refreshing native plugins compatible for Editor in 0.28 ms, found 0 plugins.
Preloading 0 native plugins for Editor in 0.00 ms.
Asset Pipeline Refresh (id=5a4387606ccbfd341b73d4e7af231eb0): Total: 0.013 seconds - Initiated by StopAssetImportingV2(NoUpdateAssetOptions)
A meta data file (.meta) exists but its asset 'Assets/Resources/Maps/Scenes/Scene 92.prefab' can't be found. When moving or deleting files outside of Unity, please ensure that the corresponding .meta file is moved or deleted along with it.
UnityEngine.StackTraceUtility:ExtractStackTrace ()
UnityEditor.AssetDatabase:Refresh ()
NativeTilemapMigration:Convert () (at Assets/Editor/NativeTilemapMigration/NativeTilemapMigration.cs:69)

[Assets/Editor/NativeTilemapMigration/NativeTilemapMigration.cs line 69]

Refreshing native plugins compatible for Editor in 0.36 ms, found 0 plugins.
Preloading 0 native plugins for Editor in 0.00 ms.
Asset Pipeline Refresh (id=88b26840b9a65ef41bd8cfaa06e0bc16): Total: 0.029 seconds - Initiated by RefreshV2(NoUpdateAssetOptions)
Start importing Assets/Resources/Maps/Scenes/Scene 92.prefab using Guid(f6c70cafd8f0a084da75afe81cffabb3) Importer(Primary)  -> (artifact id: 'fef57738334c6c2fed6666151fc6b3fe') in 0.004123 seconds
Refreshing native plugins compatible for Editor in 0.28 ms, found 0 plugins.
Preloading 0 native plugins for Editor in 0.00 ms.
Asset Pipeline Refresh (id=fe4b8dfa2d208764b93c7cc1a9611981): Total: 0.013 seconds - Initiated by StopAssetImportingV2(NoUpdateAssetOptions)
A meta data file (.meta) exists but its asset 'Assets/Resources/Maps/Scenes/Scene 93.prefab' can't be found. When moving or deleting files outside of Unity, please ensure that the corresponding .meta file is moved or deleted along with it.
UnityEngine.StackTraceUtility:ExtractStackTrace ()
UnityEditor.AssetDatabase:Refresh ()
NativeTilemapMigration:Convert () (at Assets/Editor/NativeTilemapMigration/NativeTilemapMigration.cs:69)

[Assets/Editor/NativeTilemapMigration/NativeTilemapMigration.cs line 69]

Refreshing native plugins compatible for Editor in 0.29 ms, found 0 plugins.
Preloading 0 native plugins for Editor in 0.00 ms.
Asset Pipeline Refresh (id=9e29b2735c054e54fbe28441a518729b): Total: 0.030 seconds - Initiated by RefreshV2(NoUpdateAssetOptions)
Start importing Assets/Resources/Maps/Scenes/Scene 93.prefab using Guid(0513a210fe941044f854c4f40110429d) Importer(Primary)  -> (artifact id: 'da65e3f13e2b511ee05eb0d1c4550e70') in 0.004259 seconds
Refreshing native plugins compatible for Editor in 0.33 ms, found 0 plugins.
Preloading 0 native plugins for Editor in 0.00 ms.
Asset Pipeline Refresh (id=b39471d81839e7b40a5d4a2e5a0cef54): Total: 0.014 seconds - Initiated by StopAssetImportingV2(NoUpdateAssetOptions)
A meta data file (.meta) exists but its asset 'Assets/Resources/Maps/Scenes/Scene 94.prefab' can't be found. When moving or deleting files outside of Unity, please ensure that the corresponding .meta file is moved or deleted along with it.
UnityEngine.StackTraceUtility:ExtractStackTrace ()
UnityEditor.AssetDatabase:Refresh ()
NativeTilemapMigration:Convert () (at Assets/Editor/NativeTilemapMigration/NativeTilemapMigration.cs:69)

[Assets/Editor/NativeTilemapMigration/NativeTilemapMigration.cs line 69]

Refreshing native plugins compatible for Editor in 0.30 ms, found 0 plugins.
Preloading 0 native plugins for Editor in 0.00 ms.
Asset Pipeline Refresh (id=b63a222b089c0d44dbfe13469e18622b): Total: 0.029 seconds - Initiated by RefreshV2(NoUpdateAssetOptions)
Start importing Assets/Resources/Maps/Scenes/Scene 94.prefab using Guid(68193b1039ef59142aee68960b61c684) Importer(Primary)  -> (artifact id: '759a0e833914e18547cdc57ebeb52b34') in 0.004527 seconds
Refreshing native plugins compatible for Editor in 0.30 ms, found 0 plugins.
Preloading 0 native plugins for Editor in 0.00 ms.
Asset Pipeline Refresh (id=b18dd2c3f8c21494b9396953bce6d64b): Total: 0.014 seconds - Initiated by StopAssetImportingV2(NoUpdateAssetOptions)
A meta data file (.meta) exists but its asset 'Assets/Resources/Maps/Scenes/Scene 95.prefab' can't be found. When moving or deleting files outside of Unity, please ensure that the corresponding .meta file is moved or deleted along with it.
UnityEngine.StackTraceUtility:ExtractStackTrace ()
UnityEditor.AssetDatabase:Refresh ()
NativeTilemapMigration:Convert () (at Assets/Editor/NativeTilemapMigration/NativeTilemapMigration.cs:69)

[Assets/Editor/NativeTilemapMigration/NativeTilemapMigration.cs line 69]

Refreshing native plugins compatible for Editor in 0.30 ms, found 0 plugins.
Preloading 0 native plugins for Editor in 0.00 ms.
Asset Pipeline Refresh (id=083c74c939bf46d4cb7eb79e6aca702e): Total: 0.029 seconds - Initiated by RefreshV2(NoUpdateAssetOptions)
Start importing Assets/Resources/Maps/Scenes/Scene 95.prefab using Guid(32d8a2d9dda57304a9b6739015180122) Importer(Primary)  -> (artifact id: '13a1545101bfbd83ab5b15fb7c0e3ff7') in 0.004475 seconds
Refreshing native plugins compatible for Editor in 0.28 ms, found 0 plugins.
Preloading 0 native plugins for Editor in 0.00 ms.
Asset Pipeline Refresh (id=3b04d858d72be8e499376464912790b3): Total: 0.013 seconds - Initiated by StopAssetImportingV2(NoUpdateAssetOptions)
A meta data file (.meta) exists but its asset 'Assets/Resources/Maps/Scenes/Scene 96.prefab' can't be found. When moving or deleting files outside of Unity, please ensure that the corresponding .meta file is moved or deleted along with it.
UnityEngine.StackTraceUtility:ExtractStackTrace ()
UnityEditor.AssetDatabase:Refresh ()
NativeTilemapMigration:Convert () (at Assets/Editor/NativeTilemapMigration/NativeTilemapMigration.cs:69)

[Assets/Editor/NativeTilemapMigration/NativeTilemapMigration.cs line 69]

Refreshing native plugins compatible for Editor in 0.34 ms, found 0 plugins.
Preloading 0 native plugins for Editor in 0.00 ms.
Asset Pipeline Refresh (id=6945d835b10a68d46bf05cda3a3dc8aa): Total: 0.031 seconds - Initiated by RefreshV2(NoUpdateAssetOptions)
Start importing Assets/Resources/Maps/Scenes/Scene 96.prefab using Guid(337af5ed36271884ea4579896b674bca) Importer(Primary)  -> (artifact id: '3a07f3f66474bb0e97785eb2731e10cc') in 0.004847 seconds
Refreshing native plugins compatible for Editor in 0.29 ms, found 0 plugins.
Preloading 0 native plugins for Editor in 0.00 ms.
Asset Pipeline Refresh (id=a31c8477a2f3a26419b855ae375ac096): Total: 0.014 seconds - Initiated by StopAssetImportingV2(NoUpdateAssetOptions)
A meta data file (.meta) exists but its asset 'Assets/Resources/Maps/Scenes/Scene 97.prefab' can't be found. When moving or deleting files outside of Unity, please ensure that the corresponding .meta file is moved or deleted along with it.
UnityEngine.StackTraceUtility:ExtractStackTrace ()
UnityEditor.AssetDatabase:Refresh ()
NativeTilemapMigration:Convert () (at Assets/Editor/NativeTilemapMigration/NativeTilemapMigration.cs:69)

[Assets/Editor/NativeTilemapMigration/NativeTilemapMigration.cs line 69]

Refreshing native plugins compatible for Editor in 0.29 ms, found 0 plugins.
Preloading 0 native plugins for Editor in 0.00 ms.
Asset Pipeline Refresh (id=6680ded33fe60b546845d0d5ce9db4fe): Total: 0.031 seconds - Initiated by RefreshV2(NoUpdateAssetOptions)
Start importing Assets/Resources/Maps/Scenes/Scene 97.prefab using Guid(b4263c82b14d17f4ea08b412764af741) Importer(Primary)  -> (artifact id: 'ed7094ed782b2283136b35417d83703f') in 0.004713 seconds
Refreshing native plugins compatible for Editor in 0.31 ms, found 0 plugins.
Preloading 0 native plugins for Editor in 0.00 ms.
Asset Pipeline Refresh (id=7acd3d764401ff549aa1c584cc3df4d9): Total: 0.014 seconds - Initiated by StopAssetImportingV2(NoUpdateAssetOptions)
A meta data file (.meta) exists but its asset 'Assets/Resources/Maps/Scenes/Scene 98.prefab' can't be found. When moving or deleting files outside of Unity, please ensure that the corresponding .meta file is moved or deleted along with it.
UnityEngine.StackTraceUtility:ExtractStackTrace ()
UnityEditor.AssetDatabase:Refresh ()
NativeTilemapMigration:Convert () (at Assets/Editor/NativeTilemapMigration/NativeTilemapMigration.cs:69)

[Assets/Editor/NativeTilemapMigration/NativeTilemapMigration.cs line 69]

Refreshing native plugins compatible for Editor in 0.32 ms, found 0 plugins.
Preloading 0 native plugins for Editor in 0.00 ms.
Asset Pipeline Refresh (id=a7ac756c673795648a935525cac895c8): Total: 0.030 seconds - Initiated by RefreshV2(NoUpdateAssetOptions)
Start importing Assets/Resources/Maps/Scenes/Scene 98.prefab using Guid(2585e7f87830b904ca585475b5a171ad) Importer(Primary)  -> (artifact id: 'd7648931b5d30693685a307af4915a0c') in 0.004604 seconds
Refreshing native plugins compatible for Editor in 0.28 ms, found 0 plugins.
Preloading 0 native plugins for Editor in 0.00 ms.
Asset Pipeline Refresh (id=bf1d14f28388e044ba7672be34cd4f42): Total: 0.014 seconds - Initiated by StopAssetImportingV2(NoUpdateAssetOptions)
A meta data file (.meta) exists but its asset 'Assets/Resources/Maps/Scenes/Scene 99.prefab' can't be found. When moving or deleting files outside of Unity, please ensure that the corresponding .meta file is moved or deleted along with it.
UnityEngine.StackTraceUtility:ExtractStackTrace ()
UnityEditor.AssetDatabase:Refresh ()
NativeTilemapMigration:Convert () (at Assets/Editor/NativeTilemapMigration/NativeTilemapMigration.cs:69)

[Assets/Editor/NativeTilemapMigration/NativeTilemapMigration.cs line 69]

Refreshing native plugins compatible for Editor in 0.29 ms, found 0 plugins.
Preloading 0 native plugins for Editor in 0.00 ms.
Asset Pipeline Refresh (id=3838671aadc04ff4a911738a048d0ed8): Total: 0.028 seconds - Initiated by RefreshV2(NoUpdateAssetOptions)
Start importing Assets/Resources/Maps/Scenes/Scene 99.prefab using Guid(3970da5cd9445534984fc33f62cef000) Importer(Primary)  -> (artifact id: '9a2251a33f4245bbeccced5bb84cb616') in 0.004687 seconds
Refreshing native plugins compatible for Editor in 0.31 ms, found 0 plugins.
Preloading 0 native plugins for Editor in 0.00 ms.
Asset Pipeline Refresh (id=7beb079df38a93448b1bbcda2283ba2f): Total: 0.014 seconds - Initiated by StopAssetImportingV2(NoUpdateAssetOptions)
A meta data file (.meta) exists but its asset 'Assets/Resources/Maps/Scenes/Scene.prefab' can't be found. When moving or deleting files outside of Unity, please ensure that the corresponding .meta file is moved or deleted along with it.
UnityEngine.StackTraceUtility:ExtractStackTrace ()
UnityEditor.AssetDatabase:Refresh ()
NativeTilemapMigration:Convert () (at Assets/Editor/NativeTilemapMigration/NativeTilemapMigration.cs:69)

[Assets/Editor/NativeTilemapMigration/NativeTilemapMigration.cs line 69]

Refreshing native plugins compatible for Editor in 0.29 ms, found 0 plugins.
Preloading 0 native plugins for Editor in 0.00 ms.
Asset Pipeline Refresh (id=2319420546b653f44af4a3043395820b): Total: 0.031 seconds - Initiated by RefreshV2(NoUpdateAssetOptions)
Start importing Assets/Resources/Maps/Scenes/Scene.prefab using Guid(03a7ab38b2c7ff24f89f34e8f09d849c) Importer(Primary)  -> (artifact id: '19e5e626339278ce896f78eb71ed58f1') in 0.003937 seconds
Refreshing native plugins compatible for Editor in 0.28 ms, found 0 plugins.
Preloading 0 native plugins for Editor in 0.00 ms.
Asset Pipeline Refresh (id=e620007afd9451c409077b6682e48347): Total: 0.013 seconds - Initiated by StopAssetImportingV2(NoUpdateAssetOptions)
Start importing Assets/NativeTiles/Tiles/Wood_08.asset using Guid(10df900ff80363d4c8c8ae53a56fedee) Importer(Primary)  -> (artifact id: 'e599ba0e099d42abed0e01eb6a1e81d4') in 0.001729 seconds
Start importing Assets/NativeTiles/Tiles/Wood_09.asset using Guid(404d94abdceb3ca4386c78bb51135701) Importer(Primary)  -> (artifact id: '360e035ec3e91b3a0f08b49b36f8e1b3') in 0.001551 seconds
Start importing Assets/NativeTiles/Tiles/Wood_34.asset using Guid(80ff9565242dad645a7df3d8ee473bd9) Importer(Primary)  -> (artifact id: 'bd422abe51a5478a14462cbad3a7d463') in 0.001492 seconds
Start importing Assets/NativeTiles/Tiles/Wood_15.asset using Guid(c00eeb5d18bd3014f84a5f94b824fcaa) Importer(Primary)  -> (artifact id: 'ce35b702e98e03a0155099a9c8a35238') in 0.001429 seconds
Start importing Assets/NativeTiles/Tiles/Wood_39.asset using Guid(41e99067a1d116a4f822358082f1a2e9) Importer(Primary)  -> (artifact id: '4018341dc3c5a7905a41c3293c3a6f6b') in 0.001447 seconds
Start importing Assets/NativeTiles/Tiles/Wood_00.asset using Guid(a113491ca0873364a89f74c433d9b9ee) Importer(Primary)  -> (artifact id: '6c7148f74e0d94029c7de1239d57f4b7') in 0.001532 seconds
Start importing Assets/NativeTiles/Tiles/Wood_59.asset using Guid(b17f72115faf4c6429b1157ac50339e4) Importer(Primary)  -> (artifact id: '1af139b147af638b7d74b4a76c15ca6a') in 0.001394 seconds
Start importing Assets/NativeTiles/Tiles/Wood_46.asset using Guid(e1433a92819b97b429e2d91cb09211c1) Importer(Primary)  -> (artifact id: '089221b2f41f40b9c4cc251fd08c3519') in 0.001417 seconds
Start importing Assets/NativeTiles/Tiles/Wood_52.asset using Guid(f104519919cdda14389c43c114d016e6) Importer(Primary)  -> (artifact id: '03aa030c745ce0acf5eceaa11f4afcc7') in 0.001423 seconds
Start importing Assets/NativeTiles/Tiles/Wood_19.asset using Guid(02bd05601186547408f10d34a0aebaf2) Importer(Primary)  -> (artifact id: '80249a9cd0443f0dc677e981657f8c26') in 0.001528 seconds
Start importing Assets/NativeTiles/Tiles/Wood_35.asset using Guid(220c45661e8bcaa41925635374659c9d) Importer(Primary)  -> (artifact id: 'cfcd00aca88fc068fb42a48ef59c380c') in 0.001452 seconds
Start importing Assets/NativeTiles/Tiles/Wood_18.asset using Guid(c2e2027ad6b4c0143a904f5e2575ea4b) Importer(Primary)  -> (artifact id: '7bb8eba6df74fe279696d5905f3dee19') in 0.001416 seconds
Start importing Assets/NativeTiles/Tiles/Wood_21.asset using Guid(f24c7ca42e5b0df42956906a6af640ad) Importer(Primary)  -> (artifact id: 'd306ddc3b3c23981911fd391e8a31194') in 0.001543 seconds
Start importing Assets/NativeTiles/Tiles/Wood_55.asset using Guid(23246c734b3e9ff4f93a1c5e8be7ea35) Importer(Primary)  -> (artifact id: 'f5bcf364ebb23f77661f0ae715938e20') in 0.001639 seconds
Start importing Assets/NativeTiles/Tiles/Wood_05.asset using Guid(b3c860625dcec2240a1a340272fcf6ed) Importer(Primary)  -> (artifact id: '6e98ff470ccd83c69d4f5c30a3f24670') in 0.001529 seconds
Start importing Assets/NativeTiles/Tiles/Wood_03.asset using Guid(c3bcb72229766ae4ba2dd032011e21c9) Importer(Primary)  -> (artifact id: '85795992fa73c68495132905459d33e1') in 0.001562 seconds
Start importing Assets/NativeTiles/Tiles/Wood_12.asset using Guid(c451ef80a9f39ba4da5780575af3dc10) Importer(Primary)  -> (artifact id: 'c6a9c2dca8f27f06a1040e635e3026ca') in 0.001421 seconds
Start importing Assets/NativeTiles/Tiles/Wood_24.asset using Guid(e4d51ee6f85b32544997a9df54e75106) Importer(Primary)  -> (artifact id: '9a55e44b121962a9f6a67438d21e20eb') in 0.001464 seconds
Start importing Assets/NativeTiles/Tiles/Wood_63.asset using Guid(b58b7946c3e5ca549ae364b6c4cf9e8a) Importer(Primary)  -> (artifact id: 'dc13935980db388be91746db8b288457') in 0.001423 seconds
Start importing Assets/NativeTiles/Tiles/Wood_20.asset using Guid(6603775feaca1b646b3912c0230d54c2) Importer(Primary)  -> (artifact id: '8976bfd08bedd8487ad1d959b2257058') in 0.001368 seconds
Start importing Assets/NativeTiles/Tiles/Wood_27.asset using Guid(c658816e121e7834ca7a14606ccbd731) Importer(Primary)  -> (artifact id: 'dd44a58cfd80d9a5eeafd735954e4465') in 0.001453 seconds
Start importing Assets/NativeTiles/Tiles/Wood_50.asset using Guid(1771821e90b909d4caa5426ba0fe2d24) Importer(Primary)  -> (artifact id: '4428c8e7300af5ee77a8a0eef5ca33ed') in 0.001524 seconds
Start importing Assets/NativeTiles/Tiles/Wood_14.asset using Guid(27bcacd13da0e7f4ba9ce3738b7daf8e) Importer(Primary)  -> (artifact id: '96a3d290b403752794435691f567ccbe') in 0.001395 seconds
Start importing Assets/NativeTiles/Tiles/Wood_47.asset using Guid(8763c5c1949e00747b7944fd0f5fb594) Importer(Primary)  -> (artifact id: '67a5dfd79622ea6131e647ec13c04041') in 0.001447 seconds
Start importing Assets/NativeTiles/Tiles/Wood_29.asset using Guid(8744caec750865a41817d3d004b647a3) Importer(Primary)  -> (artifact id: 'e69928bf7cb732e9271e6d55cc2d9567') in 0.001460 seconds
Start importing Assets/NativeTiles/Tiles/Wood_16.asset using Guid(e70520bc3d39d6b439c87e5ef7dce996) Importer(Primary)  -> (artifact id: '32bfe096b23d7a717d6c7e5e88bfde92') in 0.001515 seconds
Start importing Assets/NativeTiles/Tiles/Wood_13.asset using Guid(e7a927c6a87e8af469184de2075f106a) Importer(Primary)  -> (artifact id: '8bc2760cae71ca957fe5e742d5c6bddf') in 0.001438 seconds
Start importing Assets/NativeTiles/Tiles/Wood_28.asset using Guid(f7c2b801afdd81749850fe3d5ef29a5f) Importer(Primary)  -> (artifact id: 'f464d61b2f6df2d6ce3aa3f4c37a42eb') in 0.001348 seconds
Start importing Assets/NativeTiles/Tiles/Wood_36.asset using Guid(18227d59acb93074aabe67160cbced15) Importer(Primary)  -> (artifact id: '69e9f6506f99b21076cc1738bef920fe') in 0.001576 seconds
Start importing Assets/NativeTiles/Tiles/Wood_41.asset using Guid(780ebcea4eaee654e8a101bd628be90f) Importer(Primary)  -> (artifact id: 'b9122acfc70e566d36b85d4f6ada402e') in 0.001589 seconds
Start importing Assets/NativeTiles/Tiles/Wood_31.asset using Guid(8811784411821ef47850d57206c1c4c2) Importer(Primary)  -> (artifact id: '9f6aca46d652d2bbf63227537e4d7dc3') in 0.001419 seconds
Start importing Assets/NativeTiles/Tiles/Wood_58.asset using Guid(29c375cdb35306845abf077a05a7e2ca) Importer(Primary)  -> (artifact id: '0ebdfe8df755c124eedfaa3a20e96240') in 0.001398 seconds
Start importing Assets/NativeTiles/Tiles/Wood_40.asset using Guid(999c6de54d1013c4b880b78d52787f80) Importer(Primary)  -> (artifact id: '0c0af92f0fd38ffaa69eeebbb30b899d') in 0.001403 seconds
Start importing Assets/NativeTiles/Tiles/Wood_60.asset using Guid(a9aae784910e93c4599f52b6d599d9ac) Importer(Primary)  -> (artifact id: '9a8a353525f89d2d4304795359207d01') in 0.001447 seconds
Start importing Assets/NativeTiles/Tiles/Wood_32.asset using Guid(c951e4905c9f90848ae3808d6ee3feb5) Importer(Primary)  -> (artifact id: '260a58670b5193fba012fb040147c9ec') in 0.001571 seconds
Start importing Assets/NativeTiles/Tiles/Wood_44.asset using Guid(0a961ef9eb518fb41b9cc67a30369bc8) Importer(Primary)  -> (artifact id: '9290b27642e02420010801ced8be6860') in 0.001555 seconds
Start importing Assets/NativeTiles/Tiles/Wood_22.asset using Guid(0a676cb0d5f85f049b996302f2ead98d) Importer(Primary)  -> (artifact id: '795eedc07098c3a8980f7b2fdec25c20') in 0.001584 seconds
Start importing Assets/NativeTiles/Tiles/Wood_38.asset using Guid(5a07f3d0536465e4bbf95a2e0ac70be7) Importer(Primary)  -> (artifact id: 'bfac4919f9140a775b2fd973eba8b6f0') in 0.001552 seconds
Start importing Assets/NativeTiles/Tiles/Wood_54.asset using Guid(5ad9046f7c9e4be47a343fdf127f1208) Importer(Primary)  -> (artifact id: '258ff7c9c525fb461fa4a0d680f4400e') in 0.001479 seconds
Start importing Assets/NativeTiles/Tiles/Wood_49.asset using Guid(7a29ce7cef1557b41b3064eeb4a5f1cb) Importer(Primary)  -> (artifact id: '02ce1e86d14e8842af778f56f0283f5d') in 0.001443 seconds
Start importing Assets/NativeTiles/Tiles/Wood_23.asset using Guid(ea14d9fb2036dd34d86b1a37f412dd52) Importer(Primary)  -> (artifact id: 'bad1d4f6a5499ec946a660393c052506') in 0.001600 seconds
Start importing Assets/NativeTiles/Tiles/Wood_48.asset using Guid(1bb7e71ce9079854887cfc41308d09cd) Importer(Primary)  -> (artifact id: '0cef5fba0a4173912edccee2e6cb2ac3') in 0.001610 seconds
Start importing Assets/NativeTiles/Tiles/Wood_26.asset using Guid(1b8996b338f9cc14a93df9b2204b48d6) Importer(Primary)  -> (artifact id: 'e1b10bfc10e3b2af36ac4a68e237be05') in 0.001466 seconds
Start importing Assets/NativeTiles/Tiles/Wood_06.asset using Guid(dbcba50179351414baa8c78a08e90fcc) Importer(Primary)  -> (artifact id: 'a9e4903017f8859ce68b2856b2950c9c') in 0.001397 seconds
Start importing Assets/NativeTiles/Tiles/Wood_33.asset using Guid(acb08f0019c636d47a6be03a1266ed90) Importer(Primary)  -> (artifact id: '7d797ba2f9d154807bad2b2da2ac7f7f') in 0.001476 seconds
Start importing Assets/NativeTiles/Tiles/Wood_62.asset using Guid(acd133970a3db0f4d84d8392d8b95b2c) Importer(Primary)  -> (artifact id: 'ac0184d3d70f213db5251967ca78c4fa') in 0.001438 seconds
Start importing Assets/NativeTiles/Tiles/Wood_07.asset using Guid(ac06dc881dc9ffa46b032b444a166d4e) Importer(Primary)  -> (artifact id: 'ab81e08eb415afd85d415faa6bd48bc1') in 0.001356 seconds
Start importing Assets/NativeTiles/Tiles/Wood_17.asset using Guid(dcc4e1a9725a8074c88e06f97514c8aa) Importer(Primary)  -> (artifact id: '7307b21a8dd8c962123d3e697ec5b194') in 0.001416 seconds
Start importing Assets/NativeTiles/Tiles/Wood_56.asset using Guid(1d58254438241b14089c2655155d1999) Importer(Primary)  -> (artifact id: '318d4e9eefff9f6ab0793f25d04001e1') in 0.001494 seconds
Start importing Assets/NativeTiles/Tiles/Wood_51.asset using Guid(5d406d6308e6ea94e82903a4a831bb89) Importer(Primary)  -> (artifact id: '1cb619acc68f767350d260c040b3643a') in 0.001427 seconds
Start importing Assets/NativeTiles/Tiles/Wood_30.asset using Guid(7d8686f91ea609b41af3aa7d651b6325) Importer(Primary)  -> (artifact id: 'b631bb4c4d740318d5af3eba06d5ea99') in 0.001340 seconds
Start importing Assets/NativeTiles/Tiles/Wood_53.asset using Guid(8d7ae5821e549e64cb6e933f3f4b92a9) Importer(Primary)  -> (artifact id: '3893a4c6d89d9497c51e02bf0e7b6171') in 0.001571 seconds
Start importing Assets/NativeTiles/Tiles/Wood_01.asset using Guid(9d64658f84c67774d8b26399689e23f2) Importer(Primary)  -> (artifact id: '19576e0a2fe0112a23206a9ef9e52314') in 0.001604 seconds
Start importing Assets/NativeTiles/Tiles/Wood_02.asset using Guid(cd53b848a6f3f8e4b9f13c61945ad79b) Importer(Primary)  -> (artifact id: '47600d27846deb09ddad3dc6950a7cc3') in 0.001528 seconds
Start importing Assets/NativeTiles/Tiles/Wood_10.asset using Guid(1eee57bfe6803784f8604c6c47bc8929) Importer(Primary)  -> (artifact id: 'eaa7b1126c6b1d6c09e98dc3356df32b') in 0.001744 seconds
Start importing Assets/NativeTiles/Tiles/Wood_37.asset using Guid(2ec45ee10f53f7048b84397f4360f0da) Importer(Primary)  -> (artifact id: '72d39f1e63e8a2c66d5d986fe9aef752') in 0.001481 seconds
Start importing Assets/NativeTiles/Tiles/Wood_57.asset using Guid(5eeda1a92b5101c4fabde2ed59aab7ff) Importer(Primary)  -> (artifact id: '79bb03161925b0f1d9f488d12ec3f2f5') in 0.001462 seconds
Start importing Assets/NativeTiles/Tiles/Wood_42.asset using Guid(9e640792df2f530409df50b253d851c0) Importer(Primary)  -> (artifact id: '5ffd4726baafd2dc257319ac4d7bcb4f') in 0.001545 seconds
Start importing Assets/NativeTiles/Tiles/Wood_04.asset using Guid(9ed5f97371219c84c80b5b778fd24c21) Importer(Primary)  -> (artifact id: '4496afce6421a0d134ed547b45e595b0') in 0.001471 seconds
Start importing Assets/NativeTiles/Tiles/Wood_25.asset using Guid(0f8eb25ab2bfffd46b002c890395fc80) Importer(Primary)  -> (artifact id: '6e1c636bf342552eef5dccf5e7b32978') in 0.001464 seconds
Start importing Assets/NativeTiles/Tiles/Wood_61.asset using Guid(1f483472e5604a84ca1ee1eba90e8638) Importer(Primary)  -> (artifact id: '03d55f16a54c1f44f13090ada5d211c3') in 0.001673 seconds
Start importing Assets/NativeTiles/Tiles/Wood_45.asset using Guid(2f77f020c6467a64b8f4a7f0ea0d9d52) Importer(Primary)  -> (artifact id: '3ec8888554300fd79f4dc7b355bf4f6d') in 0.001612 seconds
Start importing Assets/NativeTiles/Tiles/Wood_43.asset using Guid(6f2d4334fa6bb4d43888e5e9b1c1bbb2) Importer(Primary)  -> (artifact id: 'bdb5f5efeb3ac3867e3da057bb448b07') in 0.001530 seconds
Start importing Assets/NativeTiles/Tiles/Wood_11.asset using Guid(bf48c66ae97981a42b05a55aa800750a) Importer(Primary)  -> (artifact id: '4b1c644fb5c2c85f7502c91398ca8c04') in 0.001573 seconds
Refreshing native plugins compatible for Editor in 0.29 ms, found 0 plugins.
Preloading 0 native plugins for Editor in 0.00 ms.
Asset Pipeline Refresh (id=c81dd48b867bf9049b417569f1f1216d): Total: 0.113 seconds - Initiated by StopAssetImportingV2(NoUpdateAssetOptions)
Opening scene 'Assets/main.unity'
Unloading 0 Unused Serialized files (Serialized files now loaded: 0)
Loaded scene 'Assets/main.unity'
	Deserialize:            14.044 ms
	Integration:            10.715 ms
	Integration of assets:  0.004 ms
	Thread Wait Time:       0.006 ms
	Total Operation Time:   24.768 ms
Unloading 1258 unused Assets / (382.8 KB). Loaded Objects now: 1445.
Memory consumption went from 85.6 MB to 85.3 MB.
Total: 2.177100 ms (FindLiveObjects: 0.100400 ms CreateObjectMapping: 0.021700 ms MarkObjects: 1.509200 ms  DeleteObjects: 0.545400 ms)

Start importing Assets/NativeTiles/Tiles/Ground_diban_lv.asset using Guid(290b878facf07ea43a309642d98093d3) Importer(Primary)  -> (artifact id: '7fd19b6a63ac1aa4301812706dd6dd66') in 0.001588 seconds
Refreshing native plugins compatible for Editor in 0.31 ms, found 0 plugins.
Preloading 0 native plugins for Editor in 0.00 ms.
Asset Pipeline Refresh (id=0e208b0e2a72c8b4bb987a6526ca47e1): Total: 0.010 seconds - Initiated by StopAssetImportingV2(NoUpdateAssetOptions)
Start importing Assets/NativeTiles/Tiles/Ground_diban_lv_ye2.asset using Guid(353ec887acd6a674e82f181157e36bae) Importer(Primary)  -> (artifact id: 'c1cd2be154e47c684ede2a20e6e27446') in 0.002093 seconds
Refreshing native plugins compatible for Editor in 0.33 ms, found 0 plugins.
Preloading 0 native plugins for Editor in 0.00 ms.
Asset Pipeline Refresh (id=0f81b1f52d1251e4c9026d588cf8869d): Total: 0.007 seconds - Initiated by StopAssetImportingV2(NoUpdateAssetOptions)
Start importing Assets/NativeTiles/Tiles/Ground_diban_lv_ye1.asset using Guid(51bb93a4928bac242aab2b001116ef47) Importer(Primary)  -> (artifact id: '1b466489c6d7b29bb56e775a27ec2631') in 0.001818 seconds
Refreshing native plugins compatible for Editor in 0.29 ms, found 0 plugins.
Preloading 0 native plugins for Editor in 0.00 ms.
Asset Pipeline Refresh (id=312c8e111e697934dbf1fa81c5810ed5): Total: 0.006 seconds - Initiated by StopAssetImportingV2(NoUpdateAssetOptions)
Start importing Assets/NativeTiles/Tiles/Ground_diban_lv_ye3.asset using Guid(bd0bc73f0a2c13d4a87ce64ef4b2c76b) Importer(Primary)  -> (artifact id: 'fc81406bf24841f97594b9eddb787301') in 0.001560 seconds
Refreshing native plugins compatible for Editor in 0.30 ms, found 0 plugins.
Preloading 0 native plugins for Editor in 0.00 ms.
Asset Pipeline Refresh (id=ba6f452ca546b7648990d4981df5037b): Total: 0.006 seconds - Initiated by StopAssetImportingV2(NoUpdateAssetOptions)
Start importing Assets/mainSettings.lighting using Guid(5b5e0d115f898a74fa53acc65626e2f2) Importer(Primary)  -> (artifact id: '782f102c0743202eefa508808d99e80b') in 0.001852 seconds
Refreshing native plugins compatible for Editor in 0.28 ms, found 0 plugins.
Preloading 0 native plugins for Editor in 0.00 ms.
Asset Pipeline Refresh (id=928ac8dec008c5948bb2231d9914a74b): Total: 0.006 seconds - Initiated by StopAssetImportingV2(NoUpdateAssetOptions)
Start importing Assets/main.unity using Guid(77c9485b9057f054391e59d64c97ab11) Importer(Primary)  -> (artifact id: '3d2aa5eb8ee1e77285f9d34debd6cf68') in 0.000483 seconds
Refreshing native plugins compatible for Editor in 0.28 ms, found 0 plugins.
Preloading 0 native plugins for Editor in 0.00 ms.
Asset Pipeline Refresh (id=2a18f00623b67394ebe70b12b67a7ab7): Total: 0.004 seconds - Initiated by StopAssetImportingV2(NoUpdateAssetOptions)
Start importing ProjectSettings/ProjectSettings.asset using Guid(00000000000000004000000000000000) Importer(Primary)  -> (artifact id: 'e618336f44d0785454a9b7ed3898e9d1') in 0.010030 seconds
Start importing ProjectSettings/EditorBuildSettings.asset using Guid(0000000000000000b000000000000000) Importer(Primary)  -> (artifact id: '11ad2e7031cec7d6c3d8fdf1f55c85d0') in 0.001653 seconds
Refreshing native plugins compatible for Editor in 0.30 ms, found 0 plugins.
Preloading 0 native plugins for Editor in 0.00 ms.
Asset Pipeline Refresh (id=374974d1cd6ef0f4aa7fcc59210c927f): Total: 0.015 seconds - Initiated by StopAssetImportingV2(NoUpdateAssetOptions)
Exception: Coordinate round trip failed
  at NativeTilemapMigration.Validate () [0x00310] in D:\game\LoveQiE-without2DToolkit\Assets\Editor\NativeTilemapMigration\NativeTilemapMigration.cs:188 
  at NativeTilemapMigration.Convert () [0x002aa] in D:\game\LoveQiE-without2DToolkit\Assets\Editor\NativeTilemapMigration\NativeTilemapMigration.cs:75 
UnityEngine.DebugLogHandler:Internal_LogException(Exception, Object)
UnityEngine.DebugLogHandler:LogException(Exception, Object)
UnityEngine.Logger:LogException(Exception, Object)
UnityEngine.Debug:LogException(Exception)
NativeTilemapMigration:Convert() (at Assets\Editor\NativeTilemapMigration\NativeTilemapMigration.cs:78)

(Filename: Assets/Editor/NativeTilemapMigration/NativeTilemapMigration.cs Line: 78)

Input System module state changed to: ShutdownInProgress.
Input System polling thread exited.
Input System module state changed to: Shutdown.
[Licensing::IpcConnector] License Notification channel disconnected successfully.
[Licensing::IpcConnector] License Client channel disconnected successfully.
Shutting down server...
Cleanup mono
[Performance] WinEditorMain                                                                                                   :        1 samples, Peak.  7.60 s (1.0x), Avg.  7.60 s, Total. 7.598 s (38.8%)
[Performance] WinEditorMain.ConfigureCrashHandler                                                                             :        1 samples, Peak.  19.7 us (1.0x), Avg.  19.7 us, Total. 19.70 us (0.0%)
[Performance] WinEditorMain.CurlRequestInitialize                                                                             :        1 samples, Peak.   529 us (1.0x), Avg.   529 us, Total. 529.1 us (0.0%)
[Performance] WinEditorMain.SetupLogFile                                                                                      :        1 samples, Peak.   746 us (1.0x), Avg.   746 us, Total. 745.6 us (0.0%)
[Performance] WinEditorMain.RunNativeTestsIfRequiredAndExit                                                                   :        1 samples, Peak.   100 ns (1.0x), Avg.   100 ns, Total. 100.0 ns (0.0%)
[Performance] WinEditorMain.Licensing                                                                                         :        1 samples, Peak.  7.56 s (1.0x), Avg.  7.56 s, Total. 7.558 s (38.6%)
[Performance] WinEditorMain.InitializeCrashHandler                                                                            :        1 samples, Peak.  36.0 ms (1.0x), Avg.  36.0 ms, Total. 36.00 ms (0.2%)
[Performance] WinEditorMain.CreateApplication                                                                                 :        1 samples, Peak.   104 us (1.0x), Avg.   104 us, Total. 104.3 us (0.0%)
[Performance] Application.InitializeProject                                                                                   :        1 samples, Peak.  5.35 s (1.0x), Avg.  5.35 s, Total. 5.352 s (27.4%)
[Performance] Application.PackageManager.StartServer                                                                          :        1 samples, Peak.  13.7 ms (1.0x), Avg.  13.7 ms, Total. 13.66 ms (0.1%)
[Performance] Application.AcquireProjectLock                                                                                  :        1 samples, Peak.  3.63 ms (1.0x), Avg.  3.63 ms, Total. 3.628 ms (0.0%)
[Performance] Application.InitializeEngineNoGraphics                                                                          :        1 samples, Peak.   265 ms (1.0x), Avg.   265 ms, Total. 265.0 ms (1.4%)
[Performance] Application.PackageManager.Initialize                                                                           :        1 samples, Peak.   200 ms (1.0x), Avg.   200 ms, Total. 200.1 ms (1.0%)
[Performance] Connecting to Package Manager                                                                                   :       21 samples, Peak.  44.2 us (14.3x), Avg.  3.10 us, Total. 65.00 us (0.0%)
[Performance] PackageManager::Api::RunRequestSynchronously                                                                    :        7 samples, Peak.  7.70 us (2.1x), Avg.  3.71 us, Total. 26.00 us (0.0%)
[Performance] Application.EngineGraphics.Initialize                                                                           :        1 samples, Peak.  31.1 ms (1.0x), Avg.  31.1 ms, Total. 31.10 ms (0.2%)
[Performance] Application.GI.Initialize                                                                                       :        1 samples, Peak.  2.60 ms (1.0x), Avg.  2.60 ms, Total. 2.596 ms (0.0%)
[Performance] Application.LoadAllDefaultResourcesFromEditor                                                                   :        1 samples, Peak.  1.36 ms (1.0x), Avg.  1.36 ms, Total. 1.360 ms (0.0%)
[Performance] Application.LoadMonoAssemblies                                                                                  :        1 samples, Peak.   505 ms (1.0x), Avg.   505 ms, Total. 504.6 ms (2.6%)
[Performance] RestoreManagedReferences                                                                                        :        2 samples, Peak.  24.5 ms (2.0x), Avg.  12.3 ms, Total. 24.52 ms (0.1%)
[Performance] InitializeOnLoad SceneSearch                                                                                    :        2 samples, Peak.   270 us (1.2x), Avg.   229 us, Total. 458.7 us (0.0%)
[Performance] InitializeOnLoad DrivenRectTransformUndo                                                                        :        2 samples, Peak.   153 us (1.1x), Avg.   146 us, Total. 291.9 us (0.0%)
[Performance] InitializeOnLoad ManagedDebugger                                                                                :        2 samples, Peak.   410 us (1.1x), Avg.   373 us, Total. 746.9 us (0.0%)
[Performance] InitializeOnLoad EditMode                                                                                       :        2 samples, Peak.   328 us (1.1x), Avg.   288 us, Total. 576.7 us (0.0%)
[Performance] InitializeOnLoad ProjectSearch                                                                                  :        2 samples, Peak.   199 us (1.7x), Avg.   117 us, Total. 234.2 us (0.0%)
[Performance] InitializeOnLoad ManagedDebuggerWindow                                                                          :        2 samples, Peak.  78.4 us (1.1x), Avg.  73.5 us, Total. 146.9 us (0.0%)
[Performance] InitializeOnLoad ConsoleEntrance                                                                                :        2 samples, Peak.   190 us (1.0x), Avg.   189 us, Total. 377.9 us (0.0%)
[Performance] InitializeOnLoad TuanjiePathAndNameFix                                                                          :        2 samples, Peak.   428 us (1.1x), Avg.   406 us, Total. 812.9 us (0.0%)
[Performance] InitializeOnLoad AddComponentWindow                                                                             :        2 samples, Peak.  76.8 us (1.1x), Avg.  68.7 us, Total. 137.4 us (0.0%)
[Performance] InitializeOnLoad MixerEffectDefinitionReloader                                                                  :        2 samples, Peak.  1.37 ms (1.1x), Avg.  1.20 ms, Total. 2.402 ms (0.0%)
[Performance] InitializeOnLoad NativeFormatImporterUtility                                                                    :        2 samples, Peak.  1.83 ms (1.2x), Avg.  1.49 ms, Total. 2.985 ms (0.0%)
[Performance] InitializeOnLoad UnityConnect                                                                                   :        2 samples, Peak.  36.5 us (1.0x), Avg.  35.2 us, Total. 70.30 us (0.0%)
[Performance] InitializeOnLoad AssetStoreContext                                                                              :        2 samples, Peak.  17.2 ms (1.1x), Avg.  16.2 ms, Total. 32.33 ms (0.2%)
[Performance] InitializeOnLoad UISystemProfilerRenderService                                                                  :        2 samples, Peak.  9.80 us (1.2x), Avg.  8.50 us, Total. 17.00 us (0.0%)
[Performance] InitializeOnLoad ShortcutIntegration                                                                            :        2 samples, Peak.  43.0 us (1.0x), Avg.  42.7 us, Total. 85.50 us (0.0%)
[Performance] InitializeOnLoad CacheServerWindow                                                                              :        2 samples, Peak.  12.6 us (1.4x), Avg.  9.05 us, Total. 18.10 us (0.0%)
[Performance] InitializeOnLoad PrefabInstanceChangedListener                                                                  :        2 samples, Peak.  90.6 us (1.0x), Avg.  90.0 us, Total. 180.1 us (0.0%)
[Performance] InitializeOnLoad CloudBuild                                                                                     :        2 samples, Peak.  3.30 us (1.3x), Avg.  2.60 us, Total. 5.200 us (0.0%)
[Performance] InitializeOnLoad ProfilerConnectionPopupWindow                                                                  :        2 samples, Peak.  32.3 us (1.4x), Avg.  22.9 us, Total. 45.80 us (0.0%)
[Performance] InitializeOnLoad SettingsService                                                                                :        2 samples, Peak.  8.10 us (1.3x), Avg.  6.05 us, Total. 12.10 us (0.0%)
[Performance] InitializeOnLoad ObjectSelectorSearch                                                                           :        2 samples, Peak.  31.1 us (1.1x), Avg.  27.0 us, Total. 54.10 us (0.0%)
[Performance] InitializeOnLoad PlayModeDownload                                                                               :        2 samples, Peak.  3.65 ms (1.9x), Avg.  1.89 ms, Total. 3.775 ms (0.0%)
[Performance] InitializeOnLoad SearchService                                                                                  :        2 samples, Peak.  96.1 us (1.2x), Avg.  82.5 us, Total. 165.1 us (0.0%)
[Performance] InitializeOnLoad PoolManager                                                                                    :        2 samples, Peak.  37.5 us (1.1x), Avg.  34.5 us, Total. 69.00 us (0.0%)
[Performance] InitializeOnLoad WindowLayout                                                                                   :        2 samples, Peak.   321 us (1.1x), Avg.   304 us, Total. 608.5 us (0.0%)
[Performance] InitializeOnLoad BuildProfileHelperManager                                                                      :        2 samples, Peak.   102 ms (1.9x), Avg.  53.0 ms, Total. 106.0 ms (0.5%)
[Performance] InitializeOnLoad MenuItems                                                                                      :        2 samples, Peak.   149 us (1.5x), Avg.   102 us, Total. 204.7 us (0.0%)
[Performance] InitializeOnLoad EditorMonitor                                                                                  :        2 samples, Peak.   517 us (1.1x), Avg.   469 us, Total. 937.8 us (0.0%)
[Performance] InitializeOnLoad RetainedMode                                                                                   :        2 samples, Peak.  1.47 ms (1.0x), Avg.  1.43 ms, Total. 2.854 ms (0.0%)
[Performance] InitializeOnLoad EditorShaderLoader                                                                             :        2 samples, Peak.   525 us (1.2x), Avg.   455 us, Total. 910.4 us (0.0%)
[Performance] InitializeOnLoad EditorDelegateRegistration                                                                     :        2 samples, Peak.   336 us (1.1x), Avg.   298 us, Total. 596.6 us (0.0%)
[Performance] InitializeOnLoad UIDocumentHierarchyWatcher                                                                     :        2 samples, Peak.  50.2 us (1.0x), Avg.  48.2 us, Total. 96.50 us (0.0%)
[Performance] InitializeOnLoad LiveReloadTrackerCreator                                                                       :        2 samples, Peak.   113 us (1.2x), Avg.  96.5 us, Total. 193.0 us (0.0%)
[Performance] InitializeOnLoad UxmlObjectEditorFactories                                                                      :        2 samples, Peak.   334 us (1.1x), Avg.   304 us, Total. 607.7 us (0.0%)
[Performance] InitializeOnLoad UXMLEditorFactories                                                                            :        2 samples, Peak.  34.4 ms (1.0x), Avg.  34.0 ms, Total. 67.99 ms (0.3%)
[Performance] InitializeOnLoad PurchasingService                                                                              :        2 samples, Peak.  4.76 ms (1.0x), Avg.  4.65 ms, Total. 9.306 ms (0.0%)
[Performance] InitializeOnLoad CloudBuildPoller                                                                               :        2 samples, Peak.  72.1 us (1.0x), Avg.  70.7 us, Total. 141.4 us (0.0%)
[Performance] InitializeOnLoad EditorGameServicesAnalytics                                                                    :        2 samples, Peak.  1.83 ms (1.3x), Avg.  1.46 ms, Total. 2.914 ms (0.0%)
[Performance] InitializeOnLoad AnalyticsService                                                                               :        2 samples, Peak.   125 us (1.0x), Avg.   119 us, Total. 238.5 us (0.0%)
[Performance] InitializeOnLoad BuildService                                                                                   :        2 samples, Peak.   100 us (1.1x), Avg.  90.1 us, Total. 180.2 us (0.0%)
[Performance] InitializeOnLoad AdsService                                                                                     :        2 samples, Peak.   251 us (1.1x), Avg.   239 us, Total. 478.5 us (0.0%)
[Performance] InitializeOnLoad UDPService                                                                                     :        2 samples, Peak.  97.2 us (1.0x), Avg.  95.0 us, Total. 190.0 us (0.0%)
[Performance] InitializeOnLoad CrashService                                                                                   :        2 samples, Peak.  83.5 us (1.0x), Avg.  83.5 us, Total. 166.9 us (0.0%)
[Performance] InitializeOnLoad ServicesRepository                                                                             :        2 samples, Peak.   300 ns (1.0x), Avg.   300 ns, Total. 600.0 ns (0.0%)
[Performance] InitializeOnLoad SearchWindow                                                                                   :        2 samples, Peak.  88.2 us (1.0x), Avg.  87.8 us, Total. 175.6 us (0.0%)
[Performance] InitializeOnLoad CustomIndexers                                                                                 :        2 samples, Peak.  12.7 ms (1.1x), Avg.  11.1 ms, Total. 22.26 ms (0.1%)
[Performance] InitializeOnLoad SearchMonitor                                                                                  :        2 samples, Peak.   697 us (1.0x), Avg.   664 us, Total. 1.328 ms (0.0%)
[Performance] InitializeOnLoad ParameterControllerEditor                                                                      :        2 samples, Peak.  13.1 us (1.0x), Avg.  12.8 us, Total. 25.60 us (0.0%)
[Performance] InitializeOnLoad LayerSettingsWindow                                                                            :        2 samples, Peak.  17.1 us (1.7x), Avg.  9.85 us, Total. 19.70 us (0.0%)
[Performance] InitializeOnLoad PackageManagerHookGUIDConverter.RegisterPackagesEventHandler                                   :        2 samples, Peak.   563 us (1.6x), Avg.   343 us, Total. 686.0 us (0.0%)
[Performance] InitializeOnLoad EditorDragAndDrop.RegisterEditorClient                                                         :        2 samples, Peak.   149 us (1.0x), Avg.   145 us, Total. 289.7 us (0.0%)
[Performance] InitializeOnLoad EditorEventCallbacks.InitializeFontAssetResourceChangeCallBacks                                :        2 samples, Peak.   698 us (1.0x), Avg.   666 us, Total. 1.332 ms (0.0%)
[Performance] InitializeOnLoad SceneTemplateService.Init                                                                      :        2 samples, Peak.   707 us (1.0x), Avg.   684 us, Total. 1.369 ms (0.0%)
[Performance] InitializeOnLoad DiagnosticSwitchesConsoleMessage.Init                                                          :        2 samples, Peak.  4.88 ms (1.7x), Avg.  2.79 ms, Total. 5.584 ms (0.0%)
[Performance] InitializeOnLoad EditorWindow.Initialize                                                                        :        2 samples, Peak.   155 us (1.0x), Avg.   154 us, Total. 307.3 us (0.0%)
[Performance] InitializeOnLoad MemoryProfilerCompilationGuard.InjectCompileGuard                                              :        2 samples, Peak.  92.9 us (1.0x), Avg.  90.7 us, Total. 181.4 us (0.0%)
[Performance] InitializeOnLoad PackageManagerWindow.EditorInitializedInSafeMode                                               :        2 samples, Peak.   180 us (1.8x), Avg.  99.4 us, Total. 198.9 us (0.0%)
[Performance] InitializeOnLoad ToolShortcutContext.Init                                                                       :        2 samples, Peak.  81.3 us (1.1x), Avg.  76.4 us, Total. 152.8 us (0.0%)
[Performance] InitializeOnLoad AssetPostprocessingInternal.RefreshCustomDependencies                                          :        2 samples, Peak.  2.05 ms (1.4x), Avg.  1.50 ms, Total. 2.998 ms (0.0%)
[Performance] InitializeOnLoad SysrootManager.Initialize                                                                      :        2 samples, Peak.   296 us (1.0x), Avg.   291 us, Total. 582.7 us (0.0%)
[Performance] InitializeOnLoad ScopedRegistryAddedPopup.SubscribeToRegistriesAdded                                            :        2 samples, Peak.   128 us (1.3x), Avg.  95.8 us, Total. 191.6 us (0.0%)
[Performance] InitializeOnLoad SceneVisibilityManager.Initialize                                                              :        2 samples, Peak.  3.62 ms (1.7x), Avg.  2.09 ms, Total. 4.172 ms (0.0%)
[Performance] AssemblyReloadEvents.afterAssemblyReload: UnityEditor.PackageManager.TuanjiePathAndNameFix.FixTuanjieNameOrPath :        2 samples, Peak.  2.31 ms (1.0x), Avg.  2.27 ms, Total. 4.549 ms (0.0%)
[Performance] AssemblyReloadEvents.afterAssemblyReload: UnityEditor.SceneTemplate.SceneTemplateService.AfterAssemblyReload    :        2 samples, Peak.  2.64 ms (1.8x), Avg.  1.43 ms, Total. 2.868 ms (0.0%)
[Performance] ProcessService.EditorAfterLoadAllAssemblies                                                                     :        2 samples, Peak.   213 us (1.1x), Avg.   197 us, Total. 393.7 us (0.0%)
[Performance] Application.ReadLicenseInfo                                                                                     :        1 samples, Peak.  22.3 ms (1.0x), Avg.  22.3 ms, Total. 22.31 ms (0.1%)
[Performance] Application.InitialRefresh                                                                                      :        1 samples, Peak.  3.15 s (1.0x), Avg.  3.15 s, Total. 3.145 s (16.1%)
[Performance] BuilderAssetModificationProcessor.OnWillCreateAsset                                                             :      413 samples, Peak.   556 us (46.8x), Avg.  11.9 us, Total. 4.906 ms (0.0%)
[Performance] ShaderImporter.SourceAssetModified                                                                              :      339 samples, Peak.  1.40 us (3.1x), Avg.   445 ns, Total. 150.8 us (0.0%)
[Performance] ShaderIncludeImporter.SourceAssetModified                                                                       :      339 samples, Peak.  4.30 us (8.5x), Avg.   506 ns, Total. 171.5 us (0.0%)
[Performance] Compiling Scripts                                                                                               :        1 samples, Peak.  1.58 s (1.0x), Avg.  1.58 s, Total. 1.578 s (8.1%)
[Performance] AssemblyReloadEvents.beforeAssemblyReload: UnityEditor.SceneTemplate.SceneTemplateService.BeforeAssemblyReload  :        1 samples, Peak.   430 us (1.0x), Avg.   430 us, Total. 430.4 us (0.0%)
[Performance] PresetManagerPostProcessor.OnPreprocessAsset                                                                    :      484 samples, Peak.   895 us (74.5x), Avg.  12.0 us, Total. 5.817 ms (0.0%)
[Performance] CancelSplashScreenOnAssetChange.OnPreprocessAsset                                                               :      484 samples, Peak.  91.7 us (54.8x), Avg.  1.67 us, Total. 810.0 us (0.0%)
[Performance] DidReloadScriptsAdvancedDropdownWindow.OnScriptReload                                                           :        1 samples, Peak.   143 us (1.0x), Avg.   143 us, Total. 143.0 us (0.0%)
[Performance] TextureImporter.Import                                                                                          :      128 samples, Peak.  1.32 ms (4.5x), Avg.   290 us, Total. 37.07 ms (0.2%)
[Performance] BuilderAssetModificationProcessor.OnWillSaveAssets                                                              :      333 samples, Peak.   492 us (93.8x), Avg.  5.25 us, Total. 1.748 ms (0.0%)
[Performance] TerrainModificationProcessor.OnWillSaveAssets                                                                   :      333 samples, Peak.   427 us (185.1x), Avg.  2.31 us, Total. 768.8 us (0.0%)
[Performance] VersionControl.Task.Wait                                                                                        :        1 samples, Peak.  5.30 us (1.0x), Avg.  5.30 us, Total. 5.300 us (0.0%)
[Performance] AssetDatabase.ImportAssets                                                                                      :      344 samples, Peak.   113 ms (302.5x), Avg.   375 us, Total. 128.9 ms (0.7%)
[Performance] BuilderAssetPostprocessor.OnPostprocessAllAssets                                                                :      676 samples, Peak.  3.03 ms (121.7x), Avg.  24.9 us, Total. 16.82 ms (0.1%)
[Performance] ArtifactBrowserPostProcessor.OnPostprocessAllAssets                                                             :      676 samples, Peak.   281 us (94.0x), Avg.  2.99 us, Total. 2.024 ms (0.0%)
[Performance] AssetEvents.OnPostprocessAllAssets                                                                              :     1352 samples, Peak.   128 us (65.6x), Avg.  1.95 us, Total. 2.638 ms (0.0%)
[Performance] AudioMixerPostprocessor.OnPostprocessAllAssets                                                                  :      676 samples, Peak.   173 us (84.7x), Avg.  2.04 us, Total. 1.382 ms (0.0%)
[Performance] DomainReloadPostprocessor.OnPostprocessAllAssets                                                                :      676 samples, Peak.  1.35 ms (95.9x), Avg.  14.0 us, Total. 9.485 ms (0.0%)
[Performance] StyleCatalogPostProcessor.OnPostprocessAllAssets                                                                :      676 samples, Peak.  10.2 ms (280.4x), Avg.  36.2 us, Total. 24.50 ms (0.1%)
[Performance] BuildCatalog                                                                                                    :        1 samples, Peak.  9.31 ms (1.0x), Avg.  9.31 ms, Total. 9.313 ms (0.0%)
[Performance] ModelImporterPostProcessor.OnPostprocessAllAssets                                                               :      676 samples, Peak.   917 us (88.9x), Avg.  10.3 us, Total. 6.973 ms (0.0%)
[Performance] RetainedModeAssetPostprocessor.OnPostprocessAllAssets                                                           :      676 samples, Peak.  2.29 ms (155.3x), Avg.  14.7 us, Total. 9.954 ms (0.1%)
[Performance] AssetChangedListener.OnPostprocessAllAssets                                                                     :      676 samples, Peak.  1.63 ms (95.3x), Avg.  17.1 us, Total. 11.53 ms (0.1%)
[Performance] SpeedTreePostProcessor.OnPostprocessAllAssets                                                                   :      676 samples, Peak.   561 us (91.3x), Avg.  6.14 us, Total. 4.151 ms (0.0%)
[Performance] TextAssetPostProcessor.OnPostprocessAllAssets                                                                   :      676 samples, Peak.  1.47 ms (166.0x), Avg.  8.85 us, Total. 5.982 ms (0.0%)
[Performance] SyncVS.PostprocessSyncProject                                                                                   :      338 samples, Peak.  1.24 ms (56.3x), Avg.  22.0 us, Total. 7.423 ms (0.0%)
[Performance] EditorApplication.projectChanged: UnityEditor.Audio.MixerEffectDefinitionReloader.OnProjectChanged              :      335 samples, Peak.  1.22 ms (4.8x), Avg.   252 us, Total. 84.53 ms (0.4%)
[Performance] Application.ImportPackagesAndSetTemplateWhenCreatingProject                                                     :        1 samples, Peak.  10.9 ms (1.0x), Avg.  10.9 ms, Total. 10.91 ms (0.1%)
[Performance] Application.SyncCurrentColorSpace                                                                               :        1 samples, Peak.  5.24 ms (1.0x), Avg.  5.24 ms, Total. 5.238 ms (0.0%)
[Performance] Application.OnUsbDevicesChanged                                                                                 :        1 samples, Peak.   780 us (1.0x), Avg.   780 us, Total. 779.9 us (0.0%)
[Performance] Application.AssetInstanceCacheUpdate                                                                            :        1 samples, Peak.   200 ns (1.0x), Avg.   200 ns, Total. 200.0 ns (0.0%)
[Performance] Application.UnityExtensions.Initialize                                                                          :        1 samples, Peak.   315 us (1.0x), Avg.   315 us, Total. 315.3 us (0.0%)
[Performance] CodeEditorProjectSync.SyncEditorProject                                                                         :        1 samples, Peak.   112 us (1.0x), Avg.   112 us, Total. 112.2 us (0.0%)
[Performance] Application.ExecuteStartups                                                                                     :        1 samples, Peak.  27.7 ms (1.0x), Avg.  27.7 ms, Total. 27.71 ms (0.1%)
[Performance] Menu.RegisterMenuInterface                                                                                      :       26 samples, Peak.   600 ns (5.6x), Avg.   108 ns, Total. 2.800 us (0.0%)
[Performance] Gizmo.RebuildRenderers                                                                                          :        1 samples, Peak.  27.1 ms (1.0x), Avg.  27.1 ms, Total. 27.13 ms (0.1%)
[Performance] Gizmo.AddGizmoRenderers                                                                                         :       21 samples, Peak.  1.19 ms (14.9x), Avg.  80.1 us, Total. 1.682 ms (0.0%)
[Performance] Application.editorInitializingProject                                                                           :        1 samples, Peak.   169 ms (1.0x), Avg.   169 ms, Total. 169.2 ms (0.9%)
[Performance] Application.InitializeMenu                                                                                      :        1 samples, Peak.  42.9 ms (1.0x), Avg.  42.9 ms, Total. 42.92 ms (0.2%)
[Performance] Menu.RebuildAll                                                                                                 :        1 samples, Peak.  42.9 ms (1.0x), Avg.  42.9 ms, Total. 42.91 ms (0.2%)
[Performance] Menu.BuildRegisteredMenuInterfaces                                                                              :        1 samples, Peak.  41.3 ms (1.0x), Avg.  41.3 ms, Total. 41.29 ms (0.2%)
[Performance] Menu.FilterMenuItem                                                                                             :      466 samples, Peak.  7.41 ms (458.9x), Avg.  16.2 us, Total. 7.527 ms (0.0%)
[Performance] UpdateAllMenus                                                                                                  :        1 samples, Peak.   352 us (1.0x), Avg.   352 us, Total. 352.0 us (0.0%)
[Performance] Menu.RebuildOSMainMenu                                                                                          :        2 samples, Peak.  1.14 ms (1.2x), Avg.   975 us, Total. 1.950 ms (0.0%)
[Performance] EditorSceneManager.sceneClosing: UnityEditor.SceneVisibilityManager.EditorSceneManagerOnSceneClosing            :        2 samples, Peak.   188 us (2.0x), Avg.  95.6 us, Total. 191.3 us (0.0%)
[Performance] GUIView.RepaintAll.PlayerLoopController                                                                         :        1 samples, Peak.  1.20 us (1.0x), Avg.  1.20 us, Total. 1.200 us (0.0%)
[Performance] EditorSceneManager.newSceneCreated: UnityEditor.SceneTemplate.SceneTemplateService.OnNewSceneCreated            :        1 samples, Peak.   170 us (1.0x), Avg.   170 us, Total. 169.9 us (0.0%)
[Performance] EditorSceneManager.newSceneCreated: UnityEditor.SceneVisibilityManager.EditorSceneManagerOnNewSceneCreated      :        1 samples, Peak.   109 us (1.0x), Avg.   109 us, Total. 108.6 us (0.0%)
[Performance] EditorSceneManager.newSceneCreated: UnityEditor.SceneManagement.StageNavigationManager.OnNewSceneCreated        :        1 samples, Peak.  34.6 us (1.0x), Avg.  34.6 us, Total. 34.60 us (0.0%)
[Performance] Application.InvokeFinishedLoadingProject                                                                        :        1 samples, Peak.  1.03 ms (1.0x), Avg.  1.03 ms, Total. 1.028 ms (0.0%)
[Performance] ProcessService.OnProjectLoaded                                                                                  :        1 samples, Peak.  24.7 us (1.0x), Avg.  24.7 us, Total. 24.70 us (0.0%)
[Performance] AssetDatabase.Refresh                                                                                           :      101 samples, Peak.  45.0 ms (1.5x), Avg.  30.4 ms, Total. 3.074 s (15.7%)
[Performance] AssetDatabase.ImportAsset                                                                                       :       65 samples, Peak.  12.7 ms (1.3x), Avg.  9.47 ms, Total. 615.7 ms (3.1%)
[Performance] SceneDataContainer.TransformHierarchyChangedSetParentCallback                                                   :      303 samples, Peak.  9.20 us (9.9x), Avg.   932 ns, Total. 282.4 us (0.0%)
[Performance] SceneVisibilityState.IsFlagSetInParents                                                                         :      303 samples, Peak.  1.40 us (2.4x), Avg.   577 ns, Total. 174.8 us (0.0%)
[Performance] BuilderAssetModificationProcessor.OnWillDeleteAsset                                                             :      100 samples, Peak.   198 us (24.3x), Avg.  8.16 us, Total. 815.9 us (0.0%)
[Performance] TMP_FontAssetPostProcessor.OnWillDeleteAsset                                                                    :      100 samples, Peak.   108 us (14.2x), Avg.  7.61 us, Total. 760.8 us (0.0%)
[Performance] CancelSplashScreenOnAssetDelete.OnWillDeleteAsset                                                               :      100 samples, Peak.  22.9 us (11.6x), Avg.  1.97 us, Total. 196.6 us (0.0%)
[Performance] AssetWindowModificationProcessor.OnWillDeleteAsset                                                              :      100 samples, Peak.   183 us (27.5x), Avg.  6.67 us, Total. 667.0 us (0.0%)
[Performance] EditorSceneManager.sceneOpening: UnityEditor.SceneVisibilityManager.EditorSceneManagerOnSceneOpening            :        1 samples, Peak.  98.2 us (1.0x), Avg.  98.2 us, Total. 98.20 us (0.0%)
[Performance] Inspector.InitOrRebuild                                                                                         :        1 samples, Peak.   284 us (1.0x), Avg.   284 us, Total. 284.1 us (0.0%)
[Performance] EditorSceneManager.sceneOpened: UnityEditor.SceneTemplate.SceneTemplateService.OnSceneOpened                    :        1 samples, Peak.   154 us (1.0x), Avg.   154 us, Total. 154.3 us (0.0%)
[Performance] EditorSceneManager.sceneOpened: UnityEditor.SceneVisibilityManager.EditorSceneManagerOnSceneOpened              :        1 samples, Peak.   119 us (1.0x), Avg.   119 us, Total. 119.1 us (0.0%)
[Performance] EditorSceneManager.sceneOpened: UnityEditor.SceneManagement.StageNavigationManager.OnSceneOpened                :        1 samples, Peak.  48.9 us (1.0x), Avg.  48.9 us, Total. 48.90 us (0.0%)
[Performance] EditorSceneManager.sceneSaving: UnityEditor.SceneTemplate.SceneTemplateService.OnSceneSaving                    :        1 samples, Peak.   165 us (1.0x), Avg.   165 us, Total. 165.0 us (0.0%)
[Performance] EditorSceneManager.sceneSaving: UnityEditor.SceneVisibilityManager.EditorSceneManagerOnSceneSaving              :        1 samples, Peak.  67.6 us (1.0x), Avg.  67.6 us, Total. 67.60 us (0.0%)
[Performance] EditorSceneManager.sceneSaved: UnityEditor.SceneTemplate.SceneTemplateService.OnSceneSaved                      :        1 samples, Peak.  9.63 ms (1.0x), Avg.  9.63 ms, Total. 9.629 ms (0.0%)
[Performance] EditorSceneManager.sceneSaved: UnityEditor.SceneVisibilityManager.EditorSceneManagerOnSceneSaved                :        1 samples, Peak.  72.0 us (1.0x), Avg.  72.0 us, Total. 72.00 us (0.0%)
[Performance] Application.Shutdown.SaveDefaultWindowPreferences                                                               :        1 samples, Peak.  97.6 us (1.0x), Avg.  97.6 us, Total. 97.60 us (0.0%)
[Performance] Application.Shutdown.SaveSceneManagerSetup                                                                      :        1 samples, Peak.   475 us (1.0x), Avg.   475 us, Total. 474.9 us (0.0%)
[Performance] Application.Shutdown.CleanupAllContainerWindows                                                                 :        1 samples, Peak.   400 ns (1.0x), Avg.   400 ns, Total. 400.0 ns (0.0%)
[Performance] EditorApplication.quitting: callback in UnityEditor.TextCore.Text.EditorEventCallbacks                          :        1 samples, Peak.  2.68 ms (1.0x), Avg.  2.68 ms, Total. 2.677 ms (0.0%)
[Performance] Application.Shutdown.PauseProfilerSession                                                                       :        1 samples, Peak.  18.7 us (1.0x), Avg.  18.7 us, Total. 18.70 us (0.0%)
[Performance] Application.Shutdown.PauseAssetImportWorkers                                                                    :        1 samples, Peak.  60.8 us (1.0x), Avg.  60.8 us, Total. 60.80 us (0.0%)
[Performance] Application.Shutdown.SaveAssets                                                                                 :        1 samples, Peak.  1.70 ms (1.0x), Avg.  1.70 ms, Total. 1.702 ms (0.0%)
[Performance] Application.Shutdown.CleanupRenderPipeline                                                                      :        1 samples, Peak.  3.90 us (1.0x), Avg.  3.90 us, Total. 3.900 us (0.0%)
[Performance] Application.Shutdown.StopPreloadManager                                                                         :        1 samples, Peak. 10.00 ms (1.0x), Avg. 10.00 ms, Total. 9.997 ms (0.1%)
[Performance] Application.Shutdown.DestroyWorld                                                                               :        1 samples, Peak.   284 us (1.0x), Avg.   284 us, Total. 284.3 us (0.0%)
[Performance] Application.Shutdown.CleanupAfterLoad                                                                           :        1 samples, Peak.  1.31 ms (1.0x), Avg.  1.31 ms, Total. 1.315 ms (0.0%)
[Performance] Application.Shutdown.Progress                                                                                   :        1 samples, Peak.  4.20 us (1.0x), Avg.  4.20 us, Total. 4.200 us (0.0%)
[Performance] Application.Shutdown.GICleanupManagers                                                                          :        1 samples, Peak.   365 us (1.0x), Avg.   365 us, Total. 365.2 us (0.0%)
[Performance] Application.Shutdown.MenuCleanupClass                                                                           :        1 samples, Peak.  79.4 us (1.0x), Avg.  79.4 us, Total. 79.40 us (0.0%)
[Performance] Application.Shutdown.ADBSaveStateBeforeShutdown                                                                 :        1 samples, Peak.  6.00 us (1.0x), Avg.  6.00 us, Total. 6.000 us (0.0%)
[Performance] Application.Shutdown.RemoteShutdown                                                                             :        1 samples, Peak.   700 ns (1.0x), Avg.   700 ns, Total. 700.0 ns (0.0%)
[Performance] Application.Shutdown.CleanupVCProvider                                                                          :        1 samples, Peak.  6.90 us (1.0x), Avg.  6.90 us, Total. 6.900 us (0.0%)
[Performance] Application.Shutdown.InputShutdown                                                                              :        1 samples, Peak.   400 ns (1.0x), Avg.   400 ns, Total. 400.0 ns (0.0%)
[Performance] Application.Shutdown.GizmoManagerDestroy                                                                        :        1 samples, Peak.   624 us (1.0x), Avg.   624 us, Total. 623.7 us (0.0%)
[Performance] Application.Shutdown.ProfilerSession                                                                            :        1 samples, Peak.   130 us (1.0x), Avg.   130 us, Total. 130.1 us (0.0%)
[Performance] Application.Shutdown.ReleaseGfxWindowOnAllGUIViews                                                              :        1 samples, Peak.   300 ns (1.0x), Avg.   300 ns, Total. 300.0 ns (0.0%)
[Performance] Application.Shutdown.CleanupEngine                                                                              :        1 samples, Peak.  78.0 ms (1.0x), Avg.  78.0 ms, Total. 78.03 ms (0.4%)
[Performance] Application.Shutdown.CleanupAssetDatabase                                                                       :        1 samples, Peak.  3.45 ms (1.0x), Avg.  3.45 ms, Total. 3.453 ms (0.0%)
[Performance] Application.Shutdown.ScriptCompilationCleanUp                                                                   :        1 samples, Peak.  13.5 ms (1.0x), Avg.  13.5 ms, Total. 13.52 ms (0.1%)
[Performance] Application.Shutdown.DestroyJobSystem                                                                           :        1 samples, Peak.  91.5 us (1.0x), Avg.  91.5 us, Total. 91.50 us (0.0%)
[Performance] Application.Shutdown.CleanupPersistentManager                                                                   :        1 samples, Peak.   287 us (1.0x), Avg.   287 us, Total. 286.6 us (0.0%)
[Performance] Application.Shutdown.CleanupAsyncReadManager                                                                    :        1 samples, Peak.   188 us (1.0x), Avg.   188 us, Total. 188.2 us (0.0%)
[Performance] Application.Shutdown.CleanupProgressBar                                                                         :        1 samples, Peak.   400 ns (1.0x), Avg.   400 ns, Total. 400.0 ns (0.0%)
[Performance] Application.Shutdown.CleanupMono                                                                                :        1 samples, Peak.  25.0 ms (1.0x), Avg.  25.0 ms, Total. 25.05 ms (0.1%)
[Performance] Application.Shutdown.CleanupStdConverters                                                                       :        1 samples, Peak.  6.30 us (1.0x), Avg.  6.30 us, Total. 6.300 us (0.0%)
[Performance] Application.Shutdown.UnloadAllPlatformSupportModuleNativeDlls                                                   :        1 samples, Peak.   600 ns (1.0x), Avg.   600 ns, Total. 600.0 ns (0.0%)
[Performance] Application.Shutdown.UnloadAllPlatformSupportNativeLibraries                                                    :        1 samples, Peak.   100 ns (1.0x), Avg.   100 ns, Total. 100.0 ns (0.0%)
[Performance] Application.Shutdown.CleanupAutoDocumentation                                                                   :        1 samples, Peak.   239 us (1.0x), Avg.   239 us, Total. 238.5 us (0.0%)
[Performance] Application.Shutdown.ShaderNameManagerDestroy                                                                   :        1 samples, Peak.  34.5 us (1.0x), Avg.  34.5 us, Total. 34.50 us (0.0%)
[Performance] Application.Shutdown.CleanupCacheServer                                                                         :        1 samples, Peak.   100 ns (1.0x), Avg.   100 ns, Total. 100.0 ns (0.0%)
[Performance] Application.Shutdown.Virtualization_Shutdown                                                                    :        1 samples, Peak.   300 ns (1.0x), Avg.   300 ns, Total. 300.0 ns (0.0%)
[Performance] Application.Shutdown.DevConnections                                                                             :        1 samples, Peak.   181 us (1.0x), Avg.   181 us, Total. 181.1 us (0.0%)
Checking for leaked weakptr:
  Found no leaked weakptrs.
[Package Manager] Server::Kill -- Server was shutdown
Memory Statistics:
[ALLOC_TEMP_TLS] TLS Allocator
  StackAllocators : 
    [ALLOC_TEMP_CurlRequest]
      Initial Block Size 64.0 KB
      Current Block Size 64.0 KB
      Peak Allocated Bytes 0 B
      Overflow Count 0
    [ALLOC_TEMP_MAIN]
      Initial Block Size 16.0 MB
      Current Block Size 16.0 MB
      Peak Allocated Bytes 10.6 MB
      Overflow Count 0
    [ALLOC_TEMP_Job.Worker 18]
      Initial Block Size 256.0 KB
      Current Block Size 1.0 MB
      Peak Allocated Bytes 1.0 MB
      Overflow Count 0
    [ALLOC_TEMP_Background Job.Worker 8]
      Initial Block Size 32.0 KB
      Current Block Size 32.0 KB
      Peak Allocated Bytes 54 B
      Overflow Count 0
    [ALLOC_TEMP_Job.Worker 4]
      Initial Block Size 256.0 KB
      Current Block Size 1.5 MB
      Peak Allocated Bytes 1.5 MB
      Overflow Count 0
    [ALLOC_TEMP_BakingJobs.Worker 5]
      Initial Block Size 256.0 KB
      Current Block Size 256.0 KB
      Peak Allocated Bytes 54 B
      Overflow Count 0
    [ALLOC_TEMP_BakingJobs.Worker 10]
      Initial Block Size 256.0 KB
      Current Block Size 256.0 KB
      Peak Allocated Bytes 54 B
      Overflow Count 0
    [ALLOC_TEMP_Background Job.Worker 3]
      Initial Block Size 32.0 KB
      Current Block Size 32.0 KB
      Peak Allocated Bytes 54 B
      Overflow Count 0
    [ALLOC_TEMP_BatchDeleteObjects]
      Initial Block Size 64.0 KB
      Current Block Size 64.0 KB
      Peak Allocated Bytes 54 B
      Overflow Count 0
    [ALLOC_TEMP_Job.Worker 21]
      Initial Block Size 256.0 KB
      Current Block Size 1.5 MB
      Peak Allocated Bytes 1.5 MB
      Overflow Count 0
    [ALLOC_TEMP_REST Message Handler]
      Initial Block Size 64.0 KB
      Current Block Size 64.0 KB
      Peak Allocated Bytes 54 B
      Overflow Count 0
    [ALLOC_TEMP_CoreBusinessMetricsCache]
      Initial Block Size 64.0 KB
      Current Block Size 64.0 KB
      Peak Allocated Bytes 7.1 KB
      Overflow Count 0
    [ALLOC_TEMP_Job.Worker 13]
      Initial Block Size 256.0 KB
      Current Block Size 1.0 MB
      Peak Allocated Bytes 1.0 MB
      Overflow Count 0
    [ALLOC_TEMP_Background Job.Worker 2]
      Initial Block Size 32.0 KB
      Current Block Size 32.0 KB
      Peak Allocated Bytes 2.0 KB
      Overflow Count 0
    [ALLOC_TEMP_Job.Worker 22]
      Initial Block Size 256.0 KB
      Current Block Size 1.5 MB
      Peak Allocated Bytes 1.5 MB
      Overflow Count 0
    [ALLOC_TEMP_AssetDatabase.IOService]
      Initial Block Size 64.0 KB
      Current Block Size 64.0 KB
      Peak Allocated Bytes 54 B
      Overflow Count 0
    [ALLOC_TEMP_Background Job.Worker 11]
      Initial Block Size 32.0 KB
      Current Block Size 32.0 KB
      Peak Allocated Bytes 54 B
      Overflow Count 0
    [ALLOC_TEMP_Job.Worker 10]
      Initial Block Size 256.0 KB
      Current Block Size 1.0 MB
      Peak Allocated Bytes 1.0 MB
      Overflow Count 0
    [ALLOC_TEMP_Job.Worker 15]
      Initial Block Size 256.0 KB
      Current Block Size 1.5 MB
      Peak Allocated Bytes 1.5 MB
      Overflow Count 0
    [ALLOC_TEMP_Job.Worker 12]
      Initial Block Size 256.0 KB
      Current Block Size 1.0 MB
      Peak Allocated Bytes 1.0 MB
      Overflow Count 0
    [ALLOC_TEMP_Loading.PreloadManager]
      Initial Block Size 32.0 MB
      Current Block Size 32.0 MB
      Peak Allocated Bytes 1.0 MB
      Overflow Count 0
    [ALLOC_TEMP_Profiler.Dispatcher]
      Initial Block Size 64.0 KB
      Current Block Size 64.0 KB
      Peak Allocated Bytes 0 B
      Overflow Count 0
    [ALLOC_TEMP_Job.Worker 14]
      Initial Block Size 256.0 KB
      Current Block Size 1.0 MB
      Peak Allocated Bytes 1.0 MB
      Overflow Count 0
    [ALLOC_TEMP_Job.Worker 3]
      Initial Block Size 256.0 KB
      Current Block Size 1.5 MB
      Peak Allocated Bytes 1.5 MB
      Overflow Count 0
    [ALLOC_TEMP_BakingJobs.Worker 7]
      Initial Block Size 256.0 KB
      Current Block Size 256.0 KB
      Peak Allocated Bytes 54 B
      Overflow Count 0
    [ALLOC_TEMP_Job.Worker 17]
      Initial Block Size 256.0 KB
      Current Block Size 1.5 MB
      Peak Allocated Bytes 1.5 MB
      Overflow Count 0
    [ALLOC_TEMP_Background Job.Worker 5]
      Initial Block Size 32.0 KB
      Current Block Size 32.0 KB
      Peak Allocated Bytes 54 B
      Overflow Count 0
    [ALLOC_TEMP_Background Job.Worker 13]
      Initial Block Size 32.0 KB
      Current Block Size 32.0 KB
      Peak Allocated Bytes 54 B
      Overflow Count 0
    [ALLOC_TEMP_Job.Worker 2]
      Initial Block Size 256.0 KB
      Current Block Size 1.0 MB
      Peak Allocated Bytes 1.0 MB
      Overflow Count 0
    [ALLOC_TEMP_BakingJobs.Worker 6]
      Initial Block Size 256.0 KB
      Current Block Size 256.0 KB
      Peak Allocated Bytes 54 B
      Overflow Count 0
    [ALLOC_TEMP_Job.Worker 11]
      Initial Block Size 256.0 KB
      Current Block Size 1.5 MB
      Peak Allocated Bytes 1.5 MB
      Overflow Count 0
    [ALLOC_TEMP_Job.Worker 0]
      Initial Block Size 256.0 KB
      Current Block Size 1.0 MB
      Peak Allocated Bytes 1.0 MB
      Overflow Count 0
    [ALLOC_TEMP_Job.Worker 6]
      Initial Block Size 256.0 KB
      Current Block Size 1.5 MB
      Peak Allocated Bytes 1.5 MB
      Overflow Count 0
    [ALLOC_TEMP_Job.Worker 5]
      Initial Block Size 256.0 KB
      Current Block Size 1.5 MB
      Peak Allocated Bytes 1.5 MB
      Overflow Count 0
    [ALLOC_TEMP_Background Job.Worker 9]
      Initial Block Size 32.0 KB
      Current Block Size 32.0 KB
      Peak Allocated Bytes 54 B
      Overflow Count 0
    [ALLOC_TEMP_BakingJobs.Worker 8]
      Initial Block Size 256.0 KB
      Current Block Size 256.0 KB
      Peak Allocated Bytes 54 B
      Overflow Count 0
    [ALLOC_TEMP_Job.Worker 9]
      Initial Block Size 256.0 KB
      Current Block Size 1.0 MB
      Peak Allocated Bytes 1.0 MB
      Overflow Count 0
    [ALLOC_TEMP_DirMonitor]
      Initial Block Size 64.0 KB
      Current Block Size 64.0 KB
      Peak Allocated Bytes 11.6 KB
      Overflow Count 0
    [ALLOC_TEMP_BakingJobs.Worker 1]
      Initial Block Size 256.0 KB
      Current Block Size 256.0 KB
      Peak Allocated Bytes 54 B
      Overflow Count 0
    [ALLOC_TEMP_Loading.AsyncRead]
      Initial Block Size 64.0 KB
      Current Block Size 64.0 KB
      Peak Allocated Bytes 128 B
      Overflow Count 0
    [ALLOC_TEMP_Background Job.Worker 10]
      Initial Block Size 32.0 KB
      Current Block Size 32.0 KB
      Peak Allocated Bytes 54 B
      Overflow Count 0
    [ALLOC_TEMP_Job.Worker 16]
      Initial Block Size 256.0 KB
      Current Block Size 1.0 MB
      Peak Allocated Bytes 1.0 MB
      Overflow Count 0
    [ALLOC_TEMP_BakingJobs.Worker 9]
      Initial Block Size 256.0 KB
      Current Block Size 256.0 KB
      Peak Allocated Bytes 54 B
      Overflow Count 0
    [ALLOC_TEMP_Background Job.Worker 6]
      Initial Block Size 32.0 KB
      Current Block Size 32.0 KB
      Peak Allocated Bytes 54 B
      Overflow Count 0
    [ALLOC_TEMP_Background Job.Worker 1]
      Initial Block Size 32.0 KB
      Current Block Size 32.0 KB
      Peak Allocated Bytes 13.5 KB
      Overflow Count 0
    [ALLOC_TEMP_BakingJobs.Worker 11]
      Initial Block Size 256.0 KB
      Current Block Size 256.0 KB
      Peak Allocated Bytes 54 B
      Overflow Count 0
    [ALLOC_TEMP_Job.Worker 20]
      Initial Block Size 256.0 KB
      Current Block Size 1.0 MB
      Peak Allocated Bytes 1.0 MB
      Overflow Count 0
    [ALLOC_TEMP_BakingJobs.Worker 2]
      Initial Block Size 256.0 KB
      Current Block Size 256.0 KB
      Peak Allocated Bytes 54 B
      Overflow Count 0
    [ALLOC_TEMP_Background Job.Worker 7]
      Initial Block Size 32.0 KB
      Current Block Size 32.0 KB
      Peak Allocated Bytes 54 B
      Overflow Count 0
    [ALLOC_TEMP_Job.Worker 8]
      Initial Block Size 256.0 KB
      Current Block Size 1.5 MB
      Peak Allocated Bytes 1.5 MB
      Overflow Count 0
    [ALLOC_TEMP_BakingJobs.Worker 15]
      Initial Block Size 256.0 KB
      Current Block Size 256.0 KB
      Peak Allocated Bytes 54 B
      Overflow Count 0
    [ALLOC_TEMP_BakingJobs.Worker 0]
      Initial Block Size 256.0 KB
      Current Block Size 256.0 KB
      Peak Allocated Bytes 54 B
      Overflow Count 0
    [ALLOC_TEMP_BakingJobs.Worker 3]
      Initial Block Size 256.0 KB
      Current Block Size 256.0 KB
      Peak Allocated Bytes 54 B
      Overflow Count 0
    [ALLOC_TEMP_BakingJobs.Worker 14]
      Initial Block Size 256.0 KB
      Current Block Size 256.0 KB
      Peak Allocated Bytes 54 B
      Overflow Count 0
    [ALLOC_TEMP_EditorTaskManager]
      Initial Block Size 64.0 KB
      Current Block Size 68.0 KB
      Peak Allocated Bytes 64.0 KB
      Overflow Count 0
    [ALLOC_TEMP_Background Job.Worker 15]
      Initial Block Size 32.0 KB
      Current Block Size 32.0 KB
      Peak Allocated Bytes 54 B
      Overflow Count 0
    [ALLOC_TEMP_Job.Worker 1]
      Initial Block Size 256.0 KB
      Current Block Size 1.0 MB
      Peak Allocated Bytes 1.0 MB
      Overflow Count 0
    [ALLOC_TEMP_BakingJobs.Worker 4]
      Initial Block Size 256.0 KB
      Current Block Size 256.0 KB
      Peak Allocated Bytes 54 B
      Overflow Count 0
    [ALLOC_TEMP_Background Job.Worker 12]
      Initial Block Size 32.0 KB
      Current Block Size 32.0 KB
      Peak Allocated Bytes 54 B
      Overflow Count 0
    [ALLOC_TEMP_HTTP REST Server]
      Initial Block Size 64.0 KB
      Current Block Size 64.0 KB
      Peak Allocated Bytes 54 B
      Overflow Count 0
    [ALLOC_TEMP_BakingJobs.Worker 12]
      Initial Block Size 256.0 KB
      Current Block Size 256.0 KB
      Peak Allocated Bytes 54 B
      Overflow Count 0
    [ALLOC_TEMP_BakingJobs.Worker 13]
      Initial Block Size 256.0 KB
      Current Block Size 256.0 KB
      Peak Allocated Bytes 54 B
      Overflow Count 0
    [ALLOC_TEMP_AssetGarbageCollectorHelper] x 23
      Initial Block Size 64.0 KB
      Current Block Size 64.0 KB
      Peak Allocated Bytes 0 B
      Overflow Count 0
    [ALLOC_TEMP_Background Job.Worker 0]
      Initial Block Size 32.0 KB
      Current Block Size 32.0 KB
      Peak Allocated Bytes 54 B
      Overflow Count 0
    [ALLOC_TEMP_AUDIO_Audio Mixer Thread]
      Initial Block Size 64.0 KB
      Current Block Size 64.0 KB
      Peak Allocated Bytes 54 B
      Overflow Count 0
    [ALLOC_TEMP_Background Job.Worker 4]
      Initial Block Size 32.0 KB
      Current Block Size 32.0 KB
      Peak Allocated Bytes 54 B
      Overflow Count 0
    [ALLOC_TEMP_Background Job.Worker 14]
      Initial Block Size 32.0 KB
      Current Block Size 32.0 KB
      Peak Allocated Bytes 54 B
      Overflow Count 0
    [ALLOC_TEMP_Job.Worker 7]
      Initial Block Size 256.0 KB
      Current Block Size 1.0 MB
      Peak Allocated Bytes 1.0 MB
      Overflow Count 0
    [ALLOC_TEMP_CloudJob.Worker 0]
      Initial Block Size 32.0 KB
      Current Block Size 36.0 KB
      Peak Allocated Bytes 15.8 KB
      Overflow Count 0
    [ALLOC_TEMP_Job.Worker 19]
      Initial Block Size 256.0 KB
      Current Block Size 1.0 MB
      Peak Allocated Bytes 1.0 MB
      Overflow Count 0
[ALLOC_MEMORYPROFILER]
  Requested Block Size 1.0 MB
  Peak Block count 1
  Peak Allocated memory 110.1 KB
  Peak Large allocation bytes 0 B
[ALLOC_DEFAULT] Dual Thread Allocator
  Peak main deferred allocation count 1298
    [ALLOC_BUCKET]
      Large Block size 32.0 MB
      Used Block count 1
      Peak Allocated bytes 7.6 MB
    [ALLOC_DEFAULT_MAIN]
      Requested Block Size 16.0 MB
      Peak Block count 3
      Peak Allocated memory 39.0 MB
      Peak Large allocation bytes 0 B
    [ALLOC_DEFAULT_THREAD]
      Requested Block Size 16.0 MB
      Peak Block count 1
      Peak Allocated memory 4.4 MB
      Peak Large allocation bytes 0 B
[ALLOC_TEMP_JOB_1_FRAME]
  Initial Block Size 2.0 MB
  Used Block Count 0
  Overflow Count (too large) 0
  Overflow Count (full) 0
[ALLOC_TEMP_JOB_2_FRAMES]
  Initial Block Size 2.0 MB
  Used Block Count 0
  Overflow Count (too large) 0
  Overflow Count (full) 0
[ALLOC_TEMP_JOB_4_FRAMES (JobTemp)]
  Initial Block Size 2.0 MB
  Used Block Count 1
  Overflow Count (too large) 0
  Overflow Count (full) 0
[ALLOC_TEMP_JOB_ASYNC (Background)]
  Initial Block Size 1.0 MB
  Used Block Count 1
  Overflow Count (too large) 0
  Overflow Count (full) 0
[ALLOC_GFX] Dual Thread Allocator
  Peak main deferred allocation count 128
    [ALLOC_BUCKET]
      Large Block size 32.0 MB
      Used Block count 1
      Peak Allocated bytes 7.6 MB
    [ALLOC_GFX_MAIN]
      Requested Block Size 16.0 MB
      Peak Block count 1
      Peak Allocated memory 7.2 MB
      Peak Large allocation bytes 0 B
    [ALLOC_GFX_THREAD]
      Requested Block Size 16.0 MB
      Peak Block count 1
      Peak Allocated memory 440 B
      Peak Large allocation bytes 0 B
[ALLOC_CACHEOBJECTS] Dual Thread Allocator
  Peak main deferred allocation count 1223
    [ALLOC_BUCKET]
      Large Block size 32.0 MB
      Used Block count 1
      Peak Allocated bytes 7.6 MB
    [ALLOC_CACHEOBJECTS_MAIN]
      Requested Block Size 4.0 MB
      Peak Block count 3
      Peak Allocated memory 21.9 MB
      Peak Large allocation bytes 10.7 MB
    [ALLOC_CACHEOBJECTS_THREAD]
      Requested Block Size 4.0 MB
      Peak Block count 1
      Peak Allocated memory 2.2 MB
      Peak Large allocation bytes 0 B
[ALLOC_TYPETREE] Dual Thread Allocator
  Peak main deferred allocation count 542
    [ALLOC_BUCKET]
      Large Block size 32.0 MB
      Used Block count 1
      Peak Allocated bytes 7.6 MB
    [ALLOC_TYPETREE_MAIN]
      Requested Block Size 2.0 MB
      Peak Block count 2
      Peak Allocated memory 2.6 MB
      Peak Large allocation bytes 0 B
    [ALLOC_TYPETREE_THREAD]
      Requested Block Size 2.0 MB
      Peak Block count 1
      Peak Allocated memory 58.0 KB
      Peak Large allocation bytes 0 B
[ALLOC_PROFILER]
  Requested Block Size 16.0 MB
  Peak Block count 1
  Peak Allocated memory 429.7 KB
  Peak Large allocation bytes 0 B
    [ALLOC_PROFILER_BUCKET]
      Large Block size 32.0 MB
      Used Block count 1
      Peak Allocated bytes 4.0 KB
[ALLOC_PROFILER_EDITOR]
  Requested Block Size 1.0 MB
  Peak Block count 0
  Peak Allocated memory 0 B
  Peak Large allocation bytes 0 B
    [ALLOC_PROFILER_BUCKET]
      Large Block size 32.0 MB
      Used Block count 1
      Peak Allocated bytes 4.0 KB
##utp:{"type":"MemoryLeaks","version":2,"phase":"Immediate","time":1790139860255,"processId":17024,"allocatedMemory":11107757,"memoryLabels":[{"Default":20695},{"Permanent":15775},{"NewDelete":123726},{"Thread":4229524},{"Manager":36464},{"VertexData":12},{"Geometry":560},{"Texture":832},{"Shader":85968},{"Material":56},{"GfxDevice":57672},{"Animation":296},{"Audio":277806},{"FMODOther":3088},{"FontEngine":312},{"Physics":513},{"Serialization":988},{"Input":14744},{"JobScheduler":36072},{"Mono":40},{"ScriptingNativeRuntime":193640},{"BaseObject":1627436},{"Resource":1456},{"Renderer":2353},{"Transform":32},{"File":22420},{"WebCam":96},{"Culling":40},{"Skinning":16},{"Terrain":1137},{"Wind":24},{"STL":48},{"String":143132},{"DynamicArray":53842},{"HashMap":107324},{"Utility":2850334},{"Curl":1424},{"PoolAlloc":1728},{"AI":104},{"TypeTree":5077},{"ScriptManager":640},{"RuntimeInitializeOnLoadManager":80},{"SpriteAtlas":128},{"GI":2808},{"Director":7960},{"CloudService":57304},{"WebRequest":688},{"VR":46085},{"SceneManager":568},{"Video":72},{"LazyScriptCache":40},{"NativeArray":12},{"Camera":25},{"Secure":193},{"SerializationCache":1584},{"APIUpdating":11872},{"Subsystems":392},{"VirtualTexturing":57896},{"StaticSafetyDebugInfo":327680},{"EditorGui":56},{"EditorUtility":15863},{"VersionControl":4},{"Undo":704},{"AssetDatabase":606108},{"RestService":1414},{"EditorGi":376},{"License":3712},{"UnityConnect":25320},{"Collab":593},{"Upm":2080},{"DrivenProperties":96},{"LocalIPC":288},{"ProfilerEditor":10943},{"CoreBusinessMetrics":3856},{"TLS":3431},{"AssetReference":40},{"IPCStream":40}]}
