[Licensing::Module] Trying to connect to existing licensing client channel...
[Licensing::IpcConnector] Connection attempt to the License Client on channel: "LicenseClient-trlanfeng" failed because channel doesn't exist; code: "0x80000002"
[Licensing::Module] GetFullLicensingClientPath:	 C:/Program Files/Tuanjie/Hub/Editor/2022.3.61t14/Editor/Data/Resources/Licensing/Client/Tuanjie.Licensing.Client.exe
[Licensing::Module] Successfully launched the LicensingClient (PId: 17832)
[Licensing::IpcConnector] Successfully connected to the License Client on channel: "LicenseClient-trlanfeng" at "2026-09-23T05:05:01.138061Z"
[Licensing::Client] Error: Code 0 while verifying Licensing Client signature (process Id: 17832, path: "C:/Program Files/Tuanjie/Hub/Editor/2022.3.61t14/Editor/Data/Resources/Licensing/Client/Tuanjie.Licensing.Client.exe")
[Licensing::Module] Error: LicensingClient has failed validation; ignoring
[Licensing::Client] Successfully send message: {"AuthorizationCheck":"Ewh6pS6hCOU/pw==","messageType":"HandshakeRequest","protocolVersion":"1.12","userAgent":"TuanjieEditor/2022.3.61t14 (Windows; U; Windows NT 10.0; zh)","externalCorrelationId":"7637261265667745527"} at 1790139901
[Licensing::Client] Successfully receive message: {"protocolVersion":"1.12","sessionId":"1b18cb08e23a4366996972ec9fd24803","context":{"DeviceName":"MY-PC","DeviceModel":"MS-7E01 (Micro-Star International Co., Ltd.)","PhysicalMemoryMB":"32477","SystemLanguageISO":"zh","ProcessorCount":"24","ProcessorType":"13th Gen Intel(R) Core(TM) i7-13700","OperatingSystem":"Windows 10  (10.0.26200) 64bit","OperatingSystemNumeric":"1000","Legacy.MachineBinding1":"00330-80000-00000-AA674","Legacy.MachineBinding2":"00000_00_000000_00_00D0DD_D0_00D0DD_D0.0","Legacy.MachineBinding4":"RGVmYXVsdCBzdHJpbmc=","Legacy.MachineBinding5":"04:7c:16:87:4a:e7","EnvironmentUser":"trlanfeng","EnvironmentDomain":"MY-PC","EnvironmentHostname":"MY-PC"},"assemblyProductVersion":"1.14.0+76da6ae","machineId":"+nhstU21CyyHh9yxWJ5fOovY55Q=","correlationId":"92a50b80a410a85cf4f57cdde7ddf297","responseCode":200,"responseStatus":"Handshake successful","messageType":"HandshakeResponse"} at 1790139901
[Licensing::Client] Handshaking with LicensingClient:
  Version:                 1.14.0+76da6ae
  Session Id:              1b18cb08e23a4366996972ec9fd24803
  Correlation Id:          92a50b80a410a85cf4f57cdde7ddf297
  External correlation Id: 7637261265667745527
  Machine Id:              +nhstU21CyyHh9yxWJ5fOovY55Q=
[Licensing::Module] Successfully connected to LicensingClient on channel: "LicenseClient-trlanfeng" (connect: 2.26s, validation: 0.06s, handshake: 0.05s)
[Licensing::IpcConnector] Successfully connected to the License Notification on channel: "LicenseClient-trlanfeng-notifications" at "2026-09-23T05:05:01.2410878Z"
[Licensing::Module] Connected to LicensingClient (PId: 17832, launch time: 0.02, total connection time: 2.37s)
[Licensing::Module] Error: Access token is unavailable; failed to update
[Licensing::Client] Successfully send message: {"AuthorizationCheck":"1Dium/xdA2DFxg==","messageType":"UpdateLicenseRequest","AccessToken":"","OrgId":"","ProjectId":"","forceUpdateLicense":true} at 1790139901
[Licensing::Client] Successfully receive message: {"responseCode":200,"responseStatus":"Licenses updated.","messageType":"UpdateLicenseResponse","authorizationCheck":"1Dium/xdA2DFxva21J6ROWe6/Ijb"} at 1790139904
[Licensing::Client] Attempt to check time stamp (startTime: 1790139901, endTime: 1790139904)
[Licensing::Client] Successfully updated license
Built from 'tuanjie/1.6/staging' branch; Version is '2022.3.61t14 (3a70663b70e0) revision 3829862'; Using compiler version '192829333'; Build Type 'Release'
OS: 'Windows 11  (10.0.26200) 64bit Professional' Language: 'zh' Physical Memory: 32477 MB
[Licensing::Client] Successfully send message: {"AuthorizationCheck":"Yq4zMVFdS1wf6g==","messageType":"EntitlementDetailsRequest","entitlementIds":["com.unity.editor.legacy.pro","com.unity.editor.headless"],"packageEntitlementIds":[],"includeCustomData":false} at 1790139904
[Licensing::Client] Successfully receive message: {"entitlementGroups":[{"entitlementGroupId":"F4-9MP9-ZWAG-QSVY-CHDF-P4PP","entitlementGroupIdHash":"25af702a0ffcfe3cb60897b1e699a94eb8956553","productName":"Unity Personal","productType":"TuanjieEditor","licenseType":"ULF","expiration":1790575503000,"matchedEntitlements":[{"entitlementId":"com.unity.editor.headless","isPackage":false,"count":1}]}],"responseCode":200,"responseStatus":"Found 1 entitlement groups and 0 free entitlements matching requested entitlement ids","messageType":"EntitlementDetailsResponse","authorizationCheck":"Yq4zMVFdS1wf6nPEPXn7J0jmBjLx"} at 1790139904
[Licensing::Client] Attempt to check time stamp (startTime: 1790139904, endTime: 1790139904)
[Licensing::Client] Successfully resolved entitlement details
[Licensing::Module] Serial number assigned to: "F4-9MP9-ZWAG-QSVY-CHDF-XXXX"
BatchMode: 1, IsHumanControllingUs: 0, StartBugReporterOnCrash: 0, Is64bit: 1, IsPro: 0
[Licensing::Client] Successfully send message: {"AuthorizationCheck":"Yq4zMVFdS1wf6g==","messageType":"EntitlementDetailsRequest","entitlementIds":["com.unity.editor.headless","com.unity.editor.ui"],"packageEntitlementIds":[],"includeCustomData":false} at 1790139904
[Licensing::Client] Successfully receive message: {"entitlementGroups":[{"entitlementGroupId":"F4-9MP9-ZWAG-QSVY-CHDF-P4PP","entitlementGroupIdHash":"25af702a0ffcfe3cb60897b1e699a94eb8956553","productName":"Unity Personal","productType":"TuanjieEditor","licenseType":"ULF","expiration":1790575503000,"matchedEntitlements":[{"entitlementId":"com.unity.editor.ui","isPackage":false,"count":1},{"entitlementId":"com.unity.editor.headless","isPackage":false,"count":1}]}],"responseCode":200,"responseStatus":"Found 1 entitlement groups and 0 free entitlements matching requested entitlement ids","messageType":"EntitlementDetailsResponse","authorizationCheck":"Yq4zMVFdS1wf6nPEPXn7J0jmBjLx"} at 1790139904
[Licensing::Client] Attempt to check time stamp (startTime: 1790139904, endTime: 1790139904)
[Licensing::Client] Successfully resolved entitlement details

COMMAND LINE ARGUMENTS:
C:\Program Files\Tuanjie\Hub\Editor\2022.3.61t14\Editor\Tuanjie.exe
-batchmode
-nographics
-projectPath
D:/game/LoveQiE-without2DToolkit
-executeMethod
NativeTilemapMigration.Convert
-quit
-logFile
D:/game/LoveQiE-without2DToolkit/MigrationReports/convert-2.log
Successfully changed project path to: D:/game/LoveQiE-without2DToolkit
D:/game/LoveQiE-without2DToolkit
[Memory] Configuration Parameters - Can be set up in boot.config
    "memorysetup-bucket-allocator-granularity=16"
    "memorysetup-bucket-allocator-bucket-count=8"
    "memorysetup-bucket-allocator-block-size=33554432"
    "memorysetup-bucket-allocator-block-count=8"
    "memorysetup-main-allocator-block-size=16777216"
    "memorysetup-thread-allocator-block-size=16777216"
    "memorysetup-gfx-main-allocator-block-size=16777216"
    "memorysetup-gfx-thread-allocator-block-size=16777216"
    "memorysetup-cache-allocator-block-size=4194304"
    "memorysetup-typetree-allocator-block-size=2097152"
    "memorysetup-profiler-bucket-allocator-granularity=16"
    "memorysetup-profiler-bucket-allocator-bucket-count=8"
    "memorysetup-profiler-bucket-allocator-block-size=33554432"
    "memorysetup-profiler-bucket-allocator-block-count=8"
    "memorysetup-profiler-allocator-block-size=16777216"
    "memorysetup-profiler-editor-allocator-block-size=1048576"
    "memorysetup-temp-allocator-size-main=16777216"
    "memorysetup-job-temp-allocator-block-size=2097152"
    "memorysetup-job-temp-allocator-block-size-background=1048576"
    "memorysetup-job-temp-allocator-reduction-small-platforms=262144"
    "memorysetup-allocator-temp-initial-block-size-main=262144"
    "memorysetup-allocator-temp-initial-block-size-worker=262144"
    "memorysetup-temp-allocator-size-background-worker=32768"
    "memorysetup-temp-allocator-size-job-worker=262144"
    "memorysetup-temp-allocator-size-preload-manager=33554432"
    "memorysetup-temp-allocator-size-nav-mesh-worker=65536"
    "memorysetup-temp-allocator-size-audio-worker=65536"
    "memorysetup-temp-allocator-size-cloud-worker=32768"
    "memorysetup-temp-allocator-size-gi-baking-worker=262144"
    "memorysetup-temp-allocator-size-gfx=262144"
Player connection [43184]  Target information:

Player connection [43184]  * "[IP] 192.168.1.2 [Port] 55504 [Flags] 2 [Guid] 2728736198 [EditorId] 2728736198 [Version] 1048832 [Id] WindowsEditor(7,MY-PC) [Debug] 1 [PackageName] WindowsEditor [ProjectName] Editor" 

Player connection [43184]  * "[IP] 192.168.115.1 [Port] 55504 [Flags] 2 [Guid] 2728736198 [EditorId] 2728736198 [Version] 1048832 [Id] WindowsEditor(7,MY-PC) [Debug] 1 [PackageName] WindowsEditor [ProjectName] Editor" 

Player connection [43184]  * "[IP] 192.168.80.1 [Port] 55504 [Flags] 2 [Guid] 2728736198 [EditorId] 2728736198 [Version] 1048832 [Id] WindowsEditor(7,MY-PC) [Debug] 1 [PackageName] WindowsEditor [ProjectName] Editor" 

Player connection [43184] Host joined multi-casting on [225.0.0.222:54997]...
Player connection [43184] Host joined alternative multi-casting on [225.0.0.222:34997]...
Input System module state changed to: Initialized.
AS: AutoStreaming module initializing.
Begin write certificate to file.
Write certificate complete, return 1.
StartServer, cert is C:/Users/trlanfeng/AppData/Roaming/Tuanjie/35628-rest-certificate.pem
Start HTTP server port 38000, HTTPS server port 38443.
[Package Manager] UpmClient::Connect -- Connected to IPC stream "Upm-35628" after 0.2 seconds.
[Licensing::Client] Successfully send message: {"AuthorizationCheck":"Yq4zMVFdS1wf6g==","messageType":"EntitlementDetailsRequest","entitlementIds":["com.unity.editor.last.activation.date","com.unity.editor.headless"],"packageEntitlementIds":[],"includeCustomData":false} at 1790139904
[Licensing::Client] Successfully receive message: {"entitlementGroups":[{"entitlementGroupId":"F4-9MP9-ZWAG-QSVY-CHDF-P4PP","entitlementGroupIdHash":"25af702a0ffcfe3cb60897b1e699a94eb8956553","productName":"Unity Personal","productType":"TuanjieEditor","licenseType":"ULF","expiration":1790575503000,"matchedEntitlements":[{"entitlementId":"com.unity.editor.headless","isPackage":false,"count":1},{"entitlementId":"com.unity.editor.last.activation.date","isPackage":false,"count":1}]}],"responseCode":200,"responseStatus":"Found 1 entitlement groups and 0 free entitlements matching requested entitlement ids","messageType":"EntitlementDetailsResponse","authorizationCheck":"Yq4zMVFdS1wf6nPEPXn7J0jmBjLx"} at 1790139904
[Licensing::Client] Attempt to check time stamp (startTime: 1790139904, endTime: 1790139904)
[Licensing::Client] Successfully resolved entitlement details
[Licensing::Client] Successfully send message: {"AuthorizationCheck":"Yq4zMVFdS1wf6g==","messageType":"EntitlementDetailsRequest","entitlementIds":["com.unity.editor.disable-splash-screen","com.unity.editor.headless"],"packageEntitlementIds":[],"includeCustomData":false} at 1790139904
[Licensing::Client] Successfully receive message: {"entitlementGroups":[{"entitlementGroupId":"F4-9MP9-ZWAG-QSVY-CHDF-P4PP","entitlementGroupIdHash":"25af702a0ffcfe3cb60897b1e699a94eb8956553","productName":"Unity Personal","productType":"TuanjieEditor","licenseType":"ULF","expiration":1790575503000,"matchedEntitlements":[{"entitlementId":"com.unity.editor.headless","isPackage":false,"count":1}]}],"responseCode":200,"responseStatus":"Found 1 entitlement groups and 0 free entitlements matching requested entitlement ids","messageType":"EntitlementDetailsResponse","authorizationCheck":"Yq4zMVFdS1wf6nPEPXn7J0jmBjLx"} at 1790139904
[Licensing::Client] Attempt to check time stamp (startTime: 1790139904, endTime: 1790139904)
[Licensing::Client] Successfully resolved entitlement details
[Licensing::Client] Successfully send message: {"AuthorizationCheck":"Yq4zMVFdS1wf6g==","messageType":"EntitlementDetailsRequest","entitlementIds":["com.unity.editor.allow-mix-usage","com.unity.editor.headless"],"packageEntitlementIds":[],"includeCustomData":false} at 1790139904
[Licensing::Client] Successfully receive message: {"entitlementGroups":[{"entitlementGroupId":"F4-9MP9-ZWAG-QSVY-CHDF-P4PP","entitlementGroupIdHash":"25af702a0ffcfe3cb60897b1e699a94eb8956553","productName":"Unity Personal","productType":"TuanjieEditor","licenseType":"ULF","expiration":1790575503000,"matchedEntitlements":[{"entitlementId":"com.unity.editor.headless","isPackage":false,"count":1}]}],"responseCode":200,"responseStatus":"Found 1 entitlement groups and 0 free entitlements matching requested entitlement ids","messageType":"EntitlementDetailsResponse","authorizationCheck":"Yq4zMVFdS1wf6nPEPXn7J0jmBjLx"} at 1790139904
[Licensing::Client] Attempt to check time stamp (startTime: 1790139904, endTime: 1790139904)
[Licensing::Client] Successfully resolved entitlement details
[Package Manager] Restoring resolved packages state from cache
[Licensing::Client] Successfully send message: {"AuthorizationCheck":"Yq4zMVFdS1wf6g==","messageType":"EntitlementDetailsRequest","entitlementIds":[],"packageEntitlementIds":["com.unity.modules.ai","com.unity.modules.androidjni","com.unity.modules.animation","com.unity.modules.assetbundle","com.unity.modules.audio","com.unity.modules.cloth","com.unity.modules.director","com.unity.modules.imageconversion","com.unity.modules.imgui","com.unity.modules.infinity","com.unity.modules.jsonserialize","com.unity.modules.particlesystem","com.unity.modules.physics","com.unity.modules.physics2d","com.unity.modules.screencapture","com.unity.modules.terrain","com.unity.modules.terrainphysics","com.unity.modules.tilemap","com.unity.modules.ui","com.unity.modules.uielements","com.unity.modules.unityanalytics","com.unity.modules.unitywebrequest","com.unity.modules.unitywebrequestassetbundle","com.unity.modules.unitywebrequestaudio","com.unity.modules.unitywebrequesttexture","com.unity.modules.unitywebrequestwww","com.unity.modules.vehicles","com.unity.modules.video","com.unity.modules.vr","com.unity.modules.wind","com.unity.modules.xr","com.unity.modules.subsystems"],"includeCustomData":false} at 1790139904
[Licensing::Client] Successfully receive message: {"freeEntitlementIds":["com.unity.modules.ai","com.unity.modules.androidjni","com.unity.modules.animation","com.unity.modules.assetbundle","com.unity.modules.audio","com.unity.modules.cloth","com.unity.modules.director","com.unity.modules.imageconversion","com.unity.modules.imgui","com.unity.modules.infinity","com.unity.modules.jsonserialize","com.unity.modules.particlesystem","com.unity.modules.physics","com.unity.modules.physics2d","com.unity.modules.screencapture","com.unity.modules.terrain","com.unity.modules.terrainphysics","com.unity.modules.tilemap","com.unity.modules.ui","com.unity.modules.uielements","com.unity.modules.unityanalytics","com.unity.modules.unitywebrequest","com.unity.modules.unitywebrequestassetbundle","com.unity.modules.unitywebrequestaudio","com.unity.modules.unitywebrequesttexture","com.unity.modules.unitywebrequestwww","com.unity.modules.vehicles","com.unity.modules.video","com.unity.modules.vr","com.unity.modules.wind","com.unity.modules.xr","com.unity.modules.subsystems"],"responseCode":200,"responseStatus":"Found 0 entitlement groups and 32 free entitlements matching requested entitlement ids","messageType":"EntitlementDetailsResponse","authorizationCheck":"Yq4zMVFdS1wf6nPEPXn7J0jmBjLx"} at 1790139904
[Licensing::Client] Attempt to check time stamp (startTime: 1790139904, endTime: 1790139904)
[Licensing::Client] Successfully resolved entitlement details
[Package Manager] Registered 32 packages:
  Built-in packages:
    com.unity.modules.ai@1.0.0 (location: D:\game\LoveQiE-without2DToolkit\Library\PackageCache\com.unity.modules.ai@1.0.0)
    com.unity.modules.androidjni@1.0.0 (location: D:\game\LoveQiE-without2DToolkit\Library\PackageCache\com.unity.modules.androidjni@1.0.0)
    com.unity.modules.animation@1.0.0 (location: D:\game\LoveQiE-without2DToolkit\Library\PackageCache\com.unity.modules.animation@1.0.0)
    com.unity.modules.assetbundle@1.0.0 (location: D:\game\LoveQiE-without2DToolkit\Library\PackageCache\com.unity.modules.assetbundle@1.0.0)
    com.unity.modules.audio@1.0.0 (location: D:\game\LoveQiE-without2DToolkit\Library\PackageCache\com.unity.modules.audio@1.0.0)
    com.unity.modules.cloth@1.0.0 (location: D:\game\LoveQiE-without2DToolkit\Library\PackageCache\com.unity.modules.cloth@1.0.0)
    com.unity.modules.director@1.0.0 (location: D:\game\LoveQiE-without2DToolkit\Library\PackageCache\com.unity.modules.director@1.0.0)
    com.unity.modules.imageconversion@1.0.0 (location: D:\game\LoveQiE-without2DToolkit\Library\PackageCache\com.unity.modules.imageconversion@1.0.0)
    com.unity.modules.imgui@1.0.0 (location: D:\game\LoveQiE-without2DToolkit\Library\PackageCache\com.unity.modules.imgui@1.0.0)
    com.unity.modules.infinity@1.0.0 (location: D:\game\LoveQiE-without2DToolkit\Library\PackageCache\com.unity.modules.infinity@1.0.0)
    com.unity.modules.jsonserialize@1.0.0 (location: D:\game\LoveQiE-without2DToolkit\Library\PackageCache\com.unity.modules.jsonserialize@1.0.0)
    com.unity.modules.particlesystem@1.0.0 (location: D:\game\LoveQiE-without2DToolkit\Library\PackageCache\com.unity.modules.particlesystem@1.0.0)
    com.unity.modules.physics@1.0.0 (location: D:\game\LoveQiE-without2DToolkit\Library\PackageCache\com.unity.modules.physics@1.0.0)
    com.unity.modules.physics2d@1.0.0 (location: D:\game\LoveQiE-without2DToolkit\Library\PackageCache\com.unity.modules.physics2d@1.0.0)
    com.unity.modules.screencapture@1.0.0 (location: D:\game\LoveQiE-without2DToolkit\Library\PackageCache\com.unity.modules.screencapture@1.0.0)
    com.unity.modules.terrain@1.0.0 (location: D:\game\LoveQiE-without2DToolkit\Library\PackageCache\com.unity.modules.terrain@1.0.0)
    com.unity.modules.terrainphysics@1.0.0 (location: D:\game\LoveQiE-without2DToolkit\Library\PackageCache\com.unity.modules.terrainphysics@1.0.0)
    com.unity.modules.tilemap@1.0.0 (location: D:\game\LoveQiE-without2DToolkit\Library\PackageCache\com.unity.modules.tilemap@1.0.0)
    com.unity.modules.ui@1.0.0 (location: D:\game\LoveQiE-without2DToolkit\Library\PackageCache\com.unity.modules.ui@1.0.0)
    com.unity.modules.uielements@1.0.0 (location: D:\game\LoveQiE-without2DToolkit\Library\PackageCache\com.unity.modules.uielements@1.0.0)
    com.unity.modules.unityanalytics@1.0.0 (location: D:\game\LoveQiE-without2DToolkit\Library\PackageCache\com.unity.modules.unityanalytics@1.0.0)
    com.unity.modules.unitywebrequest@1.0.0 (location: D:\game\LoveQiE-without2DToolkit\Library\PackageCache\com.unity.modules.unitywebrequest@1.0.0)
    com.unity.modules.unitywebrequestassetbundle@1.0.0 (location: D:\game\LoveQiE-without2DToolkit\Library\PackageCache\com.unity.modules.unitywebrequestassetbundle@1.0.0)
    com.unity.modules.unitywebrequestaudio@1.0.0 (location: D:\game\LoveQiE-without2DToolkit\Library\PackageCache\com.unity.modules.unitywebrequestaudio@1.0.0)
    com.unity.modules.unitywebrequesttexture@1.0.0 (location: D:\game\LoveQiE-without2DToolkit\Library\PackageCache\com.unity.modules.unitywebrequesttexture@1.0.0)
    com.unity.modules.unitywebrequestwww@1.0.0 (location: D:\game\LoveQiE-without2DToolkit\Library\PackageCache\com.unity.modules.unitywebrequestwww@1.0.0)
    com.unity.modules.vehicles@1.0.0 (location: D:\game\LoveQiE-without2DToolkit\Library\PackageCache\com.unity.modules.vehicles@1.0.0)
    com.unity.modules.video@1.0.0 (location: D:\game\LoveQiE-without2DToolkit\Library\PackageCache\com.unity.modules.video@1.0.0)
    com.unity.modules.vr@1.0.0 (location: D:\game\LoveQiE-without2DToolkit\Library\PackageCache\com.unity.modules.vr@1.0.0)
    com.unity.modules.wind@1.0.0 (location: D:\game\LoveQiE-without2DToolkit\Library\PackageCache\com.unity.modules.wind@1.0.0)
    com.unity.modules.xr@1.0.0 (location: D:\game\LoveQiE-without2DToolkit\Library\PackageCache\com.unity.modules.xr@1.0.0)
    com.unity.modules.subsystems@1.0.0 (location: D:\game\LoveQiE-without2DToolkit\Library\PackageCache\com.unity.modules.subsystems@1.0.0)
[Subsystems] No new subsystems found in resolved package list.
Package Manager log level set to [2]
[Package Manager] Done registering packages in 0.09 seconds
[Package Manager] Done resolving packages in 0.38 seconds
[Package Manager] Registered 32 packages:
  Built-in packages:
    com.unity.modules.ai@1.0.0 (location: D:\game\LoveQiE-without2DToolkit\Library\PackageCache\com.unity.modules.ai@1.0.0)
    com.unity.modules.androidjni@1.0.0 (location: D:\game\LoveQiE-without2DToolkit\Library\PackageCache\com.unity.modules.androidjni@1.0.0)
    com.unity.modules.animation@1.0.0 (location: D:\game\LoveQiE-without2DToolkit\Library\PackageCache\com.unity.modules.animation@1.0.0)
    com.unity.modules.assetbundle@1.0.0 (location: D:\game\LoveQiE-without2DToolkit\Library\PackageCache\com.unity.modules.assetbundle@1.0.0)
    com.unity.modules.audio@1.0.0 (location: D:\game\LoveQiE-without2DToolkit\Library\PackageCache\com.unity.modules.audio@1.0.0)
    com.unity.modules.cloth@1.0.0 (location: D:\game\LoveQiE-without2DToolkit\Library\PackageCache\com.unity.modules.cloth@1.0.0)
    com.unity.modules.director@1.0.0 (location: D:\game\LoveQiE-without2DToolkit\Library\PackageCache\com.unity.modules.director@1.0.0)
    com.unity.modules.imageconversion@1.0.0 (location: D:\game\LoveQiE-without2DToolkit\Library\PackageCache\com.unity.modules.imageconversion@1.0.0)
    com.unity.modules.imgui@1.0.0 (location: D:\game\LoveQiE-without2DToolkit\Library\PackageCache\com.unity.modules.imgui@1.0.0)
    com.unity.modules.infinity@1.0.0 (location: D:\game\LoveQiE-without2DToolkit\Library\PackageCache\com.unity.modules.infinity@1.0.0)
    com.unity.modules.jsonserialize@1.0.0 (location: D:\game\LoveQiE-without2DToolkit\Library\PackageCache\com.unity.modules.jsonserialize@1.0.0)
    com.unity.modules.particlesystem@1.0.0 (location: D:\game\LoveQiE-without2DToolkit\Library\PackageCache\com.unity.modules.particlesystem@1.0.0)
    com.unity.modules.physics@1.0.0 (location: D:\game\LoveQiE-without2DToolkit\Library\PackageCache\com.unity.modules.physics@1.0.0)
    com.unity.modules.physics2d@1.0.0 (location: D:\game\LoveQiE-without2DToolkit\Library\PackageCache\com.unity.modules.physics2d@1.0.0)
    com.unity.modules.screencapture@1.0.0 (location: D:\game\LoveQiE-without2DToolkit\Library\PackageCache\com.unity.modules.screencapture@1.0.0)
    com.unity.modules.terrain@1.0.0 (location: D:\game\LoveQiE-without2DToolkit\Library\PackageCache\com.unity.modules.terrain@1.0.0)
    com.unity.modules.terrainphysics@1.0.0 (location: D:\game\LoveQiE-without2DToolkit\Library\PackageCache\com.unity.modules.terrainphysics@1.0.0)
    com.unity.modules.tilemap@1.0.0 (location: D:\game\LoveQiE-without2DToolkit\Library\PackageCache\com.unity.modules.tilemap@1.0.0)
    com.unity.modules.ui@1.0.0 (location: D:\game\LoveQiE-without2DToolkit\Library\PackageCache\com.unity.modules.ui@1.0.0)
    com.unity.modules.uielements@1.0.0 (location: D:\game\LoveQiE-without2DToolkit\Library\PackageCache\com.unity.modules.uielements@1.0.0)
    com.unity.modules.unityanalytics@1.0.0 (location: D:\game\LoveQiE-without2DToolkit\Library\PackageCache\com.unity.modules.unityanalytics@1.0.0)
    com.unity.modules.unitywebrequest@1.0.0 (location: D:\game\LoveQiE-without2DToolkit\Library\PackageCache\com.unity.modules.unitywebrequest@1.0.0)
    com.unity.modules.unitywebrequestassetbundle@1.0.0 (location: D:\game\LoveQiE-without2DToolkit\Library\PackageCache\com.unity.modules.unitywebrequestassetbundle@1.0.0)
    com.unity.modules.unitywebrequestaudio@1.0.0 (location: D:\game\LoveQiE-without2DToolkit\Library\PackageCache\com.unity.modules.unitywebrequestaudio@1.0.0)
    com.unity.modules.unitywebrequesttexture@1.0.0 (location: D:\game\LoveQiE-without2DToolkit\Library\PackageCache\com.unity.modules.unitywebrequesttexture@1.0.0)
    com.unity.modules.unitywebrequestwww@1.0.0 (location: D:\game\LoveQiE-without2DToolkit\Library\PackageCache\com.unity.modules.unitywebrequestwww@1.0.0)
    com.unity.modules.vehicles@1.0.0 (location: D:\game\LoveQiE-without2DToolkit\Library\PackageCache\com.unity.modules.vehicles@1.0.0)
    com.unity.modules.video@1.0.0 (location: D:\game\LoveQiE-without2DToolkit\Library\PackageCache\com.unity.modules.video@1.0.0)
    com.unity.modules.vr@1.0.0 (location: D:\game\LoveQiE-without2DToolkit\Library\PackageCache\com.unity.modules.vr@1.0.0)
    com.unity.modules.wind@1.0.0 (location: D:\game\LoveQiE-without2DToolkit\Library\PackageCache\com.unity.modules.wind@1.0.0)
    com.unity.modules.xr@1.0.0 (location: D:\game\LoveQiE-without2DToolkit\Library\PackageCache\com.unity.modules.xr@1.0.0)
    com.unity.modules.subsystems@1.0.0 (location: D:\game\LoveQiE-without2DToolkit\Library\PackageCache\com.unity.modules.subsystems@1.0.0)
[Subsystems] No new subsystems found in resolved package list.
[Package Manager] Done registering packages in 0.00 seconds
Artifact Garbage Collection - Removed 303 unused hashed content files
Refreshing native plugins compatible for Editor in 0.00 ms, found 0 plugins.
Preloading 0 native plugins for Editor in 0.00 ms.
Initialize engine version: 2022.3.61t14 (3a70663b70e0)
[Subsystems] Discovering subsystems at path C:/Program Files/Tuanjie/Hub/Editor/2022.3.61t14/Editor/Data/Resources/UnitySubsystems
[Subsystems] Discovering subsystems at path D:/game/LoveQiE-without2DToolkit/Assets
Forcing GfxDevice: Null
GfxDevice: creating device client; threaded=0; jobified=0
NullGfxDevice:
    Version:  NULL 1.0 [1.0]
    Renderer: Null Device
    Vendor:   Unity Technologies
[Licensing::Client] Successfully send message: {"AuthorizationCheck":"Yq4zMVFdS1wf6w==","messageType":"EntitlementDetailsRequest","entitlementIds":["com.unity.editor.cluster","com.unity.editor.headless"],"packageEntitlementIds":[],"includeCustomData":false} at 1790139905
[Licensing::Client] Successfully receive message: {"entitlementGroups":[{"entitlementGroupId":"F4-9MP9-ZWAG-QSVY-CHDF-P4PP","entitlementGroupIdHash":"25af702a0ffcfe3cb60897b1e699a94eb8956553","productName":"Unity Personal","productType":"TuanjieEditor","licenseType":"ULF","expiration":1790575503000,"matchedEntitlements":[{"entitlementId":"com.unity.editor.headless","isPackage":false,"count":1}]}],"responseCode":200,"responseStatus":"Found 1 entitlement groups and 0 free entitlements matching requested entitlement ids","messageType":"EntitlementDetailsResponse","authorizationCheck":"Yq4zMVFdS1wf63PEPXn7J1kZ6jam"} at 1790139905
[Licensing::Client] Attempt to check time stamp (startTime: 1790139905, endTime: 1790139905)
[Licensing::Client] Successfully resolved entitlement details
Initialize mono
Mono path[0] = 'C:/Program Files/Tuanjie/Hub/Editor/2022.3.61t14/Editor/Data/Managed'
Mono path[1] = 'C:/Program Files/Tuanjie/Hub/Editor/2022.3.61t14/Editor/Data/MonoBleedingEdge/lib/mono/unityjit-win32'
Mono config path = 'C:/Program Files/Tuanjie/Hub/Editor/2022.3.61t14/Editor/Data/MonoBleedingEdge/etc'
Using monoOptions --debugger-agent=transport=dt_socket,embedding=1,server=y,suspend=n,address=0.0.0.0:56628
Using cacheserver namespaces - metadata:defaultmetadata, artifacts:defaultartifacts
Using cacheserver namespaces - metadata:defaultmetadata, artifacts:defaultartifacts
ImportWorker Server TCP listen port: 0
Begin MonoManager ReloadAssembly
Registering precompiled tuanjie dll's ...
Register platform support module: C:/Program Files/Tuanjie/Hub/Editor/2022.3.61t14/Editor/Data/PlaybackEngines/WindowsStandaloneSupport/UnityEditor.WindowsStandalone.Extensions.dll
Registered in 0.008860 seconds.
- Loaded All Assemblies, in  0.252 seconds
Native extension for WindowsStandalone target not found
[Licensing::Client] Successfully send message: {"AuthorizationCheck":"Yq4zMVFdS1wf6w==","messageType":"EntitlementDetailsRequest","entitlementIds":["com.unity.editor.minigame.subplatform.wechat","com.unity.editor.headless"],"packageEntitlementIds":[],"includeCustomData":false} at 1790139905
[Licensing::Client] Successfully receive message: {"entitlementGroups":[{"entitlementGroupId":"F4-9MP9-ZWAG-QSVY-CHDF-P4PP","entitlementGroupIdHash":"25af702a0ffcfe3cb60897b1e699a94eb8956553","productName":"Unity Personal","productType":"TuanjieEditor","licenseType":"ULF","expiration":1790575503000,"matchedEntitlements":[{"entitlementId":"com.unity.editor.headless","isPackage":false,"count":1},{"entitlementId":"com.unity.editor.minigame.subplatform.wechat","isPackage":false,"count":1}]}],"responseCode":200,"responseStatus":"Found 1 entitlement groups and 0 free entitlements matching requested entitlement ids","messageType":"EntitlementDetailsResponse","authorizationCheck":"Yq4zMVFdS1wf63PEPXn7J1kZ6jam"} at 1790139905
[Licensing::Client] Attempt to check time stamp (startTime: 1790139905, endTime: 1790139905)
[Licensing::Client] Successfully resolved entitlement details
[Licensing::Client] Successfully send message: {"AuthorizationCheck":"Yq4zMVFdS1wf6w==","messageType":"EntitlementDetailsRequest","entitlementIds":["com.unity.editor.minigame.subplatform.douyin","com.unity.editor.headless"],"packageEntitlementIds":[],"includeCustomData":false} at 1790139905
[Licensing::Client] Successfully receive message: {"entitlementGroups":[{"entitlementGroupId":"F4-9MP9-ZWAG-QSVY-CHDF-P4PP","entitlementGroupIdHash":"25af702a0ffcfe3cb60897b1e699a94eb8956553","productName":"Unity Personal","productType":"TuanjieEditor","licenseType":"ULF","expiration":1790575503000,"matchedEntitlements":[{"entitlementId":"com.unity.editor.headless","isPackage":false,"count":1},{"entitlementId":"com.unity.editor.minigame.subplatform.douyin","isPackage":false,"count":1}]}],"responseCode":200,"responseStatus":"Found 1 entitlement groups and 0 free entitlements matching requested entitlement ids","messageType":"EntitlementDetailsResponse","authorizationCheck":"Yq4zMVFdS1wf63PEPXn7J1kZ6jam"} at 1790139905
[Licensing::Client] Attempt to check time stamp (startTime: 1790139905, endTime: 1790139905)
[Licensing::Client] Successfully resolved entitlement details
[Licensing::Client] Successfully send message: {"AuthorizationCheck":"Yq4zMVFdS1wf6w==","messageType":"EntitlementDetailsRequest","entitlementIds":["com.unity.editor.minigame.subplatform.kuaishou","com.unity.editor.headless"],"packageEntitlementIds":[],"includeCustomData":false} at 1790139905
[Licensing::Client] Successfully receive message: {"entitlementGroups":[{"entitlementGroupId":"F4-9MP9-ZWAG-QSVY-CHDF-P4PP","entitlementGroupIdHash":"25af702a0ffcfe3cb60897b1e699a94eb8956553","productName":"Unity Personal","productType":"TuanjieEditor","licenseType":"ULF","expiration":1790575503000,"matchedEntitlements":[{"entitlementId":"com.unity.editor.headless","isPackage":false,"count":1},{"entitlementId":"com.unity.editor.minigame.subplatform.kuaishou","isPackage":false,"count":1}]}],"responseCode":200,"responseStatus":"Found 1 entitlement groups and 0 free entitlements matching requested entitlement ids","messageType":"EntitlementDetailsResponse","authorizationCheck":"Yq4zMVFdS1wf63PEPXn7J1kZ6jam"} at 1790139905
[Licensing::Client] Attempt to check time stamp (startTime: 1790139905, endTime: 1790139905)
[Licensing::Client] Successfully resolved entitlement details
[Licensing::Client] Successfully send message: {"AuthorizationCheck":"Yq4zMVFdS1wf6w==","messageType":"EntitlementDetailsRequest","entitlementIds":["com.unity.editor.minigame.subplatform.minihost","com.unity.editor.headless"],"packageEntitlementIds":[],"includeCustomData":false} at 1790139905
[Licensing::Client] Successfully receive message: {"entitlementGroups":[{"entitlementGroupId":"F4-9MP9-ZWAG-QSVY-CHDF-P4PP","entitlementGroupIdHash":"25af702a0ffcfe3cb60897b1e699a94eb8956553","productName":"Unity Personal","productType":"TuanjieEditor","licenseType":"ULF","expiration":1790575503000,"matchedEntitlements":[{"entitlementId":"com.unity.editor.headless","isPackage":false,"count":1},{"entitlementId":"com.unity.editor.minigame.subplatform.minihost","isPackage":false,"count":1}]}],"responseCode":200,"responseStatus":"Found 1 entitlement groups and 0 free entitlements matching requested entitlement ids","messageType":"EntitlementDetailsResponse","authorizationCheck":"Yq4zMVFdS1wf63PEPXn7J1kZ6jam"} at 1790139905
[Licensing::Client] Attempt to check time stamp (startTime: 1790139905, endTime: 1790139905)
[Licensing::Client] Successfully resolved entitlement details
Mono: successfully reloaded assembly
- Finished resetting the current domain, in  0.245 seconds
Domain Reload Profiling: 496ms
	BeginReloadAssembly (79ms)
		ExecutionOrderSort (0ms)
		DisableScriptedObjects (0ms)
		BackupInstance (0ms)
		ReleaseScriptingObjects (0ms)
		CreateAndSetChildDomain (1ms)
	RebuildCommonClasses (22ms)
	RebuildNativeTypeToScriptingClass (7ms)
	initialDomainReloadingComplete (46ms)
	LoadAllAssembliesAndSetupDomain (97ms)
		LoadAssemblies (76ms)
		RebuildTransferFunctionScriptingTraits (0ms)
		AnalyzeDomain (95ms)
			TypeCache.Refresh (94ms)
				TypeCache.ScanAssembly (85ms)
			ScanForSourceGeneratedMonoScriptInfo (0ms)
			ResolveRequiredComponents (0ms)
	FinalizeReload (245ms)
		ReleaseScriptCaches (0ms)
		RebuildScriptCaches (0ms)
		SetupLoadedEditorAssemblies (214ms)
			LogAssemblyErrors (0ms)
			InitializePlatformSupportModulesInManaged (7ms)
			SetLoadedEditorAssemblies (5ms)
			RefreshPlugins (0ms)
			BeforeProcessingInitializeOnLoad (1ms)
			ProcessInitializeOnLoadAttributes (187ms)
			ProcessInitializeOnLoadMethodAttributes (14ms)
			AfterProcessingInitializeOnLoad (0ms)
			EditorAssembliesLoaded (0ms)
		ExecutionOrderSort2 (0ms)
		AwakeInstancesAfterBackupRestoration (0ms)
[Licensing::Client] Successfully send message: {"AuthorizationCheck":"Yq4zMVFdS1wf6A==","messageType":"EntitlementDetailsRequest","entitlementIds":["com.unity.editor.legacy.pro","com.unity.editor.watermarks.disable","com.unity.editor.watermarks.prototyping","com.unity.editor.watermarks.edu","com.unity.editor.watermarks.trial","com.unity.editor.time-limited-license","com.unity.editor.cluster","com.unity.editor.unity.compliant","com.unity.editor.watermarks.forcedisable","com.unity.editor.open-harmony.analytics.disabled","com.unity.editor.mini-game.analytics.disabled","com.unity.editor.unity.expiration.2d","com.unity.editor.unity.expiration.7d","com.unity.editor.headless"],"packageEntitlementIds":[],"includeCustomData":false} at 1790139906
[Licensing::Client] Successfully receive message: {"entitlementGroups":[{"entitlementGroupId":"F4-9MP9-ZWAG-QSVY-CHDF-P4PP","entitlementGroupIdHash":"25af702a0ffcfe3cb60897b1e699a94eb8956553","productName":"Unity Personal","productType":"TuanjieEditor","licenseType":"ULF","expiration":1790575503000,"matchedEntitlements":[{"entitlementId":"com.unity.editor.headless","isPackage":false,"count":1},{"entitlementId":"com.unity.editor.unity.expiration.2d","isPackage":false,"count":1},{"entitlementId":"com.unity.editor.watermarks.forcedisable","isPackage":false,"count":1},{"entitlementId":"com.unity.editor.unity.compliant","isPackage":false,"count":1},{"entitlementId":"com.unity.editor.mini-game.analytics.disabled","isPackage":false,"count":1},{"entitlementId":"com.unity.editor.time-limited-license","isPackage":false,"count":1}]}],"responseCode":200,"responseStatus":"Found 1 entitlement groups and 0 free entitlements matching requested entitlement ids","messageType":"EntitlementDetailsResponse","authorizationCheck":"Yq4zMVFdS1wf6HPEPXn7J/WABipe"} at 1790139906
[Licensing::Client] Attempt to check time stamp (startTime: 1790139906, endTime: 1790139906)
[Licensing::Client] Successfully resolved entitlement details
Application.AssetDatabase Initial Refresh Start
[Licensing::Client] Successfully send message: {"AuthorizationCheck":"Yq4zMVFdS1wf6A==","messageType":"EntitlementDetailsRequest","entitlementIds":["com.unity.editor.guid.encryption","com.unity.editor.headless"],"packageEntitlementIds":[],"includeCustomData":false} at 1790139906
[Licensing::Client] Successfully receive message: {"entitlementGroups":[{"entitlementGroupId":"F4-9MP9-ZWAG-QSVY-CHDF-P4PP","entitlementGroupIdHash":"25af702a0ffcfe3cb60897b1e699a94eb8956553","productName":"Unity Personal","productType":"TuanjieEditor","licenseType":"ULF","expiration":1790575503000,"matchedEntitlements":[{"entitlementId":"com.unity.editor.headless","isPackage":false,"count":1},{"entitlementId":"com.unity.editor.guid.encryption","isPackage":false,"count":1}]}],"responseCode":200,"responseStatus":"Found 1 entitlement groups and 0 free entitlements matching requested entitlement ids","messageType":"EntitlementDetailsResponse","authorizationCheck":"Yq4zMVFdS1wf6HPEPXn7J/WABipe"} at 1790139906
[Licensing::Client] Attempt to check time stamp (startTime: 1790139906, endTime: 1790139906)
[Licensing::Client] Successfully resolved entitlement details
[ScriptCompilation] Requested script compilation because: Assetdatabase observed changes in script compilation related files
Starting: C:\Program Files\Tuanjie\Hub\Editor\2022.3.61t14\Editor\Data\bee_backend.exe --dont-print-to-structured-log --ipc --defer-dag-verification --dagfile="Library/Bee/1900b0aE.dag" --continue-on-failure --profile="Library/Bee/backend1.traceevents" ScriptAssemblies
WorkingDir: D:/game/LoveQiE-without2DToolkit
DisplayProgressbar: Compiling Scripts
ExitCode: 0 Duration: 0s787ms
[107/110    0s] Csc Library/Bee/artifacts/1900b0aE.dag/Assembly-CSharp-Editor.dll (+2 others)
[108/110    0s] CopyFiles Library/ScriptAssemblies/Assembly-CSharp-Editor.dll
[109/110    0s] CopyFiles Library/ScriptAssemblies/Assembly-CSharp-Editor.pdb
*** Tundra build success (0.76 seconds), 3 items updated, 110 evaluated
AssetDatabase: script compilation time: 1.103492s
Begin MonoManager ReloadAssembly
- Loaded All Assemblies, in  0.158 seconds
Refreshing native plugins compatible for Editor in 0.00 ms, found 0 plugins.
Preloading 0 native plugins for Editor in 0.00 ms.
Start importing Assets/Editor/NativeTilemapMigration/NativeTilemapMigration.cs using Guid(dee8ddf75280bd647bab5a33f92419ff) Importer(Primary)  -> (artifact id: 'b178578997ebc09defdc2175ed1fb246') in 0.010373 seconds
Refreshing native plugins compatible for Editor in 0.00 ms, found 0 plugins.
Native extension for WindowsStandalone target not found
Mono: successfully reloaded assembly
- Finished resetting the current domain, in  0.193 seconds
Domain Reload Profiling: 350ms
	BeginReloadAssembly (105ms)
		ExecutionOrderSort (0ms)
		DisableScriptedObjects (3ms)
		BackupInstance (0ms)
		ReleaseScriptingObjects (0ms)
		CreateAndSetChildDomain (15ms)
	RebuildCommonClasses (21ms)
	RebuildNativeTypeToScriptingClass (7ms)
	initialDomainReloadingComplete (17ms)
	LoadAllAssembliesAndSetupDomain (7ms)
		LoadAssemblies (62ms)
		RebuildTransferFunctionScriptingTraits (0ms)
		AnalyzeDomain (5ms)
			TypeCache.Refresh (4ms)
				TypeCache.ScanAssembly (0ms)
			ScanForSourceGeneratedMonoScriptInfo (0ms)
			ResolveRequiredComponents (0ms)
	FinalizeReload (193ms)
		ReleaseScriptCaches (0ms)
		RebuildScriptCaches (0ms)
		SetupLoadedEditorAssemblies (128ms)
			LogAssemblyErrors (0ms)
			InitializePlatformSupportModulesInManaged (4ms)
			SetLoadedEditorAssemblies (4ms)
			RefreshPlugins (0ms)
			BeforeProcessingInitializeOnLoad (19ms)
			ProcessInitializeOnLoadAttributes (86ms)
			ProcessInitializeOnLoadMethodAttributes (6ms)
			AfterProcessingInitializeOnLoad (8ms)
			EditorAssembliesLoaded (0ms)
		ExecutionOrderSort2 (0ms)
		AwakeInstancesAfterBackupRestoration (6ms)
Start importing Assets/Resources/Maps/solutions.json using Guid(8208fb159cb9e1740b2ee0cd8ade66ba) Importer(Primary)  -> (artifact id: '810ba1594e7019e89d4f5c231690e564') in 0.007543 seconds
Refreshing native plugins compatible for Editor in 0.00 ms, found 0 plugins.
Preloading 0 native plugins for Editor in 0.00 ms.
Asset Pipeline Refresh (id=4ec63252e001e7b42a20f830485b431a): Total: 1.623 seconds - Initiated by InitialRefreshV2(ForceSynchronousImport)
	Summary:
		Imports: total=12 (actual=2, local cache=10, cache server=0)
		Asset DB Process Time: managed=2 ms, native=106 ms
		Asset DB Callback time: managed=29 ms, native=1 ms
		Scripting: domain reloads=1, domain reload time=368 ms, compile time=1105 ms, other=8 ms
		Project Asset Count: scripts=113, non-scripts=355
		Asset File Changes: new=1, changed=2, moved=0, deleted=0
		Scan Filter Count: 0
		OnDemandAssets Count:0
	InvokeBeforeRefreshCallbacks: 0.936ms
	ApplyChangesToAssetFolders: 0.025ms
	Scan: 41.861ms
	OnSourceAssetsModified: 1.817ms
	GetAllGuidsForCategorization: 0.031ms
	CategorizeAssets: 2.679ms
	ImportOutOfDateAssets: 215.025ms (-911.521ms without children)
		ImportManagerImport: 21.348ms (3.085ms without children)
			ImportInProcess: 18.236ms
			UpdateCategorizedAssets: 0.027ms
		CompileScripts: 1104.759ms
		ReloadNativeAssets: 0.000ms
		UnloadImportedAssets: 0.064ms
		ReloadImportedAssets: 0.239ms
		EnsureUptoDateAssetsAreRegisteredWithGuidPM: 0.042ms
		InitializingProgressBar: 0.004ms
		PostProcessAllAssetNotificationsAddChangedAssets: 0.000ms
		OnDemandSchedulerStart: 0.089ms
	PostProcessAllAssets: 28.453ms
	Hotreload: 0.613ms
	GatherAllCurrentPrimaryArtifactRevisions: 0.000ms
	UnloadStreamsBegin: 0.169ms
	PersistCurrentRevisions: 0.036ms
	UnloadStreamsEnd: 0.001ms
	GenerateScriptTypeHashes: 0.017ms
	Untracked: 1331.164ms
Application.AssetDatabase Initial Refresh End
Scanning for USB devices : 0.648ms
Initializing Tuanjie extensions:
[Licensing::Client] Successfully send message: {"AuthorizationCheck":"Enep5TlSllAORw==","messageType":"ProductNameRequest","Value":"unity.DefaultCompany.2DTOOLKIT"} at 1790139907
[Licensing::Client] Successfully receive message: {"responseCode":200,"messageType":"ProductNameResponse"} at 1790139907
[Licensing::Client] Error: ProductNameResponse could not be deserialized
[MODES] ModeService[none].Initialize
[MODES] ModeService[none].LoadModes
[MODES] Loading mode Default (0) for mode-current-id-LoveQiE
Unloading 3 Unused Serialized files (Serialized files now loaded: 0)
Unloading 14 unused Assets / (470.5 KB). Loaded Objects now: 549.
Memory consumption went from 80.5 MB to 80.0 MB.
Total: 2.406400 ms (FindLiveObjects: 0.026700 ms CreateObjectMapping: 0.003000 ms MarkObjects: 2.249300 ms  DeleteObjects: 0.126900 ms)

Opening scene 'Assets/main.unity'
Unloading 64 Unused Serialized files (Serialized files now loaded: 0)
Loaded scene 'Assets/main.unity'
	Deserialize:            1.253 ms
	Integration:            6.669 ms
	Integration of assets:  0.002 ms
	Thread Wait Time:       0.008 ms
	Total Operation Time:   7.932 ms
Unloading 130 unused Assets / (113.7 KB). Loaded Objects now: 609.
Memory consumption went from 79.7 MB to 79.6 MB.
Total: 1.640700 ms (FindLiveObjects: 0.030900 ms CreateObjectMapping: 0.006200 ms MarkObjects: 1.487600 ms  DeleteObjects: 0.115500 ms)

Unloading 7 Unused Serialized files (Serialized files now loaded: 0)
Loaded scene 'Temp/__Backupscenes/0.backup'
	Deserialize:            0.288 ms
	Integration:            1.231 ms
	Integration of assets:  0.001 ms
	Thread Wait Time:       0.006 ms
	Total Operation Time:   1.526 ms
Unloading 26 unused Assets / (11.0 KB). Loaded Objects now: 549.
Memory consumption went from 79.4 MB to 79.4 MB.
Total: 1.465100 ms (FindLiveObjects: 0.019900 ms CreateObjectMapping: 0.003300 ms MarkObjects: 1.403000 ms  DeleteObjects: 0.038600 ms)

Loaded scene 'Library/Unused/aede9430da86e354ab676e03374fcd4f'
	Deserialize:            0.468 ms
	Integration:            8.042 ms
	Integration of assets:  0.001 ms
	Thread Wait Time:       0.009 ms
	Total Operation Time:   8.520 ms
Loaded scene 'Library/Unused/b7ab5eef9a80561448e03cdbbdd4cfc6'
	Deserialize:            0.206 ms
	Integration:            3.183 ms
	Integration of assets:  0.002 ms
	Thread Wait Time:       0.011 ms
	Total Operation Time:   3.402 ms
Loaded scene 'Library/Unused/d151b81d40f5aad42ba1b72693e0f2b0'
	Deserialize:            0.188 ms
	Integration:            0.201 ms
	Integration of assets:  0.001 ms
	Thread Wait Time:       0.009 ms
	Total Operation Time:   0.399 ms
Loaded scene 'Library/Unused/904546661dcf6774d87e932aad01a57c'
	Deserialize:            0.175 ms
	Integration:            0.212 ms
	Integration of assets:  0.001 ms
	Thread Wait Time:       0.008 ms
	Total Operation Time:   0.396 ms
Loaded scene 'Library/Unused/814bb9b4a09550441904e7ea041d4b19'
	Deserialize:            0.168 ms
	Integration:            2.360 ms
	Integration of assets:  0.001 ms
	Thread Wait Time:       0.008 ms
	Total Operation Time:   2.537 ms
Loaded scene 'Library/Unused/9921916ee31f4c447b4b1e3055baa24d'
	Deserialize:            0.172 ms
	Integration:            0.201 ms
	Integration of assets:  0.001 ms
	Thread Wait Time:       0.009 ms
	Total Operation Time:   0.383 ms
Loaded scene 'Library/Unused/015ec164aded4064d9a81531aa757600'
	Deserialize:            0.167 ms
	Integration:            1.331 ms
	Integration of assets:  0.001 ms
	Thread Wait Time:       0.008 ms
	Total Operation Time:   1.506 ms
Loaded scene 'Library/Unused/a3b64064d83668649a339bee5f46a066'
	Deserialize:            0.169 ms
	Integration:            0.182 ms
	Integration of assets:  0.002 ms
	Thread Wait Time:       0.008 ms
	Total Operation Time:   0.361 ms
Loaded scene 'Library/Unused/daf845fcaa8cfb9439f45e963884e100'
	Deserialize:            0.223 ms
	Integration:            0.226 ms
	Integration of assets:  0.001 ms
	Thread Wait Time:       0.009 ms
	Total Operation Time:   0.458 ms
Loaded scene 'Library/Unused/b51541e91bbe9d14d9d8864d8dcdf306'
	Deserialize:            0.171 ms
	Integration:            0.214 ms
	Integration of assets:  0.001 ms
	Thread Wait Time:       0.008 ms
	Total Operation Time:   0.394 ms
Loaded scene 'Library/Unused/02d7c0766871b9d4a8b94ce0273de179'
	Deserialize:            0.283 ms
	Integration:            0.353 ms
	Integration of assets:  0.001 ms
	Thread Wait Time:       0.006 ms
	Total Operation Time:   0.643 ms
Loaded scene 'Library/Unused/960c19d12dc52bf48a88f882f4d4b2ee'
	Deserialize:            0.248 ms
	Integration:            0.242 ms
	Integration of assets:  0.001 ms
	Thread Wait Time:       0.007 ms
	Total Operation Time:   0.498 ms
Loaded scene 'Library/Unused/23f9cd395e8e52e448fdb06bc70f9a3b'
	Deserialize:            0.196 ms
	Integration:            0.224 ms
	Integration of assets:  0.001 ms
	Thread Wait Time:       0.006 ms
	Total Operation Time:   0.427 ms
Loaded scene 'Library/Unused/9cfdb034777a8a8488e2370f43a392da'
	Deserialize:            0.162 ms
	Integration:            0.190 ms
	Integration of assets:  0.001 ms
	Thread Wait Time:       0.008 ms
	Total Operation Time:   0.362 ms
Loaded scene 'Library/Unused/e0011afbf19213344b2f7d782e88c51e'
	Deserialize:            0.187 ms
	Integration:            0.217 ms
	Integration of assets:  0.001 ms
	Thread Wait Time:       0.006 ms
	Total Operation Time:   0.410 ms
Loaded scene 'Library/Unused/18949c29653c6fa48aef2f26e731d429'
	Deserialize:            0.162 ms
	Integration:            0.181 ms
	Integration of assets:  0.001 ms
	Thread Wait Time:       0.007 ms
	Total Operation Time:   0.352 ms
Loaded scene 'Library/Unused/12b9fca5c2caca24aba6f85e8da7bd51'
	Deserialize:            0.177 ms
	Integration:            0.239 ms
	Integration of assets:  0.001 ms
	Thread Wait Time:       0.008 ms
	Total Operation Time:   0.426 ms
Loaded scene 'Library/Unused/579f5b91971311444b5571848ea96ce4'
	Deserialize:            0.222 ms
	Integration:            0.310 ms
	Integration of assets:  0.001 ms
	Thread Wait Time:       0.007 ms
	Total Operation Time:   0.540 ms
Loaded scene 'Library/Unused/529e9bdcbb85fc944a2abff2706cbd2a'
	Deserialize:            0.216 ms
	Integration:            0.228 ms
	Integration of assets:  0.001 ms
	Thread Wait Time:       0.010 ms
	Total Operation Time:   0.454 ms
Loaded scene 'Library/Unused/91bd8a3a0702e624b85bda42361497b6'
	Deserialize:            0.175 ms
	Integration:            0.214 ms
	Integration of assets:  0.001 ms
	Thread Wait Time:       0.008 ms
	Total Operation Time:   0.397 ms
Loaded scene 'Library/Unused/21173cea68d3bd144b480e4d111064b8'
	Deserialize:            0.219 ms
	Integration:            0.220 ms
	Integration of assets:  0.001 ms
	Thread Wait Time:       0.009 ms
	Total Operation Time:   0.448 ms
Loaded scene 'Library/Unused/cd9435c37a9162c419cc87b245162d0f'
	Deserialize:            0.170 ms
	Integration:            0.137 ms
	Integration of assets:  0.001 ms
	Thread Wait Time:       0.008 ms
	Total Operation Time:   0.317 ms
Loaded scene 'Library/Unused/b498281f0ef09104da039dc92015bb73'
	Deserialize:            0.177 ms
	Integration:            0.200 ms
	Integration of assets:  0.001 ms
	Thread Wait Time:       0.010 ms
	Total Operation Time:   0.388 ms
Loaded scene 'Library/Unused/1b7698dd7d7958a4dac45807a1bf2fa0'
	Deserialize:            0.166 ms
	Integration:            0.226 ms
	Integration of assets:  0.001 ms
	Thread Wait Time:       0.007 ms
	Total Operation Time:   0.400 ms
Loaded scene 'Library/Unused/0efe0fc561e8d5a4c83bed3440951b84'
	Deserialize:            0.213 ms
	Integration:            0.236 ms
	Integration of assets:  0.001 ms
	Thread Wait Time:       0.008 ms
	Total Operation Time:   0.458 ms
Loaded scene 'Library/Unused/f20933b352835514a9234e71d7025aac'
	Deserialize:            0.197 ms
	Integration:            0.201 ms
	Integration of assets:  0.001 ms
	Thread Wait Time:       0.008 ms
	Total Operation Time:   0.406 ms
Loaded scene 'Library/Unused/d3e721c09a0f73d4bb1f34d99e393dcf'
	Deserialize:            0.213 ms
	Integration:            0.222 ms
	Integration of assets:  0.001 ms
	Thread Wait Time:       0.006 ms
	Total Operation Time:   0.442 ms
Loaded scene 'Library/Unused/310a6c1cd4b5d1e449600463c4d7fbb6'
	Deserialize:            0.197 ms
	Integration:            0.228 ms
	Integration of assets:  0.001 ms
	Thread Wait Time:       0.010 ms
	Total Operation Time:   0.435 ms
Loaded scene 'Library/Unused/ac372ee9bfa055d48aee375dfa970273'
	Deserialize:            0.215 ms
	Integration:            0.201 ms
	Integration of assets:  0.001 ms
	Thread Wait Time:       0.009 ms
	Total Operation Time:   0.426 ms
Loaded scene 'Library/Unused/03da05d900b7613498518467be4ee92f'
	Deserialize:            0.217 ms
	Integration:            0.249 ms
	Integration of assets:  0.001 ms
	Thread Wait Time:       0.008 ms
	Total Operation Time:   0.475 ms
Loaded scene 'Library/Unused/8a3538b21a29d7444b83ee802dae0c58'
	Deserialize:            0.167 ms
	Integration:            0.207 ms
	Integration of assets:  0.001 ms
	Thread Wait Time:       0.009 ms
	Total Operation Time:   0.384 ms
Loaded scene 'Library/Unused/262174023516a1a4881204d2fa47506c'
	Deserialize:            0.216 ms
	Integration:            0.256 ms
	Integration of assets:  0.001 ms
	Thread Wait Time:       0.009 ms
	Total Operation Time:   0.482 ms
Loaded scene 'Library/Unused/229355385df45ff49a8989924842b641'
	Deserialize:            0.187 ms
	Integration:            0.215 ms
	Integration of assets:  0.001 ms
	Thread Wait Time:       0.009 ms
	Total Operation Time:   0.412 ms
Loaded scene 'Library/Unused/02c00e7eb3c8e4a46b76610403d5bf41'
	Deserialize:            0.252 ms
	Integration:            0.231 ms
	Integration of assets:  0.001 ms
	Thread Wait Time:       0.006 ms
	Total Operation Time:   0.491 ms
Loaded scene 'Library/Unused/6854e5e99a2c39a4c9a50958e409a5e2'
	Deserialize:            0.186 ms
	Integration:            0.340 ms
	Integration of assets:  0.001 ms
	Thread Wait Time:       0.017 ms
	Total Operation Time:   0.545 ms
Loaded scene 'Library/Unused/136ab022885eeae40a7c52b8f7f5a536'
	Deserialize:            0.206 ms
	Integration:            0.236 ms
	Integration of assets:  0.001 ms
	Thread Wait Time:       0.006 ms
	Total Operation Time:   0.449 ms
Loaded scene 'Library/Unused/da27ab49f743e2c499e31db76ab138b8'
	Deserialize:            0.201 ms
	Integration:            0.219 ms
	Integration of assets:  0.001 ms
	Thread Wait Time:       0.008 ms
	Total Operation Time:   0.429 ms
Loaded scene 'Library/Unused/2037e2ad6f049d8419dc5a0dae18181b'
	Deserialize:            0.202 ms
	Integration:            0.359 ms
	Integration of assets:  0.002 ms
	Thread Wait Time:       0.007 ms
	Total Operation Time:   0.570 ms
Loaded scene 'Library/Unused/8368a73e9b73fff4db39a745e5de8815'
	Deserialize:            0.229 ms
	Integration:            0.218 ms
	Integration of assets:  0.002 ms
	Thread Wait Time:       0.007 ms
	Total Operation Time:   0.456 ms
Loaded scene 'Library/Unused/1ade9e444748bc14392c38cde5e3946d'
	Deserialize:            0.171 ms
	Integration:            0.221 ms
	Integration of assets:  0.001 ms
	Thread Wait Time:       0.009 ms
	Total Operation Time:   0.401 ms
Loaded scene 'Library/Unused/9d0051136ad2402459eb984ba55087fe'
	Deserialize:            0.182 ms
	Integration:            0.229 ms
	Integration of assets:  0.001 ms
	Thread Wait Time:       0.006 ms
	Total Operation Time:   0.418 ms
Loaded scene 'Library/Unused/07e5d8c49d7184b4a9670962676fde81'
	Deserialize:            0.187 ms
	Integration:            0.183 ms
	Integration of assets:  0.001 ms
	Thread Wait Time:       0.008 ms
	Total Operation Time:   0.379 ms
Loaded scene 'Library/Unused/0d298bfef0abfaa45894131291a33109'
	Deserialize:            0.185 ms
	Integration:            0.353 ms
	Integration of assets:  0.001 ms
	Thread Wait Time:       0.007 ms
	Total Operation Time:   0.547 ms
Loaded scene 'Library/Unused/42bf9040fcea1d64caef5efab0776370'
	Deserialize:            0.177 ms
	Integration:            0.188 ms
	Integration of assets:  0.001 ms
	Thread Wait Time:       0.009 ms
	Total Operation Time:   0.373 ms
Loaded scene 'Library/Unused/440f8310a448c9b45b34c95bbd6e2b5b'
	Deserialize:            0.168 ms
	Integration:            0.199 ms
	Integration of assets:  0.001 ms
	Thread Wait Time:       0.008 ms
	Total Operation Time:   0.376 ms
Loaded scene 'Library/Unused/41a6b6d3611e9e84cb013156df1c27ca'
	Deserialize:            0.171 ms
	Integration:            0.212 ms
	Integration of assets:  0.001 ms
	Thread Wait Time:       0.008 ms
	Total Operation Time:   0.392 ms
Loaded scene 'Library/Unused/b80447971b3a1454db3ba3864667c4f0'
	Deserialize:            0.243 ms
	Integration:            0.248 ms
	Integration of assets:  0.001 ms
	Thread Wait Time:       0.008 ms
	Total Operation Time:   0.500 ms
Loaded scene 'Library/Unused/768d85e9c076f4449be6564298825dc2'
	Deserialize:            0.186 ms
	Integration:            0.298 ms
	Integration of assets:  0.001 ms
	Thread Wait Time:       0.008 ms
	Total Operation Time:   0.493 ms
Loaded scene 'Library/Unused/d4c0c07466a354c4fadd2de65d2e4d62'
	Deserialize:            0.221 ms
	Integration:            0.249 ms
	Integration of assets:  0.001 ms
	Thread Wait Time:       0.009 ms
	Total Operation Time:   0.481 ms
Loaded scene 'Library/Unused/f4110d3df08786745a30f9c42e7fc1d1'
	Deserialize:            0.180 ms
	Integration:            0.218 ms
	Integration of assets:  0.001 ms
	Thread Wait Time:       0.009 ms
	Total Operation Time:   0.408 ms
Loaded scene 'Library/Unused/0aeeffb072ea6d649befbcd096694d0a'
	Deserialize:            0.204 ms
	Integration:            0.223 ms
	Integration of assets:  0.001 ms
	Thread Wait Time:       0.005 ms
	Total Operation Time:   0.433 ms
Loaded scene 'Library/Unused/354d8de955338804da225d6cca640a35'
	Deserialize:            0.172 ms
	Integration:            0.266 ms
	Integration of assets:  0.001 ms
	Thread Wait Time:       0.008 ms
	Total Operation Time:   0.447 ms
Loaded scene 'Library/Unused/fe23d918621e25049b424df345c5e959'
	Deserialize:            0.176 ms
	Integration:            0.210 ms
	Integration of assets:  0.001 ms
	Thread Wait Time:       0.008 ms
	Total Operation Time:   0.395 ms
Loaded scene 'Library/Unused/856cee27a710fb642a23e4efae905a48'
	Deserialize:            0.178 ms
	Integration:            0.185 ms
	Integration of assets:  0.002 ms
	Thread Wait Time:       0.013 ms
	Total Operation Time:   0.378 ms
Loaded scene 'Library/Unused/fe54c83a6e8e616428f61c5ed40f071b'
	Deserialize:            0.178 ms
	Integration:            0.216 ms
	Integration of assets:  0.001 ms
	Thread Wait Time:       0.007 ms
	Total Operation Time:   0.402 ms
Loaded scene 'Library/Unused/e1eb5c8072689e44d94293c14fdcef23'
	Deserialize:            0.211 ms
	Integration:            0.311 ms
	Integration of assets:  0.001 ms
	Thread Wait Time:       0.008 ms
	Total Operation Time:   0.531 ms
Loaded scene 'Library/Unused/7b034df23be879c47b221f6a4e9d0429'
	Deserialize:            0.186 ms
	Integration:            0.238 ms
	Integration of assets:  0.002 ms
	Thread Wait Time:       0.009 ms
	Total Operation Time:   0.434 ms
Loaded scene 'Library/Unused/1d35bc63998ee714dba3064ae6b67ead'
	Deserialize:            0.183 ms
	Integration:            0.367 ms
	Integration of assets:  0.001 ms
	Thread Wait Time:       0.007 ms
	Total Operation Time:   0.558 ms
Loaded scene 'Library/Unused/453f136caf932ce459c646e43b722405'
	Deserialize:            0.191 ms
	Integration:            0.228 ms
	Integration of assets:  0.001 ms
	Thread Wait Time:       0.007 ms
	Total Operation Time:   0.427 ms
Loaded scene 'Library/Unused/e0e1136df96719741b9abb90601402fd'
	Deserialize:            0.199 ms
	Integration:            0.354 ms
	Integration of assets:  0.001 ms
	Thread Wait Time:       0.024 ms
	Total Operation Time:   0.577 ms
Loaded scene 'Library/Unused/723195751beec1549a4cc764ec67da02'
	Deserialize:            0.209 ms
	Integration:            0.230 ms
	Integration of assets:  0.001 ms
	Thread Wait Time:       0.009 ms
	Total Operation Time:   0.450 ms
Loaded scene 'Library/Unused/cfc8ef9d80cb865448c2c554e1c3c5e8'
	Deserialize:            0.211 ms
	Integration:            0.234 ms
	Integration of assets:  0.001 ms
	Thread Wait Time:       0.009 ms
	Total Operation Time:   0.454 ms
Loaded scene 'Library/Unused/b934b11a1a4cfa84782f166ff75188eb'
	Deserialize:            0.275 ms
	Integration:            0.423 ms
	Integration of assets:  0.001 ms
	Thread Wait Time:       0.008 ms
	Total Operation Time:   0.706 ms
Loaded scene 'Library/Unused/30d959b7069f87a4399caf119fcc7c1b'
	Deserialize:            0.233 ms
	Integration:            0.234 ms
	Integration of assets:  0.001 ms
	Thread Wait Time:       0.007 ms
	Total Operation Time:   0.475 ms
Loaded scene 'Library/Unused/6c3333cb3b657044d9ea0b450e73471a'
	Deserialize:            0.218 ms
	Integration:            0.300 ms
	Integration of assets:  0.001 ms
	Thread Wait Time:       0.008 ms
	Total Operation Time:   0.527 ms
Loaded scene 'Library/Unused/c51246db113451641950c00fb0e0a8a8'
	Deserialize:            0.239 ms
	Integration:            0.345 ms
	Integration of assets:  0.001 ms
	Thread Wait Time:       0.009 ms
	Total Operation Time:   0.594 ms
Loaded scene 'Library/Unused/1a1290db3ff8aea4f839db07907e5ead'
	Deserialize:            0.177 ms
	Integration:            0.325 ms
	Integration of assets:  0.001 ms
	Thread Wait Time:       0.007 ms
	Total Operation Time:   0.510 ms
Loaded scene 'Library/Unused/4cb3df6d6ea56c842b52bb8367d0c9bf'
	Deserialize:            0.175 ms
	Integration:            0.273 ms
	Integration of assets:  0.001 ms
	Thread Wait Time:       0.008 ms
	Total Operation Time:   0.458 ms
Loaded scene 'Library/Unused/04b1022df764ed143badf714976fc4d2'
	Deserialize:            0.169 ms
	Integration:            0.213 ms
	Integration of assets:  0.001 ms
	Thread Wait Time:       0.009 ms
	Total Operation Time:   0.391 ms
Loaded scene 'Library/Unused/f97fe6afe74db594d92fb9e3eba3f1bb'
	Deserialize:            0.368 ms
	Integration:            0.190 ms
	Integration of assets:  0.001 ms
	Thread Wait Time:       0.007 ms
	Total Operation Time:   0.566 ms
Loaded scene 'Library/Unused/5f6b945648247774eb121d7ccf1e4b15'
	Deserialize:            0.179 ms
	Integration:            0.230 ms
	Integration of assets:  0.001 ms
	Thread Wait Time:       0.006 ms
	Total Operation Time:   0.416 ms
Loaded scene 'Library/Unused/dfabab48d60e29d4b9cf999680d8ff84'
	Deserialize:            0.214 ms
	Integration:            0.226 ms
	Integration of assets:  0.001 ms
	Thread Wait Time:       0.005 ms
	Total Operation Time:   0.446 ms
Loaded scene 'Library/Unused/f8ba567c0183d454b9959050e1f3d192'
	Deserialize:            0.194 ms
	Integration:            0.213 ms
	Integration of assets:  0.002 ms
	Thread Wait Time:       0.007 ms
	Total Operation Time:   0.416 ms
Loaded scene 'Library/Unused/b6dea2f9281a95644bf2c5e09b7a6844'
	Deserialize:            0.229 ms
	Integration:            0.380 ms
	Integration of assets:  0.002 ms
	Thread Wait Time:       0.007 ms
	Total Operation Time:   0.618 ms
Loaded scene 'Library/Unused/689c13a53d0a2fb48a522458c30d6657'
	Deserialize:            0.207 ms
	Integration:            0.266 ms
	Integration of assets:  0.001 ms
	Thread Wait Time:       0.007 ms
	Total Operation Time:   0.481 ms
Loaded scene 'Library/Unused/2b199d8f9701bb24c966a686ffc749e2'
	Deserialize:            0.216 ms
	Integration:            0.379 ms
	Integration of assets:  0.002 ms
	Thread Wait Time:       0.007 ms
	Total Operation Time:   0.604 ms
Loaded scene 'Library/Unused/b3a7088e690cb7847b551ac07f40d8fd'
	Deserialize:            0.181 ms
	Integration:            0.228 ms
	Integration of assets:  0.001 ms
	Thread Wait Time:       0.008 ms
	Total Operation Time:   0.418 ms
Loaded scene 'Library/Unused/5095d022a9488c347abf1677680eceb0'
	Deserialize:            0.213 ms
	Integration:            0.190 ms
	Integration of assets:  0.001 ms
	Thread Wait Time:       0.010 ms
	Total Operation Time:   0.413 ms
Loaded scene 'Library/Unused/0f3f8c38c5ee4a346869b7d74b54e22f'
	Deserialize:            0.156 ms
	Integration:            0.213 ms
	Integration of assets:  0.004 ms
	Thread Wait Time:       0.032 ms
	Total Operation Time:   0.407 ms
Loaded scene 'Library/Unused/e602569805523bf459c360edf4baad1b'
	Deserialize:            0.169 ms
	Integration:            0.185 ms
	Integration of assets:  0.001 ms
	Thread Wait Time:       0.009 ms
	Total Operation Time:   0.363 ms
Loaded scene 'Library/Unused/013cffd75831f65448795ff6d82f9d47'
	Deserialize:            0.152 ms
	Integration:            0.129 ms
	Integration of assets:  0.001 ms
	Thread Wait Time:       0.009 ms
	Total Operation Time:   0.291 ms
Loaded scene 'Library/Unused/b873197528922a245ad34edfa787711c'
	Deserialize:            0.221 ms
	Integration:            0.233 ms
	Integration of assets:  0.001 ms
	Thread Wait Time:       0.009 ms
	Total Operation Time:   0.464 ms
Loaded scene 'Library/Unused/adb7f9c860a277347babd0d4dfd99efc'
	Deserialize:            0.176 ms
	Integration:            0.211 ms
	Integration of assets:  0.001 ms
	Thread Wait Time:       0.009 ms
	Total Operation Time:   0.397 ms
Loaded scene 'Library/Unused/33f8b0865e7e48649bac4df8bb183c85'
	Deserialize:            0.183 ms
	Integration:            0.221 ms
	Integration of assets:  0.002 ms
	Thread Wait Time:       0.008 ms
	Total Operation Time:   0.413 ms
Loaded scene 'Library/Unused/c6e42af878f3fb843b09cbb0b8205c9f'
	Deserialize:            0.168 ms
	Integration:            0.212 ms
	Integration of assets:  0.001 ms
	Thread Wait Time:       0.008 ms
	Total Operation Time:   0.389 ms
Loaded scene 'Library/Unused/f2f6a8739915779439364ea74592e377'
	Deserialize:            0.181 ms
	Integration:            0.223 ms
	Integration of assets:  0.001 ms
	Thread Wait Time:       0.009 ms
	Total Operation Time:   0.414 ms
Loaded scene 'Library/Unused/3e206ce30cb41f2448ae0bcb8c0e0bec'
	Deserialize:            0.184 ms
	Integration:            0.222 ms
	Integration of assets:  0.001 ms
	Thread Wait Time:       0.005 ms
	Total Operation Time:   0.412 ms
Loaded scene 'Library/Unused/33fb09c9ce801294082aacf913030148'
	Deserialize:            0.192 ms
	Integration:            0.221 ms
	Integration of assets:  0.001 ms
	Thread Wait Time:       0.008 ms
	Total Operation Time:   0.422 ms
Loaded scene 'Library/Unused/890e7baf67331aa4891fb236308210ff'
	Deserialize:            0.198 ms
	Integration:            0.217 ms
	Integration of assets:  0.002 ms
	Thread Wait Time:       0.010 ms
	Total Operation Time:   0.427 ms
Loaded scene 'Library/Unused/83df1089140d8c44f809275e4369cac9'
	Deserialize:            0.176 ms
	Integration:            0.222 ms
	Integration of assets:  0.002 ms
	Thread Wait Time:       0.008 ms
	Total Operation Time:   0.407 ms
Loaded scene 'Library/Unused/2a6f7abdf749da94aad56cf1dcdcad85'
	Deserialize:            0.192 ms
	Integration:            0.216 ms
	Integration of assets:  0.001 ms
	Thread Wait Time:       0.007 ms
	Total Operation Time:   0.416 ms
Loaded scene 'Library/Unused/ab2442e554110264292015908c319401'
	Deserialize:            0.212 ms
	Integration:            0.211 ms
	Integration of assets:  0.001 ms
	Thread Wait Time:       0.009 ms
	Total Operation Time:   0.433 ms
Loaded scene 'Library/Unused/a9c57daeeeaeefd4bba0df6a29ad3f1c'
	Deserialize:            0.183 ms
	Integration:            0.211 ms
	Integration of assets:  0.001 ms
	Thread Wait Time:       0.008 ms
	Total Operation Time:   0.403 ms
Loaded scene 'Library/Unused/72fa7da02bccb21409ae666b450a3e55'
	Deserialize:            0.236 ms
	Integration:            0.308 ms
	Integration of assets:  0.001 ms
	Thread Wait Time:       0.008 ms
	Total Operation Time:   0.553 ms
Loaded scene 'Library/Unused/216a8162eecfafa42b3566bdda5190e9'
	Deserialize:            0.203 ms
	Integration:            0.236 ms
	Integration of assets:  0.001 ms
	Thread Wait Time:       0.009 ms
	Total Operation Time:   0.449 ms
Loaded scene 'Library/Unused/0e95e76d132fa1a409688555117a63b1'
	Deserialize:            0.227 ms
	Integration:            0.307 ms
	Integration of assets:  0.001 ms
	Thread Wait Time:       0.009 ms
	Total Operation Time:   0.543 ms
Loaded scene 'Library/Unused/0a69eec8f75c76a4f9ee5b7fa99bc08e'
	Deserialize:            0.185 ms
	Integration:            0.249 ms
	Integration of assets:  0.002 ms
	Thread Wait Time:       0.008 ms
	Total Operation Time:   0.444 ms
Loaded scene 'Library/Unused/753c3e85ffc4f964ba62a9395af3966e'
	Deserialize:            0.184 ms
	Integration:            0.187 ms
	Integration of assets:  0.001 ms
	Thread Wait Time:       0.007 ms
	Total Operation Time:   0.380 ms
Loaded scene 'Library/Unused/8c84f6ecd4a29004e9def2fc927d344e'
	Deserialize:            0.200 ms
	Integration:            0.229 ms
	Integration of assets:  0.001 ms
	Thread Wait Time:       0.007 ms
	Total Operation Time:   0.437 ms
Loaded scene 'Library/Unused/b8d2a0a5a34583e4f9fe79c618129465'
	Deserialize:            0.190 ms
	Integration:            0.215 ms
	Integration of assets:  0.001 ms
	Thread Wait Time:       0.007 ms
	Total Operation Time:   0.413 ms
Loaded scene 'Library/Unused/2d5c7a63e062c904ab4e9decd0de645e'
	Deserialize:            0.177 ms
	Integration:            0.230 ms
	Integration of assets:  0.001 ms
	Thread Wait Time:       0.007 ms
	Total Operation Time:   0.415 ms
Loaded scene 'Library/Unused/a47814d6b2bda254baeb0a3b476414d4'
	Deserialize:            0.194 ms
	Integration:            0.217 ms
	Integration of assets:  0.001 ms
	Thread Wait Time:       0.006 ms
	Total Operation Time:   0.417 ms
Loaded scene 'Library/Unused/0dcab4887cd03a344b16701bf16ad6ab'
	Deserialize:            0.213 ms
	Integration:            0.209 ms
	Integration of assets:  0.001 ms
	Thread Wait Time:       0.006 ms
	Total Operation Time:   0.428 ms
Loaded scene 'Library/Unused/463d566d66db90a48b4a4c021174102c'
	Deserialize:            0.205 ms
	Integration:            0.216 ms
	Integration of assets:  0.001 ms
	Thread Wait Time:       0.008 ms
	Total Operation Time:   0.430 ms
Loaded scene 'Library/Unused/89dc340689c2bb74f967d455580191ec'
	Deserialize:            0.191 ms
	Integration:            0.211 ms
	Integration of assets:  0.001 ms
	Thread Wait Time:       0.008 ms
	Total Operation Time:   0.410 ms
Loaded scene 'Library/Unused/95e18616674bb474eaeefd6188e320f6'
	Deserialize:            0.206 ms
	Integration:            0.220 ms
	Integration of assets:  0.001 ms
	Thread Wait Time:       0.009 ms
	Total Operation Time:   0.435 ms
Loaded scene 'Library/Unused/eb1b3c841bf3d704899671372a2015e2'
	Deserialize:            0.194 ms
	Integration:            0.214 ms
	Integration of assets:  0.001 ms
	Thread Wait Time:       0.007 ms
	Total Operation Time:   0.415 ms
Loaded scene 'Library/Unused/4e837b01cdfd7ee4d82e9a46fee31cd5'
	Deserialize:            0.182 ms
	Integration:            0.228 ms
	Integration of assets:  0.002 ms
	Thread Wait Time:       0.010 ms
	Total Operation Time:   0.422 ms
Loaded scene 'Library/Unused/90e041244d0c1e94faf62416240f90f2'
	Deserialize:            0.203 ms
	Integration:            0.220 ms
	Integration of assets:  0.002 ms
	Thread Wait Time:       0.006 ms
	Total Operation Time:   0.431 ms
Loaded scene 'Library/Unused/9c30378cf58d933428132cd1171a261f'
	Deserialize:            0.221 ms
	Integration:            0.356 ms
	Integration of assets:  0.001 ms
	Thread Wait Time:       0.007 ms
	Total Operation Time:   0.585 ms
Loaded scene 'Library/Unused/ffc34260386986e4e9412a249e164e6e'
	Deserialize:            0.195 ms
	Integration:            0.241 ms
	Integration of assets:  0.001 ms
	Thread Wait Time:       0.007 ms
	Total Operation Time:   0.444 ms
Loaded scene 'Library/Unused/fa03220ffdae66240ba74206af114276'
	Deserialize:            0.195 ms
	Integration:            0.412 ms
	Integration of assets:  0.002 ms
	Thread Wait Time:       0.007 ms
	Total Operation Time:   0.616 ms
Loaded scene 'Library/Unused/91470d396e3c9bd4d80a7783a28dfee4'
	Deserialize:            0.186 ms
	Integration:            0.223 ms
	Integration of assets:  0.001 ms
	Thread Wait Time:       0.006 ms
	Total Operation Time:   0.416 ms
Loaded scene 'Library/Unused/faa4fe539d523474286f6a5f981cc685'
	Deserialize:            0.169 ms
	Integration:            0.195 ms
	Integration of assets:  0.002 ms
	Thread Wait Time:       0.008 ms
	Total Operation Time:   0.375 ms
Loaded scene 'Library/Unused/c69aa30887b78104791e0e44bd1e7f24'
	Deserialize:            0.163 ms
	Integration:            0.181 ms
	Integration of assets:  0.001 ms
	Thread Wait Time:       0.009 ms
	Total Operation Time:   0.353 ms
Loaded scene 'Library/Unused/5699cbf8804913b44a19a6b8fcda7b72'
	Deserialize:            0.170 ms
	Integration:            0.193 ms
	Integration of assets:  0.001 ms
	Thread Wait Time:       0.007 ms
	Total Operation Time:   0.371 ms
Loaded scene 'Library/Unused/5065c6be63f747448ae69dc5e6436520'
	Deserialize:            0.381 ms
	Integration:            0.224 ms
	Integration of assets:  0.001 ms
	Thread Wait Time:       0.010 ms
	Total Operation Time:   0.616 ms
Loaded scene 'Library/Unused/ab014a321bc5884468e9ecf9c7a24cf3'
	Deserialize:            0.181 ms
	Integration:            0.225 ms
	Integration of assets:  0.002 ms
	Thread Wait Time:       0.008 ms
	Total Operation Time:   0.416 ms
Loaded scene 'Library/Unused/30016fd1ac9616245925db9bf72d0a77'
	Deserialize:            0.166 ms
	Integration:            0.184 ms
	Integration of assets:  0.001 ms
	Thread Wait Time:       0.009 ms
	Total Operation Time:   0.360 ms
Start importing ProjectSettings/InputManager.asset using Guid(00000000000000002000000000000000) Importer(Primary)  -> (artifact id: 'd253954e5575789acd22004f8b57ca2d') in 0.002088 seconds
Start importing ProjectSettings/TagManager.asset using Guid(00000000000000003000000000000000) Importer(Primary)  -> (artifact id: '5d9bb97aa0d9d45cb5802da244a44d98') in 0.001625 seconds
Start importing ProjectSettings/ProjectSettings.asset using Guid(00000000000000004000000000000000) Importer(Primary)  -> (artifact id: '97e53688dd4c8c93e225f4553d4c405c') in 0.002492 seconds
Start importing ProjectSettings/AudioManager.asset using Guid(00000000000000006000000000000000) Importer(Primary)  -> (artifact id: '182baf35d09ddb631220851260567f1d') in 0.001777 seconds
Start importing ProjectSettings/TimeManager.asset using Guid(00000000000000007000000000000000) Importer(Primary)  -> (artifact id: 'c5a9398f08e705cdcf7db38487beba04') in 0.001550 seconds
Start importing ProjectSettings/DynamicsManager.asset using Guid(00000000000000008000000000000000) Importer(Primary)  -> (artifact id: 'ab99b05efd165edadc4902e7b2fd5ea4') in 0.001559 seconds
Start importing ProjectSettings/QualitySettings.asset using Guid(00000000000000009000000000000000) Importer(Primary)  -> (artifact id: '98e5e79d241dc5e66f571e7419ae07b9') in 0.001680 seconds
Start importing ProjectSettings/EditorBuildSettings.asset using Guid(0000000000000000b000000000000000) Importer(Primary)  -> (artifact id: '81c85895c54d9c92d67024097be64896') in 0.001786 seconds
Start importing ProjectSettings/EditorSettings.asset using Guid(0000000000000000c000000000000000) Importer(Primary)  -> (artifact id: '75b123b44202d40856447c1bf054e795') in 0.001605 seconds
Start importing ProjectSettings/NavMeshAreas.asset using Guid(00000000000000004100000000000000) Importer(Primary)  -> (artifact id: 'd57f9a0a266ddf6e6818de0545e13cec') in 0.001617 seconds
Start importing ProjectSettings/Physics2DSettings.asset using Guid(00000000000000005100000000000000) Importer(Primary)  -> (artifact id: 'e907938fe06624add11f9cecbe69f5c2') in 0.001745 seconds
Start importing ProjectSettings/GraphicsSettings.asset using Guid(00000000000000006100000000000000) Importer(Primary)  -> (artifact id: '3418103b8f8b870534d5cf60eb07c3e0') in 0.001765 seconds
Start importing ProjectSettings/ClusterInputManager.asset using Guid(00000000000000007100000000000000) Importer(Primary)  -> (artifact id: '1587393f6c579a4771e03b9a5cb34096') in 0.001589 seconds
Start importing Assets/main.unity using Guid(77c9485b9057f054391e59d64c97ab11) Importer(Primary)  -> (artifact id: '85776f0d4b698a4a08086cc55fbe158b') in 0.000548 seconds
Start importing Assets/mainSettings.lighting using Guid(5b5e0d115f898a74fa53acc65626e2f2) Importer(Primary)  -> (artifact id: '30eb5c853bbdf4f44bb614a752885eb8') in 0.001742 seconds
Start importing Assets/NativeTiles/Tiles/Wood_08.asset using Guid(10df900ff80363d4c8c8ae53a56fedee) Importer(Primary)  -> (artifact id: 'ff9a4a9ee1116a2cc05af292e9db03b5') in 0.001685 seconds
Start importing Assets/NativeTiles/Tiles/Wood_09.asset using Guid(404d94abdceb3ca4386c78bb51135701) Importer(Primary)  -> (artifact id: '094e20f2e1b069708670721b9449c039') in 0.001857 seconds
Start importing Assets/NativeTiles/Tiles/Wood_34.asset using Guid(80ff9565242dad645a7df3d8ee473bd9) Importer(Primary)  -> (artifact id: '06aea0c607e2f4f57d344f4c08205177') in 0.002048 seconds
Start importing Assets/NativeTiles/Tiles/Wood_15.asset using Guid(c00eeb5d18bd3014f84a5f94b824fcaa) Importer(Primary)  -> (artifact id: 'd6d92c221880970f2eeaf496e21ddecf') in 0.001579 seconds
Start importing Assets/NativeTiles/Tiles/Wood_39.asset using Guid(41e99067a1d116a4f822358082f1a2e9) Importer(Primary)  -> (artifact id: '7e8ef6ce969145bf5e2c715ed4b450fe') in 0.001458 seconds
Start importing Assets/NativeTiles/Tiles/Ground_diban_lv_ye1.asset using Guid(51bb93a4928bac242aab2b001116ef47) Importer(Primary)  -> (artifact id: '4b03e11f70e3f6f9fa5afca8b0ab93d5') in 0.001503 seconds
Start importing Assets/NativeTiles/Tiles/Wood_00.asset using Guid(a113491ca0873364a89f74c433d9b9ee) Importer(Primary)  -> (artifact id: '8171240ffdcc016d7c73595cb36be1ab') in 0.002074 seconds
Start importing Assets/NativeTiles/Tiles/Wood_59.asset using Guid(b17f72115faf4c6429b1157ac50339e4) Importer(Primary)  -> (artifact id: '7dffbb708eef4fcd96d8c696b0ec6615') in 0.001917 seconds
Start importing Assets/NativeTiles/Tiles/Wood_46.asset using Guid(e1433a92819b97b429e2d91cb09211c1) Importer(Primary)  -> (artifact id: 'c3236e3afc47299dd0917f9254f1d61e') in 0.001558 seconds
Start importing Assets/NativeTiles/Tiles/Wood_52.asset using Guid(f104519919cdda14389c43c114d016e6) Importer(Primary)  -> (artifact id: 'c4eb34482448fc6693affd3292e558c5') in 0.001925 seconds
Start importing Assets/NativeTiles/Tiles/Wood_19.asset using Guid(02bd05601186547408f10d34a0aebaf2) Importer(Primary)  -> (artifact id: 'f90df90ba63cc39c1c300c20041e2eed') in 0.001859 seconds
Start importing Assets/NativeTiles/Tiles/Wood_35.asset using Guid(220c45661e8bcaa41925635374659c9d) Importer(Primary)  -> (artifact id: '3a08057ee5f22c6ee5671994fd19d810') in 0.001845 seconds
Start importing Assets/NativeTiles/Tiles/Wood_18.asset using Guid(c2e2027ad6b4c0143a904f5e2575ea4b) Importer(Primary)  -> (artifact id: 'd6588de901395de70c3bacc6a6dedfe4') in 0.002061 seconds
Start importing Assets/NativeTiles/Tiles/Wood_21.asset using Guid(f24c7ca42e5b0df42956906a6af640ad) Importer(Primary)  -> (artifact id: '2263c9bd7cb4fe5116f588b5aa93ff01') in 0.002142 seconds
Start importing Assets/NativeTiles/Tiles/Wood_55.asset using Guid(23246c734b3e9ff4f93a1c5e8be7ea35) Importer(Primary)  -> (artifact id: '764733c4e84e4f43e678f86e8b0d8ab7') in 0.001764 seconds
Start importing Assets/NativeTiles/Tiles/Wood_05.asset using Guid(b3c860625dcec2240a1a340272fcf6ed) Importer(Primary)  -> (artifact id: '358fbae8e30a453b7984595b78e853f2') in 0.001662 seconds
Start importing Assets/NativeTiles/Tiles/Wood_03.asset using Guid(c3bcb72229766ae4ba2dd032011e21c9) Importer(Primary)  -> (artifact id: '016461e8e3d3be31fde7baaa16d98f09') in 0.001898 seconds
Start importing Assets/NativeTiles/Tiles/Wood_12.asset using Guid(c451ef80a9f39ba4da5780575af3dc10) Importer(Primary)  -> (artifact id: 'a8f8c6419695bd05969c3d376387e882') in 0.001524 seconds
Start importing Assets/NativeTiles/Tiles/Wood_24.asset using Guid(e4d51ee6f85b32544997a9df54e75106) Importer(Primary)  -> (artifact id: '97b2082754bc0b902667130213f8bbf3') in 0.001838 seconds
Start importing Assets/NativeTiles/Tiles/Ground_diban_lv_ye2.asset using Guid(353ec887acd6a674e82f181157e36bae) Importer(Primary)  -> (artifact id: '56bd2c5cf16da205ccfa12820cdf2fb7') in 0.001587 seconds
Start importing Assets/NativeTiles/Tiles/Wood_63.asset using Guid(b58b7946c3e5ca549ae364b6c4cf9e8a) Importer(Primary)  -> (artifact id: '21de4bb5b0581d4f0885f33f0fea0c88') in 0.001729 seconds
Start importing Assets/NativeTiles/Tiles/Wood_20.asset using Guid(6603775feaca1b646b3912c0230d54c2) Importer(Primary)  -> (artifact id: '149178b9828db53997f51debe2a56678') in 0.001919 seconds
Start importing Assets/NativeTiles/Tiles/Wood_27.asset using Guid(c658816e121e7834ca7a14606ccbd731) Importer(Primary)  -> (artifact id: '18a8c4d5c8dd5e453527292bc8da5e02') in 0.001546 seconds
Start importing Assets/NativeTiles/Tiles/Wood_50.asset using Guid(1771821e90b909d4caa5426ba0fe2d24) Importer(Primary)  -> (artifact id: '3c6f5b16cd04c3106e17e3bb3c68d7f0') in 0.001879 seconds
Start importing Assets/NativeTiles/Tiles/Wood_14.asset using Guid(27bcacd13da0e7f4ba9ce3738b7daf8e) Importer(Primary)  -> (artifact id: '2cf871932e4c425c9c82239c4b78ee7b') in 0.001580 seconds
Start importing Assets/NativeTiles/Tiles/Wood_47.asset using Guid(8763c5c1949e00747b7944fd0f5fb594) Importer(Primary)  -> (artifact id: '1d74cb99b5374e2d77e0ecd1a59dac32') in 0.002159 seconds
Start importing Assets/NativeTiles/Tiles/Wood_29.asset using Guid(8744caec750865a41817d3d004b647a3) Importer(Primary)  -> (artifact id: '45bf7d8dc1d0bee7ba26998f20afffa6') in 0.002074 seconds
Start importing Assets/Resources/DOTweenSettings.asset using Guid(973cb0a73b49e4748a07a7c2af0ec61b) Importer(Primary)  -> (artifact id: '01fe4cb2e8dc7d2cd6a8655d9682f1e5') in 0.001753 seconds
Start importing Assets/NativeTiles/Tiles/Wood_16.asset using Guid(e70520bc3d39d6b439c87e5ef7dce996) Importer(Primary)  -> (artifact id: 'cd313b25d1250f0f93dff47c48b80ee1') in 0.001989 seconds
Start importing Assets/NativeTiles/Tiles/Wood_13.asset using Guid(e7a927c6a87e8af469184de2075f106a) Importer(Primary)  -> (artifact id: 'a7eea42c8e9e5e0a14dd42ab303ac6cb') in 0.001700 seconds
Start importing Assets/NativeTiles/Tiles/Wood_28.asset using Guid(f7c2b801afdd81749850fe3d5ef29a5f) Importer(Primary)  -> (artifact id: '492ed4474217ebc2a6297233c15fd7de') in 0.002036 seconds
Start importing Assets/NativeTiles/Tiles/Wood_36.asset using Guid(18227d59acb93074aabe67160cbced15) Importer(Primary)  -> (artifact id: '6292ea2b2ab4830873c44fb99ea1654e') in 0.001494 seconds
Start importing Assets/NativeTiles/Tiles/Wood_41.asset using Guid(780ebcea4eaee654e8a101bd628be90f) Importer(Primary)  -> (artifact id: '67cd92f1773ad3087b9a24e88352012a') in 0.001544 seconds
Start importing Assets/NativeTiles/Tiles/Wood_31.asset using Guid(8811784411821ef47850d57206c1c4c2) Importer(Primary)  -> (artifact id: '4bd7fce37c9e1171dccc4b9e02543170') in 0.001596 seconds
Start importing Assets/NativeTiles/Tiles/Wood_58.asset using Guid(29c375cdb35306845abf077a05a7e2ca) Importer(Primary)  -> (artifact id: 'bfb8e505a41fbf331a7677168c4017f1') in 0.001926 seconds
Start importing Assets/NativeTiles/Tiles/Ground_diban_lv.asset using Guid(290b878facf07ea43a309642d98093d3) Importer(Primary)  -> (artifact id: '71bbdb5a3780a8560249efce34a06818') in 0.001634 seconds
Start importing Assets/NativeTiles/Tiles/Wood_40.asset using Guid(999c6de54d1013c4b880b78d52787f80) Importer(Primary)  -> (artifact id: '53a5c1f2b8d5ec8601c0e8ef7b4acc8a') in 0.001475 seconds
Start importing Assets/NativeTiles/Tiles/Wood_60.asset using Guid(a9aae784910e93c4599f52b6d599d9ac) Importer(Primary)  -> (artifact id: 'fb58d1664a8b6a4ad0f803ca125d342d') in 0.001740 seconds
Start importing Assets/NativeTiles/Tiles/Wood_32.asset using Guid(c951e4905c9f90848ae3808d6ee3feb5) Importer(Primary)  -> (artifact id: 'c51af402e0b986caad34c55a455e2c01') in 0.001796 seconds
Start importing Assets/NativeTiles/Tiles/Wood_44.asset using Guid(0a961ef9eb518fb41b9cc67a30369bc8) Importer(Primary)  -> (artifact id: 'a992947d771a7d8f5803d12398e93dec') in 0.001531 seconds
Start importing Assets/NativeTiles/Tiles/Wood_22.asset using Guid(0a676cb0d5f85f049b996302f2ead98d) Importer(Primary)  -> (artifact id: '793049cac9de5f604b7d5ad1df33a1bd') in 0.001806 seconds
Start importing Assets/NativeTiles/Tiles/Wood_38.asset using Guid(5a07f3d0536465e4bbf95a2e0ac70be7) Importer(Primary)  -> (artifact id: '3ca30bd1a27330fd4b9b586d2fc3b03d') in 0.001464 seconds
Start importing Assets/NativeTiles/Tiles/Wood_54.asset using Guid(5ad9046f7c9e4be47a343fdf127f1208) Importer(Primary)  -> (artifact id: '31b6252281e1deafa469e84aaccd67f3') in 0.001819 seconds
Start importing Assets/NativeTiles/Tiles/Wood_49.asset using Guid(7a29ce7cef1557b41b3064eeb4a5f1cb) Importer(Primary)  -> (artifact id: 'a4466c022536303565d4e5675a5002d4') in 0.001889 seconds
Start importing Assets/NativeTiles/Tiles/Wood_23.asset using Guid(ea14d9fb2036dd34d86b1a37f412dd52) Importer(Primary)  -> (artifact id: 'abf6804dd5b1e78ca65d02f8db56e86a') in 0.001803 seconds
Start importing Assets/NativeTiles/Tiles/Wood_48.asset using Guid(1bb7e71ce9079854887cfc41308d09cd) Importer(Primary)  -> (artifact id: 'd0117045719be161ef3665dccb993758') in 0.002079 seconds
Start importing Assets/NativeTiles/Tiles/Wood_26.asset using Guid(1b8996b338f9cc14a93df9b2204b48d6) Importer(Primary)  -> (artifact id: '256b3f2a63fbcf03e5595fec215eaac6') in 0.001932 seconds
Start importing Assets/NativeTiles/Tiles/Wood_06.asset using Guid(dbcba50179351414baa8c78a08e90fcc) Importer(Primary)  -> (artifact id: '31de198b29144c471bdc615179d9ccbf') in 0.001654 seconds
Start importing Assets/NativeTiles/Tiles/Wood_33.asset using Guid(acb08f0019c636d47a6be03a1266ed90) Importer(Primary)  -> (artifact id: 'b4bcb7455a23a4936b8a60867a562bca') in 0.001735 seconds
Start importing Assets/NativeTiles/Tiles/Wood_62.asset using Guid(acd133970a3db0f4d84d8392d8b95b2c) Importer(Primary)  -> (artifact id: '5ebb8eb72cd709ca5d73a159c990389b') in 0.001941 seconds
Start importing Assets/NativeTiles/Tiles/Wood_07.asset using Guid(ac06dc881dc9ffa46b032b444a166d4e) Importer(Primary)  -> (artifact id: '7b13c94b03563f390e4ba5f4d4efa011') in 0.001469 seconds
Start importing Assets/NativeTiles/Tiles/Wood_17.asset using Guid(dcc4e1a9725a8074c88e06f97514c8aa) Importer(Primary)  -> (artifact id: '7d56ce1d9caa5e413f3b450ec776e9d7') in 0.001726 seconds
Start importing Assets/NativeTiles/Tiles/Wood_56.asset using Guid(1d58254438241b14089c2655155d1999) Importer(Primary)  -> (artifact id: '702db2854797fffdbeccfd4311fdd9b0') in 0.002080 seconds
Start importing Assets/NativeTiles/Tiles/Wood_51.asset using Guid(5d406d6308e6ea94e82903a4a831bb89) Importer(Primary)  -> (artifact id: '4fdf1e0cb9cdffc2ad2e8d7aafe09f47') in 0.001901 seconds
Start importing Assets/NativeTiles/Tiles/Wood_30.asset using Guid(7d8686f91ea609b41af3aa7d651b6325) Importer(Primary)  -> (artifact id: '2dbec8a5b0b9203bc513619e97a88d31') in 0.001532 seconds
Start importing Assets/NativeTiles/Tiles/Wood_53.asset using Guid(8d7ae5821e549e64cb6e933f3f4b92a9) Importer(Primary)  -> (artifact id: '4e69943efe30007257f66b178b5969d1') in 0.001944 seconds
Start importing Assets/NativeTiles/Tiles/Wood_01.asset using Guid(9d64658f84c67774d8b26399689e23f2) Importer(Primary)  -> (artifact id: '952e122435ca9d361bc6f2098d9386a1') in 0.001790 seconds
Start importing Assets/NativeTiles/Tiles/Ground_diban_lv_ye3.asset using Guid(bd0bc73f0a2c13d4a87ce64ef4b2c76b) Importer(Primary)  -> (artifact id: 'db344c8088136e167ec7c80cbf77ac0a') in 0.001585 seconds
Start importing Assets/NativeTiles/Tiles/Wood_02.asset using Guid(cd53b848a6f3f8e4b9f13c61945ad79b) Importer(Primary)  -> (artifact id: '401fa513e8373b1967d3b461e7f3e11a') in 0.001500 seconds
Start importing Assets/NativeTiles/Tiles/Wood_10.asset using Guid(1eee57bfe6803784f8604c6c47bc8929) Importer(Primary)  -> (artifact id: '71a05a941f211cdd0adbb0f46799fc83') in 0.001517 seconds
Start importing Assets/NativeTiles/Tiles/Wood_37.asset using Guid(2ec45ee10f53f7048b84397f4360f0da) Importer(Primary)  -> (artifact id: '3180aa93b710a97a05167ddad1d43f8e') in 0.001522 seconds
Start importing Assets/NativeTiles/Tiles/Wood_57.asset using Guid(5eeda1a92b5101c4fabde2ed59aab7ff) Importer(Primary)  -> (artifact id: '21f29ddabb5c9d9ae94e564bec4be0b2') in 0.001863 seconds
Start importing Assets/NativeTiles/Tiles/Wood_42.asset using Guid(9e640792df2f530409df50b253d851c0) Importer(Primary)  -> (artifact id: '5218d20307366d1adc4b02506df1c5f2') in 0.001787 seconds
Start importing Assets/NativeTiles/Tiles/Wood_04.asset using Guid(9ed5f97371219c84c80b5b778fd24c21) Importer(Primary)  -> (artifact id: '9961e3310aee3431a7d243c93e13c3a3') in 0.001823 seconds
Start importing Assets/NativeTiles/Tiles/Wood_25.asset using Guid(0f8eb25ab2bfffd46b002c890395fc80) Importer(Primary)  -> (artifact id: 'a57da2d4e8a523d6b3ac87f8f7d783e1') in 0.001854 seconds
Start importing Assets/NativeTiles/Tiles/Wood_61.asset using Guid(1f483472e5604a84ca1ee1eba90e8638) Importer(Primary)  -> (artifact id: 'b51ec4bb1e4e0de970ffe9f8ab18e305') in 0.002129 seconds
Start importing Assets/NativeTiles/Tiles/Wood_45.asset using Guid(2f77f020c6467a64b8f4a7f0ea0d9d52) Importer(Primary)  -> (artifact id: '9bd75f216e44ee9750f091d21cf27bfa') in 0.001690 seconds
Start importing Assets/NativeTiles/Tiles/Wood_43.asset using Guid(6f2d4334fa6bb4d43888e5e9b1c1bbb2) Importer(Primary)  -> (artifact id: 'f479f0704d3c6007b0ae26ce780c7f46') in 0.001508 seconds
Start importing Assets/NativeTiles/Tiles/Wood_11.asset using Guid(bf48c66ae97981a42b05a55aa800750a) Importer(Primary)  -> (artifact id: '85d3ce0f002a665f5cfcc4842a50a60a') in 0.001442 seconds
Start importing Assets/Resources/Maps/Scenes/Scene 77.prefab using Guid(001140e4e13725d42af9b63a6dda9aaf) Importer(Primary)  -> (artifact id: 'fa788ded2acc636f945a53e26f377f8a') in 0.004709 seconds
Start importing Assets/Resources/Maps/Scenes/Scene 60.prefab using Guid(101a38abaff153249850e8f39b3fbe7c) Importer(Primary)  -> (artifact id: 'aef9601e5e989f174bfa01aaee610300') in 0.004154 seconds
Start importing Assets/Resources/Maps/Scenes/Scene 13.prefab using Guid(204b4fc5b807b824db0b60d5432261c4) Importer(Primary)  -> (artifact id: '0c27797ce6103f8a40c790b008dd6c98') in 0.003386 seconds
Start importing Assets/Resources/Maps/Scenes/Scene 21.prefab using Guid(305d322627149a64c8d7cbf403e00bf7) Importer(Primary)  -> (artifact id: '8e0c3eca36fdff7f14fe9a15b2cd3202') in 0.003534 seconds
Start importing Assets/Resources/Maps/Scenes/Scene 84.prefab using Guid(305ec9d8c7f5e2f43bf31a2a78da0119) Importer(Primary)  -> (artifact id: 'e810b27640045841be58f5b433b5c149') in 0.004167 seconds
Start importing Assets/Resources/Maps/Scenes/Scene 73.prefab using Guid(405fc9139c7348e4990d9b056e6ffa64) Importer(Primary)  -> (artifact id: '0efe4009e992f9b41fa6a386cd400f99') in 0.003964 seconds
Start importing Assets/Resources/Maps/Scenes/Scene 41.prefab using Guid(60b55710cd203f64b9effee886e4432d) Importer(Primary)  -> (artifact id: '9e48d9506d01099ebdf174a0ca473935') in 0.004040 seconds
Start importing Assets/Resources/Maps/Scenes/Scene 88.prefab using Guid(90660aaeee46b384aa32bed1d7a7ef1e) Importer(Primary)  -> (artifact id: 'a1d329acfcbfef8efde586db7eae2e77') in 0.003148 seconds
Start importing Assets/Resources/Maps/Scenes/Scene 44.prefab using Guid(0147f4b55055ddf4a9e48e6d9e3c4797) Importer(Primary)  -> (artifact id: '49c731d287302d248a4866aadf4dbde8') in 0.003578 seconds
Start importing Assets/Resources/Maps/Scenes/Scene 90.prefab using Guid(01d7e605a5b79704ba885adc1966da05) Importer(Primary)  -> (artifact id: 'e6c073aaf6ce51dface621350eb73da0') in 0.003860 seconds
Start importing Assets/Prefabs/shitou.prefab using Guid(215a33d365c2da5468601ff5bb06a12c) Importer(Primary)  -> (artifact id: 'e36295cd76296c1a01d17d1f74b4870b') in 0.002484 seconds
Start importing Assets/Resources/Maps/Scenes/Scene 59.prefab using Guid(211d202583d01934f98e69726f042b4f) Importer(Primary)  -> (artifact id: '49504ca00c941d0ae015b8b470379522') in 0.003571 seconds
Start importing Assets/Resources/Maps/Scenes/Scene 26.prefab using Guid(4130153691c48d943916562a58b18703) Importer(Primary)  -> (artifact id: 'daee92a057537c0dbcad76c5051c978e') in 0.003927 seconds
Start importing Assets/Resources/Maps/Scenes/Scene 43.prefab using Guid(51f2b86cb66477842a1fc748210bc143) Importer(Primary)  -> (artifact id: 'e59ed9ae394b4273c3e21c07d9447bba') in 0.003587 seconds
Start importing Assets/Resources/Maps/Scenes/Scene 76.prefab using Guid(6170b5f67bd32de488b39afcb1c9b828) Importer(Primary)  -> (artifact id: '9c3f0b17f0d31084c5965aa5a9b707cb') in 0.003816 seconds
Start importing Assets/Resources/Maps/Scenes/Scene 18.prefab using Guid(81d189f363c69c2419b96e807033eb59) Importer(Primary)  -> (artifact id: '0bb38b7d2a1fe654c184642b1b74fe82') in 0.003369 seconds
Start importing Assets/Resources/Maps/Scenes/Scene 87.prefab using Guid(81c4f3e5e07be0d43b1a61c7146e8b3e) Importer(Primary)  -> (artifact id: '554edaebf34dab8671491844b5a89f9a') in 0.003772 seconds
Start importing Assets/Prefabs/diban_lv_ye1.prefab using Guid(91468decab6751a45ae6c3d53ce65d38) Importer(Primary)  -> (artifact id: '0aea3687bbb5d1f4cf652a7161c4d0be') in 0.002193 seconds
Start importing Assets/Resources/Maps/Scenes/Scene 95.prefab using Guid(32d8a2d9dda57304a9b6739015180122) Importer(Primary)  -> (artifact id: '5ba5cd8baa37eca57bc4c2c99d58c612') in 0.003921 seconds
Start importing Assets/Resources/Maps/Scenes/Scene 45.prefab using Guid(72e4f504cb8a3f74f9c6d9576a771cfb) Importer(Primary)  -> (artifact id: '9216dc2456400e8dba5b209667ec7377') in 0.004189 seconds
Start importing Assets/Resources/Maps/Scenes/Scene 66.prefab using Guid(92e5901fe2699ad43b366aba9c1392b9) Importer(Primary)  -> (artifact id: '70cb07754ebcacc47382ef218fc6e615') in 0.003524 seconds
Start importing Assets/Resources/Maps/Scenes/Scene.prefab using Guid(03a7ab38b2c7ff24f89f34e8f09d849c) Importer(Primary)  -> (artifact id: '9221a8906c398c6dd0e5744666473002') in 0.002920 seconds
Start importing Assets/Resources/Maps/Scenes/Scene 48.prefab using Guid(33685eb5fedf8544a9fed02965edd67f) Importer(Primary)  -> (artifact id: 'bfbacec909d6a0f2acf2bb0ca326cae8') in 0.003461 seconds
Start importing Assets/Resources/Maps/Scenes/Scene 96.prefab using Guid(337af5ed36271884ea4579896b674bca) Importer(Primary)  -> (artifact id: 'f2d9b4fdcd85cdf2acab7c599d1fc386') in 0.003831 seconds
Start importing Assets/Resources/Maps/Scenes/Scene 54.prefab using Guid(63b6cb05419e38c428c838fafa54adfe) Importer(Primary)  -> (artifact id: '59e192b4e78969eda609870c927d34c4') in 0.004134 seconds
Start importing Assets/Resources/Maps/Scenes/Scene 17.prefab using Guid(83a8695db7a874e419390cb9913ca653) Importer(Primary)  -> (artifact id: '501b1d3c818505a19ca1121d77fca156') in 0.003504 seconds
Start importing Assets/Resources/Maps/Scenes/Scene 74.prefab using Guid(c3303b8f85a801d4d8a6cebf0a60b8a4) Importer(Primary)  -> (artifact id: '439aa5a6f019eee0939e5c5e29fc45bb') in 0.003400 seconds
Start importing Assets/Resources/Maps/Scenes/Scene 47.prefab using Guid(d35748159607b3848bfbc80fd941b8cf) Importer(Primary)  -> (artifact id: '9b1b23657df52af40bb36efb97e477b1') in 0.004274 seconds
Start importing Assets/Resources/Maps/Scenes/Scene 68.prefab using Guid(e37c1039bf25f1a44bcaf388b312f2f7) Importer(Primary)  -> (artifact id: '58243f7ea701dfb5bdb9418a4c6c9217') in 0.003764 seconds
Start importing Assets/Resources/Maps/Scenes/Scene 9.prefab using Guid(e38f9b8b9624b144693c3b612e1d5776) Importer(Primary)  -> (artifact id: '565c81080a2f01bc03500af0dfecd7c8') in 0.004005 seconds
Start importing Assets/Resources/Maps/Scenes/Scene 36.prefab using Guid(0444911d003de7546806c023b54616f4) Importer(Primary)  -> (artifact id: 'ec45ac8b040df2f4234c94ea7702e6c9') in 0.003427 seconds
Start importing Assets/Resources/Maps/Scenes/Scene 24.prefab using Guid(24ba36403fff5af47972fcb688f1c806) Importer(Primary)  -> (artifact id: '1b2b34f16559e5b08a714ae94395bea0') in 0.004116 seconds
Start importing Assets/Resources/Maps/Scenes/Scene 57.prefab using Guid(44f8fe7b48bdff947b36e396da6200be) Importer(Primary)  -> (artifact id: '9bfa759f48953bdb7288461a37bf24c1') in 0.003876 seconds
Start importing Assets/Resources/Maps/Scenes/Scene 42.prefab using Guid(549e744b64c3f314bb93bc6cfa44025c) Importer(Primary)  -> (artifact id: 'd18d09f2454842df5a657ced2748e55f') in 0.003552 seconds
Start importing Assets/Prefabs/mutou2.prefab using Guid(64e0c38cc9a6b8240a135f5fc6a9bbaf) Importer(Primary)  -> (artifact id: 'fdafd81fecf607d8066630aaa45bc28b') in 0.002555 seconds
Start importing Assets/Resources/Maps/Scenes/Scene 50.prefab using Guid(94c6e014c92ca464c9e9f870eedc2020) Importer(Primary)  -> (artifact id: '514f5ad112fcc08c3b4fa68763dc9a8e') in 0.003606 seconds
Start importing Assets/Resources/Maps/Scenes/Scene 97.prefab using Guid(b4263c82b14d17f4ea08b412764af741) Importer(Primary)  -> (artifact id: 'de0818b98071c804e2d1b401e1297ebf') in 0.003498 seconds
Start importing Assets/Prefabs/houseGray.prefab using Guid(b46770d638645e645ae9e9c5cb90ab18) Importer(Primary)  -> (artifact id: '854bfc3d4faabf36f90be58b77060bd8') in 0.002243 seconds
Start importing Assets/Resources/Maps/Scenes/Scene 93.prefab using Guid(0513a210fe941044f854c4f40110429d) Importer(Primary)  -> (artifact id: '214ed92263beac5cee7c99012169056a') in 0.003312 seconds
Start importing Assets/Resources/Maps/Scenes/Scene 37.prefab using Guid(05cb6058ea081a544b9cfa2e2e54cc81) Importer(Primary)  -> (artifact id: 'd7b30fce6f187695532071126040ecc6') in 0.004052 seconds
Start importing Assets/Resources/Maps/Scenes/Scene 39.prefab using Guid(157e1da89eed02743887682b3ee63086) Importer(Primary)  -> (artifact id: '1951600c72c94e25df616b897f673cb0') in 0.003917 seconds
Start importing Assets/Resources/Maps/Scenes/Scene 98.prefab using Guid(2585e7f87830b904ca585475b5a171ad) Importer(Primary)  -> (artifact id: 'afd4a4c0bdee17e498c1bb2577b2cffe') in 0.003191 seconds
Start importing Assets/Prefabs/houseGrayAlt.prefab using Guid(c525bfb305c1be54a9c21da839dc3737) Importer(Primary)  -> (artifact id: '4c93e84669c6927349008de025d06273') in 0.002436 seconds
Start importing Assets/Resources/Maps/Scenes/Scene 83.prefab using Guid(26c2b01e2bb91e64cbd4ea78c472275e) Importer(Primary)  -> (artifact id: 'da34bba2e1f6dbd7f317d82395e4245c') in 0.003637 seconds
Start importing Assets/Resources/Maps/Scenes/Scene 33.prefab using Guid(36010cc75136c2f498ffe277ce382966) Importer(Primary)  -> (artifact id: '6bd1f1697146c31595081c5736961f25') in 0.003320 seconds
Start importing Assets/Resources/Maps/Scenes/Scene 14.prefab using Guid(468718e066cee0f48930ae274e6cfde2) Importer(Primary)  -> (artifact id: '355540c4513dfd34e3ec14d0b7ed0514') in 0.003871 seconds
Start importing Assets/Resources/Maps/Scenes/Scene 29.prefab using Guid(56c53d4cb807f9d4486bc2fa5d1c12e6) Importer(Primary)  -> (artifact id: 'ee938b120288ef237991d269af7cf9b8') in 0.003509 seconds
Start importing Assets/Prefabs/diban_lv_ye3.prefab using Guid(66a410c1912e8de4596ab9438490632d) Importer(Primary)  -> (artifact id: '6b4e52c22379f2b5374a378d8d99450f') in 0.002400 seconds
Start importing Assets/Resources/Maps/Scenes/Scene 12.prefab using Guid(865e74ec313f87242b2bc8c23f5f70be) Importer(Primary)  -> (artifact id: '736e358800fe274c700fda17d59c9f72') in 0.003871 seconds
Start importing Assets/Resources/Maps/Scenes/Scene 27.prefab using Guid(b6b507bdc66992840be4cc53f281d903) Importer(Primary)  -> (artifact id: '225657680c3e8dc87a09fe68ba3ccaaa') in 0.003600 seconds
Start importing Assets/Resources/Maps/Scenes/Scene 35.prefab using Guid(c63459d72a61a5346bd5077659953d77) Importer(Primary)  -> (artifact id: '52b4886735f2c0bc0e1b83390d750d47') in 0.003776 seconds
Start importing Assets/Resources/Maps/Scenes/Scene 71.prefab using Guid(f64615f61181afc42b177f8bc43bdc55) Importer(Primary)  -> (artifact id: 'c3e12197061ef5dc5cea8acb3fba44ee') in 0.003996 seconds
Start importing Assets/Resources/Maps/Scenes/Scene 92.prefab using Guid(f6c70cafd8f0a084da75afe81cffabb3) Importer(Primary)  -> (artifact id: '94434826d7b68e4663efd88c0fc4edbc') in 0.003424 seconds
Start importing Assets/Resources/Maps/Scenes/Scene 58.prefab using Guid(07dd1094aefae444a9e9c3097226c53c) Importer(Primary)  -> (artifact id: '0585f426b5027030801373c690ff6a8b') in 0.003629 seconds
Start importing Assets/Resources/Maps/Scenes/Scene 30.prefab using Guid(27735480aa6ddc141b6415ddf2b670c5) Importer(Primary)  -> (artifact id: '8d9a332a44194e9d91849752d890d3a5') in 0.003751 seconds
Start importing Assets/Prefabs/diban_lv_ye2.prefab using Guid(477667542cdd23c48b650c54d1f4009a) Importer(Primary)  -> (artifact id: '2bc33ac52923dbf8a8682a5dd1d01622') in 0.002169 seconds
Start importing Assets/Resources/Maps/Scenes/Scene 31.prefab using Guid(77f3f91ee76e1064abb180931b328b3c) Importer(Primary)  -> (artifact id: '4c73e71b420d35e9bd4208bc96ee61d1') in 0.004160 seconds
Start importing Assets/Prefabs/houseGrayAlt2.prefab using Guid(87345c567ec4d824fbb836bc3bf3f3b3) Importer(Primary)  -> (artifact id: '6e4589420431d52fef3e133190bc364c') in 0.002421 seconds
Start importing Assets/Resources/Maps/Scenes/Scene 85.prefab using Guid(87b6b4cc649ef184aa53ce1755f94e16) Importer(Primary)  -> (artifact id: 'dcebbba57c1c4346902228f9e2ce1d5b') in 0.004192 seconds
Start importing Assets/Prefabs/mutou.prefab using Guid(87a756fc5aaf979459083655cf29f020) Importer(Primary)  -> (artifact id: '3110b02b372bd595d699015fa2d63ae3') in 0.002098 seconds
Start importing Assets/Resources/Maps/Scenes/Scene 19.prefab using Guid(e71ac66f827c1ad4b8ec87460873c233) Importer(Primary)  -> (artifact id: '009ab9177cc8eb38b5c9399fa5b783c8') in 0.003502 seconds
Start importing Assets/Resources/Maps/Scenes/Scene 1.prefab using Guid(e73a640d8fdb5754ba407bef13151cb9) Importer(Primary)  -> (artifact id: 'e8068e6dcf70230eda5effa70b405bc7') in 0.003935 seconds
Start importing Assets/Prefabs/hero_blue.prefab using Guid(08473387bf030ea44b5626f35f10a2fd) Importer(Primary)  -> (artifact id: 'a1b34b97d8b5ebaad579f72e4b7a2d7e') in 0.002246 seconds
Start importing Assets/Resources/Maps/Scenes/Scene 25.prefab using Guid(18138cb2cd6f07047b01d6f4850d1dac) Importer(Primary)  -> (artifact id: 'f607a7a8fe65276305b9ee605160f597') in 0.004006 seconds
Start importing Assets/Prefabs/xin.prefab using Guid(18aa61c3d57d52f4c80ca6e0615b9973) Importer(Primary)  -> (artifact id: 'cf4735b6320eeddb8b10b04eb0947c4f') in 0.002190 seconds
Start importing Assets/Prefabs/hero_red.prefab using Guid(383536b82fb6a1c498dcea7423c75cf3) Importer(Primary)  -> (artifact id: 'b1e1f3bbc940a5fe161d03cde69b66ac') in 0.002273 seconds
Start importing Assets/Prefabs/diban_hong.prefab using Guid(582c1f263b4b6ed45bba041363bbd54f) Importer(Primary)  -> (artifact id: 'e228a58b8dcf4fe318043186a8d8fe88') in 0.001955 seconds
Start importing Assets/Resources/Maps/Scenes/Scene 94.prefab using Guid(68193b1039ef59142aee68960b61c684) Importer(Primary)  -> (artifact id: 'bf0f3009fef819a4476bea7252545b5e') in 0.003527 seconds
Start importing Assets/Resources/Maps/Scenes/Scene 49.prefab using Guid(888af68bb30ec3c458948a5a620295ff) Importer(Primary)  -> (artifact id: '06847305e6e6945703351cb2fe153579') in 0.003748 seconds
Start importing Assets/Resources/Maps/Scenes/Scene 63.prefab using Guid(a83653ef30d95ab49b550637e2d67b56) Importer(Primary)  -> (artifact id: 'a94a22754ad579b67448a5d9a7f84eb2') in 0.003306 seconds
Start importing Assets/Resources/Maps/Scenes/Scene 80.prefab using Guid(b8101315e7a08234a97ae76edcd272c5) Importer(Primary)  -> (artifact id: '7806d899a28b647cdadb3d80fdaf735c') in 0.003933 seconds
Start importing Assets/Resources/Maps/Scenes/Scene 22.prefab using Guid(c8c3467514df2234998cc06ae4d03753) Importer(Primary)  -> (artifact id: 'dea227b44b35915d96765dfd0f0552e3') in 0.004090 seconds
Start importing Assets/Resources/Maps/Scenes/Scene 34.prefab using Guid(f81d7c42d75bb7f4fa87bfac62f27020) Importer(Primary)  -> (artifact id: 'c2dc0a197d5a081e727e1b9b66388e00') in 0.003625 seconds
Start importing Assets/Prefabs/shu2.prefab using Guid(09437fe41598d7d428145abac7f4d2bc) Importer(Primary)  -> (artifact id: 'bc862829ac826deee78f5bddd8660e53') in 0.002344 seconds
Start importing Assets/Resources/Maps/Scenes/Scene 99.prefab using Guid(3970da5cd9445534984fc33f62cef000) Importer(Primary)  -> (artifact id: '6c5da5f28b1a295e484f0acb89c49519') in 0.003708 seconds
Start importing Assets/Prefabs/diban_huang.prefab using Guid(a95ca9efc2ba51f47948b58b1d41fdda) Importer(Primary)  -> (artifact id: '40df8491478f10654b272365bc6318ba') in 0.002222 seconds
Start importing Assets/Resources/Maps/Scenes/Scene 52.prefab using Guid(b9927feacdd11074b96a87f65c8f3243) Importer(Primary)  -> (artifact id: '6aa7371e117cbc5bf6bc05f7455b72c4') in 0.003807 seconds
Start importing Assets/Resources/Maps/Scenes/Scene 8.prefab using Guid(b974ad3d1bc1ab44cbc2164f45469ee0) Importer(Primary)  -> (artifact id: '184bf4bd16ef8db73c40cc17cf62a7b1') in 0.003296 seconds
Start importing Assets/Resources/Maps/Scenes/Scene 82.prefab using Guid(d91a658988a80f04eb77cd9847975ce9) Importer(Primary)  -> (artifact id: '5f1e29f96de2cc07dd20c0b280a65945') in 0.003871 seconds
Start importing Assets/Resources/Maps/Scenes/Scene 53.prefab using Guid(e944776ed484edd44b534c9b6b90bd67) Importer(Primary)  -> (artifact id: 'bba1fabed3130977fea916e8b1f0eb17') in 0.003211 seconds
Start importing Assets/Resources/Maps/Scenes/Scene 51.prefab using Guid(2a35c4451c2b051419de41d941c140b0) Importer(Primary)  -> (artifact id: '0c29b81ba61dfd81a95920f910e9910f') in 0.003174 seconds
Start importing Assets/Resources/Maps/Scenes/Scene 72.prefab using Guid(4aa6c41446634244d88e23486d55fd2a) Importer(Primary)  -> (artifact id: '7ecead063c7aee0c0ce0de428df359bd') in 0.003755 seconds
Start importing Assets/Resources/Maps/Scenes/Scene 91.prefab using Guid(4a29bd3792ee3144fbf8429794bebf57) Importer(Primary)  -> (artifact id: 'add925fb4cc0dca68afeda123207e33e') in 0.003438 seconds
Start importing Assets/Resources/Maps/Scenes/Scene 81.prefab using Guid(9a75544628f2fe64ca748698d1cbe63d) Importer(Primary)  -> (artifact id: '659b786d230d1caf7b8c1fafdad5bb83') in 0.003908 seconds
Start importing Assets/Resources/Maps/Scenes/Scene 4.prefab using Guid(aa6b846ae9f794545b49484492f5e89d) Importer(Primary)  -> (artifact id: '7c1f3dd6d32cd2c3080cd3443f159229') in 0.003667 seconds
Start importing Assets/Resources/Maps/Scenes/Scene 89.prefab using Guid(eabd5e423ccfb934a9ada097d9f9396a) Importer(Primary)  -> (artifact id: '1959cb0f302b1d873dbfa248ac6401b4') in 0.003479 seconds
Start importing Assets/Resources/Maps/Scenes/Scene 46.prefab using Guid(9bc57c538f645cc4190ff14f35e652be) Importer(Primary)  -> (artifact id: 'f7e01d9cad975dd69a0e197aeff6b960') in 0.003610 seconds
Start importing Assets/Resources/Maps/Scenes/Scene 20.prefab using Guid(3ce38452c66b3fc46894e909c22ded8f) Importer(Primary)  -> (artifact id: '999dad51edd5a92559f25670190165a7') in 0.003359 seconds
Start importing Assets/Resources/Maps/Scenes/Scene 62.prefab using Guid(8c020c6c534df0e4881d38912ef14bfa) Importer(Primary)  -> (artifact id: 'f8df81096878b4d7034360903c407427') in 0.003739 seconds
Start importing Assets/Resources/Maps/Scenes/Scene 56.prefab using Guid(7d6c3b261c78fe4488d2789c90abcaf3) Importer(Primary)  -> (artifact id: '1d582c205da44de5643c1268bef5bc2b') in 0.003873 seconds
Start importing Assets/Resources/Maps/Scenes/Scene 86.prefab using Guid(8dbfd50070a1fda4494e85b5dfc89922) Importer(Primary)  -> (artifact id: '55e3bed69c7526668f2b41e1daff8f27') in 0.004002 seconds
Start importing Assets/Resources/Maps/Scenes/Scene 6.prefab using Guid(bdab0c2a62e14f44ebe17afb906a7470) Importer(Primary)  -> (artifact id: '4eb3e56ecf24954325de3101b1605b71') in 0.003587 seconds
Start importing Assets/Resources/Maps/Scenes/Scene 10.prefab using Guid(cd334ef1a08e84b469a62b591fbe2ea2) Importer(Primary)  -> (artifact id: '788384a1a4f330bdb0f4a142c6c85fba') in 0.003355 seconds
Start importing Assets/Prefabs/player_red.prefab using Guid(cd47c00a8da6e7c47929846b3ea5df1b) Importer(Primary)  -> (artifact id: 'ea97d344f05809612361d44296d80a70') in 0.001978 seconds
Start importing Assets/Resources/Maps/Scenes/Scene 69.prefab using Guid(cdb7a33bee77a1549931a5faf389b64b) Importer(Primary)  -> (artifact id: 'a104e2cf21488f05a5bdf64ed83628a6') in 0.003749 seconds
Start importing Assets/Prefabs/player_green.prefab using Guid(dd1785e5a4ad3784790021a6cc0b5903) Importer(Primary)  -> (artifact id: '2dc2a2546962ed2515ecf5587634f9a9') in 0.002466 seconds
Start importing Assets/Resources/Maps/Scenes/Scene 40.prefab using Guid(ed3086e0b1a7ae340836e145b01da658) Importer(Primary)  -> (artifact id: '5cbc861e1fd5bb03f5199d73e13a9037') in 0.003515 seconds
Start importing Assets/Resources/Maps/Scenes/Scene 38.prefab using Guid(ed98305d8eda0ba4ead1c638aea45ab3) Importer(Primary)  -> (artifact id: '4c9eb61a7f362646336d1b9d16714066') in 0.003467 seconds
Start importing Assets/Resources/Maps/Scenes/Scene 79.prefab using Guid(0ec810f15aca8a24999108099395ecf6) Importer(Primary)  -> (artifact id: '9e97d0b2ad38a38b5f5dc2a323dad83c') in 0.004132 seconds
Start importing Assets/Resources/Maps/Scenes/Scene 67.prefab using Guid(2ebf3c23f79282f4ea26f4f13447e5b6) Importer(Primary)  -> (artifact id: 'c759fdab44ff4bfd8ea2d6b21afd78b7') in 0.003558 seconds
Start importing Assets/Resources/Maps/Scenes/Scene 16.prefab using Guid(5e8907167b58a6a4cb5cdfac77c6983a) Importer(Primary)  -> (artifact id: '706e73fe689aa0c6343a2c296d5f7633') in 0.003899 seconds
Start importing Assets/Resources/Maps/Scenes/Scene 32.prefab using Guid(6e9ee2aa68a37c54686127a49b5fade0) Importer(Primary)  -> (artifact id: 'c6f8092605bcada4b847fc5a4bf10c5a') in 0.003797 seconds
Start importing Assets/Resources/Maps/Scenes/Scene 70.prefab using Guid(9e37d6f57b2f6884a8b382b20675a26e) Importer(Primary)  -> (artifact id: 'fb7fde06d5b0e215d84ae206b90e8227') in 0.003313 seconds
Start importing Assets/Resources/Maps/Scenes/Scene 5.prefab using Guid(ae19a82ab4d6ea642b9f181f7840633c) Importer(Primary)  -> (artifact id: '01b1962c26a6b0c99dec3e96ed33501f') in 0.003838 seconds
Start importing Assets/Resources/Maps/Scenes/Scene 65.prefab using Guid(cef08f8a3b82f8342a5ffc6e91d71fb5) Importer(Primary)  -> (artifact id: '3a342008f18d5f495f59bd79b5a13a39') in 0.003739 seconds
Start importing Assets/Resources/Maps/Scenes/Scene 64.prefab using Guid(cebbbdc08d6cded49b1f10f3f69b6b16) Importer(Primary)  -> (artifact id: '6ba893fc420da4c29bca35130be8d5ee') in 0.003824 seconds
Start importing Assets/Resources/Maps/Scenes/Scene 7.prefab using Guid(de8be27a2d4af514fb8e92091600ee75) Importer(Primary)  -> (artifact id: '8b686eb569909de44c3ecc5935bb0f1a') in 0.004094 seconds
Start importing Assets/Resources/Maps/Scenes/Scene 2.prefab using Guid(fe295932b9225734092291cf81886700) Importer(Primary)  -> (artifact id: 'ed0af43ffe36d23efda3e9a2c614f999') in 0.003838 seconds
Start importing Assets/Resources/Maps/Scenes/Scene 11.prefab using Guid(0fc5c50b209897a4ca58f49944ddf2cf) Importer(Primary)  -> (artifact id: 'e0e543c2f91dc507182fcebc6456c7f9') in 0.003921 seconds
Start importing Assets/Prefabs/diban_lv.prefab using Guid(2f372106614616a499defbbae679649d) Importer(Primary)  -> (artifact id: '3e34e358481f17df050bd0814d0fd556') in 0.002045 seconds
Start importing Assets/Resources/Maps/Scenes/Scene 55.prefab using Guid(3fdbbabf75afae5478cda800710ccd4c) Importer(Primary)  -> (artifact id: '5ec3f5058d7459aa1b2d569b5899d5b5') in 0.003848 seconds
Start importing Assets/Prefabs/shu.prefab using Guid(4f91f679bb468ad4985beee663648469) Importer(Primary)  -> (artifact id: '34649dd19bb8adf3860cea827f26f941') in 0.002015 seconds
Start importing Assets/Resources/Maps/Scenes/Scene 61.prefab using Guid(5fcf00f523fbf3847a3db85118761fc0) Importer(Primary)  -> (artifact id: '8d89fc8a45fab89f344618b96081abb4') in 0.003635 seconds
Start importing Assets/Resources/Maps/Scenes/Scene 28.prefab using Guid(6f76727a62c2b414cb49ff230c752754) Importer(Primary)  -> (artifact id: '21b8d0181e974a8b41c5ebb5273286e2') in 0.003122 seconds
Start importing Assets/Resources/Maps/Scenes/Scene 3.prefab using Guid(7f92f895e264b7f4492f806a36eddba5) Importer(Primary)  -> (artifact id: 'd5a6ff415c819ecc26930e618a91e15d') in 0.003398 seconds
Start importing Assets/Resources/Maps/Scenes/Scene 78.prefab using Guid(8f8402c8d8e8e644b86d70d351302cd0) Importer(Primary)  -> (artifact id: '026760157f16b6af02c055e93fdc3e0c') in 0.003697 seconds
Start importing Assets/Resources/Maps/Scenes/Scene 15.prefab using Guid(cf864461eb49fe34f92a68c88f852ad5) Importer(Primary)  -> (artifact id: '51e67caaa305a6bac09e00442bb55cdb') in 0.003743 seconds
Start importing Assets/Resources/Maps/Scenes/Scene 75.prefab using Guid(ef1eb1579b82f214aae0d031fa87a341) Importer(Primary)  -> (artifact id: '23d3f7e9546f65ce55fc90faa433390c') in 0.003755 seconds
Start importing Assets/Resources/Maps/Scenes/Scene 23.prefab using Guid(ff8139cf0e5806c49bff2906354cf973) Importer(Primary)  -> (artifact id: 'e1bc6c3e52eae803612de3908241d645') in 0.003400 seconds
Refreshing native plugins compatible for Editor in 0.00 ms, found 0 plugins.
Preloading 0 native plugins for Editor in 0.00 ms.
Asset Pipeline Refresh (id=9a13e6fd241a07644920ea22b3a05209): Total: 0.708 seconds - Initiated by StopAssetImportingV2(NoUpdateAssetOptions)
	Summary:
		Imports: total=203 (actual=203, local cache=0, cache server=0)
		Asset DB Process Time: managed=6 ms, native=695 ms
		Asset DB Callback time: managed=4 ms, native=1 ms
		Scripting: domain reloads=0, domain reload time=0 ms, compile time=0 ms, other=0 ms
		Project Asset Count: scripts=113, non-scripts=355
		Asset File Changes: new=0, changed=203, moved=0, deleted=0
		Scan Filter Count: 210
		OnDemandAssets Count:0
	InvokeBeforeRefreshCallbacks: 0.000ms
	ApplyChangesToAssetFolders: 0.022ms
	Scan: 17.761ms
	OnSourceAssetsModified: 0.206ms
	GetAllGuidsForCategorization: 0.015ms
	CategorizeAssets: 0.761ms
	ImportOutOfDateAssets: 679.315ms (-43.594ms without children)
		ImportManagerImport: 671.834ms (85.743ms without children)
			ImportInProcess: 585.644ms
			UpdateCategorizedAssets: 0.448ms
		ReloadNativeAssets: 5.476ms
		UnloadImportedAssets: 1.851ms
		ReloadImportedAssets: 43.670ms
		EnsureUptoDateAssetsAreRegisteredWithGuidPM: 0.029ms
		InitializingProgressBar: 0.004ms
		PostProcessAllAssetNotificationsAddChangedAssets: 0.004ms
		OnDemandSchedulerStart: 0.041ms
	PostProcessAllAssets: 4.131ms
	Hotreload: 1.174ms
	GatherAllCurrentPrimaryArtifactRevisions: 0.038ms
	UnloadStreamsBegin: 1.237ms
	PersistCurrentRevisions: 0.161ms
	UnloadStreamsEnd: 0.005ms
	Untracked: 3.306ms
Asset Pipeline Refresh (id=e80eff7339706ad4abc790cca7270466): Total: 0.012 seconds - Initiated by RefreshV2(NoUpdateAssetOptions)
Start importing Assets/NativeTiles/Textures/Wood_00.png using Guid(7d1e0020a83a10f4f95efcbd2b8b1449) Importer(Primary)  -> (artifact id: 'a4e4c28b8210272e28c79c3917bf2721') in 0.003155 seconds
Refreshing native plugins compatible for Editor in 0.00 ms, found 0 plugins.
Preloading 0 native plugins for Editor in 0.00 ms.
Asset Pipeline Refresh (id=f4ecf93297ecd094e84cae621d9ef98d): Total: 0.010 seconds - Initiated by StopAssetImportingV2(NoUpdateAssetOptions)
Start importing Assets/NativeTiles/Textures/Wood_01.png using Guid(a8b9d75127b8aae4589478be95924192) Importer(Primary)  -> (artifact id: 'be23f69d95bb01fb18de225b38271bdc') in 0.002072 seconds
Refreshing native plugins compatible for Editor in 0.00 ms, found 0 plugins.
Preloading 0 native plugins for Editor in 0.00 ms.
Asset Pipeline Refresh (id=5e23801027252b148aec39376ebfea65): Total: 0.006 seconds - Initiated by StopAssetImportingV2(NoUpdateAssetOptions)
Start importing Assets/NativeTiles/Textures/Wood_02.png using Guid(2f5e2586844f54c42b4ff327e8de6e14) Importer(Primary)  -> (artifact id: '1bc364d8ef089a1889eb046bb47b4707') in 0.001816 seconds
Refreshing native plugins compatible for Editor in 0.00 ms, found 0 plugins.
Preloading 0 native plugins for Editor in 0.00 ms.
Asset Pipeline Refresh (id=898c7628444a9b24294c5d781876e863): Total: 0.006 seconds - Initiated by StopAssetImportingV2(NoUpdateAssetOptions)
Start importing Assets/NativeTiles/Textures/Wood_03.png using Guid(f495f4de22db50b4fadd9d604e2607ca) Importer(Primary)  -> (artifact id: 'f69c69d468ee071e5a8100a2f8abc6d5') in 0.001795 seconds
Refreshing native plugins compatible for Editor in 0.00 ms, found 0 plugins.
Preloading 0 native plugins for Editor in 0.00 ms.
Asset Pipeline Refresh (id=c5fd9f47cd940c9468d0cb6e9d38b9ee): Total: 0.006 seconds - Initiated by StopAssetImportingV2(NoUpdateAssetOptions)
Start importing Assets/NativeTiles/Textures/Wood_04.png using Guid(73e1599e19718eb40bacc8fa9a4fc162) Importer(Primary)  -> (artifact id: '4f1409e840a0198695eccc23721f8a44') in 0.001741 seconds
Refreshing native plugins compatible for Editor in 0.00 ms, found 0 plugins.
Preloading 0 native plugins for Editor in 0.00 ms.
Asset Pipeline Refresh (id=d3bd0e62c7e8ade42b6d40089886adf6): Total: 0.005 seconds - Initiated by StopAssetImportingV2(NoUpdateAssetOptions)
Start importing Assets/NativeTiles/Textures/Wood_05.png using Guid(51edf60195cd7274e93e575b19b9a300) Importer(Primary)  -> (artifact id: '48dead2e230ca49db66ad2409523a703') in 0.001977 seconds
Refreshing native plugins compatible for Editor in 0.00 ms, found 0 plugins.
Preloading 0 native plugins for Editor in 0.00 ms.
Asset Pipeline Refresh (id=718ac7b8c53864f478871366f5017a8f): Total: 0.005 seconds - Initiated by StopAssetImportingV2(NoUpdateAssetOptions)
Start importing Assets/NativeTiles/Textures/Wood_06.png using Guid(1b230899976f68a4fb238187ceed2f48) Importer(Primary)  -> (artifact id: '93300e9a521d05ddfd7cc479c03c80e8') in 0.001914 seconds
Refreshing native plugins compatible for Editor in 0.00 ms, found 0 plugins.
Preloading 0 native plugins for Editor in 0.00 ms.
Asset Pipeline Refresh (id=cbb58ba8b303bd246bc9dee16bfaf2b0): Total: 0.006 seconds - Initiated by StopAssetImportingV2(NoUpdateAssetOptions)
Start importing Assets/NativeTiles/Textures/Wood_07.png using Guid(c78642e7f6ed0894eab58844e9ee6080) Importer(Primary)  -> (artifact id: 'b8b2f7ad3ce44b4bd7e6c776152925b4') in 0.001889 seconds
Refreshing native plugins compatible for Editor in 0.00 ms, found 0 plugins.
Preloading 0 native plugins for Editor in 0.00 ms.
Asset Pipeline Refresh (id=e6183d8c5795bf942bbd26cafdc76af8): Total: 0.006 seconds - Initiated by StopAssetImportingV2(NoUpdateAssetOptions)
Start importing Assets/NativeTiles/Textures/Wood_08.png using Guid(0b8ac4aeb87414743b05c701c25a1a6e) Importer(Primary)  -> (artifact id: 'cb7dfc84374f2d98f097bc299c115c9b') in 0.002016 seconds
Refreshing native plugins compatible for Editor in 0.00 ms, found 0 plugins.
Preloading 0 native plugins for Editor in 0.00 ms.
Asset Pipeline Refresh (id=5576bb9fe2bbfe748b0aa4c53d579dae): Total: 0.006 seconds - Initiated by StopAssetImportingV2(NoUpdateAssetOptions)
Start importing Assets/NativeTiles/Textures/Wood_09.png using Guid(52e6416ed1d39fe4b9682572948c7b38) Importer(Primary)  -> (artifact id: '63a99d42009472c170caefb45e05c735') in 0.001810 seconds
Refreshing native plugins compatible for Editor in 0.00 ms, found 0 plugins.
Preloading 0 native plugins for Editor in 0.00 ms.
Asset Pipeline Refresh (id=dc8930fc0e0df0d4db9f5cd1a6c563eb): Total: 0.005 seconds - Initiated by StopAssetImportingV2(NoUpdateAssetOptions)
Start importing Assets/NativeTiles/Textures/Wood_10.png using Guid(35985df024e5670439c729226dafccbf) Importer(Primary)  -> (artifact id: '609b2edbd663b8d44c523ca8f101644a') in 0.001808 seconds
Refreshing native plugins compatible for Editor in 0.00 ms, found 0 plugins.
Preloading 0 native plugins for Editor in 0.00 ms.
Asset Pipeline Refresh (id=83d1fa68d460ec8428a4b38b849669a5): Total: 0.006 seconds - Initiated by StopAssetImportingV2(NoUpdateAssetOptions)
Start importing Assets/NativeTiles/Textures/Wood_11.png using Guid(149da0097a08bd443bfdea1ef7746b37) Importer(Primary)  -> (artifact id: '847d8ffd977424a182f5ca3105c40195') in 0.001854 seconds
Refreshing native plugins compatible for Editor in 0.00 ms, found 0 plugins.
Preloading 0 native plugins for Editor in 0.00 ms.
Asset Pipeline Refresh (id=b0eac616917cb6b4cb0aa0bd8a46e0ad): Total: 0.006 seconds - Initiated by StopAssetImportingV2(NoUpdateAssetOptions)
Start importing Assets/NativeTiles/Textures/Wood_12.png using Guid(0ac8b960d55f93f4b81770523fc706df) Importer(Primary)  -> (artifact id: 'c171bd18cd48008e129874fd005bd434') in 0.001855 seconds
Refreshing native plugins compatible for Editor in 0.00 ms, found 0 plugins.
Preloading 0 native plugins for Editor in 0.00 ms.
Asset Pipeline Refresh (id=bdca615dba3dbc04194cc60d97158724): Total: 0.006 seconds - Initiated by StopAssetImportingV2(NoUpdateAssetOptions)
Start importing Assets/NativeTiles/Textures/Wood_13.png using Guid(aaf5a1ec56d2e154aa36a6cb6bf0be5f) Importer(Primary)  -> (artifact id: '13b9398dcb801caebca782a830fbcf6e') in 0.002050 seconds
Refreshing native plugins compatible for Editor in 0.00 ms, found 0 plugins.
Preloading 0 native plugins for Editor in 0.00 ms.
Asset Pipeline Refresh (id=0d1793a8ebb14ed46b7bcc18360362e1): Total: 0.006 seconds - Initiated by StopAssetImportingV2(NoUpdateAssetOptions)
Start importing Assets/NativeTiles/Textures/Wood_14.png using Guid(e3848f197f3f66c4587ead620d10b7da) Importer(Primary)  -> (artifact id: '78a1f293501d77a210ac999091517673') in 0.002136 seconds
Refreshing native plugins compatible for Editor in 0.00 ms, found 0 plugins.
Preloading 0 native plugins for Editor in 0.00 ms.
Asset Pipeline Refresh (id=13eb9edb25bc3af458c31d560ad1c88a): Total: 0.006 seconds - Initiated by StopAssetImportingV2(NoUpdateAssetOptions)
Start importing Assets/NativeTiles/Textures/Wood_15.png using Guid(242325f07b48b4a47af8ff4816f6908f) Importer(Primary)  -> (artifact id: '23a1d2106c3522bd04ba9722c5982e43') in 0.001902 seconds
Refreshing native plugins compatible for Editor in 0.00 ms, found 0 plugins.
Preloading 0 native plugins for Editor in 0.00 ms.
Asset Pipeline Refresh (id=a234f9f36932e714fb25cde1a34fe3bd): Total: 0.006 seconds - Initiated by StopAssetImportingV2(NoUpdateAssetOptions)
Start importing Assets/NativeTiles/Textures/Wood_16.png using Guid(89dbb3e9dcd497c4d830995e1751937f) Importer(Primary)  -> (artifact id: '6879644d9ddb32416ee7e277daeae50c') in 0.001972 seconds
Refreshing native plugins compatible for Editor in 0.00 ms, found 0 plugins.
Preloading 0 native plugins for Editor in 0.00 ms.
Asset Pipeline Refresh (id=18c0bb8974a8b7249b1256c6e387d986): Total: 0.006 seconds - Initiated by StopAssetImportingV2(NoUpdateAssetOptions)
Start importing Assets/NativeTiles/Textures/Wood_17.png using Guid(5ed9d48ceac644d4f814391957d91c25) Importer(Primary)  -> (artifact id: 'f5c9da0acb714660b7e6dbeef24b0792') in 0.001876 seconds
Refreshing native plugins compatible for Editor in 0.00 ms, found 0 plugins.
Preloading 0 native plugins for Editor in 0.00 ms.
Asset Pipeline Refresh (id=961a2f7cfa870684a8f0b0587a67186f): Total: 0.005 seconds - Initiated by StopAssetImportingV2(NoUpdateAssetOptions)
Start importing Assets/NativeTiles/Textures/Wood_18.png using Guid(95a2a71bf95a6d44183614bfc97766b1) Importer(Primary)  -> (artifact id: 'c339e7954dc6e30f8141001bafa8e423') in 0.001886 seconds
Refreshing native plugins compatible for Editor in 0.00 ms, found 0 plugins.
Preloading 0 native plugins for Editor in 0.00 ms.
Asset Pipeline Refresh (id=02cc8cb100a34b44db2a94f74a063571): Total: 0.005 seconds - Initiated by StopAssetImportingV2(NoUpdateAssetOptions)
Start importing Assets/NativeTiles/Textures/Wood_19.png using Guid(9b934a3430a2f1d4595cb69d7c4821c7) Importer(Primary)  -> (artifact id: '507b26cc60f51613f10aa83a4f116637') in 0.001973 seconds
Refreshing native plugins compatible for Editor in 0.00 ms, found 0 plugins.
Preloading 0 native plugins for Editor in 0.00 ms.
Asset Pipeline Refresh (id=55b3318d48d8b4e46baceaf2c2c9a60e): Total: 0.006 seconds - Initiated by StopAssetImportingV2(NoUpdateAssetOptions)
Start importing Assets/NativeTiles/Textures/Wood_20.png using Guid(63f0158081732744fb99903935378ef5) Importer(Primary)  -> (artifact id: '7a861cb48ecd32d8be4b84a817e11464') in 0.001853 seconds
Refreshing native plugins compatible for Editor in 0.00 ms, found 0 plugins.
Preloading 0 native plugins for Editor in 0.00 ms.
Asset Pipeline Refresh (id=7111b3cd59c6d3e429fa197303dfa1d9): Total: 0.005 seconds - Initiated by StopAssetImportingV2(NoUpdateAssetOptions)
Start importing Assets/NativeTiles/Textures/Wood_21.png using Guid(f651382875b5fdf4aa38edde6b082c47) Importer(Primary)  -> (artifact id: '65eec9ac3123b4468060141fa962b95f') in 0.001798 seconds
Refreshing native plugins compatible for Editor in 0.00 ms, found 0 plugins.
Preloading 0 native plugins for Editor in 0.00 ms.
Asset Pipeline Refresh (id=03a926664473663418db8fa11a690be2): Total: 0.005 seconds - Initiated by StopAssetImportingV2(NoUpdateAssetOptions)
Start importing Assets/NativeTiles/Textures/Wood_22.png using Guid(cfeb9648f1b84684aaca3a939f49db60) Importer(Primary)  -> (artifact id: 'bb79d76897f5879654795d2c7e14c678') in 0.001910 seconds
Refreshing native plugins compatible for Editor in 0.00 ms, found 0 plugins.
Preloading 0 native plugins for Editor in 0.00 ms.
Asset Pipeline Refresh (id=3363427c2cd67f149a975bbd24299222): Total: 0.005 seconds - Initiated by StopAssetImportingV2(NoUpdateAssetOptions)
Start importing Assets/NativeTiles/Textures/Wood_23.png using Guid(8109f50b40a079a4faa2ed04c93f87c3) Importer(Primary)  -> (artifact id: '4347328d85a66099a47db8ac68fde302') in 0.001905 seconds
Refreshing native plugins compatible for Editor in 0.00 ms, found 0 plugins.
Preloading 0 native plugins for Editor in 0.00 ms.
Asset Pipeline Refresh (id=26b3f1a25b3ac664492dd652c0c335a0): Total: 0.006 seconds - Initiated by StopAssetImportingV2(NoUpdateAssetOptions)
Start importing Assets/NativeTiles/Textures/Wood_24.png using Guid(c250fc274d93a2f4e9e9a60be04421d9) Importer(Primary)  -> (artifact id: '6e34481923c8ec66d6365ba8b409ac4a') in 0.002011 seconds
Refreshing native plugins compatible for Editor in 0.00 ms, found 0 plugins.
Preloading 0 native plugins for Editor in 0.00 ms.
Asset Pipeline Refresh (id=9248427cbd064af46ba1b4bc4323daa3): Total: 0.006 seconds - Initiated by StopAssetImportingV2(NoUpdateAssetOptions)
Start importing Assets/NativeTiles/Textures/Wood_25.png using Guid(91f873862f55c9249993a0ab16a9c6ea) Importer(Primary)  -> (artifact id: '4cba8fa2943388df2c12dacdc7ecdfe8') in 0.002236 seconds
Refreshing native plugins compatible for Editor in 0.00 ms, found 0 plugins.
Preloading 0 native plugins for Editor in 0.00 ms.
Asset Pipeline Refresh (id=fb1a878c6a23d89479d02ea79db90b28): Total: 0.006 seconds - Initiated by StopAssetImportingV2(NoUpdateAssetOptions)
Start importing Assets/NativeTiles/Textures/Wood_26.png using Guid(9275b59f96dfaf94a8618b8fb3ab6a51) Importer(Primary)  -> (artifact id: 'ac80d255a12ab61cffef966db308dd67') in 0.001804 seconds
Refreshing native plugins compatible for Editor in 0.00 ms, found 0 plugins.
Preloading 0 native plugins for Editor in 0.00 ms.
Asset Pipeline Refresh (id=3361ea82e25dfe344ab1ec9b062167f9): Total: 0.005 seconds - Initiated by StopAssetImportingV2(NoUpdateAssetOptions)
Start importing Assets/NativeTiles/Textures/Wood_27.png using Guid(70d781321e674314cac3e832c9a2836d) Importer(Primary)  -> (artifact id: '509784fde0115fff308a9ad3253ee43b') in 0.001904 seconds
Refreshing native plugins compatible for Editor in 0.00 ms, found 0 plugins.
Preloading 0 native plugins for Editor in 0.00 ms.
Asset Pipeline Refresh (id=611061971efc4f44c93dfdd1114908d8): Total: 0.005 seconds - Initiated by StopAssetImportingV2(NoUpdateAssetOptions)
Start importing Assets/NativeTiles/Textures/Wood_28.png using Guid(5d30f8523d9bc3147b7bc564d3864722) Importer(Primary)  -> (artifact id: '0bb3a51b4f141e5509106e8e01cf8ab4') in 0.001988 seconds
Refreshing native plugins compatible for Editor in 0.00 ms, found 0 plugins.
Preloading 0 native plugins for Editor in 0.00 ms.
Asset Pipeline Refresh (id=6b31de87f102b414fbfa6e6ee7bb4635): Total: 0.005 seconds - Initiated by StopAssetImportingV2(NoUpdateAssetOptions)
Start importing Assets/NativeTiles/Textures/Wood_29.png using Guid(66757f8b889ed04498a2565ec24ed9e3) Importer(Primary)  -> (artifact id: '8d49bc00a88f08cff741f9b1ddf2c518') in 0.002047 seconds
Refreshing native plugins compatible for Editor in 0.00 ms, found 0 plugins.
Preloading 0 native plugins for Editor in 0.00 ms.
Asset Pipeline Refresh (id=8a8a9da612818d041b3ff96334b9f8e6): Total: 0.006 seconds - Initiated by StopAssetImportingV2(NoUpdateAssetOptions)
Start importing Assets/NativeTiles/Textures/Wood_30.png using Guid(42716643ce430374a8cfdc9970717148) Importer(Primary)  -> (artifact id: '1f795d44e7bc5b5602345e8429c87d6b') in 0.002038 seconds
Refreshing native plugins compatible for Editor in 0.00 ms, found 0 plugins.
Preloading 0 native plugins for Editor in 0.00 ms.
Asset Pipeline Refresh (id=b2626804bdadb9446aabe5e9409b1fa3): Total: 0.006 seconds - Initiated by StopAssetImportingV2(NoUpdateAssetOptions)
Start importing Assets/NativeTiles/Textures/Wood_31.png using Guid(99e8f342f49b94e40ab68bfeb09c35f7) Importer(Primary)  -> (artifact id: '0249c3cbaf50d6159c1f466e9a23f0c7') in 0.001846 seconds
Refreshing native plugins compatible for Editor in 0.00 ms, found 0 plugins.
Preloading 0 native plugins for Editor in 0.00 ms.
Asset Pipeline Refresh (id=5622ab888423390478622b50dc1deb15): Total: 0.006 seconds - Initiated by StopAssetImportingV2(NoUpdateAssetOptions)
Start importing Assets/NativeTiles/Textures/Wood_32.png using Guid(0f30b4363e26b924e8ae729a9ed21e87) Importer(Primary)  -> (artifact id: '1d1757b7451062525ab6fd70b7b99656') in 0.002192 seconds
Refreshing native plugins compatible for Editor in 0.00 ms, found 0 plugins.
Preloading 0 native plugins for Editor in 0.00 ms.
Asset Pipeline Refresh (id=e66c54276c2dbb74282da8835a0bded8): Total: 0.006 seconds - Initiated by StopAssetImportingV2(NoUpdateAssetOptions)
Start importing Assets/NativeTiles/Textures/Wood_33.png using Guid(fc0431e1ddb917242943e9eb362f3682) Importer(Primary)  -> (artifact id: 'ba0f09bfe1e308ea6cd9f07603fdd9e4') in 0.001781 seconds
Refreshing native plugins compatible for Editor in 0.00 ms, found 0 plugins.
Preloading 0 native plugins for Editor in 0.00 ms.
Asset Pipeline Refresh (id=87f8ce5b9abf250449f3a9b4a6eaa5f5): Total: 0.005 seconds - Initiated by StopAssetImportingV2(NoUpdateAssetOptions)
Start importing Assets/NativeTiles/Textures/Wood_34.png using Guid(6b42f276b39973b458ee550c703378bf) Importer(Primary)  -> (artifact id: '66503cbcda1d0c9337cf597c74965f6d') in 0.001834 seconds
Refreshing native plugins compatible for Editor in 0.00 ms, found 0 plugins.
Preloading 0 native plugins for Editor in 0.00 ms.
Asset Pipeline Refresh (id=2c43fd8451592b24cba06980a4380cf9): Total: 0.005 seconds - Initiated by StopAssetImportingV2(NoUpdateAssetOptions)
Start importing Assets/NativeTiles/Textures/Wood_35.png using Guid(aa83faccf0485d64aa937cdd3b903b2e) Importer(Primary)  -> (artifact id: '243a62dbe912942a28c8be7da1a0ffde') in 0.002030 seconds
Refreshing native plugins compatible for Editor in 0.00 ms, found 0 plugins.
Preloading 0 native plugins for Editor in 0.00 ms.
Asset Pipeline Refresh (id=6b251dfa8366be943adc1817d099a7e3): Total: 0.006 seconds - Initiated by StopAssetImportingV2(NoUpdateAssetOptions)
Start importing Assets/NativeTiles/Textures/Wood_36.png using Guid(e748172a4f9510a438f33257acb2649a) Importer(Primary)  -> (artifact id: '502727f5df3539ea0a865a63712418e4') in 0.001876 seconds
Refreshing native plugins compatible for Editor in 0.00 ms, found 0 plugins.
Preloading 0 native plugins for Editor in 0.00 ms.
Asset Pipeline Refresh (id=cea66d49bffacd048b1c71867dabca0f): Total: 0.006 seconds - Initiated by StopAssetImportingV2(NoUpdateAssetOptions)
Start importing Assets/NativeTiles/Textures/Wood_37.png using Guid(134f69aea3af9f544b1c9d8cf3dfb5b6) Importer(Primary)  -> (artifact id: 'fd61951b317e90c0a2210d0fe2d583c8') in 0.001961 seconds
Refreshing native plugins compatible for Editor in 0.00 ms, found 0 plugins.
Preloading 0 native plugins for Editor in 0.00 ms.
Asset Pipeline Refresh (id=adc2cbbe1a9ca2645801a636843162dc): Total: 0.006 seconds - Initiated by StopAssetImportingV2(NoUpdateAssetOptions)
Start importing Assets/NativeTiles/Textures/Wood_38.png using Guid(56890d1b92403ec43a9d41c0d109d4ae) Importer(Primary)  -> (artifact id: 'd2c041a355482a0f958b0bb91c4cb89d') in 0.001835 seconds
Refreshing native plugins compatible for Editor in 0.00 ms, found 0 plugins.
Preloading 0 native plugins for Editor in 0.00 ms.
Asset Pipeline Refresh (id=1b7552d593da12d40a391a7055246f59): Total: 0.005 seconds - Initiated by StopAssetImportingV2(NoUpdateAssetOptions)
Start importing Assets/NativeTiles/Textures/Wood_39.png using Guid(b05d8d6873ebe6149857562ed402aea2) Importer(Primary)  -> (artifact id: '88a2800c2eac9b4a8edaf77478f9660b') in 0.001866 seconds
Refreshing native plugins compatible for Editor in 0.00 ms, found 0 plugins.
Preloading 0 native plugins for Editor in 0.00 ms.
Asset Pipeline Refresh (id=327bee44d0fab39438d219bf554cdc74): Total: 0.005 seconds - Initiated by StopAssetImportingV2(NoUpdateAssetOptions)
Start importing Assets/NativeTiles/Textures/Wood_40.png using Guid(ed51aa2df9a8d3f4e9d5835096a935e6) Importer(Primary)  -> (artifact id: '511e96db1271cd9325f8c479ad3e7d65') in 0.001902 seconds
Refreshing native plugins compatible for Editor in 0.00 ms, found 0 plugins.
Preloading 0 native plugins for Editor in 0.00 ms.
Asset Pipeline Refresh (id=c5da8870e7ee1bc4ca3238a105844adb): Total: 0.005 seconds - Initiated by StopAssetImportingV2(NoUpdateAssetOptions)
Start importing Assets/NativeTiles/Textures/Wood_41.png using Guid(d8847ec9acb9be44199445a7350fc74e) Importer(Primary)  -> (artifact id: '0e03b59ac2b0580634fdb20155de2407') in 0.001846 seconds
Refreshing native plugins compatible for Editor in 0.00 ms, found 0 plugins.
Preloading 0 native plugins for Editor in 0.00 ms.
Asset Pipeline Refresh (id=2cc07ad9b0f5aab4bb83520b0297d759): Total: 0.005 seconds - Initiated by StopAssetImportingV2(NoUpdateAssetOptions)
Start importing Assets/NativeTiles/Textures/Wood_42.png using Guid(eb1c386b9f5d68a4684e90af4ccdd78c) Importer(Primary)  -> (artifact id: '49a41e7f75e014492e8ccc4a75749885') in 0.002099 seconds
Refreshing native plugins compatible for Editor in 0.00 ms, found 0 plugins.
Preloading 0 native plugins for Editor in 0.00 ms.
Asset Pipeline Refresh (id=c7a07f5fb5163024cb85d1d76bbf7b06): Total: 0.006 seconds - Initiated by StopAssetImportingV2(NoUpdateAssetOptions)
Start importing Assets/NativeTiles/Textures/Wood_43.png using Guid(23909231b223caa4e8565411f772303e) Importer(Primary)  -> (artifact id: '6fdb8bef73d30a74324b5acdf8d26524') in 0.002001 seconds
Refreshing native plugins compatible for Editor in 0.00 ms, found 0 plugins.
Preloading 0 native plugins for Editor in 0.00 ms.
Asset Pipeline Refresh (id=e433fdab0c0740f4cb4df52985a9f9f0): Total: 0.006 seconds - Initiated by StopAssetImportingV2(NoUpdateAssetOptions)
Start importing Assets/NativeTiles/Textures/Wood_44.png using Guid(6424edaf29ae17349927514106a907b0) Importer(Primary)  -> (artifact id: '63cbb520b48dc0d2f732183604b7a738') in 0.001854 seconds
Refreshing native plugins compatible for Editor in 0.00 ms, found 0 plugins.
Preloading 0 native plugins for Editor in 0.00 ms.
Asset Pipeline Refresh (id=2e20a3231169a7049aa322041ff1f50d): Total: 0.005 seconds - Initiated by StopAssetImportingV2(NoUpdateAssetOptions)
Start importing Assets/NativeTiles/Textures/Wood_45.png using Guid(ae8e258381c9572439ae79e4831c66b6) Importer(Primary)  -> (artifact id: 'd1362261a93e599b4cd9110830698200') in 0.001837 seconds
Refreshing native plugins compatible for Editor in 0.00 ms, found 0 plugins.
Preloading 0 native plugins for Editor in 0.00 ms.
Asset Pipeline Refresh (id=d86bd7ae9a090f341a79984194e344c6): Total: 0.005 seconds - Initiated by StopAssetImportingV2(NoUpdateAssetOptions)
Start importing Assets/NativeTiles/Textures/Wood_46.png using Guid(48ee09b6fcf99f5449c6a433bb039f6e) Importer(Primary)  -> (artifact id: '43beaf96691365a5496ea6c59ce4c996') in 0.002116 seconds
Refreshing native plugins compatible for Editor in 0.00 ms, found 0 plugins.
Preloading 0 native plugins for Editor in 0.00 ms.
Asset Pipeline Refresh (id=96eaefe03b38909499a6ec9f9007c911): Total: 0.006 seconds - Initiated by StopAssetImportingV2(NoUpdateAssetOptions)
Start importing Assets/NativeTiles/Textures/Wood_47.png using Guid(0e33f019a6a726a4584f073ebf2aad1f) Importer(Primary)  -> (artifact id: '443afab652733fce1752357432660009') in 0.002015 seconds
Refreshing native plugins compatible for Editor in 0.00 ms, found 0 plugins.
Preloading 0 native plugins for Editor in 0.00 ms.
Asset Pipeline Refresh (id=45d1f6d1436f22841b83c32b047f9269): Total: 0.005 seconds - Initiated by StopAssetImportingV2(NoUpdateAssetOptions)
Start importing Assets/NativeTiles/Textures/Wood_48.png using Guid(d4c78e5a75285754398f7fd0ef8f8e73) Importer(Primary)  -> (artifact id: '72c7550b244b081436c6281be8bc4a4c') in 0.001947 seconds
Refreshing native plugins compatible for Editor in 0.00 ms, found 0 plugins.
Preloading 0 native plugins for Editor in 0.00 ms.
Asset Pipeline Refresh (id=2e609073a83ed904086361ee1436c55d): Total: 0.006 seconds - Initiated by StopAssetImportingV2(NoUpdateAssetOptions)
Start importing Assets/NativeTiles/Textures/Wood_49.png using Guid(b0094f06c4a951547b47bfeea6690e16) Importer(Primary)  -> (artifact id: '2703bc518fdd1ab35114e3215ff1fc4c') in 0.001811 seconds
Refreshing native plugins compatible for Editor in 0.00 ms, found 0 plugins.
Preloading 0 native plugins for Editor in 0.00 ms.
Asset Pipeline Refresh (id=6ea4c3b9ebb41fd41b820f3fdea742d4): Total: 0.005 seconds - Initiated by StopAssetImportingV2(NoUpdateAssetOptions)
Start importing Assets/NativeTiles/Textures/Wood_50.png using Guid(75b3e3b4079d1004da43b2aac959e504) Importer(Primary)  -> (artifact id: '50c244647bd25c8c9ead9d1c439b832e') in 0.001793 seconds
Refreshing native plugins compatible for Editor in 0.00 ms, found 0 plugins.
Preloading 0 native plugins for Editor in 0.00 ms.
Asset Pipeline Refresh (id=2bad08c3649a05441969a7055153bffa): Total: 0.005 seconds - Initiated by StopAssetImportingV2(NoUpdateAssetOptions)
Start importing Assets/NativeTiles/Textures/Wood_51.png using Guid(75517a019c13ab448b006b03fb693de5) Importer(Primary)  -> (artifact id: '9a59f7bfdf78586fecaf40693bddf992') in 0.001769 seconds
Refreshing native plugins compatible for Editor in 0.00 ms, found 0 plugins.
Preloading 0 native plugins for Editor in 0.00 ms.
Asset Pipeline Refresh (id=7cfd471ebd0397742b436ee009e5e498): Total: 0.005 seconds - Initiated by StopAssetImportingV2(NoUpdateAssetOptions)
Start importing Assets/NativeTiles/Textures/Wood_52.png using Guid(a625718b54f34c748a9e26673a08f3b6) Importer(Primary)  -> (artifact id: 'a4674a3a77b5e7c8b5020a8d649be3cd') in 0.002334 seconds
Refreshing native plugins compatible for Editor in 0.00 ms, found 0 plugins.
Preloading 0 native plugins for Editor in 0.00 ms.
Asset Pipeline Refresh (id=7b824daa38560dd418fb727d20f4df54): Total: 0.006 seconds - Initiated by StopAssetImportingV2(NoUpdateAssetOptions)
Start importing Assets/NativeTiles/Textures/Wood_53.png using Guid(7a35d18482da0fa4db49531c012ba7e6) Importer(Primary)  -> (artifact id: '73c74fc1f932977a8d9a79ab80b00c95') in 0.002054 seconds
Refreshing native plugins compatible for Editor in 0.00 ms, found 0 plugins.
Preloading 0 native plugins for Editor in 0.00 ms.
Asset Pipeline Refresh (id=3846321eae1c8f94da4e0c846a18f2c2): Total: 0.006 seconds - Initiated by StopAssetImportingV2(NoUpdateAssetOptions)
Start importing Assets/NativeTiles/Textures/Wood_54.png using Guid(16dd5d28f1c768649961bb7183f9bbfa) Importer(Primary)  -> (artifact id: '84becca7888400522cd24c6ed1ce862e') in 0.002026 seconds
Refreshing native plugins compatible for Editor in 0.00 ms, found 0 plugins.
Preloading 0 native plugins for Editor in 0.00 ms.
Asset Pipeline Refresh (id=9e9781b0f12b7e240b6d22cadeadccaf): Total: 0.006 seconds - Initiated by StopAssetImportingV2(NoUpdateAssetOptions)
Start importing Assets/NativeTiles/Textures/Wood_55.png using Guid(eea5ccfef2a527a4a949bc0e313562f9) Importer(Primary)  -> (artifact id: '53e1623576232b38eb895e515db61a7f') in 0.002050 seconds
Refreshing native plugins compatible for Editor in 0.00 ms, found 0 plugins.
Preloading 0 native plugins for Editor in 0.00 ms.
Asset Pipeline Refresh (id=8732eb665297b8f4ba108f5a32595d70): Total: 0.006 seconds - Initiated by StopAssetImportingV2(NoUpdateAssetOptions)
Start importing Assets/NativeTiles/Textures/Wood_56.png using Guid(33343d3e5bba5484aaf89b0b06cf1581) Importer(Primary)  -> (artifact id: '1232785520dbf768a63eb78a65fb17fa') in 0.001894 seconds
Refreshing native plugins compatible for Editor in 0.00 ms, found 0 plugins.
Preloading 0 native plugins for Editor in 0.00 ms.
Asset Pipeline Refresh (id=e5d08c1797a959b4286ec484ae812bac): Total: 0.005 seconds - Initiated by StopAssetImportingV2(NoUpdateAssetOptions)
Start importing Assets/NativeTiles/Textures/Wood_57.png using Guid(51f9e43d645ba8a4182fe0037edec827) Importer(Primary)  -> (artifact id: 'db207c4abb5f2264f9d4df96da835158') in 0.002069 seconds
Refreshing native plugins compatible for Editor in 0.00 ms, found 0 plugins.
Preloading 0 native plugins for Editor in 0.00 ms.
Asset Pipeline Refresh (id=d67fc3c1e34ec91419a132c8c0aafcd9): Total: 0.005 seconds - Initiated by StopAssetImportingV2(NoUpdateAssetOptions)
Start importing Assets/NativeTiles/Textures/Wood_58.png using Guid(39f233ca48a29b04d95148bf902a0cc2) Importer(Primary)  -> (artifact id: '17d5b4685b0d8ebf3504cd7c119f89c5') in 0.001875 seconds
Refreshing native plugins compatible for Editor in 0.00 ms, found 0 plugins.
Preloading 0 native plugins for Editor in 0.00 ms.
Asset Pipeline Refresh (id=e753f247aea24ee4eb313af06f06eb03): Total: 0.006 seconds - Initiated by StopAssetImportingV2(NoUpdateAssetOptions)
Start importing Assets/NativeTiles/Textures/Wood_59.png using Guid(a9dc7dde6d6b19042917475f7c9ca4c4) Importer(Primary)  -> (artifact id: 'b06254e17c5b13b4ab3ad24fad2579fd') in 0.002147 seconds
Refreshing native plugins compatible for Editor in 0.00 ms, found 0 plugins.
Preloading 0 native plugins for Editor in 0.00 ms.
Asset Pipeline Refresh (id=d5c2c286936629b4680219b01cdf2d8d): Total: 0.006 seconds - Initiated by StopAssetImportingV2(NoUpdateAssetOptions)
Start importing Assets/NativeTiles/Textures/Wood_60.png using Guid(c534fba146e84fe4ab55b0eed5d3a9f2) Importer(Primary)  -> (artifact id: 'f65e0030cfde3c134f2ae5819dd1b3bb') in 0.001742 seconds
Refreshing native plugins compatible for Editor in 0.00 ms, found 0 plugins.
Preloading 0 native plugins for Editor in 0.00 ms.
Asset Pipeline Refresh (id=6b8320fc8b62a8d47b59c42121d799b1): Total: 0.006 seconds - Initiated by StopAssetImportingV2(NoUpdateAssetOptions)
Start importing Assets/NativeTiles/Textures/Wood_61.png using Guid(de108f07f34500645ba67e46994e7488) Importer(Primary)  -> (artifact id: '0b534c5e705124f9d7d2ff35ce565a51') in 0.001774 seconds
Refreshing native plugins compatible for Editor in 0.00 ms, found 0 plugins.
Preloading 0 native plugins for Editor in 0.00 ms.
Asset Pipeline Refresh (id=d3b1eb9a7168cdf499a34a22c42424e4): Total: 0.005 seconds - Initiated by StopAssetImportingV2(NoUpdateAssetOptions)
Start importing Assets/NativeTiles/Textures/Wood_62.png using Guid(965e023cf1394e1438e01d6ff4950cbf) Importer(Primary)  -> (artifact id: '57f6a01803771bb0fa7a643a8d9762d3') in 0.001663 seconds
Refreshing native plugins compatible for Editor in 0.00 ms, found 0 plugins.
Preloading 0 native plugins for Editor in 0.00 ms.
Asset Pipeline Refresh (id=1ecbadb3dfb4af84e9878eced63a8e53): Total: 0.005 seconds - Initiated by StopAssetImportingV2(NoUpdateAssetOptions)
Start importing Assets/NativeTiles/Textures/Wood_63.png using Guid(4e9cd46eba0c69e42b28fc8741203108) Importer(Primary)  -> (artifact id: '84ab26dfaa0e757ebadd947058ddd013') in 0.001867 seconds
Refreshing native plugins compatible for Editor in 0.00 ms, found 0 plugins.
Preloading 0 native plugins for Editor in 0.00 ms.
Asset Pipeline Refresh (id=7e2c714f1b31e6048a3346fa1d4735c6): Total: 0.005 seconds - Initiated by StopAssetImportingV2(NoUpdateAssetOptions)
Asset Pipeline Refresh (id=c1918a46373a39143a68203ca7abe38a): Total: 0.003 seconds - Initiated by StopAssetImportingV2(NoUpdateAssetOptions)
Asset Pipeline Refresh (id=c26524bb7c7cdec49b3d942b3744bc75): Total: 0.002 seconds - Initiated by StopAssetImportingV2(NoUpdateAssetOptions)
Asset Pipeline Refresh (id=fa98b5a6233ba0c4b9b0bb88beaeeef2): Total: 0.002 seconds - Initiated by StopAssetImportingV2(NoUpdateAssetOptions)
Asset Pipeline Refresh (id=8665af9323bdd2847a76c74705736e2d): Total: 0.002 seconds - Initiated by StopAssetImportingV2(NoUpdateAssetOptions)
Asset Pipeline Refresh (id=a578e347f1eb2ca428907116beaabb91): Total: 0.002 seconds - Initiated by StopAssetImportingV2(NoUpdateAssetOptions)
Asset Pipeline Refresh (id=3efb0c1d712a9174bbc00f30123687df): Total: 0.003 seconds - Initiated by StopAssetImportingV2(NoUpdateAssetOptions)
Asset Pipeline Refresh (id=088d5ce37da94ec45a17c96a500feced): Total: 0.002 seconds - Initiated by StopAssetImportingV2(NoUpdateAssetOptions)
Asset Pipeline Refresh (id=5e6e99042a7476741b67f0d794c6a1c9): Total: 0.002 seconds - Initiated by StopAssetImportingV2(NoUpdateAssetOptions)
Asset Pipeline Refresh (id=a0b01017548ad4a42b3594e84d6f42d7): Total: 0.002 seconds - Initiated by StopAssetImportingV2(NoUpdateAssetOptions)
Asset Pipeline Refresh (id=c03c403fa6f4a7e48a1030f8188492e9): Total: 0.003 seconds - Initiated by StopAssetImportingV2(NoUpdateAssetOptions)
Asset Pipeline Refresh (id=2d4d33731496a8a4183020e14e3d2e61): Total: 0.002 seconds - Initiated by StopAssetImportingV2(NoUpdateAssetOptions)
Asset Pipeline Refresh (id=c0e6b83581b08ca48a13179a4f07ed9c): Total: 0.002 seconds - Initiated by StopAssetImportingV2(NoUpdateAssetOptions)
Asset Pipeline Refresh (id=f50a8b5a3cf20d9468fb6f03b9292738): Total: 0.002 seconds - Initiated by StopAssetImportingV2(NoUpdateAssetOptions)
Asset Pipeline Refresh (id=6259cde72fe15564bba8505170758e16): Total: 0.002 seconds - Initiated by StopAssetImportingV2(NoUpdateAssetOptions)
Asset Pipeline Refresh (id=90fdd7882e04563499e9106d38539db5): Total: 0.002 seconds - Initiated by StopAssetImportingV2(NoUpdateAssetOptions)
Asset Pipeline Refresh (id=a4f9adabcb8e0bf42810a0418b7deecb): Total: 0.002 seconds - Initiated by StopAssetImportingV2(NoUpdateAssetOptions)
Asset Pipeline Refresh (id=bb064e1d7be449f4e92126af9ddd126f): Total: 0.002 seconds - Initiated by StopAssetImportingV2(NoUpdateAssetOptions)
Asset Pipeline Refresh (id=819053cb202cb1540970cc9b98627c4a): Total: 0.002 seconds - Initiated by StopAssetImportingV2(NoUpdateAssetOptions)
Asset Pipeline Refresh (id=c5ac341c1a5162b41b123f215b5c6673): Total: 0.002 seconds - Initiated by StopAssetImportingV2(NoUpdateAssetOptions)
Asset Pipeline Refresh (id=23fe7ddc15ea54f4e8f303a129a6a90c): Total: 0.002 seconds - Initiated by StopAssetImportingV2(NoUpdateAssetOptions)
Asset Pipeline Refresh (id=03e6ef3c21afeed4a8a6cbde8959e800): Total: 0.002 seconds - Initiated by StopAssetImportingV2(NoUpdateAssetOptions)
Asset Pipeline Refresh (id=ae1c90196475b324fb0997f6be62f252): Total: 0.002 seconds - Initiated by StopAssetImportingV2(NoUpdateAssetOptions)
Asset Pipeline Refresh (id=f002e8c5ab537e24dbdb4de26aa83cee): Total: 0.002 seconds - Initiated by StopAssetImportingV2(NoUpdateAssetOptions)
Asset Pipeline Refresh (id=8092b6e0c73674f4da1e300d39c33bce): Total: 0.002 seconds - Initiated by StopAssetImportingV2(NoUpdateAssetOptions)
Asset Pipeline Refresh (id=6f38c7c2d678c34488394d61232fd222): Total: 0.002 seconds - Initiated by StopAssetImportingV2(NoUpdateAssetOptions)
Asset Pipeline Refresh (id=3a1cca9389310e7498c5282a7848bec0): Total: 0.002 seconds - Initiated by StopAssetImportingV2(NoUpdateAssetOptions)
Asset Pipeline Refresh (id=3af98c2c64712214295f202e888c9e48): Total: 0.003 seconds - Initiated by StopAssetImportingV2(NoUpdateAssetOptions)
Asset Pipeline Refresh (id=7bd958956e7daa74ab183ca7dabb8f70): Total: 0.002 seconds - Initiated by StopAssetImportingV2(NoUpdateAssetOptions)
Asset Pipeline Refresh (id=d04b2a605004a584b869e0049dcfac08): Total: 0.002 seconds - Initiated by StopAssetImportingV2(NoUpdateAssetOptions)
Asset Pipeline Refresh (id=84e78321c6fcd3a4bb92f73c8106ff1e): Total: 0.002 seconds - Initiated by StopAssetImportingV2(NoUpdateAssetOptions)
Asset Pipeline Refresh (id=74b135e94e45aaa4eb9997c66571cc47): Total: 0.002 seconds - Initiated by StopAssetImportingV2(NoUpdateAssetOptions)
Asset Pipeline Refresh (id=d14920d4ddb06454b9f9934dda8b69f4): Total: 0.003 seconds - Initiated by StopAssetImportingV2(NoUpdateAssetOptions)
Asset Pipeline Refresh (id=db7b05e4b5c5b91468591cd88a3b6308): Total: 0.002 seconds - Initiated by StopAssetImportingV2(NoUpdateAssetOptions)
Asset Pipeline Refresh (id=e8d66ddc3c9f6c544b69fb7dda64d6b8): Total: 0.002 seconds - Initiated by StopAssetImportingV2(NoUpdateAssetOptions)
Asset Pipeline Refresh (id=3aaff2d0088c65f46b248d71e348cfb8): Total: 0.003 seconds - Initiated by StopAssetImportingV2(NoUpdateAssetOptions)
Asset Pipeline Refresh (id=f559dba99e7a29943a9430629f7b28a7): Total: 0.002 seconds - Initiated by StopAssetImportingV2(NoUpdateAssetOptions)
Asset Pipeline Refresh (id=ef13d77bcbbed8d4282bdfe52a09a0ff): Total: 0.002 seconds - Initiated by StopAssetImportingV2(NoUpdateAssetOptions)
Asset Pipeline Refresh (id=db4d23ceada2e804fb161eade6433355): Total: 0.002 seconds - Initiated by StopAssetImportingV2(NoUpdateAssetOptions)
Asset Pipeline Refresh (id=e1523f0cf478cbc49bb27f8fedf11445): Total: 0.002 seconds - Initiated by StopAssetImportingV2(NoUpdateAssetOptions)
Asset Pipeline Refresh (id=eca5024bcf965a74cb617971c3f50d0a): Total: 0.002 seconds - Initiated by StopAssetImportingV2(NoUpdateAssetOptions)
Asset Pipeline Refresh (id=f1106869f0625a6459904520ca905a60): Total: 0.002 seconds - Initiated by StopAssetImportingV2(NoUpdateAssetOptions)
Asset Pipeline Refresh (id=f2ce2dcccc7d6f5489ed17b01301b59c): Total: 0.002 seconds - Initiated by StopAssetImportingV2(NoUpdateAssetOptions)
Asset Pipeline Refresh (id=363b1a56a6780c34f957ce1c1f9dbd39): Total: 0.002 seconds - Initiated by StopAssetImportingV2(NoUpdateAssetOptions)
Asset Pipeline Refresh (id=eba13c9373aea1e4098589b1290cb3ce): Total: 0.002 seconds - Initiated by StopAssetImportingV2(NoUpdateAssetOptions)
Asset Pipeline Refresh (id=97725069b354d42429cf2312145d906c): Total: 0.002 seconds - Initiated by StopAssetImportingV2(NoUpdateAssetOptions)
Asset Pipeline Refresh (id=d6c4af520b5dbb043a2987456b0fa20d): Total: 0.002 seconds - Initiated by StopAssetImportingV2(NoUpdateAssetOptions)
Asset Pipeline Refresh (id=505c8c7dd25feac45bff526e4c5f099a): Total: 0.002 seconds - Initiated by StopAssetImportingV2(NoUpdateAssetOptions)
Asset Pipeline Refresh (id=242f9e882f9aa3f4aa8fc20465460522): Total: 0.002 seconds - Initiated by StopAssetImportingV2(NoUpdateAssetOptions)
Asset Pipeline Refresh (id=315db5f8ddf106e41bd6fdca25e11807): Total: 0.002 seconds - Initiated by StopAssetImportingV2(NoUpdateAssetOptions)
Asset Pipeline Refresh (id=cf6e08c1ee0b3894d83df465c258610a): Total: 0.002 seconds - Initiated by StopAssetImportingV2(NoUpdateAssetOptions)
Asset Pipeline Refresh (id=0e0f0a067ceea694f94bd05fd83dddd3): Total: 0.002 seconds - Initiated by StopAssetImportingV2(NoUpdateAssetOptions)
Asset Pipeline Refresh (id=5e07d42dace0b944f8e14378c24d84d6): Total: 0.002 seconds - Initiated by StopAssetImportingV2(NoUpdateAssetOptions)
Asset Pipeline Refresh (id=738f0d333af6c1c4ea97884a2659b4a3): Total: 0.003 seconds - Initiated by StopAssetImportingV2(NoUpdateAssetOptions)
Asset Pipeline Refresh (id=1ec7be397d8779542866a02e8fcb9b35): Total: 0.002 seconds - Initiated by StopAssetImportingV2(NoUpdateAssetOptions)
Asset Pipeline Refresh (id=7d8176cece8961441b0ed4eacebfb963): Total: 0.003 seconds - Initiated by StopAssetImportingV2(NoUpdateAssetOptions)
Asset Pipeline Refresh (id=df462b66040e1bd40837f4b8aee015d9): Total: 0.003 seconds - Initiated by StopAssetImportingV2(NoUpdateAssetOptions)
Asset Pipeline Refresh (id=4cd3a723350b4ef41b4402b601ccabe0): Total: 0.002 seconds - Initiated by StopAssetImportingV2(NoUpdateAssetOptions)
Asset Pipeline Refresh (id=ce37a2fedfa95ad44bdd838ca4bd4c2a): Total: 0.002 seconds - Initiated by StopAssetImportingV2(NoUpdateAssetOptions)
Asset Pipeline Refresh (id=b0f2fd6bd954a12439328a98ac506976): Total: 0.002 seconds - Initiated by StopAssetImportingV2(NoUpdateAssetOptions)
Asset Pipeline Refresh (id=89ee1c562e5980846819c9f5ea8defae): Total: 0.002 seconds - Initiated by StopAssetImportingV2(NoUpdateAssetOptions)
Asset Pipeline Refresh (id=2e49a0971a7e74b4ca7f98dc3f59ddd1): Total: 0.002 seconds - Initiated by StopAssetImportingV2(NoUpdateAssetOptions)
Asset Pipeline Refresh (id=4fd08ef1b38f2e1408bfafa8ef72f5a7): Total: 0.003 seconds - Initiated by StopAssetImportingV2(NoUpdateAssetOptions)
Asset Pipeline Refresh (id=7f29108972a87cb488a5864ea58690a7): Total: 0.002 seconds - Initiated by StopAssetImportingV2(NoUpdateAssetOptions)
Asset Pipeline Refresh (id=96f8f92230d12b845b413991f3c4de7d): Total: 0.002 seconds - Initiated by StopAssetImportingV2(NoUpdateAssetOptions)
Asset Pipeline Refresh (id=823ee28a69da39b4a8c9d53394d71bdb): Total: 0.002 seconds - Initiated by StopAssetImportingV2(NoUpdateAssetOptions)
Asset Pipeline Refresh (id=18c1da084de437341aeda4c35fde1214): Total: 0.002 seconds - Initiated by StopAssetImportingV2(NoUpdateAssetOptions)
Asset Pipeline Refresh (id=0d3dd5c5f480d9c48a5d7ab6fddd0945): Total: 0.002 seconds - Initiated by StopAssetImportingV2(NoUpdateAssetOptions)
Asset Pipeline Refresh (id=9c84224d26d479748b2f3feff44b1934): Total: 0.002 seconds - Initiated by StopAssetImportingV2(NoUpdateAssetOptions)
Asset Pipeline Refresh (id=401f75147ec2c03478d6cdf95bb4e72b): Total: 0.002 seconds - Initiated by StopAssetImportingV2(NoUpdateAssetOptions)
Asset Pipeline Refresh (id=4ad220e38e503bc409b39488d9bd391d): Total: 0.002 seconds - Initiated by StopAssetImportingV2(NoUpdateAssetOptions)
Asset Pipeline Refresh (id=09e0108644d59b44a8bd0dcbf2e05e7d): Total: 0.002 seconds - Initiated by StopAssetImportingV2(NoUpdateAssetOptions)
Asset Pipeline Refresh (id=6000e400edcda614cb32bf31c6dbbfd0): Total: 0.002 seconds - Initiated by StopAssetImportingV2(NoUpdateAssetOptions)
Asset Pipeline Refresh (id=700680d12fa65ff499f59e1417ee5cc6): Total: 0.002 seconds - Initiated by StopAssetImportingV2(NoUpdateAssetOptions)
Asset Pipeline Refresh (id=82f19028e5d43c34791e5da5e966d273): Total: 0.002 seconds - Initiated by StopAssetImportingV2(NoUpdateAssetOptions)
Asset Pipeline Refresh (id=ac28788be6b872b439c6e12925eb27e9): Total: 0.002 seconds - Initiated by StopAssetImportingV2(NoUpdateAssetOptions)
Asset Pipeline Refresh (id=91d1c80872e3e364a859552e3a12abfe): Total: 0.003 seconds - Initiated by StopAssetImportingV2(NoUpdateAssetOptions)
Asset Pipeline Refresh (id=65032abf437399f45a8c4d073ea92928): Total: 0.002 seconds - Initiated by StopAssetImportingV2(NoUpdateAssetOptions)
Asset Pipeline Refresh (id=907a9916f2941b44d867781c8c8e329b): Total: 0.002 seconds - Initiated by StopAssetImportingV2(NoUpdateAssetOptions)
Asset Pipeline Refresh (id=29f287668d00f2e4cbe990268d50da6a): Total: 0.002 seconds - Initiated by StopAssetImportingV2(NoUpdateAssetOptions)
Asset Pipeline Refresh (id=750a2e82ea4725642bd5de4fdcd4a9ac): Total: 0.002 seconds - Initiated by StopAssetImportingV2(NoUpdateAssetOptions)
Asset Pipeline Refresh (id=fba678b6d2d044445a1098b06305ac51): Total: 0.002 seconds - Initiated by StopAssetImportingV2(NoUpdateAssetOptions)
Asset Pipeline Refresh (id=1dd076ef5f9357f4b9009c48d90ab0d1): Total: 0.002 seconds - Initiated by StopAssetImportingV2(NoUpdateAssetOptions)
Asset Pipeline Refresh (id=79e6cf9e71266d64b97b23480a4a01ca): Total: 0.002 seconds - Initiated by StopAssetImportingV2(NoUpdateAssetOptions)
Asset Pipeline Refresh (id=25ed6164034f2e940aa366469ba3d1ed): Total: 0.002 seconds - Initiated by StopAssetImportingV2(NoUpdateAssetOptions)
Asset Pipeline Refresh (id=b0f9ea76e8e874b42b300c2518854608): Total: 0.003 seconds - Initiated by StopAssetImportingV2(NoUpdateAssetOptions)
Asset Pipeline Refresh (id=1605c5e1375d2dc408aab4cff9f4a58f): Total: 0.002 seconds - Initiated by StopAssetImportingV2(NoUpdateAssetOptions)
Asset Pipeline Refresh (id=e585b7a23896edf499596fa8798f24cb): Total: 0.002 seconds - Initiated by StopAssetImportingV2(NoUpdateAssetOptions)
Asset Pipeline Refresh (id=1aa82c59c349bec44b334d6c85b7db04): Total: 0.003 seconds - Initiated by StopAssetImportingV2(NoUpdateAssetOptions)
Asset Pipeline Refresh (id=643aa45309cddc342be2ac8ee769e6de): Total: 0.003 seconds - Initiated by StopAssetImportingV2(NoUpdateAssetOptions)
Asset Pipeline Refresh (id=b2d657214056fe644915646325de768c): Total: 0.002 seconds - Initiated by StopAssetImportingV2(NoUpdateAssetOptions)
Asset Pipeline Refresh (id=d7068e86cb4da804ca1bdc58472fdfca): Total: 0.002 seconds - Initiated by StopAssetImportingV2(NoUpdateAssetOptions)
Asset Pipeline Refresh (id=8f87f8388a87ae54093ddcfe14b35746): Total: 0.002 seconds - Initiated by StopAssetImportingV2(NoUpdateAssetOptions)
Asset Pipeline Refresh (id=31c4ff3efa24af04c981f2d5b765702c): Total: 0.002 seconds - Initiated by StopAssetImportingV2(NoUpdateAssetOptions)
Asset Pipeline Refresh (id=dc284fc95c45ea94aa87c81cf8d27756): Total: 0.002 seconds - Initiated by StopAssetImportingV2(NoUpdateAssetOptions)
Asset Pipeline Refresh (id=ba9e709fc3806914f83ae8de17d65aba): Total: 0.003 seconds - Initiated by StopAssetImportingV2(NoUpdateAssetOptions)
Asset Pipeline Refresh (id=b52989c87bb4401499f586168cc129b6): Total: 0.002 seconds - Initiated by StopAssetImportingV2(NoUpdateAssetOptions)
Asset Pipeline Refresh (id=925015b949a162e499bce688d01e8dd6): Total: 0.003 seconds - Initiated by StopAssetImportingV2(NoUpdateAssetOptions)
Asset Pipeline Refresh (id=e322e0735d412c14cbea11bfc85fc16e): Total: 0.002 seconds - Initiated by StopAssetImportingV2(NoUpdateAssetOptions)
Asset Pipeline Refresh (id=8a997312acfc624429cecfebab92c217): Total: 0.002 seconds - Initiated by StopAssetImportingV2(NoUpdateAssetOptions)
Asset Pipeline Refresh (id=4b38a523759eb3f45b5acafe20b48e85): Total: 0.002 seconds - Initiated by StopAssetImportingV2(NoUpdateAssetOptions)
Start importing Assets/NativeTiles/Tiles/Wood_08.asset using Guid(10df900ff80363d4c8c8ae53a56fedee) Importer(Primary)  -> (artifact id: 'ff9a4a9ee1116a2cc05af292e9db03b5') in 0.001828 seconds
Start importing Assets/NativeTiles/Tiles/Wood_09.asset using Guid(404d94abdceb3ca4386c78bb51135701) Importer(Primary)  -> (artifact id: '094e20f2e1b069708670721b9449c039') in 0.001693 seconds
Start importing Assets/NativeTiles/Tiles/Wood_34.asset using Guid(80ff9565242dad645a7df3d8ee473bd9) Importer(Primary)  -> (artifact id: '06aea0c607e2f4f57d344f4c08205177') in 0.001695 seconds
Start importing Assets/NativeTiles/Tiles/Wood_15.asset using Guid(c00eeb5d18bd3014f84a5f94b824fcaa) Importer(Primary)  -> (artifact id: 'd6d92c221880970f2eeaf496e21ddecf') in 0.001547 seconds
Start importing Assets/NativeTiles/Tiles/Wood_39.asset using Guid(41e99067a1d116a4f822358082f1a2e9) Importer(Primary)  -> (artifact id: '7e8ef6ce969145bf5e2c715ed4b450fe') in 0.001670 seconds
Start importing Assets/NativeTiles/Tiles/Wood_00.asset using Guid(a113491ca0873364a89f74c433d9b9ee) Importer(Primary)  -> (artifact id: '8171240ffdcc016d7c73595cb36be1ab') in 0.002001 seconds
Start importing Assets/NativeTiles/Tiles/Wood_59.asset using Guid(b17f72115faf4c6429b1157ac50339e4) Importer(Primary)  -> (artifact id: '7dffbb708eef4fcd96d8c696b0ec6615') in 0.001517 seconds
Start importing Assets/NativeTiles/Tiles/Wood_46.asset using Guid(e1433a92819b97b429e2d91cb09211c1) Importer(Primary)  -> (artifact id: 'c3236e3afc47299dd0917f9254f1d61e') in 0.001587 seconds
Start importing Assets/NativeTiles/Tiles/Wood_52.asset using Guid(f104519919cdda14389c43c114d016e6) Importer(Primary)  -> (artifact id: 'c4eb34482448fc6693affd3292e558c5') in 0.001720 seconds
Start importing Assets/NativeTiles/Tiles/Wood_19.asset using Guid(02bd05601186547408f10d34a0aebaf2) Importer(Primary)  -> (artifact id: 'f90df90ba63cc39c1c300c20041e2eed') in 0.001584 seconds
Start importing Assets/NativeTiles/Tiles/Wood_35.asset using Guid(220c45661e8bcaa41925635374659c9d) Importer(Primary)  -> (artifact id: '3a08057ee5f22c6ee5671994fd19d810') in 0.001550 seconds
Start importing Assets/NativeTiles/Tiles/Wood_18.asset using Guid(c2e2027ad6b4c0143a904f5e2575ea4b) Importer(Primary)  -> (artifact id: 'd6588de901395de70c3bacc6a6dedfe4') in 0.001539 seconds
Start importing Assets/NativeTiles/Tiles/Wood_21.asset using Guid(f24c7ca42e5b0df42956906a6af640ad) Importer(Primary)  -> (artifact id: '2263c9bd7cb4fe5116f588b5aa93ff01') in 0.001868 seconds
Start importing Assets/NativeTiles/Tiles/Wood_55.asset using Guid(23246c734b3e9ff4f93a1c5e8be7ea35) Importer(Primary)  -> (artifact id: '764733c4e84e4f43e678f86e8b0d8ab7') in 0.001482 seconds
Start importing Assets/NativeTiles/Tiles/Wood_05.asset using Guid(b3c860625dcec2240a1a340272fcf6ed) Importer(Primary)  -> (artifact id: '358fbae8e30a453b7984595b78e853f2') in 0.001617 seconds
Start importing Assets/NativeTiles/Tiles/Wood_03.asset using Guid(c3bcb72229766ae4ba2dd032011e21c9) Importer(Primary)  -> (artifact id: '016461e8e3d3be31fde7baaa16d98f09') in 0.001785 seconds
Start importing Assets/NativeTiles/Tiles/Wood_12.asset using Guid(c451ef80a9f39ba4da5780575af3dc10) Importer(Primary)  -> (artifact id: 'a8f8c6419695bd05969c3d376387e882') in 0.001527 seconds
Start importing Assets/NativeTiles/Tiles/Wood_24.asset using Guid(e4d51ee6f85b32544997a9df54e75106) Importer(Primary)  -> (artifact id: '97b2082754bc0b902667130213f8bbf3') in 0.001411 seconds
Start importing Assets/NativeTiles/Tiles/Wood_63.asset using Guid(b58b7946c3e5ca549ae364b6c4cf9e8a) Importer(Primary)  -> (artifact id: '21de4bb5b0581d4f0885f33f0fea0c88') in 0.001444 seconds
Start importing Assets/NativeTiles/Tiles/Wood_20.asset using Guid(6603775feaca1b646b3912c0230d54c2) Importer(Primary)  -> (artifact id: '149178b9828db53997f51debe2a56678') in 0.001731 seconds
Start importing Assets/NativeTiles/Tiles/Wood_27.asset using Guid(c658816e121e7834ca7a14606ccbd731) Importer(Primary)  -> (artifact id: '18a8c4d5c8dd5e453527292bc8da5e02') in 0.001693 seconds
Start importing Assets/NativeTiles/Tiles/Wood_50.asset using Guid(1771821e90b909d4caa5426ba0fe2d24) Importer(Primary)  -> (artifact id: '3c6f5b16cd04c3106e17e3bb3c68d7f0') in 0.001512 seconds
Start importing Assets/NativeTiles/Tiles/Wood_14.asset using Guid(27bcacd13da0e7f4ba9ce3738b7daf8e) Importer(Primary)  -> (artifact id: '2cf871932e4c425c9c82239c4b78ee7b') in 0.001517 seconds
Start importing Assets/NativeTiles/Tiles/Wood_47.asset using Guid(8763c5c1949e00747b7944fd0f5fb594) Importer(Primary)  -> (artifact id: '1d74cb99b5374e2d77e0ecd1a59dac32') in 0.001641 seconds
Start importing Assets/NativeTiles/Tiles/Wood_29.asset using Guid(8744caec750865a41817d3d004b647a3) Importer(Primary)  -> (artifact id: '45bf7d8dc1d0bee7ba26998f20afffa6') in 0.001739 seconds
Start importing Assets/NativeTiles/Tiles/Wood_16.asset using Guid(e70520bc3d39d6b439c87e5ef7dce996) Importer(Primary)  -> (artifact id: 'cd313b25d1250f0f93dff47c48b80ee1') in 0.001577 seconds
Start importing Assets/NativeTiles/Tiles/Wood_13.asset using Guid(e7a927c6a87e8af469184de2075f106a) Importer(Primary)  -> (artifact id: 'a7eea42c8e9e5e0a14dd42ab303ac6cb') in 0.001802 seconds
Start importing Assets/NativeTiles/Tiles/Wood_28.asset using Guid(f7c2b801afdd81749850fe3d5ef29a5f) Importer(Primary)  -> (artifact id: '492ed4474217ebc2a6297233c15fd7de') in 0.001666 seconds
Start importing Assets/NativeTiles/Tiles/Wood_36.asset using Guid(18227d59acb93074aabe67160cbced15) Importer(Primary)  -> (artifact id: '6292ea2b2ab4830873c44fb99ea1654e') in 0.001518 seconds
Start importing Assets/NativeTiles/Tiles/Wood_41.asset using Guid(780ebcea4eaee654e8a101bd628be90f) Importer(Primary)  -> (artifact id: '67cd92f1773ad3087b9a24e88352012a') in 0.001521 seconds
Start importing Assets/NativeTiles/Tiles/Wood_31.asset using Guid(8811784411821ef47850d57206c1c4c2) Importer(Primary)  -> (artifact id: '4bd7fce37c9e1171dccc4b9e02543170') in 0.001679 seconds
Start importing Assets/NativeTiles/Tiles/Wood_58.asset using Guid(29c375cdb35306845abf077a05a7e2ca) Importer(Primary)  -> (artifact id: 'bfb8e505a41fbf331a7677168c4017f1') in 0.001649 seconds
Start importing Assets/NativeTiles/Tiles/Wood_40.asset using Guid(999c6de54d1013c4b880b78d52787f80) Importer(Primary)  -> (artifact id: '53a5c1f2b8d5ec8601c0e8ef7b4acc8a') in 0.001462 seconds
Start importing Assets/NativeTiles/Tiles/Wood_60.asset using Guid(a9aae784910e93c4599f52b6d599d9ac) Importer(Primary)  -> (artifact id: 'fb58d1664a8b6a4ad0f803ca125d342d') in 0.001418 seconds
Start importing Assets/NativeTiles/Tiles/Wood_32.asset using Guid(c951e4905c9f90848ae3808d6ee3feb5) Importer(Primary)  -> (artifact id: 'c51af402e0b986caad34c55a455e2c01') in 0.001546 seconds
Start importing Assets/NativeTiles/Tiles/Wood_44.asset using Guid(0a961ef9eb518fb41b9cc67a30369bc8) Importer(Primary)  -> (artifact id: 'a992947d771a7d8f5803d12398e93dec') in 0.001455 seconds
Start importing Assets/NativeTiles/Tiles/Wood_22.asset using Guid(0a676cb0d5f85f049b996302f2ead98d) Importer(Primary)  -> (artifact id: '793049cac9de5f604b7d5ad1df33a1bd') in 0.001473 seconds
Start importing Assets/NativeTiles/Tiles/Wood_38.asset using Guid(5a07f3d0536465e4bbf95a2e0ac70be7) Importer(Primary)  -> (artifact id: '3ca30bd1a27330fd4b9b586d2fc3b03d') in 0.001420 seconds
Start importing Assets/NativeTiles/Tiles/Wood_54.asset using Guid(5ad9046f7c9e4be47a343fdf127f1208) Importer(Primary)  -> (artifact id: '31b6252281e1deafa469e84aaccd67f3') in 0.001493 seconds
Start importing Assets/NativeTiles/Tiles/Wood_49.asset using Guid(7a29ce7cef1557b41b3064eeb4a5f1cb) Importer(Primary)  -> (artifact id: 'a4466c022536303565d4e5675a5002d4') in 0.001624 seconds
Start importing Assets/NativeTiles/Tiles/Wood_23.asset using Guid(ea14d9fb2036dd34d86b1a37f412dd52) Importer(Primary)  -> (artifact id: 'abf6804dd5b1e78ca65d02f8db56e86a') in 0.001479 seconds
Start importing Assets/NativeTiles/Tiles/Wood_48.asset using Guid(1bb7e71ce9079854887cfc41308d09cd) Importer(Primary)  -> (artifact id: 'd0117045719be161ef3665dccb993758') in 0.001518 seconds
Start importing Assets/NativeTiles/Tiles/Wood_26.asset using Guid(1b8996b338f9cc14a93df9b2204b48d6) Importer(Primary)  -> (artifact id: '256b3f2a63fbcf03e5595fec215eaac6') in 0.001656 seconds
Start importing Assets/NativeTiles/Tiles/Wood_06.asset using Guid(dbcba50179351414baa8c78a08e90fcc) Importer(Primary)  -> (artifact id: '31de198b29144c471bdc615179d9ccbf') in 0.001643 seconds
Start importing Assets/NativeTiles/Tiles/Wood_33.asset using Guid(acb08f0019c636d47a6be03a1266ed90) Importer(Primary)  -> (artifact id: 'b4bcb7455a23a4936b8a60867a562bca') in 0.001543 seconds
Start importing Assets/NativeTiles/Tiles/Wood_62.asset using Guid(acd133970a3db0f4d84d8392d8b95b2c) Importer(Primary)  -> (artifact id: '5ebb8eb72cd709ca5d73a159c990389b') in 0.001599 seconds
Start importing Assets/NativeTiles/Tiles/Wood_07.asset using Guid(ac06dc881dc9ffa46b032b444a166d4e) Importer(Primary)  -> (artifact id: '7b13c94b03563f390e4ba5f4d4efa011') in 0.001597 seconds
Start importing Assets/NativeTiles/Tiles/Wood_17.asset using Guid(dcc4e1a9725a8074c88e06f97514c8aa) Importer(Primary)  -> (artifact id: '7d56ce1d9caa5e413f3b450ec776e9d7') in 0.001606 seconds
Start importing Assets/NativeTiles/Tiles/Wood_56.asset using Guid(1d58254438241b14089c2655155d1999) Importer(Primary)  -> (artifact id: '702db2854797fffdbeccfd4311fdd9b0') in 0.001442 seconds
Start importing Assets/NativeTiles/Tiles/Wood_51.asset using Guid(5d406d6308e6ea94e82903a4a831bb89) Importer(Primary)  -> (artifact id: '4fdf1e0cb9cdffc2ad2e8d7aafe09f47') in 0.001590 seconds
Start importing Assets/NativeTiles/Tiles/Wood_30.asset using Guid(7d8686f91ea609b41af3aa7d651b6325) Importer(Primary)  -> (artifact id: '2dbec8a5b0b9203bc513619e97a88d31') in 0.001519 seconds
Start importing Assets/NativeTiles/Tiles/Wood_53.asset using Guid(8d7ae5821e549e64cb6e933f3f4b92a9) Importer(Primary)  -> (artifact id: '4e69943efe30007257f66b178b5969d1') in 0.001523 seconds
Start importing Assets/NativeTiles/Tiles/Wood_01.asset using Guid(9d64658f84c67774d8b26399689e23f2) Importer(Primary)  -> (artifact id: '952e122435ca9d361bc6f2098d9386a1') in 0.001612 seconds
Start importing Assets/NativeTiles/Tiles/Wood_02.asset using Guid(cd53b848a6f3f8e4b9f13c61945ad79b) Importer(Primary)  -> (artifact id: '401fa513e8373b1967d3b461e7f3e11a') in 0.001562 seconds
Start importing Assets/NativeTiles/Tiles/Wood_10.asset using Guid(1eee57bfe6803784f8604c6c47bc8929) Importer(Primary)  -> (artifact id: '71a05a941f211cdd0adbb0f46799fc83') in 0.001476 seconds
Start importing Assets/NativeTiles/Tiles/Wood_37.asset using Guid(2ec45ee10f53f7048b84397f4360f0da) Importer(Primary)  -> (artifact id: '3180aa93b710a97a05167ddad1d43f8e') in 0.001391 seconds
Start importing Assets/NativeTiles/Tiles/Wood_57.asset using Guid(5eeda1a92b5101c4fabde2ed59aab7ff) Importer(Primary)  -> (artifact id: '21f29ddabb5c9d9ae94e564bec4be0b2') in 0.001428 seconds
Start importing Assets/NativeTiles/Tiles/Wood_42.asset using Guid(9e640792df2f530409df50b253d851c0) Importer(Primary)  -> (artifact id: '5218d20307366d1adc4b02506df1c5f2') in 0.001528 seconds
Start importing Assets/NativeTiles/Tiles/Wood_04.asset using Guid(9ed5f97371219c84c80b5b778fd24c21) Importer(Primary)  -> (artifact id: '9961e3310aee3431a7d243c93e13c3a3') in 0.001544 seconds
Start importing Assets/NativeTiles/Tiles/Wood_25.asset using Guid(0f8eb25ab2bfffd46b002c890395fc80) Importer(Primary)  -> (artifact id: 'a57da2d4e8a523d6b3ac87f8f7d783e1') in 0.001564 seconds
Start importing Assets/NativeTiles/Tiles/Wood_61.asset using Guid(1f483472e5604a84ca1ee1eba90e8638) Importer(Primary)  -> (artifact id: 'b51ec4bb1e4e0de970ffe9f8ab18e305') in 0.001582 seconds
Start importing Assets/NativeTiles/Tiles/Wood_45.asset using Guid(2f77f020c6467a64b8f4a7f0ea0d9d52) Importer(Primary)  -> (artifact id: '9bd75f216e44ee9750f091d21cf27bfa') in 0.001615 seconds
Start importing Assets/NativeTiles/Tiles/Wood_43.asset using Guid(6f2d4334fa6bb4d43888e5e9b1c1bbb2) Importer(Primary)  -> (artifact id: 'f479f0704d3c6007b0ae26ce780c7f46') in 0.001631 seconds
Start importing Assets/NativeTiles/Tiles/Wood_11.asset using Guid(bf48c66ae97981a42b05a55aa800750a) Importer(Primary)  -> (artifact id: '85d3ce0f002a665f5cfcc4842a50a60a') in 0.001592 seconds
Refreshing native plugins compatible for Editor in 0.00 ms, found 0 plugins.
Preloading 0 native plugins for Editor in 0.00 ms.
Asset Pipeline Refresh (id=425ce8b8012dd8b438b359a942169a75): Total: 0.119 seconds - Initiated by StopAssetImportingV2(NoUpdateAssetOptions)
Opening scene 'Assets/main.unity'
Unloading 0 Unused Serialized files (Serialized files now loaded: 0)
Loaded scene 'Assets/main.unity'
	Deserialize:            1.283 ms
	Integration:            3.230 ms
	Integration of assets:  0.002 ms
	Thread Wait Time:       0.010 ms
	Total Operation Time:   4.525 ms
Unloading 1476 unused Assets / (0.7 MB). Loaded Objects now: 609.
Memory consumption went from 83.7 MB to 83.0 MB.
Total: 2.283100 ms (FindLiveObjects: 0.074500 ms CreateObjectMapping: 0.016400 ms MarkObjects: 1.522500 ms  DeleteObjects: 0.669100 ms)

Start importing Assets/main.unity using Guid(77c9485b9057f054391e59d64c97ab11) Importer(Primary)  -> (artifact id: '6d9a9ae527a4fc4aeda3fcd8a574a20a') in 0.000464 seconds
Refreshing native plugins compatible for Editor in 0.00 ms, found 0 plugins.
Preloading 0 native plugins for Editor in 0.00 ms.
Asset Pipeline Refresh (id=5d47dd1b45f00e24180496d7763f80b8): Total: 0.004 seconds - Initiated by StopAssetImportingV2(NoUpdateAssetOptions)
Start importing ProjectSettings/ProjectSettings.asset using Guid(00000000000000004000000000000000) Importer(Primary)  -> (artifact id: '97e53688dd4c8c93e225f4553d4c405c') in 0.001870 seconds
Refreshing native plugins compatible for Editor in 0.00 ms, found 0 plugins.
Preloading 0 native plugins for Editor in 0.00 ms.
Asset Pipeline Refresh (id=d4c63a21c6242ee428b248db4173067c): Total: 0.005 seconds - Initiated by StopAssetImportingV2(NoUpdateAssetOptions)
NATIVE_TILEMAP_VALIDATION_PASS 10797
UnityEngine.StackTraceUtility:ExtractStackTrace ()
UnityEngine.DebugLogHandler:LogFormat (UnityEngine.LogType,UnityEngine.Object,string,object[])
UnityEngine.Logger:Log (UnityEngine.LogType,object)
UnityEngine.Debug:Log (object)
NativeTilemapMigration:Validate () (at Assets/Editor/NativeTilemapMigration/NativeTilemapMigration.cs:186)
NativeTilemapMigration:Convert () (at Assets/Editor/NativeTilemapMigration/NativeTilemapMigration.cs:72)

(Filename: Assets/Editor/NativeTilemapMigration/NativeTilemapMigration.cs Line: 186)

NATIVE_TILEMAP_CONVERSION_PASS
UnityEngine.StackTraceUtility:ExtractStackTrace ()
UnityEngine.DebugLogHandler:LogFormat (UnityEngine.LogType,UnityEngine.Object,string,object[])
UnityEngine.Logger:Log (UnityEngine.LogType,object)
UnityEngine.Debug:Log (object)
NativeTilemapMigration:Convert () (at Assets/Editor/NativeTilemapMigration/NativeTilemapMigration.cs:73)

(Filename: Assets/Editor/NativeTilemapMigration/NativeTilemapMigration.cs Line: 73)

Batchmode quit successfully invoked - shutting down!
Input System module state changed to: ShutdownInProgress.
Input System polling thread exited.
Input System module state changed to: Shutdown.
[Licensing::IpcConnector] License Notification channel disconnected successfully.
[Licensing::IpcConnector] License Client channel disconnected successfully.
Shutting down server...
Cleanup mono
[Performance] WinEditorMain                                                                                                   :        1 samples, Peak.  5.57 s (1.0x), Avg.  5.57 s, Total. 5.567 s (43.1%)
[Performance] WinEditorMain.ConfigureCrashHandler                                                                             :        1 samples, Peak.  19.3 us (1.0x), Avg.  19.3 us, Total. 19.30 us (0.0%)
[Performance] WinEditorMain.CurlRequestInitialize                                                                             :        1 samples, Peak.   571 us (1.0x), Avg.   571 us, Total. 570.7 us (0.0%)
[Performance] WinEditorMain.SetupLogFile                                                                                      :        1 samples, Peak.   629 us (1.0x), Avg.   629 us, Total. 628.6 us (0.0%)
[Performance] WinEditorMain.RunNativeTestsIfRequiredAndExit                                                                   :        1 samples, Peak.   100 ns (1.0x), Avg.   100 ns, Total. 100.0 ns (0.0%)
[Performance] WinEditorMain.Licensing                                                                                         :        1 samples, Peak.  5.53 s (1.0x), Avg.  5.53 s, Total. 5.527 s (42.7%)
[Performance] WinEditorMain.InitializeCrashHandler                                                                            :        1 samples, Peak.  36.9 ms (1.0x), Avg.  36.9 ms, Total. 36.91 ms (0.3%)
[Performance] WinEditorMain.CreateApplication                                                                                 :        1 samples, Peak.   101 us (1.0x), Avg.   101 us, Total. 100.6 us (0.0%)
[Performance] Application.InitializeProject                                                                                   :        1 samples, Peak.  3.46 s (1.0x), Avg.  3.46 s, Total. 3.460 s (26.8%)
[Performance] Application.PackageManager.StartServer                                                                          :        1 samples, Peak.  14.2 ms (1.0x), Avg.  14.2 ms, Total. 14.23 ms (0.1%)
[Performance] Application.AcquireProjectLock                                                                                  :        1 samples, Peak.  3.37 ms (1.0x), Avg.  3.37 ms, Total. 3.373 ms (0.0%)
[Performance] Application.InitializeEngineNoGraphics                                                                          :        1 samples, Peak.   112 ms (1.0x), Avg.   112 ms, Total. 112.5 ms (0.9%)
[Performance] Application.PackageManager.Initialize                                                                           :        1 samples, Peak.   190 ms (1.0x), Avg.   190 ms, Total. 190.1 ms (1.5%)
[Performance] Connecting to Package Manager                                                                                   :       20 samples, Peak.  56.2 us (13.1x), Avg.  4.29 us, Total. 85.80 us (0.0%)
[Performance] PackageManager::Api::RunRequestSynchronously                                                                    :        7 samples, Peak.  3.50 us (1.5x), Avg.  2.34 us, Total. 16.40 us (0.0%)
[Performance] Application.EngineGraphics.Initialize                                                                           :        1 samples, Peak.  27.3 ms (1.0x), Avg.  27.3 ms, Total. 27.34 ms (0.2%)
[Performance] Application.GI.Initialize                                                                                       :        1 samples, Peak.  2.43 ms (1.0x), Avg.  2.43 ms, Total. 2.431 ms (0.0%)
[Performance] Application.LoadAllDefaultResourcesFromEditor                                                                   :        1 samples, Peak.  1.33 ms (1.0x), Avg.  1.33 ms, Total. 1.326 ms (0.0%)
[Performance] Application.LoadMonoAssemblies                                                                                  :        1 samples, Peak.   512 ms (1.0x), Avg.   512 ms, Total. 511.7 ms (4.0%)
[Performance] RestoreManagedReferences                                                                                        :        2 samples, Peak.  27.7 ms (2.0x), Avg.  13.8 ms, Total. 27.68 ms (0.2%)
[Performance] InitializeOnLoad SceneSearch                                                                                    :        2 samples, Peak.   199 us (1.0x), Avg.   190 us, Total. 380.2 us (0.0%)
[Performance] InitializeOnLoad DrivenRectTransformUndo                                                                        :        2 samples, Peak.   186 us (1.1x), Avg.   162 us, Total. 323.7 us (0.0%)
[Performance] InitializeOnLoad ManagedDebugger                                                                                :        2 samples, Peak.   400 us (1.0x), Avg.   389 us, Total. 778.1 us (0.0%)
[Performance] InitializeOnLoad EditMode                                                                                       :        2 samples, Peak.   348 us (1.1x), Avg.   310 us, Total. 620.7 us (0.0%)
[Performance] InitializeOnLoad ProjectSearch                                                                                  :        2 samples, Peak.   269 us (1.8x), Avg.   153 us, Total. 305.3 us (0.0%)
[Performance] InitializeOnLoad ManagedDebuggerWindow                                                                          :        2 samples, Peak.   139 us (1.3x), Avg.   103 us, Total. 205.7 us (0.0%)
[Performance] InitializeOnLoad ConsoleEntrance                                                                                :        2 samples, Peak.   268 us (1.1x), Avg.   235 us, Total. 470.9 us (0.0%)
[Performance] InitializeOnLoad TuanjiePathAndNameFix                                                                          :        2 samples, Peak.   429 us (1.0x), Avg.   410 us, Total. 820.1 us (0.0%)
[Performance] InitializeOnLoad AddComponentWindow                                                                             :        2 samples, Peak.  64.9 us (1.0x), Avg.  63.3 us, Total. 126.6 us (0.0%)
[Performance] InitializeOnLoad MixerEffectDefinitionReloader                                                                  :        2 samples, Peak.  1.60 ms (1.2x), Avg.  1.29 ms, Total. 2.571 ms (0.0%)
[Performance] InitializeOnLoad NativeFormatImporterUtility                                                                    :        2 samples, Peak.  1.94 ms (1.2x), Avg.  1.62 ms, Total. 3.234 ms (0.0%)
[Performance] InitializeOnLoad UnityConnect                                                                                   :        2 samples, Peak.  36.1 us (1.0x), Avg.  35.4 us, Total. 70.70 us (0.0%)
[Performance] InitializeOnLoad AssetStoreContext                                                                              :        2 samples, Peak.  17.6 ms (1.1x), Avg.  16.5 ms, Total. 33.04 ms (0.3%)
[Performance] InitializeOnLoad UISystemProfilerRenderService                                                                  :        2 samples, Peak.  9.70 us (1.1x), Avg.  8.50 us, Total. 17.00 us (0.0%)
[Performance] InitializeOnLoad ShortcutIntegration                                                                            :        2 samples, Peak.  57.5 us (1.1x), Avg.  50.0 us, Total. 100.1 us (0.0%)
[Performance] InitializeOnLoad CacheServerWindow                                                                              :        2 samples, Peak.  12.3 us (1.3x), Avg.  9.20 us, Total. 18.40 us (0.0%)
[Performance] InitializeOnLoad PrefabInstanceChangedListener                                                                  :        2 samples, Peak.  91.8 us (1.0x), Avg.  90.9 us, Total. 181.7 us (0.0%)
[Performance] InitializeOnLoad CloudBuild                                                                                     :        2 samples, Peak.  3.00 us (1.2x), Avg.  2.50 us, Total. 5.000 us (0.0%)
[Performance] InitializeOnLoad ProfilerConnectionPopupWindow                                                                  :        2 samples, Peak.  16.8 us (1.1x), Avg.  14.9 us, Total. 29.80 us (0.0%)
[Performance] InitializeOnLoad SettingsService                                                                                :        2 samples, Peak.  7.60 us (1.2x), Avg.  6.25 us, Total. 12.50 us (0.0%)
[Performance] InitializeOnLoad ObjectSelectorSearch                                                                           :        2 samples, Peak.  31.6 us (1.2x), Avg.  27.1 us, Total. 54.30 us (0.0%)
[Performance] InitializeOnLoad PlayModeDownload                                                                               :        2 samples, Peak.  3.75 ms (1.9x), Avg.  1.95 ms, Total. 3.901 ms (0.0%)
[Performance] InitializeOnLoad SearchService                                                                                  :        2 samples, Peak.  78.7 us (1.0x), Avg.  77.1 us, Total. 154.3 us (0.0%)
[Performance] InitializeOnLoad PoolManager                                                                                    :        2 samples, Peak.  34.0 us (1.1x), Avg.  31.5 us, Total. 62.90 us (0.0%)
[Performance] InitializeOnLoad WindowLayout                                                                                   :        2 samples, Peak.   330 us (1.0x), Avg.   317 us, Total. 633.9 us (0.0%)
[Performance] InitializeOnLoad BuildProfileHelperManager                                                                      :        2 samples, Peak.  96.8 ms (1.9x), Avg.  50.9 ms, Total. 101.7 ms (0.8%)
[Performance] InitializeOnLoad MenuItems                                                                                      :        2 samples, Peak.   147 us (1.4x), Avg.   103 us, Total. 205.5 us (0.0%)
[Performance] InitializeOnLoad EditorMonitor                                                                                  :        2 samples, Peak.   416 us (1.1x), Avg.   378 us, Total. 755.7 us (0.0%)
[Performance] InitializeOnLoad RetainedMode                                                                                   :        2 samples, Peak.  1.65 ms (1.1x), Avg.  1.57 ms, Total. 3.150 ms (0.0%)
[Performance] InitializeOnLoad EditorShaderLoader                                                                             :        2 samples, Peak.   437 us (1.0x), Avg.   416 us, Total. 832.9 us (0.0%)
[Performance] InitializeOnLoad EditorDelegateRegistration                                                                     :        2 samples, Peak.   313 us (1.1x), Avg.   282 us, Total. 563.1 us (0.0%)
[Performance] InitializeOnLoad UIDocumentHierarchyWatcher                                                                     :        2 samples, Peak.  48.4 us (1.1x), Avg.  45.1 us, Total. 90.10 us (0.0%)
[Performance] InitializeOnLoad LiveReloadTrackerCreator                                                                       :        2 samples, Peak.   111 us (1.2x), Avg.  94.0 us, Total. 188.0 us (0.0%)
[Performance] InitializeOnLoad UxmlObjectEditorFactories                                                                      :        2 samples, Peak.   329 us (1.1x), Avg.   311 us, Total. 622.2 us (0.0%)
[Performance] InitializeOnLoad UXMLEditorFactories                                                                            :        2 samples, Peak.  35.5 ms (1.0x), Avg.  35.1 ms, Total. 70.24 ms (0.5%)
[Performance] InitializeOnLoad PurchasingService                                                                              :        2 samples, Peak.  4.88 ms (1.1x), Avg.  4.62 ms, Total. 9.249 ms (0.1%)
[Performance] InitializeOnLoad CloudBuildPoller                                                                               :        2 samples, Peak.  70.5 us (1.0x), Avg.  69.1 us, Total. 138.2 us (0.0%)
[Performance] InitializeOnLoad EditorGameServicesAnalytics                                                                    :        2 samples, Peak.  1.81 ms (1.1x), Avg.  1.70 ms, Total. 3.406 ms (0.0%)
[Performance] InitializeOnLoad AnalyticsService                                                                               :        2 samples, Peak.   131 us (1.1x), Avg.   124 us, Total. 248.6 us (0.0%)
[Performance] InitializeOnLoad BuildService                                                                                   :        2 samples, Peak.   134 us (1.2x), Avg.   112 us, Total. 224.8 us (0.0%)
[Performance] InitializeOnLoad AdsService                                                                                     :        2 samples, Peak.   289 us (1.1x), Avg.   266 us, Total. 532.2 us (0.0%)
[Performance] InitializeOnLoad UDPService                                                                                     :        2 samples, Peak.   100 us (1.1x), Avg.  95.4 us, Total. 190.7 us (0.0%)
[Performance] InitializeOnLoad CrashService                                                                                   :        2 samples, Peak.  78.2 us (1.0x), Avg.  78.1 us, Total. 156.2 us (0.0%)
[Performance] InitializeOnLoad ServicesRepository                                                                             :        2 samples, Peak.   300 ns (1.2x), Avg.   250 ns, Total. 500.0 ns (0.0%)
[Performance] InitializeOnLoad SearchWindow                                                                                   :        2 samples, Peak.  83.6 us (1.1x), Avg.  76.1 us, Total. 152.2 us (0.0%)
[Performance] InitializeOnLoad CustomIndexers                                                                                 :        2 samples, Peak.  11.9 ms (1.0x), Avg.  11.5 ms, Total. 23.08 ms (0.2%)
[Performance] InitializeOnLoad SearchMonitor                                                                                  :        2 samples, Peak.  1.08 ms (1.2x), Avg.   887 us, Total. 1.775 ms (0.0%)
[Performance] InitializeOnLoad ParameterControllerEditor                                                                      :        2 samples, Peak.  16.8 us (1.1x), Avg.  14.6 us, Total. 29.30 us (0.0%)
[Performance] InitializeOnLoad LayerSettingsWindow                                                                            :        2 samples, Peak.  19.8 us (1.8x), Avg.  11.3 us, Total. 22.50 us (0.0%)
[Performance] InitializeOnLoad PackageManagerHookGUIDConverter.RegisterPackagesEventHandler                                   :        2 samples, Peak.   609 us (1.7x), Avg.   360 us, Total. 720.6 us (0.0%)
[Performance] InitializeOnLoad EditorDragAndDrop.RegisterEditorClient                                                         :        2 samples, Peak.   151 us (1.1x), Avg.   138 us, Total. 275.4 us (0.0%)
[Performance] InitializeOnLoad EditorEventCallbacks.InitializeFontAssetResourceChangeCallBacks                                :        2 samples, Peak.   675 us (1.0x), Avg.   652 us, Total. 1.305 ms (0.0%)
[Performance] InitializeOnLoad SceneTemplateService.Init                                                                      :        2 samples, Peak.   783 us (1.1x), Avg.   724 us, Total. 1.448 ms (0.0%)
[Performance] InitializeOnLoad DiagnosticSwitchesConsoleMessage.Init                                                          :        2 samples, Peak.  4.92 ms (1.7x), Avg.  2.88 ms, Total. 5.762 ms (0.0%)
[Performance] InitializeOnLoad EditorWindow.Initialize                                                                        :        2 samples, Peak.   174 us (1.0x), Avg.   172 us, Total. 344.3 us (0.0%)
[Performance] InitializeOnLoad MemoryProfilerCompilationGuard.InjectCompileGuard                                              :        2 samples, Peak.   101 us (1.0x), Avg.  99.8 us, Total. 199.6 us (0.0%)
[Performance] InitializeOnLoad PackageManagerWindow.EditorInitializedInSafeMode                                               :        2 samples, Peak.   141 us (1.7x), Avg.  81.0 us, Total. 161.9 us (0.0%)
[Performance] InitializeOnLoad ToolShortcutContext.Init                                                                       :        2 samples, Peak.  80.5 us (1.0x), Avg.  77.2 us, Total. 154.4 us (0.0%)
[Performance] InitializeOnLoad AssetPostprocessingInternal.RefreshCustomDependencies                                          :        2 samples, Peak.  1.98 ms (1.2x), Avg.  1.66 ms, Total. 3.327 ms (0.0%)
[Performance] InitializeOnLoad SysrootManager.Initialize                                                                      :        2 samples, Peak.   420 us (1.1x), Avg.   394 us, Total. 787.8 us (0.0%)
[Performance] InitializeOnLoad ScopedRegistryAddedPopup.SubscribeToRegistriesAdded                                            :        2 samples, Peak.   155 us (1.4x), Avg.   115 us, Total. 229.3 us (0.0%)
[Performance] InitializeOnLoad SceneVisibilityManager.Initialize                                                              :        2 samples, Peak.  3.41 ms (1.7x), Avg.  1.97 ms, Total. 3.944 ms (0.0%)
[Performance] AssemblyReloadEvents.afterAssemblyReload: UnityEditor.PackageManager.TuanjiePathAndNameFix.FixTuanjieNameOrPath :        2 samples, Peak.  2.48 ms (1.0x), Avg.  2.42 ms, Total. 4.837 ms (0.0%)
[Performance] AssemblyReloadEvents.afterAssemblyReload: UnityEditor.SceneTemplate.SceneTemplateService.AfterAssemblyReload    :        2 samples, Peak.  2.55 ms (1.9x), Avg.  1.37 ms, Total. 2.731 ms (0.0%)
[Performance] ProcessService.EditorAfterLoadAllAssemblies                                                                     :        2 samples, Peak.   205 us (1.1x), Avg.   186 us, Total. 371.7 us (0.0%)
[Performance] Application.ReadLicenseInfo                                                                                     :        1 samples, Peak.  23.2 ms (1.0x), Avg.  23.2 ms, Total. 23.19 ms (0.2%)
[Performance] Application.InitialRefresh                                                                                      :        1 samples, Peak.  1.62 s (1.0x), Avg.  1.62 s, Total. 1.623 s (12.6%)
[Performance] BuilderAssetModificationProcessor.OnWillCreateAsset                                                             :        2 samples, Peak.   576 us (1.6x), Avg.   366 us, Total. 732.9 us (0.0%)
[Performance] ShaderImporter.SourceAssetModified                                                                              :        4 samples, Peak.  3.40 us (2.7x), Avg.  1.25 us, Total. 5.000 us (0.0%)
[Performance] ShaderIncludeImporter.SourceAssetModified                                                                       :        4 samples, Peak.  5.50 us (3.2x), Avg.  1.73 us, Total. 6.900 us (0.0%)
[Performance] Compiling Scripts                                                                                               :        1 samples, Peak.  1.10 s (1.0x), Avg.  1.10 s, Total. 1.104 s (8.5%)
[Performance] AssemblyReloadEvents.beforeAssemblyReload: UnityEditor.SceneTemplate.SceneTemplateService.BeforeAssemblyReload  :        1 samples, Peak.   312 us (1.0x), Avg.   312 us, Total. 311.8 us (0.0%)
[Performance] PresetManagerPostProcessor.OnPreprocessAsset                                                                    :      335 samples, Peak.   822 us (83.3x), Avg.  9.87 us, Total. 3.306 ms (0.0%)
[Performance] CancelSplashScreenOnAssetChange.OnPreprocessAsset                                                               :      335 samples, Peak.  78.1 us (50.3x), Avg.  1.55 us, Total. 519.8 us (0.0%)
[Performance] DidReloadScriptsAdvancedDropdownWindow.OnScriptReload                                                           :        1 samples, Peak.   133 us (1.0x), Avg.   133 us, Total. 133.1 us (0.0%)
[Performance] BuilderAssetModificationProcessor.OnWillSaveAssets                                                              :      224 samples, Peak.   473 us (72.8x), Avg.  6.50 us, Total. 1.456 ms (0.0%)
[Performance] TerrainModificationProcessor.OnWillSaveAssets                                                                   :      224 samples, Peak.   373 us (137.6x), Avg.  2.71 us, Total. 607.6 us (0.0%)
[Performance] VersionControl.Task.Wait                                                                                        :        1 samples, Peak.  4.80 us (1.0x), Avg.  4.80 us, Total. 4.800 us (0.0%)
[Performance] AssetDatabase.ImportAssets                                                                                      :       80 samples, Peak.   120 ms (76.5x), Avg.  1.56 ms, Total. 124.9 ms (1.0%)
[Performance] BuilderAssetPostprocessor.OnPostprocessAllAssets                                                                :      138 samples, Peak.  1.79 ms (27.4x), Avg.  65.1 us, Total. 8.987 ms (0.1%)
[Performance] ArtifactBrowserPostProcessor.OnPostprocessAllAssets                                                             :      138 samples, Peak.   324 us (48.8x), Avg.  6.63 us, Total. 915.0 us (0.0%)
[Performance] AssetEvents.OnPostprocessAllAssets                                                                              :      276 samples, Peak.   126 us (49.8x), Avg.  2.52 us, Total. 696.3 us (0.0%)
[Performance] AudioMixerPostprocessor.OnPostprocessAllAssets                                                                  :      138 samples, Peak.   167 us (42.1x), Avg.  3.96 us, Total. 547.1 us (0.0%)
[Performance] DomainReloadPostprocessor.OnPostprocessAllAssets                                                                :      138 samples, Peak.  1.22 ms (45.0x), Avg.  27.2 us, Total. 3.750 ms (0.0%)
[Performance] StyleCatalogPostProcessor.OnPostprocessAllAssets                                                                :      138 samples, Peak.  11.3 ms (66.7x), Avg.   170 us, Total. 23.42 ms (0.2%)
[Performance] BuildCatalog                                                                                                    :        1 samples, Peak.  10.6 ms (1.0x), Avg.  10.6 ms, Total. 10.56 ms (0.1%)
[Performance] ModelImporterPostProcessor.OnPostprocessAllAssets                                                               :      138 samples, Peak.   685 us (30.4x), Avg.  22.6 us, Total. 3.112 ms (0.0%)
[Performance] RetainedModeAssetPostprocessor.OnPostprocessAllAssets                                                           :      138 samples, Peak.  2.41 ms (55.5x), Avg.  43.3 us, Total. 5.980 ms (0.0%)
[Performance] AssetChangedListener.OnPostprocessAllAssets                                                                     :      138 samples, Peak.  1.27 ms (33.0x), Avg.  38.3 us, Total. 5.291 ms (0.0%)
[Performance] SpeedTreePostProcessor.OnPostprocessAllAssets                                                                   :      138 samples, Peak.   382 us (24.9x), Avg.  15.4 us, Total. 2.119 ms (0.0%)
[Performance] TextAssetPostProcessor.OnPostprocessAllAssets                                                                   :      138 samples, Peak.  2.28 ms (41.8x), Avg.  54.6 us, Total. 7.540 ms (0.1%)
[Performance] SyncVS.PostprocessSyncProject                                                                                   :       69 samples, Peak.  1.18 ms (33.9x), Avg.  34.7 us, Total. 2.395 ms (0.0%)
[Performance] EditorApplication.projectChanged: UnityEditor.Audio.MixerEffectDefinitionReloader.OnProjectChanged              :        2 samples, Peak.   893 us (1.6x), Avg.   570 us, Total. 1.140 ms (0.0%)
[Performance] Application.ImportPackagesAndSetTemplateWhenCreatingProject                                                     :        1 samples, Peak.  10.6 ms (1.0x), Avg.  10.6 ms, Total. 10.64 ms (0.1%)
[Performance] Application.SyncCurrentColorSpace                                                                               :        1 samples, Peak.  5.40 ms (1.0x), Avg.  5.40 ms, Total. 5.396 ms (0.0%)
[Performance] Application.OnUsbDevicesChanged                                                                                 :        1 samples, Peak.   687 us (1.0x), Avg.   687 us, Total. 686.7 us (0.0%)
[Performance] Application.AssetInstanceCacheUpdate                                                                            :        1 samples, Peak.   200 ns (1.0x), Avg.   200 ns, Total. 200.0 ns (0.0%)
[Performance] Application.UnityExtensions.Initialize                                                                          :        1 samples, Peak.   259 us (1.0x), Avg.   259 us, Total. 259.0 us (0.0%)
[Performance] CodeEditorProjectSync.SyncEditorProject                                                                         :        1 samples, Peak.  56.4 us (1.0x), Avg.  56.4 us, Total. 56.40 us (0.0%)
[Performance] Application.ExecuteStartups                                                                                     :        1 samples, Peak.  27.7 ms (1.0x), Avg.  27.7 ms, Total. 27.73 ms (0.2%)
[Performance] Menu.RegisterMenuInterface                                                                                      :       26 samples, Peak.   700 ns (6.5x), Avg.   108 ns, Total. 2.800 us (0.0%)
[Performance] Gizmo.RebuildRenderers                                                                                          :        1 samples, Peak.  27.0 ms (1.0x), Avg.  27.0 ms, Total. 27.03 ms (0.2%)
[Performance] Gizmo.AddGizmoRenderers                                                                                         :       21 samples, Peak.  1.32 ms (15.4x), Avg.  85.8 us, Total. 1.801 ms (0.0%)
[Performance] Application.editorInitializingProject                                                                           :        1 samples, Peak.   161 ms (1.0x), Avg.   161 ms, Total. 160.9 ms (1.2%)
[Performance] Application.InitializeMenu                                                                                      :        1 samples, Peak.  40.2 ms (1.0x), Avg.  40.2 ms, Total. 40.25 ms (0.3%)
[Performance] Menu.RebuildAll                                                                                                 :        1 samples, Peak.  40.2 ms (1.0x), Avg.  40.2 ms, Total. 40.24 ms (0.3%)
[Performance] Menu.BuildRegisteredMenuInterfaces                                                                              :        1 samples, Peak.  39.0 ms (1.0x), Avg.  39.0 ms, Total. 39.00 ms (0.3%)
[Performance] Menu.FilterMenuItem                                                                                             :      466 samples, Peak.  7.35 ms (458.7x), Avg.  16.0 us, Total. 7.464 ms (0.1%)
[Performance] UpdateAllMenus                                                                                                  :        1 samples, Peak.   419 us (1.0x), Avg.   419 us, Total. 418.7 us (0.0%)
[Performance] Menu.RebuildOSMainMenu                                                                                          :        2 samples, Peak.  1.34 ms (1.3x), Avg.  1.03 ms, Total. 2.053 ms (0.0%)
[Performance] EditorSceneManager.sceneClosing: UnityEditor.SceneVisibilityManager.EditorSceneManagerOnSceneClosing            :        4 samples, Peak.   173 us (3.8x), Avg.  45.7 us, Total. 182.9 us (0.0%)
[Performance] GUIView.RepaintAll.PlayerLoopController                                                                         :        1 samples, Peak.  1.30 us (1.0x), Avg.  1.30 us, Total. 1.300 us (0.0%)
[Performance] EditorSceneManager.newSceneCreated: UnityEditor.SceneTemplate.SceneTemplateService.OnNewSceneCreated            :        1 samples, Peak.   167 us (1.0x), Avg.   167 us, Total. 166.9 us (0.0%)
[Performance] EditorSceneManager.newSceneCreated: UnityEditor.SceneVisibilityManager.EditorSceneManagerOnNewSceneCreated      :        1 samples, Peak.   115 us (1.0x), Avg.   115 us, Total. 114.8 us (0.0%)
[Performance] EditorSceneManager.newSceneCreated: UnityEditor.SceneManagement.StageNavigationManager.OnNewSceneCreated        :        1 samples, Peak.  34.1 us (1.0x), Avg.  34.1 us, Total. 34.10 us (0.0%)
[Performance] Application.InvokeFinishedLoadingProject                                                                        :        1 samples, Peak.  1.03 ms (1.0x), Avg.  1.03 ms, Total. 1.034 ms (0.0%)
[Performance] ProcessService.OnProjectLoaded                                                                                  :        1 samples, Peak.  27.1 us (1.0x), Avg.  27.1 us, Total. 27.10 us (0.0%)
[Performance] Inspector.InitOrRebuild                                                                                         :        3 samples, Peak.   230 us (1.8x), Avg.   130 us, Total. 391.1 us (0.0%)
[Performance] AssetDatabase.Refresh                                                                                           :        1 samples, Peak.  12.3 ms (1.0x), Avg.  12.3 ms, Total. 12.31 ms (0.1%)
[Performance] AssetDatabase.ImportAsset                                                                                       :       65 samples, Peak. 10.00 ms (1.8x), Avg.  5.71 ms, Total. 371.0 ms (2.9%)
[Performance] TextureImporter.Import                                                                                          :       64 samples, Peak.   672 us (2.3x), Avg.   293 us, Total. 18.72 ms (0.1%)
[Performance] SceneDataContainer.TransformHierarchyChangedSetParentCallback                                                   :      300 samples, Peak.  9.90 us (12.9x), Avg.   767 ns, Total. 230.0 us (0.0%)
[Performance] SceneVisibilityState.IsFlagSetInParents                                                                         :      300 samples, Peak.  1.20 us (2.5x), Avg.   486 ns, Total. 145.7 us (0.0%)
[Performance] EditorSceneManager.sceneOpening: UnityEditor.SceneVisibilityManager.EditorSceneManagerOnSceneOpening            :        1 samples, Peak.   101 us (1.0x), Avg.   101 us, Total. 100.6 us (0.0%)
[Performance] EditorSceneManager.sceneOpened: UnityEditor.SceneTemplate.SceneTemplateService.OnSceneOpened                    :        1 samples, Peak.   158 us (1.0x), Avg.   158 us, Total. 157.9 us (0.0%)
[Performance] EditorSceneManager.sceneOpened: UnityEditor.SceneVisibilityManager.EditorSceneManagerOnSceneOpened              :        1 samples, Peak.  79.4 us (1.0x), Avg.  79.4 us, Total. 79.40 us (0.0%)
[Performance] EditorSceneManager.sceneOpened: UnityEditor.SceneManagement.StageNavigationManager.OnSceneOpened                :        1 samples, Peak.  31.2 us (1.0x), Avg.  31.2 us, Total. 31.20 us (0.0%)
[Performance] EditorSceneManager.sceneSaving: UnityEditor.SceneTemplate.SceneTemplateService.OnSceneSaving                    :        1 samples, Peak.   168 us (1.0x), Avg.   168 us, Total. 167.6 us (0.0%)
[Performance] EditorSceneManager.sceneSaving: UnityEditor.SceneVisibilityManager.EditorSceneManagerOnSceneSaving              :        1 samples, Peak.  67.0 us (1.0x), Avg.  67.0 us, Total. 67.00 us (0.0%)
[Performance] EditorSceneManager.sceneSaved: UnityEditor.SceneTemplate.SceneTemplateService.OnSceneSaved                      :        1 samples, Peak.  7.54 ms (1.0x), Avg.  7.54 ms, Total. 7.539 ms (0.1%)
[Performance] EditorSceneManager.sceneSaved: UnityEditor.SceneVisibilityManager.EditorSceneManagerOnSceneSaved                :        1 samples, Peak.  84.0 us (1.0x), Avg.  84.0 us, Total. 84.00 us (0.0%)
[Performance] EditorApplication.quitting: callback in UnityEditor.TextCore.Text.EditorEventCallbacks                          :        1 samples, Peak.  2.41 ms (1.0x), Avg.  2.41 ms, Total. 2.412 ms (0.0%)
[Performance] Application.Shutdown.PauseProfilerSession                                                                       :        1 samples, Peak.  21.7 us (1.0x), Avg.  21.7 us, Total. 21.70 us (0.0%)
[Performance] Application.Shutdown.PauseAssetImportWorkers                                                                    :        1 samples, Peak.  62.1 us (1.0x), Avg.  62.1 us, Total. 62.10 us (0.0%)
[Performance] Application.Shutdown.SaveAssets                                                                                 :        1 samples, Peak.  2.62 ms (1.0x), Avg.  2.62 ms, Total. 2.623 ms (0.0%)
[Performance] Application.Shutdown.CleanupRenderPipeline                                                                      :        1 samples, Peak.  4.50 us (1.0x), Avg.  4.50 us, Total. 4.500 us (0.0%)
[Performance] Application.Shutdown.StopPreloadManager                                                                         :        1 samples, Peak.  9.97 ms (1.0x), Avg.  9.97 ms, Total. 9.969 ms (0.1%)
[Performance] Application.Shutdown.DestroyWorld                                                                               :        1 samples, Peak.   316 us (1.0x), Avg.   316 us, Total. 315.8 us (0.0%)
[Performance] Application.Shutdown.CleanupAfterLoad                                                                           :        1 samples, Peak.  1.54 ms (1.0x), Avg.  1.54 ms, Total. 1.538 ms (0.0%)
[Performance] Application.Shutdown.Progress                                                                                   :        1 samples, Peak.  4.60 us (1.0x), Avg.  4.60 us, Total. 4.600 us (0.0%)
[Performance] Application.Shutdown.GICleanupManagers                                                                          :        1 samples, Peak.   355 us (1.0x), Avg.   355 us, Total. 355.2 us (0.0%)
[Performance] Application.Shutdown.MenuCleanupClass                                                                           :        1 samples, Peak.  78.3 us (1.0x), Avg.  78.3 us, Total. 78.30 us (0.0%)
[Performance] Application.Shutdown.ADBSaveStateBeforeShutdown                                                                 :        1 samples, Peak.  5.80 us (1.0x), Avg.  5.80 us, Total. 5.800 us (0.0%)
[Performance] Application.Shutdown.RemoteShutdown                                                                             :        1 samples, Peak.  1.10 us (1.0x), Avg.  1.10 us, Total. 1.100 us (0.0%)
[Performance] Application.Shutdown.CleanupVCProvider                                                                          :        1 samples, Peak.  5.80 us (1.0x), Avg.  5.80 us, Total. 5.800 us (0.0%)
[Performance] Application.Shutdown.InputShutdown                                                                              :        1 samples, Peak.   400 ns (1.0x), Avg.   400 ns, Total. 400.0 ns (0.0%)
[Performance] Application.Shutdown.GizmoManagerDestroy                                                                        :        1 samples, Peak.   617 us (1.0x), Avg.   617 us, Total. 617.4 us (0.0%)
[Performance] Application.Shutdown.ProfilerSession                                                                            :        1 samples, Peak.   122 us (1.0x), Avg.   122 us, Total. 121.8 us (0.0%)
[Performance] Application.Shutdown.ReleaseGfxWindowOnAllGUIViews                                                              :        1 samples, Peak.   200 ns (1.0x), Avg.   200 ns, Total. 200.0 ns (0.0%)
[Performance] Application.Shutdown.CleanupEngine                                                                              :        1 samples, Peak.  60.3 ms (1.0x), Avg.  60.3 ms, Total. 60.29 ms (0.5%)
[Performance] Application.Shutdown.CleanupAssetDatabase                                                                       :        1 samples, Peak.  4.66 ms (1.0x), Avg.  4.66 ms, Total. 4.661 ms (0.0%)
[Performance] Application.Shutdown.ScriptCompilationCleanUp                                                                   :        1 samples, Peak.  12.4 ms (1.0x), Avg.  12.4 ms, Total. 12.39 ms (0.1%)
[Performance] Application.Shutdown.DestroyJobSystem                                                                           :        1 samples, Peak.  93.2 us (1.0x), Avg.  93.2 us, Total. 93.20 us (0.0%)
[Performance] Application.Shutdown.CleanupPersistentManager                                                                   :        1 samples, Peak.   374 us (1.0x), Avg.   374 us, Total. 373.9 us (0.0%)
[Performance] Application.Shutdown.CleanupAsyncReadManager                                                                    :        1 samples, Peak.   456 us (1.0x), Avg.   456 us, Total. 456.4 us (0.0%)
[Performance] Application.Shutdown.CleanupProgressBar                                                                         :        1 samples, Peak.   300 ns (1.0x), Avg.   300 ns, Total. 300.0 ns (0.0%)
[Performance] Application.Shutdown.CleanupMono                                                                                :        1 samples, Peak.  24.4 ms (1.0x), Avg.  24.4 ms, Total. 24.37 ms (0.2%)
[Performance] Application.Shutdown.CleanupStdConverters                                                                       :        1 samples, Peak.  5.50 us (1.0x), Avg.  5.50 us, Total. 5.500 us (0.0%)
[Performance] Application.Shutdown.UnloadAllPlatformSupportModuleNativeDlls                                                   :        1 samples, Peak.   600 ns (1.0x), Avg.   600 ns, Total. 600.0 ns (0.0%)
[Performance] Application.Shutdown.UnloadAllPlatformSupportNativeLibraries                                                    :        1 samples, Peak. 100.0 ns (1.0x), Avg. 100.0 ns, Total. 100.00 ns (0.0%)
[Performance] Application.Shutdown.CleanupAutoDocumentation                                                                   :        1 samples, Peak.   237 us (1.0x), Avg.   237 us, Total. 236.6 us (0.0%)
[Performance] Application.Shutdown.ShaderNameManagerDestroy                                                                   :        1 samples, Peak.  33.6 us (1.0x), Avg.  33.6 us, Total. 33.60 us (0.0%)
[Performance] Application.Shutdown.CleanupCacheServer                                                                         :        1 samples, Peak. 0.0 (-nan(ind)x), Avg. 0.0, Total. 0.0 (0.0%)
[Performance] Application.Shutdown.Virtualization_Shutdown                                                                    :        1 samples, Peak.   300 ns (1.0x), Avg.   300 ns, Total. 300.0 ns (0.0%)
[Performance] Application.Shutdown.DevConnections                                                                             :        1 samples, Peak.   371 us (1.0x), Avg.   371 us, Total. 370.9 us (0.0%)
Exiting batchmode successfully now!
Exiting without the bug reporter. Application will terminate with return code 0