[Licensing::Module] Trying to connect to existing licensing client channel...
[Licensing::IpcConnector] Connection attempt to the License Client on channel: "LicenseClient-trlanfeng" failed because channel doesn't exist; code: "0x80000002"
[Licensing::Module] GetFullLicensingClientPath:	 C:/Program Files/Tuanjie/Hub/Editor/2022.3.61t14/Editor/Data/Resources/Licensing/Client/Tuanjie.Licensing.Client.exe
[Licensing::Module] Successfully launched the LicensingClient (PId: 34304)
[Licensing::IpcConnector] Successfully connected to the License Client on channel: "LicenseClient-trlanfeng" at "2026-09-23T05:13:40.4745671Z"
[Licensing::Client] Error: Code 0 while verifying Licensing Client signature (process Id: 34304, path: "C:/Program Files/Tuanjie/Hub/Editor/2022.3.61t14/Editor/Data/Resources/Licensing/Client/Tuanjie.Licensing.Client.exe")
[Licensing::Module] Error: LicensingClient has failed validation; ignoring
[Licensing::Client] Successfully send message: {"AuthorizationCheck":"Ewh6pS6mAejTmg==","messageType":"HandshakeRequest","protocolVersion":"1.12","userAgent":"TuanjieEditor/2022.3.61t14 (Windows; U; Windows NT 10.0; zh)","externalCorrelationId":"7678894362741846113"} at 1790140420
[Licensing::Client] Successfully receive message: {"protocolVersion":"1.12","sessionId":"54bc14e42d734193a68de3fcc69b1068","context":{"DeviceName":"MY-PC","DeviceModel":"MS-7E01 (Micro-Star International Co., Ltd.)","PhysicalMemoryMB":"32477","SystemLanguageISO":"zh","ProcessorCount":"24","ProcessorType":"13th Gen Intel(R) Core(TM) i7-13700","OperatingSystem":"Windows 10  (10.0.26200) 64bit","OperatingSystemNumeric":"1000","Legacy.MachineBinding1":"00330-80000-00000-AA674","Legacy.MachineBinding2":"00000_00_000000_00_00D0DD_D0_00D0DD_D0.0","Legacy.MachineBinding4":"RGVmYXVsdCBzdHJpbmc=","Legacy.MachineBinding5":"04:7c:16:87:4a:e7","EnvironmentUser":"trlanfeng","EnvironmentDomain":"MY-PC","EnvironmentHostname":"MY-PC"},"assemblyProductVersion":"1.14.0+76da6ae","machineId":"+nhstU21CyyHh9yxWJ5fOovY55Q=","correlationId":"f82ec28cef53459734f50b54bebd35a9","responseCode":200,"responseStatus":"Handshake successful","messageType":"HandshakeResponse"} at 1790140420
[Licensing::Client] Handshaking with LicensingClient:
  Version:                 1.14.0+76da6ae
  Session Id:              54bc14e42d734193a68de3fcc69b1068
  Correlation Id:          f82ec28cef53459734f50b54bebd35a9
  External correlation Id: 7678894362741846113
  Machine Id:              +nhstU21CyyHh9yxWJ5fOovY55Q=
[Licensing::Module] Successfully connected to LicensingClient on channel: "LicenseClient-trlanfeng" (connect: 2.27s, validation: 0.05s, handshake: 0.05s)
[Licensing::IpcConnector] Successfully connected to the License Notification on channel: "LicenseClient-trlanfeng-notifications" at "2026-09-23T05:13:40.5783747Z"
[Licensing::Module] Connected to LicensingClient (PId: 34304, launch time: 0.02, total connection time: 2.38s)
[Licensing::Module] Error: Access token is unavailable; failed to update
[Licensing::Client] Successfully send message: {"AuthorizationCheck":"1Dium/xaCm01sQ==","messageType":"UpdateLicenseRequest","AccessToken":"","OrgId":"","ProjectId":"","forceUpdateLicense":true} at 1790140420
[Licensing::Client] Successfully receive message: {"responseCode":200,"responseStatus":"Licenses updated.","messageType":"UpdateLicenseResponse","authorizationCheck":"1Dium/xaCm01seI43t/G7tcYBMSP"} at 1790140423
[Licensing::Client] Attempt to check time stamp (startTime: 1790140420, endTime: 1790140423)
[Licensing::Client] Successfully updated license
Built from 'tuanjie/1.6/staging' branch; Version is '2022.3.61t14 (3a70663b70e0) revision 3829862'; Using compiler version '192829333'; Build Type 'Release'
OS: 'Windows 11  (10.0.26200) 64bit Professional' Language: 'zh' Physical Memory: 32477 MB
[Licensing::Client] Successfully send message: {"AuthorizationCheck":"Yq4zMVFaQlEorA==","messageType":"EntitlementDetailsRequest","entitlementIds":["com.unity.editor.legacy.pro","com.unity.editor.ui"],"packageEntitlementIds":[],"includeCustomData":false} at 1790140423
[Licensing::Client] Successfully receive message: {"entitlementGroups":[{"entitlementGroupId":"F4-9MP9-ZWAG-QSVY-CHDF-P4PP","entitlementGroupIdHash":"25af702a0ffcfe3cb60897b1e699a94eb8956553","productName":"Unity Personal","productType":"TuanjieEditor","licenseType":"ULF","expiration":1790576023000,"matchedEntitlements":[{"entitlementId":"com.unity.editor.ui","isPackage":false,"count":1}]}],"responseCode":200,"responseStatus":"Found 1 entitlement groups and 0 free entitlements matching requested entitlement ids","messageType":"EntitlementDetailsResponse","authorizationCheck":"Yq4zMVFaQlEorCuCJBPBW/YPoYGV"} at 1790140423
[Licensing::Client] Attempt to check time stamp (startTime: 1790140423, endTime: 1790140423)
[Licensing::Client] Successfully resolved entitlement details
[Licensing::Module] Serial number assigned to: "F4-9MP9-ZWAG-QSVY-CHDF-XXXX"
BatchMode: 0, IsHumanControllingUs: 1, StartBugReporterOnCrash: 1, Is64bit: 1, IsPro: 0
[Licensing::Client] Successfully send message: {"AuthorizationCheck":"Yq4zMVFaQlEorA==","messageType":"EntitlementDetailsRequest","entitlementIds":["com.unity.editor.headless","com.unity.editor.ui"],"packageEntitlementIds":[],"includeCustomData":false} at 1790140423
[Licensing::Client] Successfully receive message: {"entitlementGroups":[{"entitlementGroupId":"F4-9MP9-ZWAG-QSVY-CHDF-P4PP","entitlementGroupIdHash":"25af702a0ffcfe3cb60897b1e699a94eb8956553","productName":"Unity Personal","productType":"TuanjieEditor","licenseType":"ULF","expiration":1790576023000,"matchedEntitlements":[{"entitlementId":"com.unity.editor.ui","isPackage":false,"count":1},{"entitlementId":"com.unity.editor.headless","isPackage":false,"count":1}]}],"responseCode":200,"responseStatus":"Found 1 entitlement groups and 0 free entitlements matching requested entitlement ids","messageType":"EntitlementDetailsResponse","authorizationCheck":"Yq4zMVFaQlEorCuCJBPBW/YPoYGV"} at 1790140423
[Licensing::Client] Attempt to check time stamp (startTime: 1790140423, endTime: 1790140423)
[Licensing::Client] Successfully resolved entitlement details

COMMAND LINE ARGUMENTS:
C:\Program Files\Tuanjie\Hub\Editor\2022.3.61t14\Editor\Tuanjie.exe
-projectPath
D:/game/LoveQiE-without2DToolkit
-logFile
D:/game/LoveQiE-without2DToolkit/MigrationReports/editor-final.log
Successfully changed project path to: D:/game/LoveQiE-without2DToolkit
D:/game/LoveQiE-without2DToolkit
[Memory] Configuration Parameters - Can be set up in boot.config
    "memorysetup-bucket-allocator-granularity=16"
    "memorysetup-bucket-allocator-bucket-count=8"
    "memorysetup-bucket-allocator-block-size=33554432"
    "memorysetup-bucket-allocator-block-count=8"
    "memorysetup-main-allocator-block-size=16777216"
    "memorysetup-thread-allocator-block-size=16777216"
    "memorysetup-gfx-main-allocator-block-size=16777216"
    "memorysetup-gfx-thread-allocator-block-size=16777216"
    "memorysetup-cache-allocator-block-size=4194304"
    "memorysetup-typetree-allocator-block-size=2097152"
    "memorysetup-profiler-bucket-allocator-granularity=16"
    "memorysetup-profiler-bucket-allocator-bucket-count=8"
    "memorysetup-profiler-bucket-allocator-block-size=33554432"
    "memorysetup-profiler-bucket-allocator-block-count=8"
    "memorysetup-profiler-allocator-block-size=16777216"
    "memorysetup-profiler-editor-allocator-block-size=1048576"
    "memorysetup-temp-allocator-size-main=16777216"
    "memorysetup-job-temp-allocator-block-size=2097152"
    "memorysetup-job-temp-allocator-block-size-background=1048576"
    "memorysetup-job-temp-allocator-reduction-small-platforms=262144"
    "memorysetup-allocator-temp-initial-block-size-main=262144"
    "memorysetup-allocator-temp-initial-block-size-worker=262144"
    "memorysetup-temp-allocator-size-background-worker=32768"
    "memorysetup-temp-allocator-size-job-worker=262144"
    "memorysetup-temp-allocator-size-preload-manager=33554432"
    "memorysetup-temp-allocator-size-nav-mesh-worker=65536"
    "memorysetup-temp-allocator-size-audio-worker=65536"
    "memorysetup-temp-allocator-size-cloud-worker=32768"
    "memorysetup-temp-allocator-size-gi-baking-worker=262144"
    "memorysetup-temp-allocator-size-gfx=262144"
Player connection [6224]  Target information:

Player connection [6224]  * "[IP] 192.168.1.2 [Port] 55504 [Flags] 2 [Guid] 1164008444 [EditorId] 1164008444 [Version] 1048832 [Id] WindowsEditor(7,MY-PC) [Debug] 1 [PackageName] WindowsEditor [ProjectName] Editor" 

Player connection [6224]  * "[IP] 192.168.115.1 [Port] 55504 [Flags] 2 [Guid] 1164008444 [EditorId] 1164008444 [Version] 1048832 [Id] WindowsEditor(7,MY-PC) [Debug] 1 [PackageName] WindowsEditor [ProjectName] Editor" 

Player connection [6224]  * "[IP] 192.168.80.1 [Port] 55504 [Flags] 2 [Guid] 1164008444 [EditorId] 1164008444 [Version] 1048832 [Id] WindowsEditor(7,MY-PC) [Debug] 1 [PackageName] WindowsEditor [ProjectName] Editor" 

Player connection [6224] Host joined multi-casting on [225.0.0.222:54997]...
Player connection [6224] Host joined alternative multi-casting on [225.0.0.222:34997]...
Input System module state changed to: Initialized.
AS: AutoStreaming module initializing.
Begin write certificate to file.
Write certificate complete, return 1.
StartServer, cert is C:/Users/trlanfeng/AppData/Roaming/Tuanjie/39528-rest-certificate.pem
Start HTTP server port 38000, HTTPS server port 38443.
[Package Manager] UpmClient::Connect -- Connected to IPC stream "Upm-39528" after 0.2 seconds.
[Licensing::Client] Successfully send message: {"AuthorizationCheck":"Yq4zMVFaQlEoqw==","messageType":"EntitlementDetailsRequest","entitlementIds":["com.unity.editor.last.activation.date","com.unity.editor.ui"],"packageEntitlementIds":[],"includeCustomData":false} at 1790140424
[Licensing::Client] Successfully receive message: {"entitlementGroups":[{"entitlementGroupId":"F4-9MP9-ZWAG-QSVY-CHDF-P4PP","entitlementGroupIdHash":"25af702a0ffcfe3cb60897b1e699a94eb8956553","productName":"Unity Personal","productType":"TuanjieEditor","licenseType":"ULF","expiration":1790576023000,"matchedEntitlements":[{"entitlementId":"com.unity.editor.ui","isPackage":false,"count":1},{"entitlementId":"com.unity.editor.last.activation.date","isPackage":false,"count":1}]}],"responseCode":200,"responseStatus":"Found 1 entitlement groups and 0 free entitlements matching requested entitlement ids","messageType":"EntitlementDetailsResponse","authorizationCheck":"Yq4zMVFaQlEoqyuCJBPBW5lw5Mdk"} at 1790140424
[Licensing::Client] Attempt to check time stamp (startTime: 1790140424, endTime: 1790140424)
[Licensing::Client] Successfully resolved entitlement details
[Licensing::Client] Successfully send message: {"AuthorizationCheck":"Yq4zMVFaQlEoqw==","messageType":"EntitlementDetailsRequest","entitlementIds":["com.unity.editor.disable-splash-screen","com.unity.editor.ui"],"packageEntitlementIds":[],"includeCustomData":false} at 1790140424
[Licensing::Client] Successfully receive message: {"entitlementGroups":[{"entitlementGroupId":"F4-9MP9-ZWAG-QSVY-CHDF-P4PP","entitlementGroupIdHash":"25af702a0ffcfe3cb60897b1e699a94eb8956553","productName":"Unity Personal","productType":"TuanjieEditor","licenseType":"ULF","expiration":1790576023000,"matchedEntitlements":[{"entitlementId":"com.unity.editor.ui","isPackage":false,"count":1}]}],"responseCode":200,"responseStatus":"Found 1 entitlement groups and 0 free entitlements matching requested entitlement ids","messageType":"EntitlementDetailsResponse","authorizationCheck":"Yq4zMVFaQlEoqyuCJBPBW5lw5Mdk"} at 1790140424
[Licensing::Client] Attempt to check time stamp (startTime: 1790140424, endTime: 1790140424)
[Licensing::Client] Successfully resolved entitlement details
[Licensing::Client] Successfully send message: {"AuthorizationCheck":"Yq4zMVFaQlEoqw==","messageType":"EntitlementDetailsRequest","entitlementIds":["com.unity.editor.allow-mix-usage","com.unity.editor.ui"],"packageEntitlementIds":[],"includeCustomData":false} at 1790140424
[Licensing::Client] Successfully receive message: {"entitlementGroups":[{"entitlementGroupId":"F4-9MP9-ZWAG-QSVY-CHDF-P4PP","entitlementGroupIdHash":"25af702a0ffcfe3cb60897b1e699a94eb8956553","productName":"Unity Personal","productType":"TuanjieEditor","licenseType":"ULF","expiration":1790576023000,"matchedEntitlements":[{"entitlementId":"com.unity.editor.ui","isPackage":false,"count":1}]}],"responseCode":200,"responseStatus":"Found 1 entitlement groups and 0 free entitlements matching requested entitlement ids","messageType":"EntitlementDetailsResponse","authorizationCheck":"Yq4zMVFaQlEoqyuCJBPBW5lw5Mdk"} at 1790140424
[Licensing::Client] Attempt to check time stamp (startTime: 1790140424, endTime: 1790140424)
[Licensing::Client] Successfully resolved entitlement details
[Package Manager] Restoring resolved packages state from cache
[Licensing::Client] Successfully send message: {"AuthorizationCheck":"Yq4zMVFaQlEoqw==","messageType":"EntitlementDetailsRequest","entitlementIds":[],"packageEntitlementIds":["com.unity.modules.ai","com.unity.modules.androidjni","com.unity.modules.animation","com.unity.modules.assetbundle","com.unity.modules.audio","com.unity.modules.cloth","com.unity.modules.director","com.unity.modules.imageconversion","com.unity.modules.imgui","com.unity.modules.infinity","com.unity.modules.jsonserialize","com.unity.modules.particlesystem","com.unity.modules.physics","com.unity.modules.physics2d","com.unity.modules.screencapture","com.unity.modules.terrain","com.unity.modules.terrainphysics","com.unity.modules.tilemap","com.unity.modules.ui","com.unity.modules.uielements","com.unity.modules.unityanalytics","com.unity.modules.unitywebrequest","com.unity.modules.unitywebrequestassetbundle","com.unity.modules.unitywebrequestaudio","com.unity.modules.unitywebrequesttexture","com.unity.modules.unitywebrequestwww","com.unity.modules.vehicles","com.unity.modules.video","com.unity.modules.vr","com.unity.modules.wind","com.unity.modules.xr","com.unity.2d.tilemap","com.unity.2d.sprite","com.unity.modules.subsystems"],"includeCustomData":false} at 1790140424
[Licensing::Client] Successfully receive message: {"freeEntitlementIds":["com.unity.modules.ai","com.unity.modules.androidjni","com.unity.modules.animation","com.unity.modules.assetbundle","com.unity.modules.audio","com.unity.modules.cloth","com.unity.modules.director","com.unity.modules.imageconversion","com.unity.modules.imgui","com.unity.modules.infinity","com.unity.modules.jsonserialize","com.unity.modules.particlesystem","com.unity.modules.physics","com.unity.modules.physics2d","com.unity.modules.screencapture","com.unity.modules.terrain","com.unity.modules.terrainphysics","com.unity.modules.tilemap","com.unity.modules.ui","com.unity.modules.uielements","com.unity.modules.unityanalytics","com.unity.modules.unitywebrequest","com.unity.modules.unitywebrequestassetbundle","com.unity.modules.unitywebrequestaudio","com.unity.modules.unitywebrequesttexture","com.unity.modules.unitywebrequestwww","com.unity.modules.vehicles","com.unity.modules.video","com.unity.modules.vr","com.unity.modules.wind","com.unity.modules.xr","com.unity.2d.tilemap","com.unity.2d.sprite","com.unity.modules.subsystems"],"responseCode":200,"responseStatus":"Found 0 entitlement groups and 34 free entitlements matching requested entitlement ids","messageType":"EntitlementDetailsResponse","authorizationCheck":"Yq4zMVFaQlEoqyuCJBPBW5lw5Mdk"} at 1790140424
[Licensing::Client] Attempt to check time stamp (startTime: 1790140424, endTime: 1790140424)
[Licensing::Client] Successfully resolved entitlement details
[Package Manager] Registered 34 packages:
  Built-in packages:
    com.unity.modules.ai@1.0.0 (location: D:\game\LoveQiE-without2DToolkit\Library\PackageCache\com.unity.modules.ai@1.0.0)
    com.unity.modules.androidjni@1.0.0 (location: D:\game\LoveQiE-without2DToolkit\Library\PackageCache\com.unity.modules.androidjni@1.0.0)
    com.unity.modules.animation@1.0.0 (location: D:\game\LoveQiE-without2DToolkit\Library\PackageCache\com.unity.modules.animation@1.0.0)
    com.unity.modules.assetbundle@1.0.0 (location: D:\game\LoveQiE-without2DToolkit\Library\PackageCache\com.unity.modules.assetbundle@1.0.0)
    com.unity.modules.audio@1.0.0 (location: D:\game\LoveQiE-without2DToolkit\Library\PackageCache\com.unity.modules.audio@1.0.0)
    com.unity.modules.cloth@1.0.0 (location: D:\game\LoveQiE-without2DToolkit\Library\PackageCache\com.unity.modules.cloth@1.0.0)
    com.unity.modules.director@1.0.0 (location: D:\game\LoveQiE-without2DToolkit\Library\PackageCache\com.unity.modules.director@1.0.0)
    com.unity.modules.imageconversion@1.0.0 (location: D:\game\LoveQiE-without2DToolkit\Library\PackageCache\com.unity.modules.imageconversion@1.0.0)
    com.unity.modules.imgui@1.0.0 (location: D:\game\LoveQiE-without2DToolkit\Library\PackageCache\com.unity.modules.imgui@1.0.0)
    com.unity.modules.infinity@1.0.0 (location: D:\game\LoveQiE-without2DToolkit\Library\PackageCache\com.unity.modules.infinity@1.0.0)
    com.unity.modules.jsonserialize@1.0.0 (location: D:\game\LoveQiE-without2DToolkit\Library\PackageCache\com.unity.modules.jsonserialize@1.0.0)
    com.unity.modules.particlesystem@1.0.0 (location: D:\game\LoveQiE-without2DToolkit\Library\PackageCache\com.unity.modules.particlesystem@1.0.0)
    com.unity.modules.physics@1.0.0 (location: D:\game\LoveQiE-without2DToolkit\Library\PackageCache\com.unity.modules.physics@1.0.0)
    com.unity.modules.physics2d@1.0.0 (location: D:\game\LoveQiE-without2DToolkit\Library\PackageCache\com.unity.modules.physics2d@1.0.0)
    com.unity.modules.screencapture@1.0.0 (location: D:\game\LoveQiE-without2DToolkit\Library\PackageCache\com.unity.modules.screencapture@1.0.0)
    com.unity.modules.terrain@1.0.0 (location: D:\game\LoveQiE-without2DToolkit\Library\PackageCache\com.unity.modules.terrain@1.0.0)
    com.unity.modules.terrainphysics@1.0.0 (location: D:\game\LoveQiE-without2DToolkit\Library\PackageCache\com.unity.modules.terrainphysics@1.0.0)
    com.unity.modules.tilemap@1.0.0 (location: D:\game\LoveQiE-without2DToolkit\Library\PackageCache\com.unity.modules.tilemap@1.0.0)
    com.unity.modules.ui@1.0.0 (location: D:\game\LoveQiE-without2DToolkit\Library\PackageCache\com.unity.modules.ui@1.0.0)
    com.unity.modules.uielements@1.0.0 (location: D:\game\LoveQiE-without2DToolkit\Library\PackageCache\com.unity.modules.uielements@1.0.0)
    com.unity.modules.unityanalytics@1.0.0 (location: D:\game\LoveQiE-without2DToolkit\Library\PackageCache\com.unity.modules.unityanalytics@1.0.0)
    com.unity.modules.unitywebrequest@1.0.0 (location: D:\game\LoveQiE-without2DToolkit\Library\PackageCache\com.unity.modules.unitywebrequest@1.0.0)
    com.unity.modules.unitywebrequestassetbundle@1.0.0 (location: D:\game\LoveQiE-without2DToolkit\Library\PackageCache\com.unity.modules.unitywebrequestassetbundle@1.0.0)
    com.unity.modules.unitywebrequestaudio@1.0.0 (location: D:\game\LoveQiE-without2DToolkit\Library\PackageCache\com.unity.modules.unitywebrequestaudio@1.0.0)
    com.unity.modules.unitywebrequesttexture@1.0.0 (location: D:\game\LoveQiE-without2DToolkit\Library\PackageCache\com.unity.modules.unitywebrequesttexture@1.0.0)
    com.unity.modules.unitywebrequestwww@1.0.0 (location: D:\game\LoveQiE-without2DToolkit\Library\PackageCache\com.unity.modules.unitywebrequestwww@1.0.0)
    com.unity.modules.vehicles@1.0.0 (location: D:\game\LoveQiE-without2DToolkit\Library\PackageCache\com.unity.modules.vehicles@1.0.0)
    com.unity.modules.video@1.0.0 (location: D:\game\LoveQiE-without2DToolkit\Library\PackageCache\com.unity.modules.video@1.0.0)
    com.unity.modules.vr@1.0.0 (location: D:\game\LoveQiE-without2DToolkit\Library\PackageCache\com.unity.modules.vr@1.0.0)
    com.unity.modules.wind@1.0.0 (location: D:\game\LoveQiE-without2DToolkit\Library\PackageCache\com.unity.modules.wind@1.0.0)
    com.unity.modules.xr@1.0.0 (location: D:\game\LoveQiE-without2DToolkit\Library\PackageCache\com.unity.modules.xr@1.0.0)
    com.unity.2d.tilemap@1.0.0 (location: D:\game\LoveQiE-without2DToolkit\Library\PackageCache\com.unity.2d.tilemap@1.0.0)
    com.unity.2d.sprite@1.0.0 (location: D:\game\LoveQiE-without2DToolkit\Library\PackageCache\com.unity.2d.sprite@1.0.0)
    com.unity.modules.subsystems@1.0.0 (location: D:\game\LoveQiE-without2DToolkit\Library\PackageCache\com.unity.modules.subsystems@1.0.0)
[Subsystems] No new subsystems found in resolved package list.
Package Manager log level set to [2]
[Package Manager] Done registering packages in 0.06 seconds
[Package Manager] Done resolving packages in 0.45 seconds
[Package Manager] Registered 34 packages:
  Built-in packages:
    com.unity.modules.ai@1.0.0 (location: D:\game\LoveQiE-without2DToolkit\Library\PackageCache\com.unity.modules.ai@1.0.0)
    com.unity.modules.androidjni@1.0.0 (location: D:\game\LoveQiE-without2DToolkit\Library\PackageCache\com.unity.modules.androidjni@1.0.0)
    com.unity.modules.animation@1.0.0 (location: D:\game\LoveQiE-without2DToolkit\Library\PackageCache\com.unity.modules.animation@1.0.0)
    com.unity.modules.assetbundle@1.0.0 (location: D:\game\LoveQiE-without2DToolkit\Library\PackageCache\com.unity.modules.assetbundle@1.0.0)
    com.unity.modules.audio@1.0.0 (location: D:\game\LoveQiE-without2DToolkit\Library\PackageCache\com.unity.modules.audio@1.0.0)
    com.unity.modules.cloth@1.0.0 (location: D:\game\LoveQiE-without2DToolkit\Library\PackageCache\com.unity.modules.cloth@1.0.0)
    com.unity.modules.director@1.0.0 (location: D:\game\LoveQiE-without2DToolkit\Library\PackageCache\com.unity.modules.director@1.0.0)
    com.unity.modules.imageconversion@1.0.0 (location: D:\game\LoveQiE-without2DToolkit\Library\PackageCache\com.unity.modules.imageconversion@1.0.0)
    com.unity.modules.imgui@1.0.0 (location: D:\game\LoveQiE-without2DToolkit\Library\PackageCache\com.unity.modules.imgui@1.0.0)
    com.unity.modules.infinity@1.0.0 (location: D:\game\LoveQiE-without2DToolkit\Library\PackageCache\com.unity.modules.infinity@1.0.0)
    com.unity.modules.jsonserialize@1.0.0 (location: D:\game\LoveQiE-without2DToolkit\Library\PackageCache\com.unity.modules.jsonserialize@1.0.0)
    com.unity.modules.particlesystem@1.0.0 (location: D:\game\LoveQiE-without2DToolkit\Library\PackageCache\com.unity.modules.particlesystem@1.0.0)
    com.unity.modules.physics@1.0.0 (location: D:\game\LoveQiE-without2DToolkit\Library\PackageCache\com.unity.modules.physics@1.0.0)
    com.unity.modules.physics2d@1.0.0 (location: D:\game\LoveQiE-without2DToolkit\Library\PackageCache\com.unity.modules.physics2d@1.0.0)
    com.unity.modules.screencapture@1.0.0 (location: D:\game\LoveQiE-without2DToolkit\Library\PackageCache\com.unity.modules.screencapture@1.0.0)
    com.unity.modules.terrain@1.0.0 (location: D:\game\LoveQiE-without2DToolkit\Library\PackageCache\com.unity.modules.terrain@1.0.0)
    com.unity.modules.terrainphysics@1.0.0 (location: D:\game\LoveQiE-without2DToolkit\Library\PackageCache\com.unity.modules.terrainphysics@1.0.0)
    com.unity.modules.tilemap@1.0.0 (location: D:\game\LoveQiE-without2DToolkit\Library\PackageCache\com.unity.modules.tilemap@1.0.0)
    com.unity.modules.ui@1.0.0 (location: D:\game\LoveQiE-without2DToolkit\Library\PackageCache\com.unity.modules.ui@1.0.0)
    com.unity.modules.uielements@1.0.0 (location: D:\game\LoveQiE-without2DToolkit\Library\PackageCache\com.unity.modules.uielements@1.0.0)
    com.unity.modules.unityanalytics@1.0.0 (location: D:\game\LoveQiE-without2DToolkit\Library\PackageCache\com.unity.modules.unityanalytics@1.0.0)
    com.unity.modules.unitywebrequest@1.0.0 (location: D:\game\LoveQiE-without2DToolkit\Library\PackageCache\com.unity.modules.unitywebrequest@1.0.0)
    com.unity.modules.unitywebrequestassetbundle@1.0.0 (location: D:\game\LoveQiE-without2DToolkit\Library\PackageCache\com.unity.modules.unitywebrequestassetbundle@1.0.0)
    com.unity.modules.unitywebrequestaudio@1.0.0 (location: D:\game\LoveQiE-without2DToolkit\Library\PackageCache\com.unity.modules.unitywebrequestaudio@1.0.0)
    com.unity.modules.unitywebrequesttexture@1.0.0 (location: D:\game\LoveQiE-without2DToolkit\Library\PackageCache\com.unity.modules.unitywebrequesttexture@1.0.0)
    com.unity.modules.unitywebrequestwww@1.0.0 (location: D:\game\LoveQiE-without2DToolkit\Library\PackageCache\com.unity.modules.unitywebrequestwww@1.0.0)
    com.unity.modules.vehicles@1.0.0 (location: D:\game\LoveQiE-without2DToolkit\Library\PackageCache\com.unity.modules.vehicles@1.0.0)
    com.unity.modules.video@1.0.0 (location: D:\game\LoveQiE-without2DToolkit\Library\PackageCache\com.unity.modules.video@1.0.0)
    com.unity.modules.vr@1.0.0 (location: D:\game\LoveQiE-without2DToolkit\Library\PackageCache\com.unity.modules.vr@1.0.0)
    com.unity.modules.wind@1.0.0 (location: D:\game\LoveQiE-without2DToolkit\Library\PackageCache\com.unity.modules.wind@1.0.0)
    com.unity.modules.xr@1.0.0 (location: D:\game\LoveQiE-without2DToolkit\Library\PackageCache\com.unity.modules.xr@1.0.0)
    com.unity.2d.tilemap@1.0.0 (location: D:\game\LoveQiE-without2DToolkit\Library\PackageCache\com.unity.2d.tilemap@1.0.0)
    com.unity.2d.sprite@1.0.0 (location: D:\game\LoveQiE-without2DToolkit\Library\PackageCache\com.unity.2d.sprite@1.0.0)
    com.unity.modules.subsystems@1.0.0 (location: D:\game\LoveQiE-without2DToolkit\Library\PackageCache\com.unity.modules.subsystems@1.0.0)
[Subsystems] No new subsystems found in resolved package list.
[Package Manager] Done registering packages in 0.00 seconds
Refreshing native plugins compatible for Editor in 0.00 ms, found 0 plugins.
Preloading 0 native plugins for Editor in 0.00 ms.
Initialize engine version: 2022.3.61t14 (3a70663b70e0)
[Subsystems] Discovering subsystems at path C:/Program Files/Tuanjie/Hub/Editor/2022.3.61t14/Editor/Data/Resources/UnitySubsystems
[Subsystems] Discovering subsystems at path D:/game/LoveQiE-without2DToolkit/Assets
GfxDevice: creating device client; threaded=1; jobified=0
Direct3D:
    Version:  Direct3D 11.0 [level 11.1]
    Renderer: Intel(R) Arc(TM) A770 Graphics (ID=0x56a0)
    Vendor:   Intel
    VRAM:     16258 MB
    Driver:   32.0.101.8974
[Licensing::Client] Successfully send message: {"AuthorizationCheck":"Yq4zMVFaQlEoqw==","messageType":"EntitlementDetailsRequest","entitlementIds":["com.unity.editor.cluster","com.unity.editor.ui"],"packageEntitlementIds":[],"includeCustomData":false} at 1790140424
[Licensing::Client] Successfully receive message: {"entitlementGroups":[{"entitlementGroupId":"F4-9MP9-ZWAG-QSVY-CHDF-P4PP","entitlementGroupIdHash":"25af702a0ffcfe3cb60897b1e699a94eb8956553","productName":"Unity Personal","productType":"TuanjieEditor","licenseType":"ULF","expiration":1790576023000,"matchedEntitlements":[{"entitlementId":"com.unity.editor.ui","isPackage":false,"count":1}]}],"responseCode":200,"responseStatus":"Found 1 entitlement groups and 0 free entitlements matching requested entitlement ids","messageType":"EntitlementDetailsResponse","authorizationCheck":"Yq4zMVFaQlEoqyuCJBPBW5lw5Mdk"} at 1790140424
[Licensing::Client] Attempt to check time stamp (startTime: 1790140424, endTime: 1790140424)
[Licensing::Client] Successfully resolved entitlement details
Initialize mono
Mono path[0] = 'C:/Program Files/Tuanjie/Hub/Editor/2022.3.61t14/Editor/Data/Managed'
Mono path[1] = 'C:/Program Files/Tuanjie/Hub/Editor/2022.3.61t14/Editor/Data/MonoBleedingEdge/lib/mono/unityjit-win32'
Mono config path = 'C:/Program Files/Tuanjie/Hub/Editor/2022.3.61t14/Editor/Data/MonoBleedingEdge/etc'
Using monoOptions --debugger-agent=transport=dt_socket,embedding=1,server=y,suspend=n,address=0.0.0.0:56528
Using cacheserver namespaces - metadata:defaultmetadata, artifacts:defaultartifacts
Using cacheserver namespaces - metadata:defaultmetadata, artifacts:defaultartifacts
ImportWorker Server TCP listen port: 0
Begin MonoManager ReloadAssembly
Registering precompiled tuanjie dll's ...
Register platform support module: C:/Program Files/Tuanjie/Hub/Editor/2022.3.61t14/Editor/Data/PlaybackEngines/WindowsStandaloneSupport/UnityEditor.WindowsStandalone.Extensions.dll
Registered in 0.008385 seconds.
- Loaded All Assemblies, in  0.239 seconds
Native extension for WindowsStandalone target not found
[Licensing::Client] Successfully send message: {"AuthorizationCheck":"Yq4zMVFaQlEoqg==","messageType":"EntitlementDetailsRequest","entitlementIds":["com.unity.editor.minigame.subplatform.wechat","com.unity.editor.ui"],"packageEntitlementIds":[],"includeCustomData":false} at 1790140425
[Licensing::Client] Successfully receive message: {"entitlementGroups":[{"entitlementGroupId":"F4-9MP9-ZWAG-QSVY-CHDF-P4PP","entitlementGroupIdHash":"25af702a0ffcfe3cb60897b1e699a94eb8956553","productName":"Unity Personal","productType":"TuanjieEditor","licenseType":"ULF","expiration":1790576023000,"matchedEntitlements":[{"entitlementId":"com.unity.editor.ui","isPackage":false,"count":1},{"entitlementId":"com.unity.editor.minigame.subplatform.wechat","isPackage":false,"count":1}]}],"responseCode":200,"responseStatus":"Found 1 entitlement groups and 0 free entitlements matching requested entitlement ids","messageType":"EntitlementDetailsResponse","authorizationCheck":"Yq4zMVFaQlEoqiuCJBPBWzZUoi3Z"} at 1790140425
[Licensing::Client] Attempt to check time stamp (startTime: 1790140425, endTime: 1790140425)
[Licensing::Client] Successfully resolved entitlement details
[Licensing::Client] Successfully send message: {"AuthorizationCheck":"Yq4zMVFaQlEoqg==","messageType":"EntitlementDetailsRequest","entitlementIds":["com.unity.editor.minigame.subplatform.douyin","com.unity.editor.ui"],"packageEntitlementIds":[],"includeCustomData":false} at 1790140425
[Licensing::Client] Successfully receive message: {"entitlementGroups":[{"entitlementGroupId":"F4-9MP9-ZWAG-QSVY-CHDF-P4PP","entitlementGroupIdHash":"25af702a0ffcfe3cb60897b1e699a94eb8956553","productName":"Unity Personal","productType":"TuanjieEditor","licenseType":"ULF","expiration":1790576023000,"matchedEntitlements":[{"entitlementId":"com.unity.editor.ui","isPackage":false,"count":1},{"entitlementId":"com.unity.editor.minigame.subplatform.douyin","isPackage":false,"count":1}]}],"responseCode":200,"responseStatus":"Found 1 entitlement groups and 0 free entitlements matching requested entitlement ids","messageType":"EntitlementDetailsResponse","authorizationCheck":"Yq4zMVFaQlEoqiuCJBPBWzZUoi3Z"} at 1790140425
[Licensing::Client] Attempt to check time stamp (startTime: 1790140425, endTime: 1790140425)
[Licensing::Client] Successfully resolved entitlement details
[Licensing::Client] Successfully send message: {"AuthorizationCheck":"Yq4zMVFaQlEoqg==","messageType":"EntitlementDetailsRequest","entitlementIds":["com.unity.editor.minigame.subplatform.kuaishou","com.unity.editor.ui"],"packageEntitlementIds":[],"includeCustomData":false} at 1790140425
[Licensing::Client] Successfully receive message: {"entitlementGroups":[{"entitlementGroupId":"F4-9MP9-ZWAG-QSVY-CHDF-P4PP","entitlementGroupIdHash":"25af702a0ffcfe3cb60897b1e699a94eb8956553","productName":"Unity Personal","productType":"TuanjieEditor","licenseType":"ULF","expiration":1790576023000,"matchedEntitlements":[{"entitlementId":"com.unity.editor.ui","isPackage":false,"count":1},{"entitlementId":"com.unity.editor.minigame.subplatform.kuaishou","isPackage":false,"count":1}]}],"responseCode":200,"responseStatus":"Found 1 entitlement groups and 0 free entitlements matching requested entitlement ids","messageType":"EntitlementDetailsResponse","authorizationCheck":"Yq4zMVFaQlEoqiuCJBPBWzZUoi3Z"} at 1790140425
[Licensing::Client] Attempt to check time stamp (startTime: 1790140425, endTime: 1790140425)
[Licensing::Client] Successfully resolved entitlement details
[Licensing::Client] Successfully send message: {"AuthorizationCheck":"Yq4zMVFaQlEoqg==","messageType":"EntitlementDetailsRequest","entitlementIds":["com.unity.editor.minigame.subplatform.minihost","com.unity.editor.ui"],"packageEntitlementIds":[],"includeCustomData":false} at 1790140425
[Licensing::Client] Successfully receive message: {"entitlementGroups":[{"entitlementGroupId":"F4-9MP9-ZWAG-QSVY-CHDF-P4PP","entitlementGroupIdHash":"25af702a0ffcfe3cb60897b1e699a94eb8956553","productName":"Unity Personal","productType":"TuanjieEditor","licenseType":"ULF","expiration":1790576023000,"matchedEntitlements":[{"entitlementId":"com.unity.editor.ui","isPackage":false,"count":1},{"entitlementId":"com.unity.editor.minigame.subplatform.minihost","isPackage":false,"count":1}]}],"responseCode":200,"responseStatus":"Found 1 entitlement groups and 0 free entitlements matching requested entitlement ids","messageType":"EntitlementDetailsResponse","authorizationCheck":"Yq4zMVFaQlEoqiuCJBPBWzZUoi3Z"} at 1790140425
[Licensing::Client] Attempt to check time stamp (startTime: 1790140425, endTime: 1790140425)
[Licensing::Client] Successfully resolved entitlement details
Mono: successfully reloaded assembly
- Finished resetting the current domain, in  0.252 seconds
Domain Reload Profiling: 489ms
	BeginReloadAssembly (76ms)
		ExecutionOrderSort (0ms)
		DisableScriptedObjects (0ms)
		BackupInstance (0ms)
		ReleaseScriptingObjects (0ms)
		CreateAndSetChildDomain (0ms)
	RebuildCommonClasses (22ms)
	RebuildNativeTypeToScriptingClass (7ms)
	initialDomainReloadingComplete (43ms)
	LoadAllAssembliesAndSetupDomain (90ms)
		LoadAssemblies (73ms)
		RebuildTransferFunctionScriptingTraits (0ms)
		AnalyzeDomain (89ms)
			TypeCache.Refresh (88ms)
				TypeCache.ScanAssembly (78ms)
			ScanForSourceGeneratedMonoScriptInfo (0ms)
			ResolveRequiredComponents (0ms)
	FinalizeReload (252ms)
		ReleaseScriptCaches (0ms)
		RebuildScriptCaches (0ms)
		SetupLoadedEditorAssemblies (221ms)
			LogAssemblyErrors (0ms)
			InitializePlatformSupportModulesInManaged (7ms)
			SetLoadedEditorAssemblies (5ms)
			RefreshPlugins (0ms)
			BeforeProcessingInitializeOnLoad (1ms)
			ProcessInitializeOnLoadAttributes (189ms)
			ProcessInitializeOnLoadMethodAttributes (18ms)
			AfterProcessingInitializeOnLoad (0ms)
			EditorAssembliesLoaded (0ms)
		ExecutionOrderSort2 (0ms)
		AwakeInstancesAfterBackupRestoration (0ms)
[Licensing::Client] Successfully send message: {"AuthorizationCheck":"Yq4zMVFaQlEoqg==","messageType":"EntitlementDetailsRequest","entitlementIds":["com.unity.editor.legacy.pro","com.unity.editor.watermarks.disable","com.unity.editor.watermarks.prototyping","com.unity.editor.watermarks.edu","com.unity.editor.watermarks.trial","com.unity.editor.time-limited-license","com.unity.editor.cluster","com.unity.editor.unity.compliant","com.unity.editor.watermarks.forcedisable","com.unity.editor.open-harmony.analytics.disabled","com.unity.editor.mini-game.analytics.disabled","com.unity.editor.unity.expiration.2d","com.unity.editor.unity.expiration.7d","com.unity.editor.ui"],"packageEntitlementIds":[],"includeCustomData":false} at 1790140425
[Licensing::Client] Successfully receive message: {"entitlementGroups":[{"entitlementGroupId":"F4-9MP9-ZWAG-QSVY-CHDF-P4PP","entitlementGroupIdHash":"25af702a0ffcfe3cb60897b1e699a94eb8956553","productName":"Unity Personal","productType":"TuanjieEditor","licenseType":"ULF","expiration":1790576023000,"matchedEntitlements":[{"entitlementId":"com.unity.editor.ui","isPackage":false,"count":1},{"entitlementId":"com.unity.editor.unity.expiration.2d","isPackage":false,"count":1},{"entitlementId":"com.unity.editor.watermarks.forcedisable","isPackage":false,"count":1},{"entitlementId":"com.unity.editor.unity.compliant","isPackage":false,"count":1},{"entitlementId":"com.unity.editor.mini-game.analytics.disabled","isPackage":false,"count":1},{"entitlementId":"com.unity.editor.time-limited-license","isPackage":false,"count":1}]}],"responseCode":200,"responseStatus":"Found 1 entitlement groups and 0 free entitlements matching requested entitlement ids","messageType":"EntitlementDetailsResponse","authorizationCheck":"Yq4zMVFaQlEoqiuCJBPBWzZUoi3Z"} at 1790140425
[Licensing::Client] Attempt to check time stamp (startTime: 1790140425, endTime: 1790140425)
[Licensing::Client] Successfully resolved entitlement details
Application.AssetDatabase Initial Refresh Start
Starting: C:\Program Files\Tuanjie\Hub\Editor\2022.3.61t14\Editor\Data\bee_backend.exe --dont-print-to-structured-log --ipc --defer-dag-verification --dagfile="Library/Bee/1900b0aE.dag" --continue-on-failure --profile="Library/Bee/backend1.traceevents" ScriptAssemblies
WorkingDir: D:/game/LoveQiE-without2DToolkit
ExitCode: 4 Duration: 0s68ms
Rebuilding DAG because FileSignature timestamp changed: Library/Bee/1900b0aE-inputdata.json
*** Tundra requires additional run (0.04 seconds), 0 items updated, 128 evaluated
Starting: C:\Program Files\Tuanjie\Hub\Editor\2022.3.61t14\Editor\Data\Tools\netcorerun\netcorerun.exe "C:\Program Files\Tuanjie\Hub\Editor\2022.3.61t14\Editor\Data\Tools\BuildPipeline\ScriptCompilationBuildProgram.exe" "Library/Bee/1900b0aE.dag.json" "Library/Bee/1900b0aE-inputdata.json" "Library\Bee\buildprogram0.traceevents"
WorkingDir: D:/game/LoveQiE-without2DToolkit
ExitCode: 0 Duration: 0s193ms
Starting: C:\Program Files\Tuanjie\Hub\Editor\2022.3.61t14\Editor\Data\bee_backend.exe --dont-print-to-structured-log --ipc --defer-dag-verification --dagfile="Library/Bee/1900b0aE.dag" --continue-on-failure --dagfilejson="Library\Bee\1900b0aE.dag.json" --profile="Library/Bee/backend2.traceevents" ScriptAssemblies
WorkingDir: D:/game/LoveQiE-without2DToolkit
ExitCode: 0 Duration: 0s45ms
Finished compiling graph: 131 nodes, 669 flattened edges (639 ToBuild, 8 ToUse), maximum node priority 32
*** Tundra build success (0.02 seconds), 0 items updated, 128 evaluated
AssetDatabase: script compilation time: 0.648027s
Begin MonoManager ReloadAssembly
- Loaded All Assemblies, in  0.163 seconds
Refreshing native plugins compatible for Editor in 0.00 ms, found 0 plugins.
Preloading 0 native plugins for Editor in 0.00 ms.
Refreshing native plugins compatible for Editor in 0.00 ms, found 0 plugins.
Native extension for WindowsStandalone target not found
Mono: successfully reloaded assembly
- Finished resetting the current domain, in  0.227 seconds
Domain Reload Profiling: 388ms
	BeginReloadAssembly (100ms)
		ExecutionOrderSort (0ms)
		DisableScriptedObjects (4ms)
		BackupInstance (0ms)
		ReleaseScriptingObjects (0ms)
		CreateAndSetChildDomain (17ms)
	RebuildCommonClasses (23ms)
	RebuildNativeTypeToScriptingClass (7ms)
	initialDomainReloadingComplete (19ms)
	LoadAllAssembliesAndSetupDomain (12ms)
		LoadAssemblies (64ms)
		RebuildTransferFunctionScriptingTraits (0ms)
		AnalyzeDomain (9ms)
			TypeCache.Refresh (7ms)
				TypeCache.ScanAssembly (3ms)
			ScanForSourceGeneratedMonoScriptInfo (1ms)
			ResolveRequiredComponents (0ms)
	FinalizeReload (228ms)
		ReleaseScriptCaches (0ms)
		RebuildScriptCaches (0ms)
		SetupLoadedEditorAssemblies (153ms)
			LogAssemblyErrors (0ms)
			InitializePlatformSupportModulesInManaged (5ms)
			SetLoadedEditorAssemblies (4ms)
			RefreshPlugins (0ms)
			BeforeProcessingInitializeOnLoad (28ms)
			ProcessInitializeOnLoadAttributes (98ms)
			ProcessInitializeOnLoadMethodAttributes (13ms)
			AfterProcessingInitializeOnLoad (7ms)
			EditorAssembliesLoaded (0ms)
		ExecutionOrderSort2 (0ms)
		AwakeInstancesAfterBackupRestoration (6ms)
Asset Pipeline Refresh (id=8449beb69c119ad4f828dbba42a35d02): Total: 1.190 seconds - Initiated by InitialRefreshV2(ForceSynchronousImport)
	Summary:
		Imports: total=0 (actual=0, local cache=0, cache server=0)
		Asset DB Process Time: managed=0 ms, native=105 ms
		Asset DB Callback time: managed=9 ms, native=1 ms
		Scripting: domain reloads=1, domain reload time=414 ms, compile time=649 ms, other=10 ms
		Project Asset Count: scripts=265, non-scripts=498
		Asset File Changes: new=0, changed=0, moved=0, deleted=0
		Scan Filter Count: 0
		OnDemandAssets Count:0
	InvokeBeforeRefreshCallbacks: 1.017ms
	ApplyChangesToAssetFolders: 0.028ms
	Scan: 21.406ms
	OnSourceAssetsModified: 0.001ms
	GetAllGuidsForCategorization: 0.056ms
	CategorizeAssets: 5.199ms
	ImportOutOfDateAssets: 231.746ms (-418.186ms without children)
		CompileScripts: 649.277ms
		ReloadNativeAssets: 0.000ms
		UnloadImportedAssets: 0.486ms
		EnsureUptoDateAssetsAreRegisteredWithGuidPM: 0.080ms
		InitializingProgressBar: 0.000ms
		PostProcessAllAssetNotificationsAddChangedAssets: 0.000ms
		OnDemandSchedulerStart: 0.088ms
	PostProcessAllAssets: 9.748ms
	GatherAllCurrentPrimaryArtifactRevisions: 0.001ms
	UnloadStreamsBegin: 0.168ms
	PersistCurrentRevisions: 0.021ms
	UnloadStreamsEnd: 0.002ms
	GenerateScriptTypeHashes: 0.342ms
	Untracked: 920.131ms
Application.AssetDatabase Initial Refresh End
Launched and connected shader compiler TuanjieShaderCompiler.exe after 0.04 seconds
Scanning for USB devices : 0.643ms
Initializing Tuanjie extensions:
[Licensing::Client] Successfully send message: {"AuthorizationCheck":"Enep5TlVn13Kxg==","messageType":"ProductNameRequest","Value":"unity.DefaultCompany.2DTOOLKIT"} at 1790140427
[Licensing::Client] Successfully receive message: {"responseCode":200,"messageType":"ProductNameResponse"} at 1790140427
[Licensing::Client] Error: ProductNameResponse could not be deserialized
[MODES] ModeService[none].Initialize
[MODES] ModeService[none].LoadModes
[MODES] Loading mode Default (0) for mode-current-id-LoveQiE
Unloading 2 Unused Serialized files (Serialized files now loaded: 0)
Loaded scene 'Assets/main.unity'
	Deserialize:            1.697 ms
	Integration:            9.227 ms
	Integration of assets:  0.004 ms
	Thread Wait Time:       0.040 ms
	Total Operation Time:   10.968 ms
Unloading 22 unused Assets / (464.5 KB). Loaded Objects now: 734.
Memory consumption went from 89.5 MB to 89.1 MB.
Total: 1.891700 ms (FindLiveObjects: 0.035300 ms CreateObjectMapping: 0.006300 ms MarkObjects: 1.693900 ms  DeleteObjects: 0.155700 ms)

[LAYOUT] About to load UserSettings\Layouts\default-2022.dwlt, keepMainWindow=False
<RI> Initialized touch support.
<RI> Initialized touch support.
<RI> Initialized touch support.
<RI> Initialized touch support.
<RI> Initialized touch support.
<RI> Initialized touch support.
[MODES] ModeService[default].InitializeCurrentMode
[MODES] ModeService[default].RaiseModeChanged(default, default)
IsTimeToCheckForNewEditor: Update time 0 current 1790140427
<RI> Initializing input.
<RI> Input initialized.
[Project] Loading completed in 10.961 seconds
	Project init time: 				3.581 seconds
		Template init time: 		0.000 seconds
		Package Manager init time: 		0.234 seconds
		Asset Database init time: 		0.666 seconds
		Global illumination init time: 	0.004 seconds
		Assemblies load time: 			0.506 seconds
		Tuanjie extensions init time: 	0.000 seconds
		Asset Database refresh time: 	1.190 seconds
	Scene opening time: 			0.448 seconds
##utp:{"type":"ProjectInfo","version":2,"phase":"Immediate","time":1790140427655,"processId":39528,"projectLoad":10.9610745,"projectInit":3.5812951,"templateInit":0.0,"packageManagerInit":0.234161,"assetDatabaseInit":0.6656435,"globalIlluminationInit":0.0035116,"assembliesLoad":0.5062253,"unityExtensionsInit":0.0003541,"assetDatabaseRefresh":1.1896069,"sceneOpening":0.4478839}
##utp:{"type":"EditorInfo","version":2,"phase":"Immediate","time":1790140427655,"processId":39528,"editorVersion":"2022.3.61t14 (3a70663b70e0)","branch":"tuanjie/1.6/staging","buildType":"Release","platform":"Windows"}
[Licensing::Client] Successfully send message: {"AuthorizationCheck":"Yq4zMVFaQlEoqA==","messageType":"EntitlementDetailsRequest","entitlementIds":["com.unity.editor.platforms.hmiandroid","com.unity.editor.platforms.hmiqnx","com.unity.editor.platforms.hmilinux","com.unity.editor.ui"],"packageEntitlementIds":[],"includeCustomData":false} at 1790140427
[Licensing::Client] Successfully receive message: {"entitlementGroups":[{"entitlementGroupId":"F4-9MP9-ZWAG-QSVY-CHDF-P4PP","entitlementGroupIdHash":"25af702a0ffcfe3cb60897b1e699a94eb8956553","productName":"Unity Personal","productType":"TuanjieEditor","licenseType":"ULF","expiration":1790576023000,"matchedEntitlements":[{"entitlementId":"com.unity.editor.ui","isPackage":false,"count":1}]}],"responseCode":200,"responseStatus":"Found 1 entitlement groups and 0 free entitlements matching requested entitlement ids","messageType":"EntitlementDetailsResponse","authorizationCheck":"Yq4zMVFaQlEoqCuCJBPBW0ftWAab"} at 1790140427
[Licensing::Client] Attempt to check time stamp (startTime: 1790140427, endTime: 1790140427)
[Licensing::Client] Successfully resolved entitlement details
Starting new worker id: 0 with log in D:/game/LoveQiE-without2DToolkit/Logs/AssetImportWorker0.log
Starting new worker id: 1 with log in D:/game/LoveQiE-without2DToolkit/Logs/AssetImportWorker1.log
Starting new worker id: 2 with log in D:/game/LoveQiE-without2DToolkit/Logs/AssetImportWorker2.log
Starting new worker id: 3 with log in D:/game/LoveQiE-without2DToolkit/Logs/AssetImportWorker3.log
Starting new worker id: 4 with log in D:/game/LoveQiE-without2DToolkit/Logs/AssetImportWorker4.log
Starting new worker id: 5 with log in D:/game/LoveQiE-without2DToolkit/Logs/AssetImportWorker5.log
Asset Pipeline Refresh (id=89d2a0a2a3a38524480bdf6e1bc57234): Total: 0.010 seconds - Initiated by RefreshV2(AllowForceSynchronousImport)
Created GICache directory at C:/Users/trlanfeng/AppData/LocalLow/Tuanjie/Caches/GiCache. Took: 0.038s, timestamps: [11.605 - 11.642]
gi::BakeBackendSwitch: switching bake backend from 3 to 2.
[Licensing::Client] Successfully send message: {"AuthorizationCheck":"Yq4zMVFaQlEopw==","messageType":"EntitlementDetailsRequest","entitlementIds":["com.unity.editor.dark-skin","com.unity.editor.cluster","com.unity.editor.ui","com.unity.editor.disable-splash-screen","com.unity.editor.headless","com.unity.editor.platforms.android","com.unity.editor.legacy.embedded","com.unity.editor.platforms.armlinux","com.unity.editor.platforms.uwp","com.unity.editor.legacy.pro","com.unity.editor.platforms.android.pro","com.unity.editor.platforms.openharmony","com.unity.editor.platforms.minigame","com.unity.editor.platforms.ios","com.unity.editor.platforms.ios.pro","com.unity.editor.platforms.nintendo3ds","com.unity.editor.unity.expiration.7d","com.unity.editor.platforms.ps4","com.unity.editor.platforms.pzazz","com.unity.editor.platforms.uwp.pro","com.unity.editor.platforms.vita","com.unity.editor.watermarks.edu","com.unity.editor.platforms.xboxone","com.unity.editor.platforms.hmiandroid","com.unity.editor.platforms.hmiqnx","com.unity.editor.watermarks.forcedisable","com.unity.editor.platforms.hmilinux","com.unity.editor.watermarks.disable","com.unity.editor.unity.expiration.2d","com.unity.editor.guid.encryption","com.unity.editor.watermarks.prototyping","com.unity.editor.watermarks.trial","com.unity.editor.time-limited-license","com.unity.editor.internal-developer","com.unity.tiny","com.unity.editor.allow-mix-usage","com.unity.editor.platforms.armlinux.dedicatedserver","com.unity.editor.unity.compliant","com.unity.editor.open-harmony.analytics.disabled","com.unity.editor.mini-game.analytics.disabled","com.unity.editor.last.activation.date"],"packageEntitlementIds":[],"includeCustomData":false} at 1790140428
[Licensing::Client] Successfully receive message: {"entitlementGroups":[{"entitlementGroupId":"F4-9MP9-ZWAG-QSVY-CHDF-P4PP","entitlementGroupIdHash":"25af702a0ffcfe3cb60897b1e699a94eb8956553","productName":"Unity Personal","productType":"TuanjieEditor","licenseType":"ULF","expiration":1790576023000,"matchedEntitlements":[{"entitlementId":"com.unity.editor.platforms.android","isPackage":false,"count":1},{"entitlementId":"com.unity.editor.platforms.ios","isPackage":false,"count":1},{"entitlementId":"com.unity.editor.platforms.uwp","isPackage":false,"count":1},{"entitlementId":"com.unity.editor.ui","isPackage":false,"count":1},{"entitlementId":"com.unity.editor.headless","isPackage":false,"count":1},{"entitlementId":"com.unity.editor.guid.encryption","isPackage":false,"count":1},{"entitlementId":"com.unity.editor.unity.expiration.2d","isPackage":false,"count":1},{"entitlementId":"com.unity.editor.platforms.minigame","isPackage":false,"count":1},{"entitlementId":"com.unity.editor.platforms.openharmony","isPackage":false,"count":1},{"entitlementId":"com.unity.editor.watermarks.forcedisable","isPackage":false,"count":1},{"entitlementId":"com.unity.editor.last.activation.date","isPackage":false,"count":1},{"entitlementId":"com.unity.editor.unity.compliant","isPackage":false,"count":1},{"entitlementId":"com.unity.editor.mini-game.analytics.disabled","isPackage":false,"count":1},{"entitlementId":"com.unity.editor.time-limited-license","isPackage":false,"count":1}]}],"responseCode":200,"responseStatus":"Found 1 entitlement groups and 0 free entitlements matching requested entitlement ids","messageType":"EntitlementDetailsResponse","authorizationCheck":"Yq4zMVFaQlEopyuCJBPBW0KpmCOr"} at 1790140428
[Licensing::Client] Attempt to check time stamp (startTime: 1790140428, endTime: 1790140428)
[Licensing::Client] Successfully resolved entitlement details
[Licensing::Client] Successfully send message: {"AuthorizationCheck":"Yq4zMVFaQlEopw==","messageType":"EntitlementDetailsRequest","entitlementIds":[],"packageEntitlementIds":["cn.tuanjie.ai.graph","cn.tuanjie.codely.bridge","cn.tuanjie.minihost","cn.tuanjie.neural-deformer","cn.tuanjie.openharmony.hilog","cn.tuanjie.openharmony.sdkkit","com.havok.physics","com.unity.2d.animation","com.unity.2d.aseprite","com.unity.2d.pixel-perfect","com.unity.2d.psdimporter","com.unity.2d.sprite","com.unity.2d.spriteshape","com.unity.2d.tilemap","com.unity.2d.tilemap.extras","com.unity.adaptiveperformance","com.unity.addressables","com.unity.ads","com.unity.ads.ios-support","com.unity.ai.navigation","com.unity.animation.rigging","com.unity.asset-manager-for-unity","com.unity.burst","com.unity.cinemachine","com.unity.cloud.draco","com.unity.cloud.ktx","com.unity.collab-proxy","com.unity.collections","com.unity.connect.share","com.unity.device-simulator.devices","com.unity.editorcoroutines","com.unity.entities","com.unity.entities.graphics","com.unity.feature.2d","com.unity.feature.ar","com.unity.feature.characters-animation","com.unity.feature.cinematic","com.unity.feature.development","com.unity.feature.gameplay-storytelling","com.unity.feature.mobile","com.unity.feature.vr","com.unity.feature.worldbuilding","com.unity.formats.alembic","com.unity.formats.fbx","com.unity.ide.rider","com.unity.ide.visualstudio","com.unity.ide.vscode","com.unity.inputsystem","com.unity.instantgame","com.unity.learn.iet-framework","com.unity.learn.iet-framework.authoring","com.unity.live-capture","com.unity.localization","com.unity.logging","com.unity.mathematics","com.unity.memoryprofiler","com.unity.microsoft.gdk","com.unity.microsoft.gdk.tools","com.unity.ml-agents","com.unity.mobile.android-logcat","com.unity.mobile.notifications","com.unity.modules.ai","com.unity.modules.androidjni","com.unity.modules.animation","com.unity.modules.assetbundle","com.unity.modules.audio","com.unity.modules.autostreaming","com.unity.modules.cloth","com.unity.modules.director","com.unity.modules.imageconversion","com.unity.modules.imgui","com.unity.modules.infinity","com.unity.modules.jsonserialize","com.unity.modules.nvidia","com.unity.modules.particlesystem","com.unity.modules.physics","com.unity.modules.physics2d","com.unity.modules.screencapture","com.unity.modules.terrain","com.unity.modules.terrainphysics","com.unity.modules.texturemanager","com.unity.modules.tilemap","com.unity.modules.ui","com.unity.modules.uielements","com.unity.modules.unityanalytics","com.unity.modules.unitywebrequest","com.unity.modules.unitywebrequestassetbundle","com.unity.modules.unitywebrequestaudio","com.unity.modules.unitywebrequesttexture","com.unity.modules.unitywebrequestwww","com.unity.modules.vehicles","com.unity.modules.video","com.unity.modules.vr","com.unity.modules.wind","com.unity.modules.xr","com.unity.multiplayer.tools","com.unity.netcode","com.unity.netcode.gameobjects","com.unity.performance.profile-analyzer","com.unity.physics","com.unity.polybrush","com.unity.polyspatial.visionos","com.unity.postprocessing","com.unity.probuilder","com.unity.profiling.core","com.unity.profiling.systemmetrics.mali","com.unity.purchasing","com.unity.recorder","com.unity.remote-config","com.unity.render-pipelines.core","com.unity.render-pipelines.high-definition","com.unity.render-pipelines.universal","com.unity.rendering.denoising","com.unity.scriptablebuildpipeline","com.unity.scripting.python","com.unity.sequences","com.unity.serialization","com.unity.services.analytics","com.unity.services.apis","com.unity.services.authentication","com.unity.services.ccd.management","com.unity.services.cloud-build","com.unity.services.cloud-diagnostics","com.unity.services.cloudcode","com.unity.services.cloudsave","com.unity.services.deployment","com.unity.services.economy","com.unity.services.friends","com.unity.services.leaderboards","com.unity.services.lobby","com.unity.services.matchmaker","com.unity.services.moderation","com.unity.services.multiplay","com.unity.services.playeraccounts","com.unity.services.push-notifications","com.unity.services.relay","com.unity.services.ugc","com.unity.services.ugc.bridge","com.unity.services.user-reporting","com.unity.services.vivox","com.unity.shadergraph","com.unity.splines","com.unity.sysroot","com.unity.sysroot.linux-x86_64","com.unity.terrain-tools","com.unity.test-framework","com.unity.testtools.codecoverage","com.unity.textmeshpro","com.unity.timeline","com.unity.toolchain.linux-x86_64","com.unity.toolchain.macos-x86_64-linux-x86_64","com.unity.toolchain.win-x86_64-linux-x86_64","com.unity.transport","com.unity.ugui","com.unity.visualeffectgraph","com.unity.visualscripting","com.unity.xr.arcore","com.unity.xr.arfoundation","com.unity.xr.arkit","com.unity.xr.hands","com.unity.xr.interaction.toolkit","com.unity.xr.magicleap","com.unity.xr.management","com.unity.xr.meta-openxr","com.unity.xr.oculus","com.unity.xr.openxr","com.unity.xr.visionos"],"includeCustomData":false} at 1790140428
[Licensing::Client] Successfully receive message: {"freeEntitlementIds":["cn.tuanjie.ai.graph","cn.tuanjie.codely.bridge","cn.tuanjie.minihost","cn.tuanjie.neural-deformer","cn.tuanjie.openharmony.hilog","cn.tuanjie.openharmony.sdkkit","com.havok.physics","com.unity.2d.animation","com.unity.2d.aseprite","com.unity.2d.pixel-perfect","com.unity.2d.psdimporter","com.unity.2d.sprite","com.unity.2d.spriteshape","com.unity.2d.tilemap","com.unity.2d.tilemap.extras","com.unity.adaptiveperformance","com.unity.addressables","com.unity.ads","com.unity.ads.ios-support","com.unity.ai.navigation","com.unity.animation.rigging","com.unity.asset-manager-for-unity","com.unity.burst","com.unity.cinemachine","com.unity.cloud.draco","com.unity.cloud.ktx","com.unity.collab-proxy","com.unity.collections","com.unity.connect.share","com.unity.device-simulator.devices","com.unity.editorcoroutines","com.unity.entities","com.unity.entities.graphics","com.unity.feature.2d","com.unity.feature.ar","com.unity.feature.characters-animation","com.unity.feature.cinematic","com.unity.feature.development","com.unity.feature.gameplay-storytelling","com.unity.feature.mobile","com.unity.feature.vr","com.unity.feature.worldbuilding","com.unity.formats.alembic","com.unity.formats.fbx","com.unity.ide.rider","com.unity.ide.visualstudio","com.unity.ide.vscode","com.unity.inputsystem","com.unity.instantgame","com.unity.learn.iet-framework","com.unity.learn.iet-framework.authoring","com.unity.live-capture","com.unity.localization","com.unity.logging","com.unity.mathematics","com.unity.memoryprofiler","com.unity.microsoft.gdk","com.unity.microsoft.gdk.tools","com.unity.ml-agents","com.unity.mobile.android-logcat","com.unity.mobile.notifications","com.unity.modules.ai","com.unity.modules.androidjni","com.unity.modules.animation","com.unity.modules.assetbundle","com.unity.modules.audio","com.unity.modules.autostreaming","com.unity.modules.cloth","com.unity.modules.director","com.unity.modules.imageconversion","com.unity.modules.imgui","com.unity.modules.infinity","com.unity.modules.jsonserialize","com.unity.modules.nvidia","com.unity.modules.particlesystem","com.unity.modules.physics","com.unity.modules.physics2d","com.unity.modules.screencapture","com.unity.modules.terrain","com.unity.modules.terrainphysics","com.unity.modules.texturemanager","com.unity.modules.tilemap","com.unity.modules.ui","com.unity.modules.uielements","com.unity.modules.unityanalytics","com.unity.modules.unitywebrequest","com.unity.modules.unitywebrequestassetbundle","com.unity.modules.unitywebrequestaudio","com.unity.modules.unitywebrequesttexture","com.unity.modules.unitywebrequestwww","com.unity.modules.vehicles","com.unity.modules.video","com.unity.modules.vr","com.unity.modules.wind","com.unity.modules.xr","com.unity.multiplayer.tools","com.unity.netcode","com.unity.netcode.gameobjects","com.unity.performance.profile-analyzer","com.unity.physics","com.unity.polybrush","com.unity.polyspatial.visionos","com.unity.postprocessing","com.unity.probuilder","com.unity.profiling.core","com.unity.profiling.systemmetrics.mali","com.unity.purchasing","com.unity.recorder","com.unity.remote-config","com.unity.render-pipelines.core","com.unity.render-pipelines.high-definition","com.unity.render-pipelines.universal","com.unity.rendering.denoising","com.unity.scriptablebuildpipeline","com.unity.scripting.python","com.unity.sequences","com.unity.serialization","com.unity.services.analytics","com.unity.services.apis","com.unity.services.authentication","com.unity.services.ccd.management","com.unity.services.cloud-build","com.unity.services.cloud-diagnostics","com.unity.services.cloudcode","com.unity.services.cloudsave","com.unity.services.deployment","com.unity.services.economy","com.unity.services.friends","com.unity.services.leaderboards","com.unity.services.lobby","com.unity.services.matchmaker","com.unity.services.moderation","com.unity.services.multiplay","com.unity.services.playeraccounts","com.unity.services.push-notifications","com.unity.services.relay","com.unity.services.ugc","com.unity.services.ugc.bridge","com.unity.services.user-reporting","com.unity.services.vivox","com.unity.shadergraph","com.unity.splines","com.unity.sysroot","com.unity.sysroot.linux-x86_64","com.unity.terrain-tools","com.unity.test-framework","com.unity.testtools.codecoverage","com.unity.textmeshpro","com.unity.timeline","com.unity.toolchain.linux-x86_64","com.unity.toolchain.macos-x86_64-linux-x86_64","com.unity.toolchain.win-x86_64-linux-x86_64","com.unity.transport","com.unity.ugui","com.unity.visualeffectgraph","com.unity.visualscripting","com.unity.xr.arcore","com.unity.xr.arfoundation","com.unity.xr.arkit","com.unity.xr.hands","com.unity.xr.interaction.toolkit","com.unity.xr.magicleap","com.unity.xr.management","com.unity.xr.meta-openxr","com.unity.xr.oculus","com.unity.xr.openxr","com.unity.xr.visionos"],"responseCode":200,"responseStatus":"Found 0 entitlement groups and 167 free entitlements matching requested entitlement ids","messageType":"EntitlementDetailsResponse","authorizationCheck":"Yq4zMVFaQlEopyuCJBPBW0KpmCOq"} at 1790140429
[Licensing::Client] Attempt to check time stamp (startTime: 1790140428, endTime: 1790140429)
[Licensing::Client] Successfully resolved entitlement details
Worker ready: AssetImportWorker0 0
Worker ready: AssetImportWorker1 1
[Worker0] Start importing Assets/Resources/Maps/Scenes/Scene 98.prefab using Guid(2585e7f87830b904ca585475b5a171ad) Importer(PreviewImporter) 
Worker ready: AssetImportWorker2 2
[Worker0] Launched and connected shader compiler TuanjieShaderCompiler.exe after 0.04 seconds
[Worker0]  -> (artifact id: 'f12a9ae290a30823c0bf74f0575f7780') in 0.173375 seconds
[Worker0] Start importing Assets/Resources/Maps/Scenes/Scene 76.prefab using Guid(6170b5f67bd32de488b39afcb1c9b828) Importer(PreviewImporter) 
[Worker0]  -> (artifact id: 'f49dc500d2d82383db074cecea79beee') in 0.026853 seconds
[Worker0] Start importing Assets/Resources/Maps/Scenes/Scene 9.prefab using Guid(e38f9b8b9624b144693c3b612e1d5776) Importer(PreviewImporter) 
[Worker0]  -> (artifact id: '98433fd53fb2c02d978fce948088c272') in 0.036018 seconds
[Worker0] Start importing Assets/Resources/Maps/Scenes/Scene 27.prefab using Guid(b6b507bdc66992840be4cc53f281d903) Importer(PreviewImporter) 
[Worker0]  -> (artifact id: '02daa8bf6db102e5365162a790faf781') in 0.026900 seconds
[Worker0] Start importing Assets/Resources/Maps/Scenes/Scene 41.prefab using Guid(60b55710cd203f64b9effee886e4432d) Importer(PreviewImporter) 
[Worker0]  -> (artifact id: '217c103879b1a1922aaa8c018d7fcd28') in 0.033206 seconds
[Worker0] Start importing Assets/Resources/Maps/Scenes/Scene 85.prefab using Guid(87b6b4cc649ef184aa53ce1755f94e16) Importer(PreviewImporter) 
[Worker1] Start importing Assets/Resources/Maps/Scenes/Scene 34.prefab using Guid(f81d7c42d75bb7f4fa87bfac62f27020) Importer(PreviewImporter) 
[Worker0]  -> (artifact id: '8ebb95b3dd3262c966eb3edddd9b963e') in 0.022398 seconds
[Worker0] Start importing Assets/Resources/Maps/Scenes/Scene 35.prefab using Guid(c63459d72a61a5346bd5077659953d77) Importer(PreviewImporter) 
[Worker0]  -> (artifact id: 'ca210b6b6d098d49d7b4cecd82c4a05c') in 0.030848 seconds
[Worker0] Start importing Assets/Resources/Maps/Scenes/Scene 88.prefab using Guid(90660aaeee46b384aa32bed1d7a7ef1e) Importer(PreviewImporter) 
Worker ready: AssetImportWorker3 3
[Worker0]  -> (artifact id: '9590fd9e3274eb6feef75b985e43683f') in 0.018594 seconds
[Worker0] Start importing Assets/Resources/Maps/Scenes/Scene 77.prefab using Guid(001140e4e13725d42af9b63a6dda9aaf) Importer(PreviewImporter) 
[Worker0]  -> (artifact id: '62f2da6a8d799c255ba0edff3ba918c2') in 0.027269 seconds
[Worker0] Start importing Assets/Resources/Maps/Scenes/Scene 89.prefab using Guid(eabd5e423ccfb934a9ada097d9f9396a) Importer(PreviewImporter) 
[Worker1] Launched and connected shader compiler TuanjieShaderCompiler.exe after 0.05 seconds
[Worker0]  -> (artifact id: 'a21b0942cdff0d68b20faa8f0f830c1b') in 0.027726 seconds
[Worker0] Start importing Assets/Resources/Maps/Scenes/Scene 33.prefab using Guid(36010cc75136c2f498ffe277ce382966) Importer(PreviewImporter) 
[Worker0]  -> (artifact id: 'd624eb4f8344d3175aba191040b12b9b') in 0.017337 seconds
[Worker0] Start importing Assets/Resources/Maps/Scenes/Scene 12.prefab using Guid(865e74ec313f87242b2bc8c23f5f70be) Importer(PreviewImporter) 
[Worker0]  -> (artifact id: 'b83c47e57cfcd3960f4d4786045b1929') in 0.026201 seconds
[Worker0] Start importing Assets/Resources/Maps/Scenes/Scene 57.prefab using Guid(44f8fe7b48bdff947b36e396da6200be) Importer(PreviewImporter) 
[Worker1]  -> (artifact id: '5de07e68dd0f85d2249536d5be17ef4c') in 0.174735 seconds
[Worker1] Start importing Assets/Resources/Maps/Scenes/Scene 40.prefab using Guid(ed3086e0b1a7ae340836e145b01da658) Importer(PreviewImporter) 
[Worker0]  -> (artifact id: '745af544e9e464a5c2c24a2cd2d5f162') in 0.027601 seconds
[Worker0] Start importing Assets/Resources/Maps/Scenes/Scene 69.prefab using Guid(cdb7a33bee77a1549931a5faf389b64b) Importer(PreviewImporter) 
[Worker1]  -> (artifact id: 'eb5b5dd4e2bf846956b894fa66fb2cbc') in 0.023498 seconds
[Worker1] Start importing Assets/Resources/Maps/Scenes/Scene 21.prefab using Guid(305d322627149a64c8d7cbf403e00bf7) Importer(PreviewImporter) 
[Worker0]  -> (artifact id: '69a9d13afde330a20f795fd6a826f746') in 0.033854 seconds
[Worker0] Start importing Assets/Resources/Maps/Scenes/Scene 68.prefab using Guid(e37c1039bf25f1a44bcaf388b312f2f7) Importer(PreviewImporter) 
[Worker1]  -> (artifact id: '0a95b13e374cfc8fd45f8e457077aa2b') in 0.024351 seconds
[Worker1] Start importing Assets/Resources/Maps/Scenes/Scene 81.prefab using Guid(9a75544628f2fe64ca748698d1cbe63d) Importer(PreviewImporter) 
[Worker0]  -> (artifact id: '1ac6ee78e78b694646c7e9cfb84403dd') in 0.018624 seconds
[Worker0] Start importing Assets/Resources/Maps/Scenes/Scene 50.prefab using Guid(94c6e014c92ca464c9e9f870eedc2020) Importer(PreviewImporter) 
[Worker1]  -> (artifact id: '267948c595aabe655dea87d4b86cdf50') in 0.024863 seconds
[Worker1] Start importing Assets/Resources/Maps/Scenes/Scene 78.prefab using Guid(8f8402c8d8e8e644b86d70d351302cd0) Importer(PreviewImporter) 
[Worker0]  -> (artifact id: '90212a9a7a4fbb54428dbf6e8312d5e8') in 0.026631 seconds
[Worker0] Start importing Assets/Resources/Maps/Scenes/Scene 43.prefab using Guid(51f2b86cb66477842a1fc748210bc143) Importer(PreviewImporter) 
[Worker1]  -> (artifact id: 'cfa0c3726db1bc43de7235537606b1d9') in 0.019720 seconds
[Worker1] Start importing Assets/Resources/Maps/Scenes/Scene 56.prefab using Guid(7d6c3b261c78fe4488d2789c90abcaf3) Importer(PreviewImporter) 
[Worker0]  -> (artifact id: 'f2a88c326da99aba6b278d3facb9fce8') in 0.018599 seconds
[Worker0] Start importing Assets/Resources/Maps/Scenes/Scene 64.prefab using Guid(cebbbdc08d6cded49b1f10f3f69b6b16) Importer(PreviewImporter) 
[Worker1]  -> (artifact id: '3de85a7e71d98f7f80e3649ca233462e') in 0.032764 seconds
[Worker1] Start importing Assets/Resources/Maps/Scenes/Scene 83.prefab using Guid(26c2b01e2bb91e64cbd4ea78c472275e) Importer(PreviewImporter) 
[Worker2] Start importing Assets/Resources/Maps/Scenes/Scene 42.prefab using Guid(549e744b64c3f314bb93bc6cfa44025c) Importer(PreviewImporter) 
[Worker0]  -> (artifact id: 'c2714a6e0a248e158c2bbf9d11e814b1') in 0.032049 seconds
[Worker0] Start importing Assets/Resources/Maps/Scenes/Scene 2.prefab using Guid(fe295932b9225734092291cf81886700) Importer(PreviewImporter) 
[Worker1]  -> (artifact id: '55be826611bdb5a3d7a993615ab2b5b8') in 0.020037 seconds
[Worker1] Start importing Assets/Resources/Maps/Scenes/Scene 53.prefab using Guid(e944776ed484edd44b534c9b6b90bd67) Importer(PreviewImporter) 
[Worker1]  -> (artifact id: '66601226d6d67e7ce779c5d144f78bc1') in 0.020941 seconds
[Worker1] Start importing Assets/Resources/Maps/Scenes/Scene 80.prefab using Guid(b8101315e7a08234a97ae76edcd272c5) Importer(PreviewImporter) 
[Worker0]  -> (artifact id: 'bb3e48022e3c5d1bdcec19a2a0b58c2d') in 0.027682 seconds
[Worker0] Start importing Assets/Resources/Maps/Scenes/Scene 1.prefab using Guid(e73a640d8fdb5754ba407bef13151cb9) Importer(PreviewImporter) 
Worker ready: AssetImportWorker4 4
[Worker0]  -> (artifact id: '17282b537fb5142b9e738758e2120958') in 0.024724 seconds
[Worker0] Start importing Assets/Resources/Maps/Scenes/Scene 39.prefab using Guid(157e1da89eed02743887682b3ee63086) Importer(PreviewImporter) 
[Worker1]  -> (artifact id: '356dbe0e76174f4e299e8d50afc469d6') in 0.044800 seconds
[Worker1] Start importing Assets/Resources/Maps/Scenes/Scene 66.prefab using Guid(92e5901fe2699ad43b366aba9c1392b9) Importer(PreviewImporter) 
[Worker0]  -> (artifact id: '58e98d61bf7f2025f3d7259697a464dd') in 0.031116 seconds
[Worker0] Start importing Assets/Resources/Maps/Scenes/Scene 32.prefab using Guid(6e9ee2aa68a37c54686127a49b5fade0) Importer(PreviewImporter) 
[Worker1]  -> (artifact id: 'acbc131d38686a8ee689952f3214a4ae') in 0.026481 seconds
[Worker2] Launched and connected shader compiler TuanjieShaderCompiler.exe after 0.05 seconds
[Worker1] Start importing Assets/Resources/Maps/Scenes/Scene 20.prefab using Guid(3ce38452c66b3fc46894e909c22ded8f) Importer(PreviewImporter) 
[Worker0]  -> (artifact id: '8e93f037ce005c4117717fa3eabfd07b') in 0.033690 seconds
[Worker0] Start importing Assets/Resources/Maps/Scenes/Scene 49.prefab using Guid(888af68bb30ec3c458948a5a620295ff) Importer(PreviewImporter) 
[Worker1]  -> (artifact id: '3356ee6abc2ab2def6cf6b1a59c12196') in 0.026158 seconds
[Worker1] Start importing Assets/Resources/Maps/Scenes/Scene 95.prefab using Guid(32d8a2d9dda57304a9b6739015180122) Importer(PreviewImporter) 
[Worker0]  -> (artifact id: '364c84f44e10275521b034efe493f1de') in 0.024964 seconds
[Worker0] Start importing Assets/Resources/Maps/Scenes/Scene 55.prefab using Guid(3fdbbabf75afae5478cda800710ccd4c) Importer(PreviewImporter) 
[Worker1]  -> (artifact id: '86c244278f8ce6113bb0ce0622f37201') in 0.032628 seconds
[Worker1] Start importing Assets/Resources/Maps/Scenes/Scene 30.prefab using Guid(27735480aa6ddc141b6415ddf2b670c5) Importer(PreviewImporter) 
[Worker2]  -> (artifact id: '807cd9a8265440ff8ca3786896bc58e4') in 0.178601 seconds
Worker ready: AssetImportWorker5 5
[Worker2] Start importing Assets/Resources/Maps/Scenes/Scene 73.prefab using Guid(405fc9139c7348e4990d9b056e6ffa64) Importer(PreviewImporter) 
[Worker0]  -> (artifact id: '50834b85d79b168738f0bbc2e1f81ab6') in 0.035709 seconds
[Worker0] Start importing Assets/Resources/Maps/Scenes/Scene 7.prefab using Guid(de8be27a2d4af514fb8e92091600ee75) Importer(PreviewImporter) 
[Worker2]  -> (artifact id: '502b2ba4295d2e9412823a79e3ca8d35') in 0.018760 seconds
[Worker2] Start importing Assets/Resources/Maps/Scenes/Scene 92.prefab using Guid(f6c70cafd8f0a084da75afe81cffabb3) Importer(PreviewImporter) 
[Worker1]  -> (artifact id: '81bca80b741104df821f7511449227fa') in 0.032173 seconds
[Worker1] Start importing Assets/Resources/Maps/Scenes/Scene 65.prefab using Guid(cef08f8a3b82f8342a5ffc6e91d71fb5) Importer(PreviewImporter) 
[Worker2]  -> (artifact id: '2d9b300864cc73432abbcfd7095a829e') in 0.031224 seconds
[Worker2] Start importing Assets/Resources/Maps/Scenes/Scene 25.prefab using Guid(18138cb2cd6f07047b01d6f4850d1dac) Importer(PreviewImporter) 
[Worker1]  -> (artifact id: '0d8f6a02378ac98b84d63ad38d06f7cd') in 0.027439 seconds
[Worker1] Start importing Assets/Resources/Maps/Scenes/Scene 37.prefab using Guid(05cb6058ea081a544b9cfa2e2e54cc81) Importer(PreviewImporter) 
[Worker0]  -> (artifact id: 'c06de8efb6df4a28dc1ecce6332dfa79') in 0.037483 seconds
[Worker0] Start importing Assets/Resources/Maps/Scenes/Scene 82.prefab using Guid(d91a658988a80f04eb77cd9847975ce9) Importer(PreviewImporter) 
[Worker2]  -> (artifact id: 'b43e868637f57a6bc5e490043fa4bb8a') in 0.027889 seconds
[Worker1]  -> (artifact id: '0d619bb8aea58f3000601400ae30eac4') in 0.026088 seconds
[Worker2] Start importing Assets/Resources/Maps/Scenes/Scene 11.prefab using Guid(0fc5c50b209897a4ca58f49944ddf2cf) Importer(PreviewImporter) 
[Worker1] Start importing Assets/Resources/Maps/Scenes/Scene 71.prefab using Guid(f64615f61181afc42b177f8bc43bdc55) Importer(PreviewImporter) 
[Worker0]  -> (artifact id: '97c1fa10184e08a3af502fb2fe712571') in 0.026074 seconds
[Worker0] Start importing Assets/Resources/Maps/Scenes/Scene 10.prefab using Guid(cd334ef1a08e84b469a62b591fbe2ea2) Importer(PreviewImporter) 
[Worker0]  -> (artifact id: '884ac9c294e184127e0e971816728412') in 0.026517 seconds
[Worker0] Start importing Assets/Resources/Maps/Scenes/Scene 79.prefab using Guid(0ec810f15aca8a24999108099395ecf6) Importer(PreviewImporter) 
[Worker2]  -> (artifact id: 'c04850b61bffe76fec2d79c4810a9beb') in 0.037129 seconds
[Worker1]  -> (artifact id: '597cd8c883eab385dcf17301819c1f70') in 0.037290 seconds
[Worker2] Start importing Assets/Resources/Maps/Scenes/Scene 6.prefab using Guid(bdab0c2a62e14f44ebe17afb906a7470) Importer(PreviewImporter) 
[Worker1] Start importing Assets/Resources/Maps/Scenes/Scene 91.prefab using Guid(4a29bd3792ee3144fbf8429794bebf57) Importer(PreviewImporter) 
[Worker3] Start importing Assets/Resources/Maps/Scenes/Scene 45.prefab using Guid(72e4f504cb8a3f74f9c6d9576a771cfb) Importer(PreviewImporter) 
[Worker1]  -> (artifact id: '7c98504478be0b98a266c12b409badf7') in 0.026250 seconds
[Worker1] Start importing Assets/Resources/Maps/Scenes/Scene 96.prefab using Guid(337af5ed36271884ea4579896b674bca) Importer(PreviewImporter) 
[Worker2]  -> (artifact id: '91ccb641c04fef75b870ad8d5184eee4') in 0.029090 seconds
[Worker0]  -> (artifact id: '32954a5c69bf59be04e14b8a6d1b3978') in 0.038092 seconds
[Worker2] Start importing Assets/Resources/Maps/Scenes/Scene 87.prefab using Guid(81c4f3e5e07be0d43b1a61c7146e8b3e) Importer(PreviewImporter) 
[Worker0] Start importing Assets/Resources/Maps/Scenes/Scene 24.prefab using Guid(24ba36403fff5af47972fcb688f1c806) Importer(PreviewImporter) 
[Worker1]  -> (artifact id: '8098ceddb25f86479f8f480394f41bf7') in 0.034080 seconds
[Worker1] Start importing Assets/Resources/Maps/Scenes/Scene 15.prefab using Guid(cf864461eb49fe34f92a68c88f852ad5) Importer(PreviewImporter) 
[Worker2]  -> (artifact id: '06f57a4192c754deb0903dfe17bffd51') in 0.034661 seconds
[Worker2] Start importing Assets/Resources/Maps/Scenes/Scene 3.prefab using Guid(7f92f895e264b7f4492f806a36eddba5) Importer(PreviewImporter) 
[Worker0]  -> (artifact id: 'e9ed6941cb2785cd664ea318924596ae') in 0.036295 seconds
[Worker0] Start importing Assets/Resources/Maps/Scenes/Scene 51.prefab using Guid(2a35c4451c2b051419de41d941c140b0) Importer(PreviewImporter) 
[Worker0]  -> (artifact id: '6ccd9531d74d02cb14a2c51b28f79bc8') in 0.013982 seconds
[Worker0] Start importing Assets/Resources/Maps/Scenes/Scene 29.prefab using Guid(56c53d4cb807f9d4486bc2fa5d1c12e6) Importer(PreviewImporter) 
[Worker2]  -> (artifact id: '39e0dc2213705db8e822f547d380cf43') in 0.022927 seconds
[Worker2] Start importing Assets/Resources/Maps/Scenes/Scene 63.prefab using Guid(a83653ef30d95ab49b550637e2d67b56) Importer(PreviewImporter) 
[Worker1]  -> (artifact id: 'c648bea642a500e323852d4b854c5003') in 0.034897 seconds
[Worker1] Start importing Assets/Resources/Maps/Scenes/Scene 17.prefab using Guid(83a8695db7a874e419390cb9913ca653) Importer(PreviewImporter) 
[Worker2]  -> (artifact id: '238b0d6af9e0f82cc6f1f9e62b6532a3') in 0.020443 seconds
[Worker0]  -> (artifact id: '0e6342e614ffa2d147cc253652d1f8b5') in 0.027429 seconds
[Worker2] Start importing Assets/Resources/Maps/Scenes/Scene 67.prefab using Guid(2ebf3c23f79282f4ea26f4f13447e5b6) Importer(PreviewImporter) 
[Worker0] Start importing Assets/Resources/Maps/Scenes/Scene 84.prefab using Guid(305ec9d8c7f5e2f43bf31a2a78da0119) Importer(PreviewImporter) 
[Worker1]  -> (artifact id: '4b01727f806d4a5db850590d54482ba2') in 0.020907 seconds
[Worker1] Start importing Assets/Resources/Maps/Scenes/Scene 14.prefab using Guid(468718e066cee0f48930ae274e6cfde2) Importer(PreviewImporter) 
[Worker3] Launched and connected shader compiler TuanjieShaderCompiler.exe after 0.05 seconds
[Worker2]  -> (artifact id: '0ecbcc6339f85b909e5de373679a8378') in 0.023666 seconds
[Worker2] Start importing Assets/Resources/Maps/Scenes/Scene 46.prefab using Guid(9bc57c538f645cc4190ff14f35e652be) Importer(PreviewImporter) 
[Worker0]  -> (artifact id: 'c49d4603e9806dee4dd64b462cea34fe') in 0.029758 seconds
[Worker0] Start importing Assets/Resources/Maps/Scenes/Scene 16.prefab using Guid(5e8907167b58a6a4cb5cdfac77c6983a) Importer(PreviewImporter) 
[Worker1]  -> (artifact id: 'c414fe24e96ed58f00ca861d1ea2e986') in 0.025253 seconds
[Worker1] Start importing Assets/Resources/Maps/Scenes/Scene 58.prefab using Guid(07dd1094aefae444a9e9c3097226c53c) Importer(PreviewImporter) 
[Worker2]  -> (artifact id: '2d0dfd6b7287f7a776dc72b0695c9de4') in 0.027938 seconds
[Worker2] Start importing Assets/Resources/Maps/Scenes/Scene 93.prefab using Guid(0513a210fe941044f854c4f40110429d) Importer(PreviewImporter) 
[Worker1]  -> (artifact id: 'd3ae9578268d87e15f96615888750bdd') in 0.021257 seconds
[Worker1] Start importing Assets/Resources/Maps/Scenes/Scene 8.prefab using Guid(b974ad3d1bc1ab44cbc2164f45469ee0) Importer(PreviewImporter) 
[Worker0]  -> (artifact id: 'a782001c377bbdb8687780b277ab30fb') in 0.036069 seconds
[Worker0] Start importing Assets/Resources/Maps/Scenes/Scene 86.prefab using Guid(8dbfd50070a1fda4494e85b5dfc89922) Importer(PreviewImporter) 
[Worker2]  -> (artifact id: 'ec8c2f24e4a6c0640e6a93c916aa6f39') in 0.020322 seconds
[Worker2] Start importing Assets/Resources/Maps/Scenes/Scene 59.prefab using Guid(211d202583d01934f98e69726f042b4f) Importer(PreviewImporter) 
[Worker1]  -> (artifact id: 'e9419a5f68d672ca9c794bfb4b2bc611') in 0.021118 seconds
[Worker1] Start importing Assets/Resources/Maps/Scenes/Scene 47.prefab using Guid(d35748159607b3848bfbc80fd941b8cf) Importer(PreviewImporter) 
[Worker3]  -> (artifact id: 'c05691412e5bd9b12502b48302100af5') in 0.189629 seconds
[Worker3] Start importing Assets/Resources/Maps/Scenes/Scene 38.prefab using Guid(ed98305d8eda0ba4ead1c638aea45ab3) Importer(PreviewImporter) 
[Worker2]  -> (artifact id: 'a698c9a9c85efeb0c0a81169b7cb0433') in 0.030613 seconds
[Worker2] Start importing Assets/Resources/Maps/Scenes/Scene 5.prefab using Guid(ae19a82ab4d6ea642b9f181f7840633c) Importer(PreviewImporter) 
[Worker0]  -> (artifact id: '051fab91d0a3cde5a4408a51a7058337') in 0.039630 seconds
[Worker0] Start importing Assets/Resources/Maps/Scenes/Scene 54.prefab using Guid(63b6cb05419e38c428c838fafa54adfe) Importer(PreviewImporter) 
[Worker3]  -> (artifact id: '2a2b30ad711a17b5906432637ad44947') in 0.022427 seconds
[Worker3] Start importing Assets/Resources/Maps/Scenes/Scene 19.prefab using Guid(e71ac66f827c1ad4b8ec87460873c233) Importer(PreviewImporter) 
[Worker1]  -> (artifact id: '413a1ef0fc3badbf6d674fb781bb1995') in 0.039568 seconds
[Worker1] Start importing Assets/Resources/Maps/Scenes/Scene 62.prefab using Guid(8c020c6c534df0e4881d38912ef14bfa) Importer(PreviewImporter) 
[Worker2]  -> (artifact id: 'df3c63bbbcc178ef1414e8d6ae04788c') in 0.028535 seconds
[Worker2] Start importing Assets/Resources/Maps/Scenes/Scene 13.prefab using Guid(204b4fc5b807b824db0b60d5432261c4) Importer(PreviewImporter) 
[Worker3]  -> (artifact id: 'abfc87a6698a35bd6b5c21e694eb3ae5') in 0.028413 seconds
[Worker3] Start importing Assets/Resources/Maps/Scenes/Scene 72.prefab using Guid(4aa6c41446634244d88e23486d55fd2a) Importer(PreviewImporter) 
[Worker1]  -> (artifact id: 'fe0f46a8e5dbe1759b4794141027b2c5') in 0.028922 seconds
[Worker0]  -> (artifact id: '056cd61be9c22a045f0ec332fc6114f3') in 0.042542 seconds
[Worker1] Start importing Assets/Resources/Maps/Scenes/Scene 97.prefab using Guid(b4263c82b14d17f4ea08b412764af741) Importer(PreviewImporter) 
[Worker0] Start importing Assets/Resources/Maps/Scenes/Scene 18.prefab using Guid(81d189f363c69c2419b96e807033eb59) Importer(PreviewImporter) 
[Worker2]  -> (artifact id: '4c9aefa7331a6cc36f2696a8b2727e9e') in 0.024822 seconds
[Worker2] Start importing Assets/Resources/Maps/Scenes/Scene 61.prefab using Guid(5fcf00f523fbf3847a3db85118761fc0) Importer(PreviewImporter) 
[Worker0]  -> (artifact id: '8acd91bbf2d2e1cad4af2685eddfe6c8') in 0.020114 seconds
[Worker0] Start importing Assets/Resources/Maps/Scenes/Scene 99.prefab using Guid(3970da5cd9445534984fc33f62cef000) Importer(PreviewImporter) 
[Worker3]  -> (artifact id: '30e8b3af021bfa946162995fefb7aae3') in 0.025819 seconds
[Worker3] Start importing Assets/Resources/Maps/Scenes/Scene 70.prefab using Guid(9e37d6f57b2f6884a8b382b20675a26e) Importer(PreviewImporter) 
[Worker1]  -> (artifact id: 'c114ff2e7efff1330752ef88456398b1') in 0.028777 seconds
[Worker1] Start importing Assets/Resources/Maps/Scenes/Scene 23.prefab using Guid(ff8139cf0e5806c49bff2906354cf973) Importer(PreviewImporter) 
[Worker2]  -> (artifact id: 'a022ee51a0f26417f203eb14ad7e0218') in 0.028528 seconds
[Worker2] Start importing Assets/Resources/Maps/Scenes/Scene 52.prefab using Guid(b9927feacdd11074b96a87f65c8f3243) Importer(PreviewImporter) 
[Worker1]  -> (artifact id: '76c5ba09fd212a5e148e735bbb8e0bc4') in 0.021432 seconds
[Worker1] Start importing Assets/Resources/Maps/Scenes/Scene 94.prefab using Guid(68193b1039ef59142aee68960b61c684) Importer(PreviewImporter) 
[Worker3]  -> (artifact id: '7cffe72c0ce0937dce489b7c025231ad') in 0.029013 seconds
[Worker3] Start importing Assets/Resources/Maps/Scenes/Scene 22.prefab using Guid(c8c3467514df2234998cc06ae4d03753) Importer(PreviewImporter) 
[Worker0]  -> (artifact id: 'c2857d165d32e29a94331e90bebdf5b5') in 0.035323 seconds
[Worker0] Start importing Assets/Resources/Maps/Scenes/Scene 36.prefab using Guid(0444911d003de7546806c023b54616f4) Importer(PreviewImporter) 
[Worker2]  -> (artifact id: 'da7a0873344780e4bceac38bfe6a4d31') in 0.028618 seconds
[Worker2] Start importing Assets/Resources/Maps/Scenes/Scene 74.prefab using Guid(c3303b8f85a801d4d8a6cebf0a60b8a4) Importer(PreviewImporter) 
[Worker4] Start importing Assets/Resources/Maps/Scenes/Scene 31.prefab using Guid(77f3f91ee76e1064abb180931b328b3c) Importer(PreviewImporter) 
[Worker1]  -> (artifact id: '955911801bff6dfb962f06c14d91ec9f') in 0.028676 seconds
[Worker1] Start importing Assets/Resources/Maps/Scenes/Scene 26.prefab using Guid(4130153691c48d943916562a58b18703) Importer(PreviewImporter) 
[Worker3]  -> (artifact id: '511c7e196ea6016c8e76a12e8734ed65') in 0.029811 seconds
[Worker3] Start importing Assets/Resources/Maps/Scenes/Scene.prefab using Guid(03a7ab38b2c7ff24f89f34e8f09d849c) Importer(PreviewImporter) 
[Worker0]  -> (artifact id: 'fda82643552f92ae4eb69dba9d8bb1a0') in 0.028850 seconds
[Worker0] Start importing Assets/Resources/Maps/Scenes/Scene 28.prefab using Guid(6f76727a62c2b414cb49ff230c752754) Importer(PreviewImporter) 
[Worker3]  -> (artifact id: 'c932c1c9f25c84c428a1f45e14531a52') in 0.014013 seconds
[Worker3] Start importing Assets/Resources/Maps/Scenes/Scene 44.prefab using Guid(0147f4b55055ddf4a9e48e6d9e3c4797) Importer(PreviewImporter) 
[Worker2]  -> (artifact id: '399f09cef538ff255646f13770e89250') in 0.032128 seconds
[Worker2] Start importing Assets/Resources/Maps/Scenes/Scene 60.prefab using Guid(101a38abaff153249850e8f39b3fbe7c) Importer(PreviewImporter) 
[Worker0]  -> (artifact id: '1ca890e53bcbae8a3534ceb2c134ec89') in 0.022757 seconds
[Worker0] Start importing Assets/Resources/Maps/Scenes/Scene 48.prefab using Guid(33685eb5fedf8544a9fed02965edd67f) Importer(PreviewImporter) 
[Worker1]  -> (artifact id: '865f9cdc906a2a2cb2f77c7f48e7ce4a') in 0.034109 seconds
[Worker1] Start importing Assets/Resources/Maps/Scenes/Scene 90.prefab using Guid(01d7e605a5b79704ba885adc1966da05) Importer(PreviewImporter) 
[Worker3]  -> (artifact id: '7301270c68060d70c565202fcf4ff59c') in 0.029591 seconds
[Worker3] Start importing Assets/Resources/Maps/Scenes/Scene 4.prefab using Guid(aa6b846ae9f794545b49484492f5e89d) Importer(PreviewImporter) 
[Worker0]  -> (artifact id: 'f4108fbfdfdc1c08389587be1e7ac7f4') in 0.023139 seconds
[Worker0] Start importing Assets/Resources/Maps/Scenes/Scene 75.prefab using Guid(ef1eb1579b82f214aae0d031fa87a341) Importer(PreviewImporter) 
[Worker2]  -> (artifact id: '9b08dd52cfec749d1f6379a98efcca78') in 0.036592 seconds
[Worker1]  -> (artifact id: '3d1a5b720eb43e0b7b34ed69ba35ff02') in 0.039072 seconds
[Worker3]  -> (artifact id: 'b5acf993a6382a26856478a0aeba652e') in 0.030140 seconds
[Worker0]  -> (artifact id: '09a26d7c6fdcd8fca5c6f65d08a70481') in 0.031274 seconds
[Worker4] Launched and connected shader compiler TuanjieShaderCompiler.exe after 0.06 seconds
[Worker4]  -> (artifact id: '11a836d28b23aef3787fdac47cd6874b') in 0.212863 seconds
TrimDiskCacheJob: Current cache size 0mb
Asset Pipeline Refresh (id=c5418162f9c6e22469557582016ef0e5): Total: 0.017 seconds - Initiated by RefreshV2(AllowForceSynchronousImport)
CachePath: C:/Users/trlanfeng/AppData/LocalLow/Tuanjie/LoveQiE_LoveQiE
CachePath: C:/Users/trlanfeng/AppData/LocalLow/Tuanjie/LoveQiE_LoveQiE
Reloading assemblies for play mode.
Reloading assemblies after forced synchronous recompile.
Begin MonoManager ReloadAssembly
[Licensing::Client] Successfully send message: {"AuthorizationCheck":"Yq4zMVFaQlEjrg==","messageType":"EntitlementDetailsRequest","entitlementIds":["com.unity.editor.headless","com.unity.editor.ui"],"packageEntitlementIds":[],"includeCustomData":false} at 1790140491
[Licensing::Client] Successfully receive message: {"entitlementGroups":[{"entitlementGroupId":"F4-9MP9-ZWAG-QSVY-CHDF-P4PP","entitlementGroupIdHash":"25af702a0ffcfe3cb60897b1e699a94eb8956553","productName":"Unity Personal","productType":"TuanjieEditor","licenseType":"ULF","expiration":1790576023000,"matchedEntitlements":[{"entitlementId":"com.unity.editor.ui","isPackage":false,"count":1},{"entitlementId":"com.unity.editor.headless","isPackage":false,"count":1}]}],"responseCode":200,"responseStatus":"Found 1 entitlement groups and 0 free entitlements matching requested entitlement ids","messageType":"EntitlementDetailsResponse","authorizationCheck":"Yq4zMVFaQlEjriuCJBPBW6Ws6b69"} at 1790140491
[Licensing::Client] Attempt to check time stamp (startTime: 1790140491, endTime: 1790140491)
[Licensing::Client] Successfully resolved entitlement details
- Loaded All Assemblies, in  0.206 seconds
Refreshing native plugins compatible for Editor in 0.00 ms, found 0 plugins.
Native extension for WindowsStandalone target not found
[Licensing::Client] Successfully send message: {"AuthorizationCheck":"Yq4zMVFaQlEjrQ==","messageType":"EntitlementDetailsRequest","entitlementIds":["com.unity.editor.minigame.subplatform.wechat","com.unity.editor.ui"],"packageEntitlementIds":[],"includeCustomData":false} at 1790140492
[Licensing::Client] Successfully receive message: {"entitlementGroups":[{"entitlementGroupId":"F4-9MP9-ZWAG-QSVY-CHDF-P4PP","entitlementGroupIdHash":"25af702a0ffcfe3cb60897b1e699a94eb8956553","productName":"Unity Personal","productType":"TuanjieEditor","licenseType":"ULF","expiration":1790576023000,"matchedEntitlements":[{"entitlementId":"com.unity.editor.ui","isPackage":false,"count":1},{"entitlementId":"com.unity.editor.minigame.subplatform.wechat","isPackage":false,"count":1}]}],"responseCode":200,"responseStatus":"Found 1 entitlement groups and 0 free entitlements matching requested entitlement ids","messageType":"EntitlementDetailsResponse","authorizationCheck":"Yq4zMVFaQlEjrSuCJBPBW0cov0kQ"} at 1790140492
[Licensing::Client] Attempt to check time stamp (startTime: 1790140492, endTime: 1790140492)
[Licensing::Client] Successfully resolved entitlement details
[Licensing::Client] Successfully send message: {"AuthorizationCheck":"Yq4zMVFaQlEjrQ==","messageType":"EntitlementDetailsRequest","entitlementIds":["com.unity.editor.minigame.subplatform.douyin","com.unity.editor.ui"],"packageEntitlementIds":[],"includeCustomData":false} at 1790140492
[Licensing::Client] Successfully receive message: {"entitlementGroups":[{"entitlementGroupId":"F4-9MP9-ZWAG-QSVY-CHDF-P4PP","entitlementGroupIdHash":"25af702a0ffcfe3cb60897b1e699a94eb8956553","productName":"Unity Personal","productType":"TuanjieEditor","licenseType":"ULF","expiration":1790576023000,"matchedEntitlements":[{"entitlementId":"com.unity.editor.ui","isPackage":false,"count":1},{"entitlementId":"com.unity.editor.minigame.subplatform.douyin","isPackage":false,"count":1}]}],"responseCode":200,"responseStatus":"Found 1 entitlement groups and 0 free entitlements matching requested entitlement ids","messageType":"EntitlementDetailsResponse","authorizationCheck":"Yq4zMVFaQlEjrSuCJBPBW0cov0kQ"} at 1790140492
[Licensing::Client] Attempt to check time stamp (startTime: 1790140492, endTime: 1790140492)
[Licensing::Client] Successfully resolved entitlement details
[Licensing::Client] Successfully send message: {"AuthorizationCheck":"Yq4zMVFaQlEjrQ==","messageType":"EntitlementDetailsRequest","entitlementIds":["com.unity.editor.minigame.subplatform.kuaishou","com.unity.editor.ui"],"packageEntitlementIds":[],"includeCustomData":false} at 1790140492
[Licensing::Client] Successfully receive message: {"entitlementGroups":[{"entitlementGroupId":"F4-9MP9-ZWAG-QSVY-CHDF-P4PP","entitlementGroupIdHash":"25af702a0ffcfe3cb60897b1e699a94eb8956553","productName":"Unity Personal","productType":"TuanjieEditor","licenseType":"ULF","expiration":1790576023000,"matchedEntitlements":[{"entitlementId":"com.unity.editor.ui","isPackage":false,"count":1},{"entitlementId":"com.unity.editor.minigame.subplatform.kuaishou","isPackage":false,"count":1}]}],"responseCode":200,"responseStatus":"Found 1 entitlement groups and 0 free entitlements matching requested entitlement ids","messageType":"EntitlementDetailsResponse","authorizationCheck":"Yq4zMVFaQlEjrSuCJBPBW0cov0kQ"} at 1790140492
[Licensing::Client] Attempt to check time stamp (startTime: 1790140492, endTime: 1790140492)
[Licensing::Client] Successfully resolved entitlement details
[Licensing::Client] Successfully send message: {"AuthorizationCheck":"Yq4zMVFaQlEjrQ==","messageType":"EntitlementDetailsRequest","entitlementIds":["com.unity.editor.minigame.subplatform.minihost","com.unity.editor.ui"],"packageEntitlementIds":[],"includeCustomData":false} at 1790140492
[Licensing::Client] Successfully receive message: {"entitlementGroups":[{"entitlementGroupId":"F4-9MP9-ZWAG-QSVY-CHDF-P4PP","entitlementGroupIdHash":"25af702a0ffcfe3cb60897b1e699a94eb8956553","productName":"Unity Personal","productType":"TuanjieEditor","licenseType":"ULF","expiration":1790576023000,"matchedEntitlements":[{"entitlementId":"com.unity.editor.ui","isPackage":false,"count":1},{"entitlementId":"com.unity.editor.minigame.subplatform.minihost","isPackage":false,"count":1}]}],"responseCode":200,"responseStatus":"Found 1 entitlement groups and 0 free entitlements matching requested entitlement ids","messageType":"EntitlementDetailsResponse","authorizationCheck":"Yq4zMVFaQlEjrSuCJBPBW0cov0kQ"} at 1790140492
[Licensing::Client] Attempt to check time stamp (startTime: 1790140492, endTime: 1790140492)
[Licensing::Client] Successfully resolved entitlement details
[MODES] ModeService[none].Initialize
[MODES] ModeService[none].LoadModes
[MODES] Loading mode Default (0) for mode-current-id-LoveQiE
Mono: successfully reloaded assembly
- Finished resetting the current domain, in  0.631 seconds
Domain Reload Profiling: 836ms
	BeginReloadAssembly (152ms)
		ExecutionOrderSort (0ms)
		DisableScriptedObjects (39ms)
		BackupInstance (0ms)
		ReleaseScriptingObjects (0ms)
		CreateAndSetChildDomain (28ms)
	RebuildCommonClasses (21ms)
	RebuildNativeTypeToScriptingClass (7ms)
	initialDomainReloadingComplete (18ms)
	LoadAllAssembliesAndSetupDomain (6ms)
		LoadAssemblies (63ms)
		RebuildTransferFunctionScriptingTraits (0ms)
		AnalyzeDomain (4ms)
			TypeCache.Refresh (2ms)
				TypeCache.ScanAssembly (0ms)
			ScanForSourceGeneratedMonoScriptInfo (0ms)
			ResolveRequiredComponents (0ms)
	FinalizeReload (632ms)
		ReleaseScriptCaches (0ms)
		RebuildScriptCaches (0ms)
		SetupLoadedEditorAssemblies (208ms)
			LogAssemblyErrors (0ms)
			InitializePlatformSupportModulesInManaged (5ms)
			SetLoadedEditorAssemblies (2ms)
			RefreshPlugins (0ms)
			BeforeProcessingInitializeOnLoad (25ms)
			ProcessInitializeOnLoadAttributes (153ms)
			ProcessInitializeOnLoadMethodAttributes (16ms)
			AfterProcessingInitializeOnLoad (7ms)
			EditorAssembliesLoaded (0ms)
		ExecutionOrderSort2 (0ms)
		AwakeInstancesAfterBackupRestoration (252ms)
Asset Pipeline Refresh (id=fd548ce1c4bbe104f974e31671a2169a): Total: 0.879 seconds - Initiated by StopAssetImportingV2(ForceSynchronousImport | ForceDomainReload)
	Summary:
		Imports: total=0 (actual=0, local cache=0, cache server=0)
		Asset DB Process Time: managed=0 ms, native=21 ms
		Asset DB Callback time: managed=8 ms, native=0 ms
		Scripting: domain reloads=1, domain reload time=846 ms, compile time=1 ms, other=0 ms
		Project Asset Count: scripts=265, non-scripts=498
		Asset File Changes: new=0, changed=0, moved=0, deleted=0
		Scan Filter Count: 0
		OnDemandAssets Count:0
	InvokeBeforeRefreshCallbacks: 0.960ms
	ApplyChangesToAssetFolders: 0.030ms
	Scan: 0.000ms
	OnSourceAssetsModified: 0.001ms
	GetAllGuidsForCategorization: 0.051ms
	CategorizeAssets: 4.305ms
	ImportOutOfDateAssets: 632.866ms (630.853ms without children)
		CompileScripts: 1.160ms
		CollectScriptTypesHashes: 0.043ms
		ReloadNativeAssets: 0.028ms
		UnloadImportedAssets: 0.010ms
		EnsureUptoDateAssetsAreRegisteredWithGuidPM: 0.334ms
		InitializingProgressBar: 0.000ms
		PostProcessAllAssetNotificationsAddChangedAssets: 0.000ms
		OnDemandSchedulerStart: 0.437ms
	PostProcessAllAssets: 8.162ms
	GatherAllCurrentPrimaryArtifactRevisions: 0.050ms
	UnloadStreamsBegin: 1.171ms
	PersistCurrentRevisions: 0.029ms
	UnloadStreamsEnd: 0.010ms
	GenerateScriptTypeHashes: 0.194ms
	Untracked: 230.960ms
[Licensing::Client] Successfully send message: {"AuthorizationCheck":"Yq4zMVFaQlEjrQ==","messageType":"EntitlementDetailsRequest","entitlementIds":["com.unity.editor.platforms.hmiandroid","com.unity.editor.platforms.hmiqnx","com.unity.editor.platforms.hmilinux","com.unity.editor.ui"],"packageEntitlementIds":[],"includeCustomData":false} at 1790140492
[Licensing::Client] Successfully receive message: {"entitlementGroups":[{"entitlementGroupId":"F4-9MP9-ZWAG-QSVY-CHDF-P4PP","entitlementGroupIdHash":"25af702a0ffcfe3cb60897b1e699a94eb8956553","productName":"Unity Personal","productType":"TuanjieEditor","licenseType":"ULF","expiration":1790576023000,"matchedEntitlements":[{"entitlementId":"com.unity.editor.ui","isPackage":false,"count":1}]}],"responseCode":200,"responseStatus":"Found 1 entitlement groups and 0 free entitlements matching requested entitlement ids","messageType":"EntitlementDetailsResponse","authorizationCheck":"Yq4zMVFaQlEjrSuCJBPBW0cov0kQ"} at 1790140492
[Licensing::Client] Attempt to check time stamp (startTime: 1790140492, endTime: 1790140492)
[Licensing::Client] Successfully resolved entitlement details
Loaded scene 'Temp/__Backupscenes/0.backup'
	Deserialize:            0.921 ms
	Integration:            14.014 ms
	Integration of assets:  0.002 ms
	Thread Wait Time:       0.014 ms
	Total Operation Time:   14.951 ms
CachePath: C:/Users/trlanfeng/AppData/LocalLow/Tuanjie/LoveQiE_LoveQiE
Unloading 133 Unused Serialized files (Serialized files now loaded: 0)
Loaded scene 'Temp/__Backupscenes/0.backup'
	Deserialize:            0.724 ms
	Integration:            5.423 ms
	Integration of assets:  0.001 ms
	Thread Wait Time:       0.010 ms
	Total Operation Time:   6.158 ms
Unloading 214 unused Assets / (14.7 MB). Loaded Objects now: 1742.
Memory consumption went from 137.8 MB to 123.0 MB.
Total: 4.996600 ms (FindLiveObjects: 0.079000 ms CreateObjectMapping: 0.012600 ms MarkObjects: 3.184400 ms  DeleteObjects: 1.719900 ms)

[Licensing::Client] Successfully send message: {"AuthorizationCheck":"Yq4zMVFaQlCrZw==","messageType":"EntitlementDetailsRequest","entitlementIds":["com.unity.editor.legacy.pro","com.unity.editor.watermarks.disable","com.unity.editor.watermarks.prototyping","com.unity.editor.watermarks.edu","com.unity.editor.watermarks.trial","com.unity.editor.time-limited-license","com.unity.editor.cluster","com.unity.editor.unity.compliant","com.unity.editor.watermarks.forcedisable","com.unity.editor.open-harmony.analytics.disabled","com.unity.editor.mini-game.analytics.disabled","com.unity.editor.unity.expiration.2d","com.unity.editor.unity.expiration.7d","com.unity.editor.ui"],"packageEntitlementIds":[],"includeCustomData":false} at 1790140513
[Licensing::Client] Successfully receive message: {"entitlementGroups":[{"entitlementGroupId":"F4-9MP9-ZWAG-QSVY-CHDF-P4PP","entitlementGroupIdHash":"25af702a0ffcfe3cb60897b1e699a94eb8956553","productName":"Unity Personal","productType":"TuanjieEditor","licenseType":"ULF","expiration":1790576023000,"matchedEntitlements":[{"entitlementId":"com.unity.editor.ui","isPackage":false,"count":1},{"entitlementId":"com.unity.editor.unity.expiration.2d","isPackage":false,"count":1},{"entitlementId":"com.unity.editor.watermarks.forcedisable","isPackage":false,"count":1},{"entitlementId":"com.unity.editor.unity.compliant","isPackage":false,"count":1},{"entitlementId":"com.unity.editor.mini-game.analytics.disabled","isPackage":false,"count":1},{"entitlementId":"com.unity.editor.time-limited-license","isPackage":false,"count":1}]}],"responseCode":200,"responseStatus":"Found 1 entitlement groups and 0 free entitlements matching requested entitlement ids","messageType":"EntitlementDetailsResponse","authorizationCheck":"Yq4zMVFaQlCrZ0k4lwhd5VCwIWN1"} at 1790140513
[Licensing::Client] Attempt to check time stamp (startTime: 1790140513, endTime: 1790140513)
[Licensing::Client] Successfully resolved entitlement details
Scanning for USB devices : 55.345ms
Scanning for USB devices : 1.249ms
Scanning for USB devices : 52.089ms
Scanning for USB devices : 0.797ms
Scanning for USB devices : 0.779ms
Scanning for USB devices : 0.973ms
Scanning for USB devices : 0.763ms
Scanning for USB devices : 0.697ms
Scanning for USB devices : 52.674ms
Scanning for USB devices : 0.752ms
Scanning for USB devices : 0.686ms
Scanning for USB devices : 49.458ms
Scanning for USB devices : 0.660ms
[Worker4] Start importing Assets/NativeTiles/WoodPalette.prefab using Guid(2f443cb45ebf3014a8f99e79b6ed8442) Importer(PreviewImporter) 
[Worker4]  -> (artifact id: '4a36e3586207e8b733d7095864c3beee') in 0.107350 seconds
[Worker4] Start importing Assets/NativeTiles/Textures/Wood_00.png using Guid(7d1e0020a83a10f4f95efcbd2b8b1449) Importer(PreviewImporter) 
[Worker2] Start importing Assets/NativeTiles/Textures/Wood_01.png using Guid(a8b9d75127b8aae4589478be95924192) Importer(PreviewImporter) 
[Worker0] Start importing Assets/NativeTiles/Textures/Wood_02.png using Guid(2f5e2586844f54c42b4ff327e8de6e14) Importer(PreviewImporter) 
[Worker1] Start importing Assets/NativeTiles/Textures/Wood_03.png using Guid(f495f4de22db50b4fadd9d604e2607ca) Importer(PreviewImporter) 
[Worker3] Start importing Assets/NativeTiles/Textures/Wood_04.png using Guid(73e1599e19718eb40bacc8fa9a4fc162) Importer(PreviewImporter) 
[Worker5] Start importing Assets/NativeTiles/Textures/Wood_05.png using Guid(51edf60195cd7274e93e575b19b9a300) Importer(PreviewImporter) 
[Worker4]  -> (artifact id: '24c9038585b41fbc5a1d7c09fd6a0bec') in 0.034940 seconds
[Worker4] Start importing Assets/NativeTiles/Textures/Wood_63.png using Guid(4e9cd46eba0c69e42b28fc8741203108) Importer(PreviewImporter) 
[Worker4]  -> (artifact id: '25bde10df6ffd82c3d651dd55cc7b067') in 0.005420 seconds
[Worker4] Start importing Assets/NativeTiles/Textures/Wood_61.png using Guid(de108f07f34500645ba67e46994e7488) Importer(PreviewImporter) 
[Worker4]  -> (artifact id: '9a2825e472a609c004c49e7518539202') in 0.008437 seconds
[Worker4] Start importing Assets/NativeTiles/Textures/Wood_17.png using Guid(5ed9d48ceac644d4f814391957d91c25) Importer(PreviewImporter) 
[Worker4]  -> (artifact id: '9835096533d74b801cf048f047cdbf75') in 0.011219 seconds
[Worker4] Start importing Assets/NativeTiles/Textures/Wood_19.png using Guid(9b934a3430a2f1d4595cb69d7c4821c7) Importer(PreviewImporter) 
[Worker2]  -> (artifact id: '15cfc72ce4e13c7676452ed4d004d1dc') in 0.064735 seconds
[Worker2] Start importing Assets/NativeTiles/Textures/Wood_12.png using Guid(0ac8b960d55f93f4b81770523fc706df) Importer(PreviewImporter) 
[Worker0]  -> (artifact id: '2f9e9af1bc90b6ead48c376b10310716') in 0.065048 seconds
[Worker0] Start importing Assets/NativeTiles/Textures/Wood_34.png using Guid(6b42f276b39973b458ee550c703378bf) Importer(PreviewImporter) 
[Worker4]  -> (artifact id: '6241c8c8ad9cc4709ff6ef0612ffe13a') in 0.008285 seconds
[Worker4] Start importing Assets/NativeTiles/Textures/Wood_50.png using Guid(75b3e3b4079d1004da43b2aac959e504) Importer(PreviewImporter) 
[Worker1]  -> (artifact id: '0e7266663756eec97b83b989c590b63f') in 0.072157 seconds
[Worker0]  -> (artifact id: 'f4a7ad81934d0e033d395328e8ff83c6') in 0.007186 seconds
[Worker0] Start importing Assets/NativeTiles/Textures/Wood_55.png using Guid(eea5ccfef2a527a4a949bc0e313562f9) Importer(PreviewImporter) 
[Worker1] Start importing Assets/NativeTiles/Textures/Wood_28.png using Guid(5d30f8523d9bc3147b7bc564d3864722) Importer(PreviewImporter) 
[Worker2]  -> (artifact id: '376d31965164719ed94795cb51d7720e') in 0.008965 seconds
[Worker2] Start importing Assets/NativeTiles/Textures/Wood_60.png using Guid(c534fba146e84fe4ab55b0eed5d3a9f2) Importer(PreviewImporter) 
[Worker3]  -> (artifact id: '39ba0e0cde05e1fc89aab99d8d71011e') in 0.073476 seconds
[Worker3] Start importing Assets/NativeTiles/Textures/Wood_42.png using Guid(eb1c386b9f5d68a4684e90af4ccdd78c) Importer(PreviewImporter) 
[Worker4]  -> (artifact id: '4d25451cf8cb35a19f506bb6bddd7e7f') in 0.007142 seconds
[Worker4] Start importing Assets/NativeTiles/Textures/Wood_54.png using Guid(16dd5d28f1c768649961bb7183f9bbfa) Importer(PreviewImporter) 
[Worker0]  -> (artifact id: '9b6c123f98aac2b1bc483f19dd39eeb8') in 0.008649 seconds
[Worker0] Start importing Assets/NativeTiles/Textures/Wood_13.png using Guid(aaf5a1ec56d2e154aa36a6cb6bf0be5f) Importer(PreviewImporter) 
[Worker2]  -> (artifact id: '6e228a16c9ecc426b2d268c8126e92d7') in 0.016780 seconds
[Worker2] Start importing Assets/NativeTiles/Textures/Wood_49.png using Guid(b0094f06c4a951547b47bfeea6690e16) Importer(PreviewImporter) 
[Worker1]  -> (artifact id: 'f9b09281a0b268e398874825fc5a6da7') in 0.018815 seconds
[Worker1] Start importing Assets/NativeTiles/Textures/Wood_35.png using Guid(aa83faccf0485d64aa937cdd3b903b2e) Importer(PreviewImporter) 
[Worker4]  -> (artifact id: '32d84b63b17fa2a62d8b12b148da96bd') in 0.018798 seconds
[Worker4] Start importing Assets/NativeTiles/Textures/Wood_46.png using Guid(48ee09b6fcf99f5449c6a433bb039f6e) Importer(PreviewImporter) 
[Worker3]  -> (artifact id: '692300e991b1fd516eadc19eeb1906c3') in 0.021321 seconds
[Worker3] Start importing Assets/NativeTiles/Textures/Wood_57.png using Guid(51f9e43d645ba8a4182fe0037edec827) Importer(PreviewImporter) 
[Worker0]  -> (artifact id: '3ecf71280bf39c029700456ce4e2d8f1') in 0.014590 seconds
[Worker0] Start importing Assets/NativeTiles/Textures/Wood_53.png using Guid(7a35d18482da0fa4db49531c012ba7e6) Importer(PreviewImporter) 
[Worker1]  -> (artifact id: 'fbddc8e9748cc018bc7ed1fcad307a23') in 0.009158 seconds
[Worker3]  -> (artifact id: '5af05b0b21157adbf470a01d094963b8') in 0.005366 seconds
[Worker1] Start importing Assets/NativeTiles/Textures/Wood_39.png using Guid(b05d8d6873ebe6149857562ed402aea2) Importer(PreviewImporter) 
[Worker2]  -> (artifact id: 'bab07c10796a779ac5dd5214684bfd7d') in 0.010644 seconds
[Worker3] Start importing Assets/NativeTiles/Textures/Wood_24.png using Guid(c250fc274d93a2f4e9e9a60be04421d9) Importer(PreviewImporter) 
[Worker2] Start importing Assets/NativeTiles/Textures/Wood_26.png using Guid(9275b59f96dfaf94a8618b8fb3ab6a51) Importer(PreviewImporter) 
[Worker0]  -> (artifact id: '7c0523037060f70905f753a8de83f16d') in 0.007210 seconds
[Worker0] Start importing Assets/NativeTiles/Textures/Wood_07.png using Guid(c78642e7f6ed0894eab58844e9ee6080) Importer(PreviewImporter) 
[Worker4]  -> (artifact id: 'c00a334cc381e607620958b5470029d5') in 0.009322 seconds
[Worker4] Start importing Assets/NativeTiles/Textures/Wood_08.png using Guid(0b8ac4aeb87414743b05c701c25a1a6e) Importer(PreviewImporter) 
[Worker5] Launched and connected shader compiler TuanjieShaderCompiler.exe after 0.05 seconds
[Worker1]  -> (artifact id: '46bb555a5d75e5e787b857c8b23ae398') in 0.008581 seconds
[Worker3]  -> (artifact id: '281bab3ca4a413ce55c1fbcbe4c0dd22') in 0.008677 seconds
[Worker1] Start importing Assets/NativeTiles/Textures/Wood_23.png using Guid(8109f50b40a079a4faa2ed04c93f87c3) Importer(PreviewImporter) 
[Worker3] Start importing Assets/NativeTiles/Textures/Wood_18.png using Guid(95a2a71bf95a6d44183614bfc97766b1) Importer(PreviewImporter) 
[Worker4]  -> (artifact id: '614bc88b9a90b34fec3d8c99518afbcd') in 0.006579 seconds
[Worker4] Start importing Assets/NativeTiles/Textures/Wood_38.png using Guid(56890d1b92403ec43a9d41c0d109d4ae) Importer(PreviewImporter) 
[Worker0]  -> (artifact id: '792f8a835dcff7744f0f0960df949674') in 0.008997 seconds
[Worker0] Start importing Assets/NativeTiles/Textures/Wood_10.png using Guid(35985df024e5670439c729226dafccbf) Importer(PreviewImporter) 
[Worker2]  -> (artifact id: '202575ae429eb65d4353e93e9de0cc94') in 0.012201 seconds
[Worker2] Start importing Assets/NativeTiles/Textures/Wood_29.png using Guid(66757f8b889ed04498a2565ec24ed9e3) Importer(PreviewImporter) 
[Worker3]  -> (artifact id: 'cc5fbe83e3aaac485a56036a4a65853d') in 0.007598 seconds
[Worker3] Start importing Assets/NativeTiles/Textures/Wood_36.png using Guid(e748172a4f9510a438f33257acb2649a) Importer(PreviewImporter) 
[Worker0]  -> (artifact id: 'f1e106b73a454fa1b6fd043cd246a8a3') in 0.008239 seconds
[Worker2]  -> (artifact id: '72ca992bbd9965c0d67421d187fa664b') in 0.007267 seconds
[Worker0] Start importing Assets/NativeTiles/Textures/Wood_44.png using Guid(6424edaf29ae17349927514106a907b0) Importer(PreviewImporter) 
[Worker2] Start importing Assets/NativeTiles/Textures/Wood_62.png using Guid(965e023cf1394e1438e01d6ff4950cbf) Importer(PreviewImporter) 
[Worker1]  -> (artifact id: 'dc4f9f7e46da1942ee523007b8b373e0') in 0.011839 seconds
[Worker4]  -> (artifact id: '9031f83dff36e30b27abe1be519e02a9') in 0.010574 seconds
[Worker1] Start importing Assets/NativeTiles/Textures/Wood_43.png using Guid(23909231b223caa4e8565411f772303e) Importer(PreviewImporter) 
[Worker4] Start importing Assets/NativeTiles/Textures/Wood_14.png using Guid(e3848f197f3f66c4587ead620d10b7da) Importer(PreviewImporter) 
[Worker3]  -> (artifact id: '36425dd179d9c9ab290898ae7ed6f08f') in 0.008181 seconds
[Worker3] Start importing Assets/NativeTiles/Textures/Wood_59.png using Guid(a9dc7dde6d6b19042917475f7c9ca4c4) Importer(PreviewImporter) 
[Worker2]  -> (artifact id: '5b6841d5891bb932deb3b520e81dd353') in 0.007061 seconds
[Worker2] Start importing Assets/NativeTiles/Textures/Wood_22.png using Guid(cfeb9648f1b84684aaca3a939f49db60) Importer(PreviewImporter) 
[Worker0]  -> (artifact id: 'd414424d5db44d03a92c6c25e6372aea') in 0.008607 seconds
[Worker0] Start importing Assets/NativeTiles/Textures/Wood_58.png using Guid(39f233ca48a29b04d95148bf902a0cc2) Importer(PreviewImporter) 
[Worker1]  -> (artifact id: 'ec7f7546bfba72d9274598984b401ece') in 0.008247 seconds
[Worker4]  -> (artifact id: 'f523110a27273c8622cb3d115e8dc0a5') in 0.008187 seconds
[Worker1] Start importing Assets/NativeTiles/Textures/Wood_41.png using Guid(d8847ec9acb9be44199445a7350fc74e) Importer(PreviewImporter) 
[Worker4] Start importing Assets/NativeTiles/Textures/Wood_25.png using Guid(91f873862f55c9249993a0ab16a9c6ea) Importer(PreviewImporter) 
[Worker0]  -> (artifact id: 'd631fad3dccdd72efbbf638021f40c04') in 0.009639 seconds
[Worker2]  -> (artifact id: 'f537832a94abf6aa96f4c1940ed91e12') in 0.010926 seconds
[Worker3]  -> (artifact id: '0e914f7ded60ecfa43a093e6338fb678') in 0.013091 seconds
[Worker0] Start importing Assets/NativeTiles/Textures/Wood_21.png using Guid(f651382875b5fdf4aa38edde6b082c47) Importer(PreviewImporter) 
[Worker3] Start importing Assets/NativeTiles/Textures/Wood_48.png using Guid(d4c78e5a75285754398f7fd0ef8f8e73) Importer(PreviewImporter) 
[Worker2] Start importing Assets/NativeTiles/Textures/Wood_11.png using Guid(149da0097a08bd443bfdea1ef7746b37) Importer(PreviewImporter) 
[Worker1]  -> (artifact id: 'e5f394b1db89182acc7100936f0c400c') in 0.011112 seconds
[Worker1] Start importing Assets/NativeTiles/Textures/Wood_27.png using Guid(70d781321e674314cac3e832c9a2836d) Importer(PreviewImporter) 
[Worker0]  -> (artifact id: '58551186210bdeb6c67af32f675ea17e') in 0.008103 seconds
[Worker0] Start importing Assets/NativeTiles/Textures/Wood_20.png using Guid(63f0158081732744fb99903935378ef5) Importer(PreviewImporter) 
[Worker2]  -> (artifact id: '8126b5bc7b98b2b07d97b538d06243c2') in 0.008918 seconds
[Worker2] Start importing Assets/NativeTiles/Textures/Wood_31.png using Guid(99e8f342f49b94e40ab68bfeb09c35f7) Importer(PreviewImporter) 
[Worker1]  -> (artifact id: '90e08d02bdca86eaa2662bcb2e1ce9d0') in 0.009310 seconds
[Worker4]  -> (artifact id: 'be1bfd2f060a4d1df83697e125b6f109') in 0.020857 seconds
[Worker1] Start importing Assets/NativeTiles/Textures/Wood_56.png using Guid(33343d3e5bba5484aaf89b0b06cf1581) Importer(PreviewImporter) 
[Worker4] Start importing Assets/NativeTiles/Textures/Wood_30.png using Guid(42716643ce430374a8cfdc9970717148) Importer(PreviewImporter) 
[Worker0]  -> (artifact id: 'e335f2887b231dd0de1bddf3c75b6292') in 0.009175 seconds
[Worker0] Start importing Assets/NativeTiles/Textures/Wood_45.png using Guid(ae8e258381c9572439ae79e4831c66b6) Importer(PreviewImporter) 
[Worker1]  -> (artifact id: '6d749cdc50118c8d998207e54e3edbee') in 0.009069 seconds
[Worker1] Start importing Assets/NativeTiles/Textures/Wood_51.png using Guid(75517a019c13ab448b006b03fb693de5) Importer(PreviewImporter) 
[Worker2]  -> (artifact id: '476763af1b761719adaa4bfbe1a82907') in 0.011890 seconds
[Worker3]  -> (artifact id: '094c47a113f5769e8df1cee323567ac1') in 0.021423 seconds
[Worker2] Start importing Assets/NativeTiles/Textures/Wood_15.png using Guid(242325f07b48b4a47af8ff4816f6908f) Importer(PreviewImporter) 
[Worker3] Start importing Assets/NativeTiles/Textures/Wood_09.png using Guid(52e6416ed1d39fe4b9682572948c7b38) Importer(PreviewImporter) 
[Worker4]  -> (artifact id: '2ca5fb1048aada8ff9f1c70c55b19758') in 0.010939 seconds
[Worker4] Start importing Assets/NativeTiles/Textures/Wood_16.png using Guid(89dbb3e9dcd497c4d830995e1751937f) Importer(PreviewImporter) 
[Worker1]  -> (artifact id: '5d25fda9f40b1b5948c75ff09a4ce461') in 0.006521 seconds
[Worker1] Start importing Assets/NativeTiles/Textures/Wood_52.png using Guid(a625718b54f34c748a9e26673a08f3b6) Importer(PreviewImporter) 
[Worker5]  -> (artifact id: '1ca8364379ec3927ce5d1a094425fb7e') in 0.172542 seconds
[Worker5] Start importing Assets/NativeTiles/Textures/Wood_32.png using Guid(0f30b4363e26b924e8ae729a9ed21e87) Importer(PreviewImporter) 
[Worker4]  -> (artifact id: '1bdf3bebeadd0670f8cc38c9e478ab0a') in 0.012781 seconds
[Worker0]  -> (artifact id: '8156eb79d3a5604d0397d11acb67892d') in 0.018078 seconds
[Worker2]  -> (artifact id: '45a1f98773e4428822d858fa0662aa2c') in 0.014438 seconds
[Worker4] Start importing Assets/NativeTiles/Textures/Wood_47.png using Guid(0e33f019a6a726a4584f073ebf2aad1f) Importer(PreviewImporter) 
[Worker0] Start importing Assets/NativeTiles/Textures/Wood_37.png using Guid(134f69aea3af9f544b1c9d8cf3dfb5b6) Importer(PreviewImporter) 
[Worker1]  -> (artifact id: '8f33f1ad55870aa6d53c51fc412e9b41') in 0.008477 seconds
[Worker2] Start importing Assets/NativeTiles/Textures/Wood_06.png using Guid(1b230899976f68a4fb238187ceed2f48) Importer(PreviewImporter) 
[Worker1] Start importing Assets/NativeTiles/Textures/Wood_40.png using Guid(ed51aa2df9a8d3f4e9d5835096a935e6) Importer(PreviewImporter) 
[Worker3]  -> (artifact id: '19fd69b468e250f669e8fb9944f26855') in 0.019751 seconds
[Worker3] Start importing Assets/NativeTiles/Textures/Wood_33.png using Guid(fc0431e1ddb917242943e9eb362f3682) Importer(PreviewImporter) 
[Worker4]  -> (artifact id: '84407c6c8ec644ba1e1a0d84ef9f31c0') in 0.011396 seconds
[Worker0]  -> (artifact id: 'cc0fcda2a625017b6b59b8b4235a2a8a') in 0.011584 seconds
[Worker1]  -> (artifact id: '45df30dd47449602132667b988dfa0af') in 0.011199 seconds
[Worker3]  -> (artifact id: 'fdc6b0cd9bcbf2ee2fdebef8ff9b7739') in 0.009617 seconds
[Worker5]  -> (artifact id: '68fc7b18072ab3cb27e88400d99bab03') in 0.018555 seconds
[Worker2]  -> (artifact id: '62fe9bac3fc1272512b430777eb83707') in 0.020688 seconds
[Worker4] Start importing Assets/NativeTiles/Tiles/Ground_diban_lv.asset using Guid(290b878facf07ea43a309642d98093d3) Importer(PreviewImporter) 
[Worker4]  -> (artifact id: 'd6e5e05c09606fef094f15da70cd9a83') in 0.009896 seconds
[Worker2] Start importing Assets/NativeTiles/Tiles/Ground_diban_lv_ye1.asset using Guid(51bb93a4928bac242aab2b001116ef47) Importer(PreviewImporter) 
[Worker4] Start importing Assets/NativeTiles/Tiles/Ground_diban_lv_ye2.asset using Guid(353ec887acd6a674e82f181157e36bae) Importer(PreviewImporter) 
[Worker0] Start importing Assets/NativeTiles/Tiles/Ground_diban_lv_ye3.asset using Guid(bd0bc73f0a2c13d4a87ce64ef4b2c76b) Importer(PreviewImporter) 
[Worker1] Start importing Assets/NativeTiles/Tiles/Wood_00.asset using Guid(a113491ca0873364a89f74c433d9b9ee) Importer(PreviewImporter) 
[Worker3] Start importing Assets/NativeTiles/Tiles/Wood_01.asset using Guid(9d64658f84c67774d8b26399689e23f2) Importer(PreviewImporter) 
[Worker5] Start importing Assets/NativeTiles/Tiles/Wood_02.asset using Guid(cd53b848a6f3f8e4b9f13c61945ad79b) Importer(PreviewImporter) 
[Worker4]  -> (artifact id: 'fd16ac35063beabfe7e4fca19f65806b') in 0.004470 seconds
[Worker4] Start importing Assets/NativeTiles/Tiles/Wood_06.asset using Guid(dbcba50179351414baa8c78a08e90fcc) Importer(PreviewImporter) 
[Worker4]  -> (artifact id: 'e1ed2a5ca2b51aeb9d2601ba9100d6c2') in 0.004673 seconds
[Worker4] Start importing Assets/NativeTiles/Tiles/Wood_03.asset using Guid(c3bcb72229766ae4ba2dd032011e21c9) Importer(PreviewImporter) 
[Worker2]  -> (artifact id: 'a243e8dc385bf83a5f9a6aeed567e106') in 0.013038 seconds
[Worker2] Start importing Assets/NativeTiles/Tiles/Wood_05.asset using Guid(b3c860625dcec2240a1a340272fcf6ed) Importer(PreviewImporter) 
[Worker0]  -> (artifact id: 'a9b1917606a3628abac50146843c6da5') in 0.013724 seconds
[Worker0] Start importing Assets/NativeTiles/Tiles/Wood_10.asset using Guid(1eee57bfe6803784f8604c6c47bc8929) Importer(PreviewImporter) 
[Worker1]  -> (artifact id: '7f468e39899c0d87b729a6924d3677a0') in 0.014161 seconds
[Worker3]  -> (artifact id: '01cd98ee6883f683883f28035414a5fd') in 0.013928 seconds
[Worker1] Start importing Assets/NativeTiles/Tiles/Wood_26.asset using Guid(1b8996b338f9cc14a93df9b2204b48d6) Importer(PreviewImporter) 
[Worker3] Start importing Assets/NativeTiles/Tiles/Wood_22.asset using Guid(0a676cb0d5f85f049b996302f2ead98d) Importer(PreviewImporter) 
[Worker4]  -> (artifact id: 'ecde1c2a808aa42cda0cbccb2e6cf9a3') in 0.006252 seconds
[Worker4] Start importing Assets/NativeTiles/Tiles/Wood_28.asset using Guid(f7c2b801afdd81749850fe3d5ef29a5f) Importer(PreviewImporter) 
[Worker5]  -> (artifact id: '04415b4fc4ccc027afe665fae46d2dae') in 0.014713 seconds
[Worker5] Start importing Assets/NativeTiles/Tiles/Wood_27.asset using Guid(c658816e121e7834ca7a14606ccbd731) Importer(PreviewImporter) 
[Worker2]  -> (artifact id: 'fe0012f0e6677b60af2549e9ff982c66') in 0.006115 seconds
[Worker2] Start importing Assets/NativeTiles/Tiles/Wood_32.asset using Guid(c951e4905c9f90848ae3808d6ee3feb5) Importer(PreviewImporter) 
[Worker0]  -> (artifact id: 'd53000af4e17fad5c76bbd7a62206f58') in 0.005440 seconds
[Worker0] Start importing Assets/NativeTiles/Tiles/Wood_30.asset using Guid(7d8686f91ea609b41af3aa7d651b6325) Importer(PreviewImporter) 
[Worker1]  -> (artifact id: 'aa69f8bf0adbad137815d4fb35903d9f') in 0.005637 seconds
[Worker1] Start importing Assets/NativeTiles/Tiles/Wood_21.asset using Guid(f24c7ca42e5b0df42956906a6af640ad) Importer(PreviewImporter) 
[Worker3]  -> (artifact id: '0959b4d3fab01da3b29bb115127177f7') in 0.006522 seconds
[Worker4]  -> (artifact id: '51fa2e07c10b144a91dd5fedf61a88f1') in 0.005589 seconds
[Worker3] Start importing Assets/NativeTiles/Tiles/Wood_36.asset using Guid(18227d59acb93074aabe67160cbced15) Importer(PreviewImporter) 
[Worker4] Start importing Assets/NativeTiles/Tiles/Wood_37.asset using Guid(2ec45ee10f53f7048b84397f4360f0da) Importer(PreviewImporter) 
[Worker5]  -> (artifact id: '249e42c96b4ea780ec0d04f3a99d812b') in 0.005487 seconds
[Worker5] Start importing Assets/NativeTiles/Tiles/Wood_11.asset using Guid(bf48c66ae97981a42b05a55aa800750a) Importer(PreviewImporter) 
[Worker0]  -> (artifact id: 'bd26406b09b1bb2aa045e15da4453bf2') in 0.004928 seconds
[Worker2]  -> (artifact id: 'c421d203d85debca829a42e2b5321e7d') in 0.005647 seconds
[Worker0] Start importing Assets/NativeTiles/Tiles/Wood_41.asset using Guid(780ebcea4eaee654e8a101bd628be90f) Importer(PreviewImporter) 
[Worker2] Start importing Assets/NativeTiles/Tiles/Wood_40.asset using Guid(999c6de54d1013c4b880b78d52787f80) Importer(PreviewImporter) 
[Worker1]  -> (artifact id: 'c3949c55e4d8ba8b59335d05b4bc4bac') in 0.005725 seconds
[Worker1] Start importing Assets/NativeTiles/Tiles/Wood_42.asset using Guid(9e640792df2f530409df50b253d851c0) Importer(PreviewImporter) 
[Worker4]  -> (artifact id: '80750b0343d50f57be9899fa575f09bb') in 0.005285 seconds
[Worker4] Start importing Assets/NativeTiles/Tiles/Wood_39.asset using Guid(41e99067a1d116a4f822358082f1a2e9) Importer(PreviewImporter) 
[Worker3]  -> (artifact id: '91bf61a79f5fd6182042e430db363290') in 0.005918 seconds
[Worker3] Start importing Assets/NativeTiles/Tiles/Wood_16.asset using Guid(e70520bc3d39d6b439c87e5ef7dce996) Importer(PreviewImporter) 
[Worker5]  -> (artifact id: '3150ed21fdf5b3d3ca025f1f2217ff1f') in 0.006122 seconds
[Worker5] Start importing Assets/NativeTiles/Tiles/Wood_18.asset using Guid(c2e2027ad6b4c0143a904f5e2575ea4b) Importer(PreviewImporter) 
[Worker0]  -> (artifact id: '5a2b452d4046f7297a05600119d5f78c') in 0.004739 seconds
[Worker0] Start importing Assets/NativeTiles/Tiles/Wood_48.asset using Guid(1bb7e71ce9079854887cfc41308d09cd) Importer(PreviewImporter) 
[Worker2]  -> (artifact id: '29d74b6f3b3fbee6e6768e2223b34598') in 0.004965 seconds
[Worker2] Start importing Assets/NativeTiles/Tiles/Wood_49.asset using Guid(7a29ce7cef1557b41b3064eeb4a5f1cb) Importer(PreviewImporter) 
[Worker1]  -> (artifact id: '649d21760629e549e2d5074d03ebeb20') in 0.003991 seconds
[Worker1] Start importing Assets/NativeTiles/Tiles/Wood_04.asset using Guid(9ed5f97371219c84c80b5b778fd24c21) Importer(PreviewImporter) 
[Worker3]  -> (artifact id: '78f1d7ae64fbe4b0d7c6c5f43318470f') in 0.005776 seconds
[Worker4]  -> (artifact id: '2473bf6736c2b7d8220e25ae2f4b1271') in 0.006032 seconds
[Worker4] Start importing Assets/NativeTiles/Tiles/Wood_51.asset using Guid(5d406d6308e6ea94e82903a4a831bb89) Importer(PreviewImporter) 
[Worker3] Start importing Assets/NativeTiles/Tiles/Wood_55.asset using Guid(23246c734b3e9ff4f93a1c5e8be7ea35) Importer(PreviewImporter) 
[Worker5]  -> (artifact id: '45c9f137261560051d268bb1e2875442') in 0.005275 seconds
[Worker5] Start importing Assets/NativeTiles/Tiles/Wood_56.asset using Guid(1d58254438241b14089c2655155d1999) Importer(PreviewImporter) 
[Worker2]  -> (artifact id: '54fbcf1c3063b30e2c80033981c756f6') in 0.005068 seconds
[Worker2] Start importing Assets/NativeTiles/Tiles/Wood_57.asset using Guid(5eeda1a92b5101c4fabde2ed59aab7ff) Importer(PreviewImporter) 
[Worker0]  -> (artifact id: 'bdc6f4d2509cfb6e717abdfd1b89e658') in 0.005805 seconds
[Worker1]  -> (artifact id: '478a93d6c477ac653575ab979cbb1806') in 0.004575 seconds
[Worker0] Start importing Assets/NativeTiles/Tiles/Wood_25.asset using Guid(0f8eb25ab2bfffd46b002c890395fc80) Importer(PreviewImporter) 
[Worker1] Start importing Assets/NativeTiles/Tiles/Wood_53.asset using Guid(8d7ae5821e549e64cb6e933f3f4b92a9) Importer(PreviewImporter) 
[Worker4]  -> (artifact id: '9087408c7489375f194443a3aa00650b') in 0.003949 seconds
[Worker4] Start importing Assets/NativeTiles/Tiles/Wood_61.asset using Guid(1f483472e5604a84ca1ee1eba90e8638) Importer(PreviewImporter) 
[Worker5]  -> (artifact id: '7c828e917041d2cb3e91510e3c9a3a29') in 0.003998 seconds
[Worker5] Start importing Assets/NativeTiles/Tiles/Wood_62.asset using Guid(acd133970a3db0f4d84d8392d8b95b2c) Importer(PreviewImporter) 
[Worker3]  -> (artifact id: 'fda0a2598f9ca25efbafd8726d1e84a1') in 0.005728 seconds
[Worker3] Start importing Assets/NativeTiles/Tiles/Wood_63.asset using Guid(b58b7946c3e5ca549ae364b6c4cf9e8a) Importer(PreviewImporter) 
[Worker2]  -> (artifact id: 'd2271eb0e159ee07959722459fa905f5') in 0.004669 seconds
[Worker1]  -> (artifact id: 'e0a83990e9b477c4727ac0f929393929') in 0.004346 seconds
[Worker2] Start importing Assets/NativeTiles/Tiles/Wood_59.asset using Guid(b17f72115faf4c6429b1157ac50339e4) Importer(PreviewImporter) 
[Worker1] Start importing Assets/NativeTiles/Tiles/Wood_14.asset using Guid(27bcacd13da0e7f4ba9ce3738b7daf8e) Importer(PreviewImporter) 
[Worker0]  -> (artifact id: 'cf90a51dc6a7b6cd344f9b101d474d97') in 0.005137 seconds
[Worker0] Start importing Assets/NativeTiles/Tiles/Wood_19.asset using Guid(02bd05601186547408f10d34a0aebaf2) Importer(PreviewImporter) 
[Worker5]  -> (artifact id: 'f47d16451c408604dbcb1e39cb14c775') in 0.005245 seconds
[Worker4]  -> (artifact id: 'b2baec58ca9f09403f42a4ecb38f732e') in 0.006438 seconds
[Worker5] Start importing Assets/NativeTiles/Tiles/Wood_17.asset using Guid(dcc4e1a9725a8074c88e06f97514c8aa) Importer(PreviewImporter) 
[Worker4] Start importing Assets/NativeTiles/Tiles/Wood_44.asset using Guid(0a961ef9eb518fb41b9cc67a30369bc8) Importer(PreviewImporter) 
[Worker3]  -> (artifact id: '3d3c094fbdaee43b269e77fce7d036fa') in 0.005725 seconds
[Worker3] Start importing Assets/NativeTiles/Tiles/Wood_15.asset using Guid(c00eeb5d18bd3014f84a5f94b824fcaa) Importer(PreviewImporter) 
[Worker1]  -> (artifact id: 'd892d3fbf0172dd9957a916a1c85cf58') in 0.006194 seconds
[Worker2]  -> (artifact id: 'ee21686c1753e85b55d286a1ca2e461d') in 0.006584 seconds
[Worker0]  -> (artifact id: '3c0fce05404252f00b059ca1ca7c249f') in 0.005616 seconds
[Worker1] Start importing Assets/NativeTiles/Tiles/Wood_24.asset using Guid(e4d51ee6f85b32544997a9df54e75106) Importer(PreviewImporter) 
[Worker2] Start importing Assets/NativeTiles/Tiles/Wood_50.asset using Guid(1771821e90b909d4caa5426ba0fe2d24) Importer(PreviewImporter) 
[Worker0] Start importing Assets/NativeTiles/Tiles/Wood_33.asset using Guid(acb08f0019c636d47a6be03a1266ed90) Importer(PreviewImporter) 
[Worker5]  -> (artifact id: '6db76f4f1d721868ce86da92f97eade2') in 0.004054 seconds
[Worker5] Start importing Assets/NativeTiles/Tiles/Wood_20.asset using Guid(6603775feaca1b646b3912c0230d54c2) Importer(PreviewImporter) 
[Worker4]  -> (artifact id: '818f69c03d8520507ee151f30acd2878') in 0.004365 seconds
[Worker4] Start importing Assets/NativeTiles/Tiles/Wood_47.asset using Guid(8763c5c1949e00747b7944fd0f5fb594) Importer(PreviewImporter) 
[Worker3]  -> (artifact id: '18bb1ed8590f397ffd2b8aa09685a8ec') in 0.004950 seconds
[Worker3] Start importing Assets/NativeTiles/Tiles/Wood_38.asset using Guid(5a07f3d0536465e4bbf95a2e0ac70be7) Importer(PreviewImporter) 
[Worker2]  -> (artifact id: 'bfa0cc3f156ef007c72908115c44784a') in 0.004269 seconds
[Worker2] Start importing Assets/NativeTiles/Tiles/Wood_07.asset using Guid(ac06dc881dc9ffa46b032b444a166d4e) Importer(PreviewImporter) 
[Worker1]  -> (artifact id: 'c92c2263f6c2742843cc20d4340bb260') in 0.004943 seconds
[Worker1] Start importing Assets/NativeTiles/Tiles/Wood_54.asset using Guid(5ad9046f7c9e4be47a343fdf127f1208) Importer(PreviewImporter) 
[Worker0]  -> (artifact id: '6636d8f4a928256e62c0e93324368957') in 0.005378 seconds
[Worker0] Start importing Assets/NativeTiles/Tiles/Wood_58.asset using Guid(29c375cdb35306845abf077a05a7e2ca) Importer(PreviewImporter) 
[Worker4]  -> (artifact id: '7e1e30ee29449c0488cff11584b46b73') in 0.004514 seconds
[Worker5]  -> (artifact id: 'dcf5da903ca865cc6a87d934391b7a0d') in 0.005064 seconds
[Worker4] Start importing Assets/NativeTiles/Tiles/Wood_34.asset using Guid(80ff9565242dad645a7df3d8ee473bd9) Importer(PreviewImporter) 
[Worker5] Start importing Assets/NativeTiles/Tiles/Wood_60.asset using Guid(a9aae784910e93c4599f52b6d599d9ac) Importer(PreviewImporter) 
[Worker3]  -> (artifact id: '8874d384acbdce489aa47b97a78a91f0') in 0.004720 seconds
[Worker3] Start importing Assets/NativeTiles/Tiles/Wood_08.asset using Guid(10df900ff80363d4c8c8ae53a56fedee) Importer(PreviewImporter) 
[Worker1]  -> (artifact id: '0e2c244da7755aa30368e9e287f1d16b') in 0.004513 seconds
[Worker2]  -> (artifact id: 'b2012478b70aafb3b9c5ff1c9c2f48e8') in 0.004966 seconds
[Worker1] Start importing Assets/NativeTiles/Tiles/Wood_45.asset using Guid(2f77f020c6467a64b8f4a7f0ea0d9d52) Importer(PreviewImporter) 
[Worker2] Start importing Assets/NativeTiles/Tiles/Wood_35.asset using Guid(220c45661e8bcaa41925635374659c9d) Importer(PreviewImporter) 
[Worker0]  -> (artifact id: '35ae2330cf11146cf0c28e63d6c4f31a') in 0.005324 seconds
[Worker0] Start importing Assets/NativeTiles/Tiles/Wood_43.asset using Guid(6f2d4334fa6bb4d43888e5e9b1c1bbb2) Importer(PreviewImporter) 
[Worker5]  -> (artifact id: '54a916ab4fce54338225301f4a4f2472') in 0.004083 seconds
[Worker4]  -> (artifact id: 'e2b9ca73b9f9dee7131e9c91b2c42325') in 0.004386 seconds
[Worker5] Start importing Assets/NativeTiles/Tiles/Wood_46.asset using Guid(e1433a92819b97b429e2d91cb09211c1) Importer(PreviewImporter) 
[Worker4] Start importing Assets/NativeTiles/Tiles/Wood_13.asset using Guid(e7a927c6a87e8af469184de2075f106a) Importer(PreviewImporter) 
[Worker3]  -> (artifact id: '11db43cbb491bd1771ba62ad7470164c') in 0.004796 seconds
[Worker1]  -> (artifact id: 'b58ec8aa7965e0bf282d79fd4df00ac9') in 0.004333 seconds
[Worker3] Start importing Assets/NativeTiles/Tiles/Wood_31.asset using Guid(8811784411821ef47850d57206c1c4c2) Importer(PreviewImporter) 
[Worker1] Start importing Assets/NativeTiles/Tiles/Wood_23.asset using Guid(ea14d9fb2036dd34d86b1a37f412dd52) Importer(PreviewImporter) 
[Worker2]  -> (artifact id: 'ee6893b6a21e7a2fa489a5f7aa388b7b') in 0.005142 seconds
[Worker2] Start importing Assets/NativeTiles/Tiles/Wood_29.asset using Guid(8744caec750865a41817d3d004b647a3) Importer(PreviewImporter) 
[Worker5]  -> (artifact id: '14989115fd2c2dea0c358f9cc7c27cb3') in 0.005212 seconds
[Worker5] Start importing Assets/NativeTiles/Tiles/Wood_12.asset using Guid(c451ef80a9f39ba4da5780575af3dc10) Importer(PreviewImporter) 
[Worker0]  -> (artifact id: 'a57a8ab6e78a5f82872573a92fb8046c') in 0.006483 seconds
[Worker4]  -> (artifact id: 'b492a710a31d32553794128c819f48ca') in 0.006196 seconds
[Worker0] Start importing Assets/NativeTiles/Tiles/Wood_09.asset using Guid(404d94abdceb3ca4386c78bb51135701) Importer(PreviewImporter) 
[Worker4] Start importing Assets/NativeTiles/Tiles/Wood_52.asset using Guid(f104519919cdda14389c43c114d016e6) Importer(PreviewImporter) 
[Worker1]  -> (artifact id: 'b0f3801d8d9824666572fe41cffbd7ba') in 0.005433 seconds
[Worker2]  -> (artifact id: '79a4388b793cc628b21b372d7a17cee2') in 0.005202 seconds
[Worker3]  -> (artifact id: '067021ebbfd7fb9129a23c3f13b02768') in 0.006677 seconds
[Worker5]  -> (artifact id: 'a949ecc0f03db5fcd2d3bef9f656d2e9') in 0.004365 seconds
[Worker0]  -> (artifact id: 'fe8628765508b129fa8ead6490658b79') in 0.004625 seconds
[Worker4]  -> (artifact id: 'fc9c3de79c5232aba0dc15791f35525f') in 0.004414 seconds
CachePath: C:/Users/trlanfeng/AppData/LocalLow/Tuanjie/LoveQiE_LoveQiE
Reloading assemblies for play mode.
Reloading assemblies after forced synchronous recompile.
Begin MonoManager ReloadAssembly
[Licensing::Client] Successfully send message: {"AuthorizationCheck":"Yq4zMVFaQFEJOA==","messageType":"EntitlementDetailsRequest","entitlementIds":["com.unity.editor.headless","com.unity.editor.ui"],"packageEntitlementIds":[],"includeCustomData":false} at 1790142489
[Licensing::Client] Successfully receive message: {"entitlementGroups":[{"entitlementGroupId":"F4-9MP9-ZWAG-QSVY-CHDF-P4PP","entitlementGroupIdHash":"25af702a0ffcfe3cb60897b1e699a94eb8956553","productName":"Unity Personal","productType":"TuanjieEditor","licenseType":"ULF","expiration":1790576023000,"matchedEntitlements":[{"entitlementId":"com.unity.editor.ui","isPackage":false,"count":1},{"entitlementId":"com.unity.editor.headless","isPackage":false,"count":1}]}],"responseCode":200,"responseStatus":"Found 1 entitlement groups and 0 free entitlements matching requested entitlement ids","messageType":"EntitlementDetailsResponse","authorizationCheck":"Yq4zMVFaQFEJOEyO3V2jZ22WS8hN"} at 1790142489
[Licensing::Client] Attempt to check time stamp (startTime: 1790142489, endTime: 1790142489)
[Licensing::Client] Successfully resolved entitlement details
- Loaded All Assemblies, in  0.214 seconds
Refreshing native plugins compatible for Editor in 0.00 ms, found 0 plugins.
Native extension for WindowsStandalone target not found
[Licensing::Client] Successfully send message: {"AuthorizationCheck":"Yq4zMVFaQFEJOA==","messageType":"EntitlementDetailsRequest","entitlementIds":["com.unity.editor.minigame.subplatform.wechat","com.unity.editor.ui"],"packageEntitlementIds":[],"includeCustomData":false} at 1790142489
[Licensing::Client] Successfully receive message: {"entitlementGroups":[{"entitlementGroupId":"F4-9MP9-ZWAG-QSVY-CHDF-P4PP","entitlementGroupIdHash":"25af702a0ffcfe3cb60897b1e699a94eb8956553","productName":"Unity Personal","productType":"TuanjieEditor","licenseType":"ULF","expiration":1790576023000,"matchedEntitlements":[{"entitlementId":"com.unity.editor.ui","isPackage":false,"count":1},{"entitlementId":"com.unity.editor.minigame.subplatform.wechat","isPackage":false,"count":1}]}],"responseCode":200,"responseStatus":"Found 1 entitlement groups and 0 free entitlements matching requested entitlement ids","messageType":"EntitlementDetailsResponse","authorizationCheck":"Yq4zMVFaQFEJOEyO3V2jZ22WS8hN"} at 1790142489
[Licensing::Client] Attempt to check time stamp (startTime: 1790142489, endTime: 1790142489)
[Licensing::Client] Successfully resolved entitlement details
[Licensing::Client] Successfully send message: {"AuthorizationCheck":"Yq4zMVFaQFEJOA==","messageType":"EntitlementDetailsRequest","entitlementIds":["com.unity.editor.minigame.subplatform.douyin","com.unity.editor.ui"],"packageEntitlementIds":[],"includeCustomData":false} at 1790142489
[Licensing::Client] Successfully receive message: {"entitlementGroups":[{"entitlementGroupId":"F4-9MP9-ZWAG-QSVY-CHDF-P4PP","entitlementGroupIdHash":"25af702a0ffcfe3cb60897b1e699a94eb8956553","productName":"Unity Personal","productType":"TuanjieEditor","licenseType":"ULF","expiration":1790576023000,"matchedEntitlements":[{"entitlementId":"com.unity.editor.ui","isPackage":false,"count":1},{"entitlementId":"com.unity.editor.minigame.subplatform.douyin","isPackage":false,"count":1}]}],"responseCode":200,"responseStatus":"Found 1 entitlement groups and 0 free entitlements matching requested entitlement ids","messageType":"EntitlementDetailsResponse","authorizationCheck":"Yq4zMVFaQFEJOEyO3V2jZ22WS8hN"} at 1790142489
[Licensing::Client] Attempt to check time stamp (startTime: 1790142489, endTime: 1790142489)
[Licensing::Client] Successfully resolved entitlement details
[Licensing::Client] Successfully send message: {"AuthorizationCheck":"Yq4zMVFaQFEJOA==","messageType":"EntitlementDetailsRequest","entitlementIds":["com.unity.editor.minigame.subplatform.kuaishou","com.unity.editor.ui"],"packageEntitlementIds":[],"includeCustomData":false} at 1790142489
[Licensing::Client] Successfully receive message: {"entitlementGroups":[{"entitlementGroupId":"F4-9MP9-ZWAG-QSVY-CHDF-P4PP","entitlementGroupIdHash":"25af702a0ffcfe3cb60897b1e699a94eb8956553","productName":"Unity Personal","productType":"TuanjieEditor","licenseType":"ULF","expiration":1790576023000,"matchedEntitlements":[{"entitlementId":"com.unity.editor.ui","isPackage":false,"count":1},{"entitlementId":"com.unity.editor.minigame.subplatform.kuaishou","isPackage":false,"count":1}]}],"responseCode":200,"responseStatus":"Found 1 entitlement groups and 0 free entitlements matching requested entitlement ids","messageType":"EntitlementDetailsResponse","authorizationCheck":"Yq4zMVFaQFEJOEyO3V2jZ22WS8hN"} at 1790142489
[Licensing::Client] Attempt to check time stamp (startTime: 1790142489, endTime: 1790142489)
[Licensing::Client] Successfully resolved entitlement details
[Licensing::Client] Successfully send message: {"AuthorizationCheck":"Yq4zMVFaQFEJOA==","messageType":"EntitlementDetailsRequest","entitlementIds":["com.unity.editor.minigame.subplatform.minihost","com.unity.editor.ui"],"packageEntitlementIds":[],"includeCustomData":false} at 1790142489
[Licensing::Client] Successfully receive message: {"entitlementGroups":[{"entitlementGroupId":"F4-9MP9-ZWAG-QSVY-CHDF-P4PP","entitlementGroupIdHash":"25af702a0ffcfe3cb60897b1e699a94eb8956553","productName":"Unity Personal","productType":"TuanjieEditor","licenseType":"ULF","expiration":1790576023000,"matchedEntitlements":[{"entitlementId":"com.unity.editor.ui","isPackage":false,"count":1},{"entitlementId":"com.unity.editor.minigame.subplatform.minihost","isPackage":false,"count":1}]}],"responseCode":200,"responseStatus":"Found 1 entitlement groups and 0 free entitlements matching requested entitlement ids","messageType":"EntitlementDetailsResponse","authorizationCheck":"Yq4zMVFaQFEJOEyO3V2jZ22WS8hN"} at 1790142489
[Licensing::Client] Attempt to check time stamp (startTime: 1790142489, endTime: 1790142489)
[Licensing::Client] Successfully resolved entitlement details
[MODES] ModeService[none].Initialize
[MODES] ModeService[none].LoadModes
[MODES] Loading mode Default (0) for mode-current-id-LoveQiE
Mono: successfully reloaded assembly
- Finished resetting the current domain, in  0.625 seconds
Domain Reload Profiling: 838ms
	BeginReloadAssembly (159ms)
		ExecutionOrderSort (0ms)
		DisableScriptedObjects (41ms)
		BackupInstance (0ms)
		ReleaseScriptingObjects (0ms)
		CreateAndSetChildDomain (29ms)
	RebuildCommonClasses (21ms)
	RebuildNativeTypeToScriptingClass (7ms)
	initialDomainReloadingComplete (19ms)
	LoadAllAssembliesAndSetupDomain (6ms)
		LoadAssemblies (68ms)
		RebuildTransferFunctionScriptingTraits (0ms)
		AnalyzeDomain (3ms)
			TypeCache.Refresh (2ms)
				TypeCache.ScanAssembly (0ms)
			ScanForSourceGeneratedMonoScriptInfo (0ms)
			ResolveRequiredComponents (0ms)
	FinalizeReload (625ms)
		ReleaseScriptCaches (0ms)
		RebuildScriptCaches (0ms)
		SetupLoadedEditorAssemblies (202ms)
			LogAssemblyErrors (0ms)
			InitializePlatformSupportModulesInManaged (5ms)
			SetLoadedEditorAssemblies (4ms)
			RefreshPlugins (0ms)
			BeforeProcessingInitializeOnLoad (25ms)
			ProcessInitializeOnLoadAttributes (146ms)
			ProcessInitializeOnLoadMethodAttributes (16ms)
			AfterProcessingInitializeOnLoad (7ms)
			EditorAssembliesLoaded (0ms)
		ExecutionOrderSort2 (0ms)
		AwakeInstancesAfterBackupRestoration (251ms)
Asset Pipeline Refresh (id=ad97def9154ceb045b527e85a94a322d): Total: 0.882 seconds - Initiated by StopAssetImportingV2(ForceSynchronousImport | ForceDomainReload)
	Summary:
		Imports: total=0 (actual=0, local cache=0, cache server=0)
		Asset DB Process Time: managed=0 ms, native=23 ms
		Asset DB Callback time: managed=8 ms, native=0 ms
		Scripting: domain reloads=1, domain reload time=848 ms, compile time=1 ms, other=0 ms
		Project Asset Count: scripts=265, non-scripts=498
		Asset File Changes: new=0, changed=0, moved=0, deleted=0
		Scan Filter Count: 0
		OnDemandAssets Count:0
	InvokeBeforeRefreshCallbacks: 0.962ms
	ApplyChangesToAssetFolders: 0.038ms
	Scan: 0.001ms
	OnSourceAssetsModified: 0.001ms
	GetAllGuidsForCategorization: 0.057ms
	CategorizeAssets: 4.480ms
	ImportOutOfDateAssets: 626.372ms (624.440ms without children)
		CompileScripts: 1.239ms
		CollectScriptTypesHashes: 0.006ms
		ReloadNativeAssets: 0.028ms
		UnloadImportedAssets: 0.052ms
		EnsureUptoDateAssetsAreRegisteredWithGuidPM: 0.089ms
		InitializingProgressBar: 0.001ms
		PostProcessAllAssetNotificationsAddChangedAssets: 0.001ms
		OnDemandSchedulerStart: 0.515ms
	PostProcessAllAssets: 8.321ms
	GatherAllCurrentPrimaryArtifactRevisions: 0.050ms
	UnloadStreamsBegin: 2.421ms
	PersistCurrentRevisions: 0.021ms
	UnloadStreamsEnd: 0.004ms
	GenerateScriptTypeHashes: 0.170ms
	Untracked: 239.567ms
[Licensing::Client] Successfully send message: {"AuthorizationCheck":"Yq4zMVFaQFEIMQ==","messageType":"EntitlementDetailsRequest","entitlementIds":["com.unity.editor.platforms.hmiandroid","com.unity.editor.platforms.hmiqnx","com.unity.editor.platforms.hmilinux","com.unity.editor.ui"],"packageEntitlementIds":[],"includeCustomData":false} at 1790142490
[Licensing::Client] Successfully receive message: {"entitlementGroups":[{"entitlementGroupId":"F4-9MP9-ZWAG-QSVY-CHDF-P4PP","entitlementGroupIdHash":"25af702a0ffcfe3cb60897b1e699a94eb8956553","productName":"Unity Personal","productType":"TuanjieEditor","licenseType":"ULF","expiration":1790576023000,"matchedEntitlements":[{"entitlementId":"com.unity.editor.ui","isPackage":false,"count":1}]}],"responseCode":200,"responseStatus":"Found 1 entitlement groups and 0 free entitlements matching requested entitlement ids","messageType":"EntitlementDetailsResponse","authorizationCheck":"Yq4zMVFaQFEIMUyO3V2jZ/vdz8ij"} at 1790142490
[Licensing::Client] Attempt to check time stamp (startTime: 1790142490, endTime: 1790142490)
[Licensing::Client] Successfully resolved entitlement details
Loaded scene 'Temp/__Backupscenes/0.backup'
	Deserialize:            0.870 ms
	Integration:            12.046 ms
	Integration of assets:  0.002 ms
	Thread Wait Time:       0.016 ms
	Total Operation Time:   12.933 ms
CachePath: C:/Users/trlanfeng/AppData/LocalLow/Tuanjie/LoveQiE_LoveQiE
Unloading 48 Unused Serialized files (Serialized files now loaded: 0)
Loaded scene 'Temp/__Backupscenes/0.backup'
	Deserialize:            0.702 ms
	Integration:            5.189 ms
	Integration of assets:  0.001 ms
	Thread Wait Time:       0.009 ms
	Total Operation Time:   5.902 ms
Unloading 77 unused Assets / (369.3 KB). Loaded Objects now: 1946.
Memory consumption went from 123.5 MB to 123.1 MB.
Total: 3.221600 ms (FindLiveObjects: 0.072000 ms CreateObjectMapping: 0.011100 ms MarkObjects: 2.994700 ms  DeleteObjects: 0.143500 ms)

[Licensing::Client] Successfully send message: {"AuthorizationCheck":"Yq4zMVFaQFBCKQ==","messageType":"EntitlementDetailsRequest","entitlementIds":["com.unity.editor.legacy.pro","com.unity.editor.watermarks.disable","com.unity.editor.watermarks.prototyping","com.unity.editor.watermarks.edu","com.unity.editor.watermarks.trial","com.unity.editor.time-limited-license","com.unity.editor.cluster","com.unity.editor.unity.compliant","com.unity.editor.watermarks.forcedisable","com.unity.editor.open-harmony.analytics.disabled","com.unity.editor.mini-game.analytics.disabled","com.unity.editor.unity.expiration.2d","com.unity.editor.unity.expiration.7d","com.unity.editor.ui"],"packageEntitlementIds":[],"includeCustomData":false} at 1790142508
[Licensing::Client] Successfully receive message: {"entitlementGroups":[{"entitlementGroupId":"F4-9MP9-ZWAG-QSVY-CHDF-P4PP","entitlementGroupIdHash":"25af702a0ffcfe3cb60897b1e699a94eb8956553","productName":"Unity Personal","productType":"TuanjieEditor","licenseType":"ULF","expiration":1790576023000,"matchedEntitlements":[{"entitlementId":"com.unity.editor.ui","isPackage":false,"count":1},{"entitlementId":"com.unity.editor.unity.expiration.2d","isPackage":false,"count":1},{"entitlementId":"com.unity.editor.watermarks.forcedisable","isPackage":false,"count":1},{"entitlementId":"com.unity.editor.unity.compliant","isPackage":false,"count":1},{"entitlementId":"com.unity.editor.mini-game.analytics.disabled","isPackage":false,"count":1},{"entitlementId":"com.unity.editor.time-limited-license","isPackage":false,"count":1}]}],"responseCode":200,"responseStatus":"Found 1 entitlement groups and 0 free entitlements matching requested entitlement ids","messageType":"EntitlementDetailsResponse","authorizationCheck":"Yq4zMVFaQFBCKUIgWFWgOt10+XKD"} at 1790142508
[Licensing::Client] Attempt to check time stamp (startTime: 1790142508, endTime: 1790142508)
[Licensing::Client] Successfully resolved entitlement details
Asset Pipeline Refresh (id=82b21dc24c86d654db1790d0842af628): Total: 0.005 seconds - Initiated by RefreshV2(AllowForceSynchronousImport)
CachePath: C:/Users/trlanfeng/AppData/LocalLow/Tuanjie/LoveQiE_LoveQiE
Reloading assemblies for play mode.
Reloading assemblies after forced synchronous recompile.
Begin MonoManager ReloadAssembly
- Loaded All Assemblies, in  0.185 seconds
Refreshing native plugins compatible for Editor in 0.00 ms, found 0 plugins.
Native extension for WindowsStandalone target not found
[MODES] ModeService[none].Initialize
[MODES] ModeService[none].LoadModes
[MODES] Loading mode Default (0) for mode-current-id-LoveQiE
Mono: successfully reloaded assembly
- Finished resetting the current domain, in  0.551 seconds
Domain Reload Profiling: 734ms
	BeginReloadAssembly (131ms)
		ExecutionOrderSort (0ms)
		DisableScriptedObjects (20ms)
		BackupInstance (0ms)
		ReleaseScriptingObjects (0ms)
		CreateAndSetChildDomain (26ms)
	RebuildCommonClasses (21ms)
	RebuildNativeTypeToScriptingClass (7ms)
	initialDomainReloadingComplete (18ms)
	LoadAllAssembliesAndSetupDomain (6ms)
		LoadAssemblies (64ms)
		RebuildTransferFunctionScriptingTraits (0ms)
		AnalyzeDomain (3ms)
			TypeCache.Refresh (2ms)
				TypeCache.ScanAssembly (0ms)
			ScanForSourceGeneratedMonoScriptInfo (0ms)
			ResolveRequiredComponents (0ms)
	FinalizeReload (551ms)
		ReleaseScriptCaches (0ms)
		RebuildScriptCaches (0ms)
		SetupLoadedEditorAssemblies (127ms)
			LogAssemblyErrors (0ms)
			InitializePlatformSupportModulesInManaged (5ms)
			SetLoadedEditorAssemblies (4ms)
			RefreshPlugins (0ms)
			BeforeProcessingInitializeOnLoad (25ms)
			ProcessInitializeOnLoadAttributes (70ms)
			ProcessInitializeOnLoadMethodAttributes (16ms)
			AfterProcessingInitializeOnLoad (8ms)
			EditorAssembliesLoaded (0ms)
		ExecutionOrderSort2 (0ms)
		AwakeInstancesAfterBackupRestoration (251ms)
Asset Pipeline Refresh (id=35bd2c9c27740644f90f4987383452a6): Total: 0.774 seconds - Initiated by StopAssetImportingV2(ForceSynchronousImport | ForceDomainReload)
	Summary:
		Imports: total=0 (actual=0, local cache=0, cache server=0)
		Asset DB Process Time: managed=0 ms, native=19 ms
		Asset DB Callback time: managed=8 ms, native=1 ms
		Scripting: domain reloads=1, domain reload time=744 ms, compile time=1 ms, other=0 ms
		Project Asset Count: scripts=265, non-scripts=498
		Asset File Changes: new=0, changed=0, moved=0, deleted=0
		Scan Filter Count: 0
		OnDemandAssets Count:0
	InvokeBeforeRefreshCallbacks: 1.059ms
	ApplyChangesToAssetFolders: 0.035ms
	Scan: 0.001ms
	OnSourceAssetsModified: 0.001ms
	GetAllGuidsForCategorization: 0.058ms
	CategorizeAssets: 4.486ms
	ImportOutOfDateAssets: 551.507ms (549.964ms without children)
		CompileScripts: 1.138ms
		CollectScriptTypesHashes: 0.005ms
		ReloadNativeAssets: 0.026ms
		UnloadImportedAssets: 0.014ms
		EnsureUptoDateAssetsAreRegisteredWithGuidPM: 0.077ms
		InitializingProgressBar: 0.001ms
		PostProcessAllAssetNotificationsAddChangedAssets: 0.001ms
		OnDemandSchedulerStart: 0.280ms
	PostProcessAllAssets: 8.144ms
	GatherAllCurrentPrimaryArtifactRevisions: 0.038ms
	UnloadStreamsBegin: 0.041ms
	PersistCurrentRevisions: 0.021ms
	UnloadStreamsEnd: 0.004ms
	GenerateScriptTypeHashes: 0.175ms
	Untracked: 208.920ms
Loaded scene 'Temp/__Backupscenes/0.backup'
	Deserialize:            0.969 ms
	Integration:            11.717 ms
	Integration of assets:  0.003 ms
	Thread Wait Time:       0.014 ms
	Total Operation Time:   12.703 ms
CachePath: C:/Users/trlanfeng/AppData/LocalLow/Tuanjie/LoveQiE_LoveQiE
Unloading 87 Unused Serialized files (Serialized files now loaded: 0)
Loaded scene 'Temp/__Backupscenes/0.backup'
	Deserialize:            0.761 ms
	Integration:            5.329 ms
	Integration of assets:  0.002 ms
	Thread Wait Time:       0.007 ms
	Total Operation Time:   6.100 ms
Unloading 279 unused Assets / (475.2 KB). Loaded Objects now: 1947.
Memory consumption went from 130.8 MB to 130.3 MB.
Total: 4.066400 ms (FindLiveObjects: 0.085100 ms CreateObjectMapping: 0.018400 ms MarkObjects: 3.689000 ms  DeleteObjects: 0.273200 ms)

[Licensing::Client] Successfully send message: {"AuthorizationCheck":"Yq4zMVFaQF3H4g==","messageType":"EntitlementDetailsRequest","entitlementIds":["com.unity.editor.legacy.pro","com.unity.editor.watermarks.disable","com.unity.editor.watermarks.prototyping","com.unity.editor.watermarks.edu","com.unity.editor.watermarks.trial","com.unity.editor.time-limited-license","com.unity.editor.cluster","com.unity.editor.unity.compliant","com.unity.editor.watermarks.forcedisable","com.unity.editor.open-harmony.analytics.disabled","com.unity.editor.mini-game.analytics.disabled","com.unity.editor.unity.expiration.2d","com.unity.editor.unity.expiration.7d","com.unity.editor.ui"],"packageEntitlementIds":[],"includeCustomData":false} at 1790142851
[Licensing::Client] Successfully receive message: {"entitlementGroups":[{"entitlementGroupId":"F4-9MP9-ZWAG-QSVY-CHDF-P4PP","entitlementGroupIdHash":"25af702a0ffcfe3cb60897b1e699a94eb8956553","productName":"Unity Personal","productType":"TuanjieEditor","licenseType":"ULF","expiration":1790576023000,"matchedEntitlements":[{"entitlementId":"com.unity.editor.ui","isPackage":false,"count":1},{"entitlementId":"com.unity.editor.unity.expiration.2d","isPackage":false,"count":1},{"entitlementId":"com.unity.editor.watermarks.forcedisable","isPackage":false,"count":1},{"entitlementId":"com.unity.editor.unity.compliant","isPackage":false,"count":1},{"entitlementId":"com.unity.editor.mini-game.analytics.disabled","isPackage":false,"count":1},{"entitlementId":"com.unity.editor.time-limited-license","isPackage":false,"count":1}]}],"responseCode":200,"responseStatus":"Found 1 entitlement groups and 0 free entitlements matching requested entitlement ids","messageType":"EntitlementDetailsResponse","authorizationCheck":"Yq4zMVFaQF3H4l4c5Tnjdcv0ynJ9"} at 1790142852
[Licensing::Client] Attempt to check time stamp (startTime: 1790142851, endTime: 1790142852)
[Licensing::Client] Successfully resolved entitlement details
[Package Manager] Done resolving packages in 0.34 seconds
[Licensing::Client] Successfully send message: {"AuthorizationCheck":"Yq4zMVFaQVc5Vw==","messageType":"EntitlementDetailsRequest","entitlementIds":[],"packageEntitlementIds":["com.unity.modules.ai","com.unity.modules.androidjni","com.unity.modules.animation","com.unity.modules.assetbundle","com.unity.modules.audio","com.unity.modules.cloth","com.unity.modules.director","com.unity.modules.imageconversion","com.unity.modules.imgui","com.unity.modules.infinity","com.unity.modules.jsonserialize","com.unity.modules.particlesystem","com.unity.modules.physics","com.unity.modules.physics2d","com.unity.modules.screencapture","com.unity.modules.terrain","com.unity.modules.terrainphysics","com.unity.modules.tilemap","com.unity.modules.ui","com.unity.modules.uielements","com.unity.modules.unityanalytics","com.unity.modules.unitywebrequest","com.unity.modules.unitywebrequestassetbundle","com.unity.modules.unitywebrequestaudio","com.unity.modules.unitywebrequesttexture","com.unity.modules.unitywebrequestwww","com.unity.modules.vehicles","com.unity.modules.video","com.unity.modules.vr","com.unity.modules.wind","com.unity.modules.xr","com.unity.modules.subsystems"],"includeCustomData":false} at 1790143269
[Licensing::Client] Successfully receive message: {"freeEntitlementIds":["com.unity.modules.ai","com.unity.modules.androidjni","com.unity.modules.animation","com.unity.modules.assetbundle","com.unity.modules.audio","com.unity.modules.cloth","com.unity.modules.director","com.unity.modules.imageconversion","com.unity.modules.imgui","com.unity.modules.infinity","com.unity.modules.jsonserialize","com.unity.modules.particlesystem","com.unity.modules.physics","com.unity.modules.physics2d","com.unity.modules.screencapture","com.unity.modules.terrain","com.unity.modules.terrainphysics","com.unity.modules.tilemap","com.unity.modules.ui","com.unity.modules.uielements","com.unity.modules.unityanalytics","com.unity.modules.unitywebrequest","com.unity.modules.unitywebrequestassetbundle","com.unity.modules.unitywebrequestaudio","com.unity.modules.unitywebrequesttexture","com.unity.modules.unitywebrequestwww","com.unity.modules.vehicles","com.unity.modules.video","com.unity.modules.vr","com.unity.modules.wind","com.unity.modules.xr","com.unity.modules.subsystems"],"responseCode":200,"responseStatus":"Found 0 entitlement groups and 32 free entitlements matching requested entitlement ids","messageType":"EntitlementDetailsResponse","authorizationCheck":"Yq4zMVFaQVc5V3N2cG143Vj9BlSx"} at 1790143269
[Licensing::Client] Attempt to check time stamp (startTime: 1790143269, endTime: 1790143269)
[Licensing::Client] Successfully resolved entitlement details
[Package Manager] Lock file was created
[Package Manager] Registered 32 packages:
  Built-in packages:
    com.unity.modules.ai@1.0.0 (location: D:\game\LoveQiE-without2DToolkit\Library\PackageCache\com.unity.modules.ai@1.0.0)
    com.unity.modules.androidjni@1.0.0 (location: D:\game\LoveQiE-without2DToolkit\Library\PackageCache\com.unity.modules.androidjni@1.0.0)
    com.unity.modules.animation@1.0.0 (location: D:\game\LoveQiE-without2DToolkit\Library\PackageCache\com.unity.modules.animation@1.0.0)
    com.unity.modules.assetbundle@1.0.0 (location: D:\game\LoveQiE-without2DToolkit\Library\PackageCache\com.unity.modules.assetbundle@1.0.0)
    com.unity.modules.audio@1.0.0 (location: D:\game\LoveQiE-without2DToolkit\Library\PackageCache\com.unity.modules.audio@1.0.0)
    com.unity.modules.cloth@1.0.0 (location: D:\game\LoveQiE-without2DToolkit\Library\PackageCache\com.unity.modules.cloth@1.0.0)
    com.unity.modules.director@1.0.0 (location: D:\game\LoveQiE-without2DToolkit\Library\PackageCache\com.unity.modules.director@1.0.0)
    com.unity.modules.imageconversion@1.0.0 (location: D:\game\LoveQiE-without2DToolkit\Library\PackageCache\com.unity.modules.imageconversion@1.0.0)
    com.unity.modules.imgui@1.0.0 (location: D:\game\LoveQiE-without2DToolkit\Library\PackageCache\com.unity.modules.imgui@1.0.0)
    com.unity.modules.infinity@1.0.0 (location: D:\game\LoveQiE-without2DToolkit\Library\PackageCache\com.unity.modules.infinity@1.0.0)
    com.unity.modules.jsonserialize@1.0.0 (location: D:\game\LoveQiE-without2DToolkit\Library\PackageCache\com.unity.modules.jsonserialize@1.0.0)
    com.unity.modules.particlesystem@1.0.0 (location: D:\game\LoveQiE-without2DToolkit\Library\PackageCache\com.unity.modules.particlesystem@1.0.0)
    com.unity.modules.physics@1.0.0 (location: D:\game\LoveQiE-without2DToolkit\Library\PackageCache\com.unity.modules.physics@1.0.0)
    com.unity.modules.physics2d@1.0.0 (location: D:\game\LoveQiE-without2DToolkit\Library\PackageCache\com.unity.modules.physics2d@1.0.0)
    com.unity.modules.screencapture@1.0.0 (location: D:\game\LoveQiE-without2DToolkit\Library\PackageCache\com.unity.modules.screencapture@1.0.0)
    com.unity.modules.terrain@1.0.0 (location: D:\game\LoveQiE-without2DToolkit\Library\PackageCache\com.unity.modules.terrain@1.0.0)
    com.unity.modules.terrainphysics@1.0.0 (location: D:\game\LoveQiE-without2DToolkit\Library\PackageCache\com.unity.modules.terrainphysics@1.0.0)
    com.unity.modules.tilemap@1.0.0 (location: D:\game\LoveQiE-without2DToolkit\Library\PackageCache\com.unity.modules.tilemap@1.0.0)
    com.unity.modules.ui@1.0.0 (location: D:\game\LoveQiE-without2DToolkit\Library\PackageCache\com.unity.modules.ui@1.0.0)
    com.unity.modules.uielements@1.0.0 (location: D:\game\LoveQiE-without2DToolkit\Library\PackageCache\com.unity.modules.uielements@1.0.0)
    com.unity.modules.unityanalytics@1.0.0 (location: D:\game\LoveQiE-without2DToolkit\Library\PackageCache\com.unity.modules.unityanalytics@1.0.0)
    com.unity.modules.unitywebrequest@1.0.0 (location: D:\game\LoveQiE-without2DToolkit\Library\PackageCache\com.unity.modules.unitywebrequest@1.0.0)
    com.unity.modules.unitywebrequestassetbundle@1.0.0 (location: D:\game\LoveQiE-without2DToolkit\Library\PackageCache\com.unity.modules.unitywebrequestassetbundle@1.0.0)
    com.unity.modules.unitywebrequestaudio@1.0.0 (location: D:\game\LoveQiE-without2DToolkit\Library\PackageCache\com.unity.modules.unitywebrequestaudio@1.0.0)
    com.unity.modules.unitywebrequesttexture@1.0.0 (location: D:\game\LoveQiE-without2DToolkit\Library\PackageCache\com.unity.modules.unitywebrequesttexture@1.0.0)
    com.unity.modules.unitywebrequestwww@1.0.0 (location: D:\game\LoveQiE-without2DToolkit\Library\PackageCache\com.unity.modules.unitywebrequestwww@1.0.0)
    com.unity.modules.vehicles@1.0.0 (location: D:\game\LoveQiE-without2DToolkit\Library\PackageCache\com.unity.modules.vehicles@1.0.0)
    com.unity.modules.video@1.0.0 (location: D:\game\LoveQiE-without2DToolkit\Library\PackageCache\com.unity.modules.video@1.0.0)
    com.unity.modules.vr@1.0.0 (location: D:\game\LoveQiE-without2DToolkit\Library\PackageCache\com.unity.modules.vr@1.0.0)
    com.unity.modules.wind@1.0.0 (location: D:\game\LoveQiE-without2DToolkit\Library\PackageCache\com.unity.modules.wind@1.0.0)
    com.unity.modules.xr@1.0.0 (location: D:\game\LoveQiE-without2DToolkit\Library\PackageCache\com.unity.modules.xr@1.0.0)
    com.unity.modules.subsystems@1.0.0 (location: D:\game\LoveQiE-without2DToolkit\Library\PackageCache\com.unity.modules.subsystems@1.0.0)
[Subsystems] No new subsystems found in resolved package list.
[Package Manager] Done registering packages in 0.01 seconds
Couldn't create 'Assets/~UnityDirMonSyncFile~3f0d668695b0ddb44bd2a87c8a72a3a9~'
[Licensing::Client] Successfully send message: {"AuthorizationCheck":"Yq4zMVFaQVc5Vw==","messageType":"EntitlementDetailsRequest","entitlementIds":["com.unity.editor.ui"],"packageEntitlementIds":[],"includeCustomData":false} at 1790143269
[Licensing::Client] Successfully receive message: {"entitlementGroups":[{"entitlementGroupId":"F4-9MP9-ZWAG-QSVY-CHDF-P4PP","entitlementGroupIdHash":"25af702a0ffcfe3cb60897b1e699a94eb8956553","productName":"Unity Personal","productType":"TuanjieEditor","licenseType":"ULF","expiration":1790576023000,"matchedEntitlements":[{"entitlementId":"com.unity.editor.ui","isPackage":false,"count":1}]}],"responseCode":200,"responseStatus":"Found 1 entitlement groups and 0 free entitlements matching requested entitlement ids","messageType":"EntitlementDetailsResponse","authorizationCheck":"Yq4zMVFaQVc5V3N2cG143Vj9BlSx"} at 1790143269
[Licensing::Client] Attempt to check time stamp (startTime: 1790143269, endTime: 1790143269)
[Licensing::Client] Successfully resolved entitlement details
[Licensing::Client] Successfully send message: {"AuthorizationCheck":"Yq4zMVFaQVc5Vw==","messageType":"EntitlementDetailsRequest","entitlementIds":["com.unity.editor.disable-splash-screen","com.unity.editor.ui"],"packageEntitlementIds":[],"includeCustomData":false} at 1790143269
[Licensing::Client] Successfully receive message: {"entitlementGroups":[{"entitlementGroupId":"F4-9MP9-ZWAG-QSVY-CHDF-P4PP","entitlementGroupIdHash":"25af702a0ffcfe3cb60897b1e699a94eb8956553","productName":"Unity Personal","productType":"TuanjieEditor","licenseType":"ULF","expiration":1790576023000,"matchedEntitlements":[{"entitlementId":"com.unity.editor.ui","isPackage":false,"count":1}]}],"responseCode":200,"responseStatus":"Found 1 entitlement groups and 0 free entitlements matching requested entitlement ids","messageType":"EntitlementDetailsResponse","authorizationCheck":"Yq4zMVFaQVc5V3N2cG143Vj9BlSx"} at 1790143269
[Licensing::Client] Attempt to check time stamp (startTime: 1790143269, endTime: 1790143269)
[Licensing::Client] Successfully resolved entitlement details
[Licensing::Client] Successfully send message: {"AuthorizationCheck":"Yq4zMVFaQVc5Vw==","messageType":"EntitlementDetailsRequest","entitlementIds":["com.unity.editor.allow-mix-usage","com.unity.editor.ui"],"packageEntitlementIds":[],"includeCustomData":false} at 1790143269
[Licensing::Client] Successfully receive message: {"entitlementGroups":[{"entitlementGroupId":"F4-9MP9-ZWAG-QSVY-CHDF-P4PP","entitlementGroupIdHash":"25af702a0ffcfe3cb60897b1e699a94eb8956553","productName":"Unity Personal","productType":"TuanjieEditor","licenseType":"ULF","expiration":1790576023000,"matchedEntitlements":[{"entitlementId":"com.unity.editor.ui","isPackage":false,"count":1}]}],"responseCode":200,"responseStatus":"Found 1 entitlement groups and 0 free entitlements matching requested entitlement ids","messageType":"EntitlementDetailsResponse","authorizationCheck":"Yq4zMVFaQVc5V3N2cG143Vj9BlW4"} at 1790143270
[Licensing::Client] Attempt to check time stamp (startTime: 1790143269, endTime: 1790143270)
[Licensing::Client] Successfully resolved entitlement details
[ScriptCompilation] Requested script compilation because: Assembly Definition File(s) changed
[ScriptCompilation] Requested script compilation because: Assetdatabase observed changes in script compilation related files
AssetDatabase: script compilation time: 0.000445s
[Licensing::Client] Successfully send message: {"AuthorizationCheck":"Yq4zMVFaQVc4Xg==","messageType":"EntitlementDetailsRequest","entitlementIds":["com.unity.editor.legacy.pro","com.unity.editor.ui"],"packageEntitlementIds":[],"includeCustomData":false} at 1790143270
[Licensing::Client] Successfully receive message: {"entitlementGroups":[{"entitlementGroupId":"F4-9MP9-ZWAG-QSVY-CHDF-P4PP","entitlementGroupIdHash":"25af702a0ffcfe3cb60897b1e699a94eb8956553","productName":"Unity Personal","productType":"TuanjieEditor","licenseType":"ULF","expiration":1790576023000,"matchedEntitlements":[{"entitlementId":"com.unity.editor.ui","isPackage":false,"count":1}]}],"responseCode":200,"responseStatus":"Found 1 entitlement groups and 0 free entitlements matching requested entitlement ids","messageType":"EntitlementDetailsResponse","authorizationCheck":"Yq4zMVFaQVc4XnN2cG143dO9dKSY"} at 1790143270
[Licensing::Client] Attempt to check time stamp (startTime: 1790143270, endTime: 1790143270)
[Licensing::Client] Successfully resolved entitlement details
Starting: C:\Program Files\Tuanjie\Hub\Editor\2022.3.61t14\Editor\Data\bee_backend.exe --dont-print-to-structured-log --ipc --defer-dag-verification --dagfile="Library/Bee/1900b0aE.dag" --continue-on-failure --profile="Library/Bee/backend1.traceevents" ScriptAssemblies
WorkingDir: D:/game/LoveQiE-without2DToolkit
ExitCode: 4 Duration: 0s390ms
Rebuilding DAG because FileSignature timestamp changed: Library/Bee/1900b0aE-inputdata.json
[112/128    0s] Csc Library/Bee/artifacts/1900b0aE.dag/Unity.2D.Sprite.Editor.dll (+2 others)
##### CommandLine
"C:\Program Files\Tuanjie\Hub\Editor\2022.3.61t14\Editor\Data\NetCoreRuntime\dotnet.exe" exec "C:/Program Files/Tuanjie/Hub/Editor/2022.3.61t14/Editor/Data/DotNetSdkRoslyn/csc.dll" /nostdlib /noconfig /shared "@Library/Bee/artifacts/1900b0aE.dag/Unity.2D.Sprite.Editor.rsp" "@Library/Bee/artifacts/1900b0aE.dag/Unity.2D.Sprite.Editor.rsp2"
##### Contents of Library\Bee\artifacts\1900b0aE.dag\Unity.2D.Sprite.Editor.rsp
-target:library
-out:"Library/Bee/artifacts/1900b0aE.dag/Unity.2D.Sprite.Editor.dll"
-refout:"Library/Bee/artifacts/1900b0aE.dag/Unity.2D.Sprite.Editor.ref.dll"
-define:UNITY_2022_3_61
-define:UNITY_2022_3
-define:UNITY_2022
-define:TUANJIE_1_6_13
-define:TUANJIE_1_6
-define:TUANJIE_1
-define:UNITY_5_3_OR_NEWER
-define:UNITY_5_4_OR_NEWER
-define:UNITY_5_5_OR_NEWER
-define:UNITY_5_6_OR_NEWER
-define:UNITY_2017_1_OR_NEWER
-define:UNITY_2017_2_OR_NEWER
-define:UNITY_2017_3_OR_NEWER
-define:UNITY_2017_4_OR_NEWER
-define:UNITY_2018_1_OR_NEWER
-define:UNITY_2018_2_OR_NEWER
-define:UNITY_2018_3_OR_NEWER
-define:UNITY_2018_4_OR_NEWER
-define:UNITY_2019_1_OR_NEWER
-define:UNITY_2019_2_OR_NEWER
-define:UNITY_2019_3_OR_NEWER
-define:UNITY_2019_4_OR_NEWER
-define:UNITY_2020_1_OR_NEWER
-define:UNITY_2020_2_OR_NEWER
-define:UNITY_2020_3_OR_NEWER
-define:UNITY_2021_1_OR_NEWER
-define:UNITY_2021_2_OR_NEWER
-define:UNITY_2021_3_OR_NEWER
-define:UNITY_2022_1_OR_NEWER
-define:UNITY_2022_2_OR_NEWER
-define:UNITY_2022_3_OR_NEWER
-define:TUANJIE_2022_3_OR_NEWER
-define:TUANJIE_1_0_OR_NEWER
-define:TUANJIE_1_1_OR_NEWER
-define:TUANJIE_1_2_OR_NEWER
-define:TUANJIE_1_3_OR_NEWER
-define:TUANJIE_1_4_OR_NEWER
-define:TUANJIE_1_5_OR_NEWER
-define:TUANJIE_1_6_OR_NEWER
-define:PLATFORM_ARCH_64
-define:UNITY_64
-define:UNITY_INCLUDE_TESTS
-define:ENABLE_AR
-define:ENABLE_AUDIO
-define:ENABLE_CACHING
-define:ENABLE_CLOTH
-define:ENABLE_EVENT_QUEUE
-define:ENABLE_MICROPHONE
-define:ENABLE_MULTIPLE_DISPLAYS
-define:ENABLE_PHYSICS
-define:ENABLE_TEXTURE_STREAMING
-define:ENABLE_VIRTUALTEXTURING
-define:ENABLE_LZMA
-define:ENABLE_UNITYEVENTS
-define:ENABLE_VR
-define:ENABLE_WEBCAM
-define:ENABLE_UNITYWEBREQUEST
-define:ENABLE_WWW
-define:ENABLE_CLOUD_SERVICES
-define:ENABLE_CLOUD_SERVICES_ADS
-define:ENABLE_CLOUD_SERVICES_USE_WEBREQUEST
-define:ENABLE_CLOUD_SERVICES_CRASH_REPORTING
-define:ENABLE_CLOUD_SERVICES_PURCHASING
-define:ENABLE_CLOUD_SERVICES_ANALYTICS
-define:ENABLE_CLOUD_SERVICES_BUILD
-define:ENABLE_EDITOR_GAME_SERVICES
-define:ENABLE_UNITY_GAME_SERVICES_ANALYTICS_SUPPORT
-define:ENABLE_CLOUD_LICENSE
-define:ENABLE_EDITOR_HUB_LICENSE
-define:ENABLE_WEBSOCKET_CLIENT
-define:ENABLE_GENERATE_NATIVE_PLUGINS_FOR_ASSEMBLIES_API
-define:ENABLE_DIRECTOR_AUDIO
-define:ENABLE_DIRECTOR_TEXTURE
-define:ENABLE_MANAGED_JOBS
-define:ENABLE_MANAGED_TRANSFORM_JOBS
-define:ENABLE_MANAGED_ANIMATION_JOBS
-define:ENABLE_MANAGED_AUDIO_JOBS
-define:ENABLE_MANAGED_UNITYTLS
-define:INCLUDE_DYNAMIC_GI
-define:ENABLE_SCRIPTING_GC_WBARRIERS
-define:PLATFORM_SUPPORTS_MONO
-define:RENDER_SOFTWARE_CURSOR
-define:ENABLE_VIDEO
-define:ENABLE_ACCELERATOR_CLIENT_DEBUGGING
-define:ENABLE_NAVIGATION_PACKAGE_DEBUG_VISUALIZATION
-define:ENABLE_NAVIGATION_HEIGHTMESH_RUNTIME_SUPPORT
-define:ENABLE_NAVIGATION_UI_REQUIRES_PACKAGE
-define:PLATFORM_STANDALONE
-define:TEXTCORE_1_0_OR_NEWER
-define:PLATFORM_STANDALONE_WIN
-define:UNITY_STANDALONE_WIN
-define:UNITY_STANDALONE
-define:UNITY_UGP_API
-define:ENABLE_RUNTIME_GI
-define:ENABLE_MOVIES
-define:ENABLE_NETWORK
-define:ENABLE_NVIDIA
-define:ENABLE_CRUNCH_TEXTURE_COMPRESSION
-define:ENABLE_OUT_OF_PROCESS_CRASH_HANDLER
-define:ENABLE_CLUSTER_SYNC
-define:ENABLE_CLUSTERINPUT
-define:PLATFORM_UPDATES_TIME_OUTSIDE_OF_PLAYER_LOOP
-define:GFXDEVICE_WAITFOREVENT_MESSAGEPUMP
-define:UNITY_GPU_DRIVEN_PIPELINE
-define:PLATFORM_INITIALIZES_MEMORY_MANAGER_EXPLICITLY
-define:ENABLE_MONO
-define:NET_4_6
-define:NET_UNITY_4_8
-define:ENABLE_PROFILER
-define:DEBUG
-define:TRACE
-define:UNITY_ASSERTIONS
-define:UNITY_EDITOR
-define:UNITY_EDITOR_64
-define:UNITY_EDITOR_WIN
-define:ENABLE_SCRIPTS_ENCRYPTION
-define:ENABLE_UNITY_COLLECTIONS_CHECKS
-define:ENABLE_BURST_AOT
-define:UNITY_TEAM_LICENSE
-define:ENABLE_CUSTOM_RENDER_TEXTURE
-define:ENABLE_DIRECTOR
-define:ENABLE_LOCALIZATION
-define:ENABLE_SPRITES
-define:ENABLE_TERRAIN
-define:ENABLE_TILEMAP
-define:ENABLE_TIMELINE
-define:ENABLE_LEGACY_INPUT_MANAGER
-define:TEXTCORE_FONT_ENGINE_1_5_OR_NEWER
-define:CSHARP_7_OR_LATER
-define:CSHARP_7_3_OR_NEWER
-define:UNITY_EDITOR_ONLY_COMPILATION
-r:"C:/Program Files/Tuanjie/Hub/Editor/2022.3.61t14/Editor/Data/Managed/UnityEditor.Graphs.dll"
-r:"C:/Program Files/Tuanjie/Hub/Editor/2022.3.61t14/Editor/Data/Managed/UnityEngine/UnityEditor.CoreModule.dll"
-r:"C:/Program Files/Tuanjie/Hub/Editor/2022.3.61t14/Editor/Data/Managed/UnityEngine/UnityEditor.DeviceSimulatorModule.dll"
-r:"C:/Program Files/Tuanjie/Hub/Editor/2022.3.61t14/Editor/Data/Managed/UnityEngine/UnityEditor.DiagnosticsModule.dll"
-r:"C:/Program Files/Tuanjie/Hub/Editor/2022.3.61t14/Editor/Data/Managed/UnityEngine/UnityEditor.dll"
-r:"C:/Program Files/Tuanjie/Hub/Editor/2022.3.61t14/Editor/Data/Managed/UnityEngine/UnityEditor.EditorToolbarModule.dll"
-r:"C:/Program Files/Tuanjie/Hub/Editor/2022.3.61t14/Editor/Data/Managed/UnityEngine/UnityEditor.GraphViewModule.dll"
-r:"C:/Program Files/Tuanjie/Hub/Editor/2022.3.61t14/Editor/Data/Managed/UnityEngine/UnityEditor.HMISimulatorModule.dll"
-r:"C:/Program Files/Tuanjie/Hub/Editor/2022.3.61t14/Editor/Data/Managed/UnityEngine/UnityEditor.PresetsUIModule.dll"
-r:"C:/Program Files/Tuanjie/Hub/Editor/2022.3.61t14/Editor/Data/Managed/UnityEngine/UnityEditor.QuickSearchModule.dll"
-r:"C:/Program Files/Tuanjie/Hub/Editor/2022.3.61t14/Editor/Data/Managed/UnityEngine/UnityEditor.SceneTemplateModule.dll"
-r:"C:/Program Files/Tuanjie/Hub/Editor/2022.3.61t14/Editor/Data/Managed/UnityEngine/UnityEditor.SceneViewModule.dll"
-r:"C:/Program Files/Tuanjie/Hub/Editor/2022.3.61t14/Editor/Data/Managed/UnityEngine/UnityEditor.TextCoreFontEngineModule.dll"
-r:"C:/Program Files/Tuanjie/Hub/Editor/2022.3.61t14/Editor/Data/Managed/UnityEngine/UnityEditor.TextCoreTextEngineModule.dll"
-r:"C:/Program Files/Tuanjie/Hub/Editor/2022.3.61t14/Editor/Data/Managed/UnityEngine/UnityEditor.UIBuilderModule.dll"
-r:"C:/Program Files/Tuanjie/Hub/Editor/2022.3.61t14/Editor/Data/Managed/UnityEngine/UnityEditor.UIElementsModule.dll"
-r:"C:/Program Files/Tuanjie/Hub/Editor/2022.3.61t14/Editor/Data/Managed/UnityEngine/UnityEditor.UIElementsSamplesModule.dll"
-r:"C:/Program Files/Tuanjie/Hub/Editor/2022.3.61t14/Editor/Data/Managed/UnityEngine/UnityEditor.UnityConnectModule.dll"
-r:"C:/Program Files/Tuanjie/Hub/Editor/2022.3.61t14/Editor/Data/Managed/UnityEngine/UnityEngine.AccessibilityModule.dll"
-r:"C:/Program Files/Tuanjie/Hub/Editor/2022.3.61t14/Editor/Data/Managed/UnityEngine/UnityEngine.AIModule.dll"
-r:"C:/Program Files/Tuanjie/Hub/Editor/2022.3.61t14/Editor/Data/Managed/UnityEngine/UnityEngine.AndroidAppViewModule.dll"
-r:"C:/Program Files/Tuanjie/Hub/Editor/2022.3.61t14/Editor/Data/Managed/UnityEngine/UnityEngine.AndroidJNIModule.dll"
-r:"C:/Program Files/Tuanjie/Hub/Editor/2022.3.61t14/Editor/Data/Managed/UnityEngine/UnityEngine.AnimationModule.dll"
-r:"C:/Program Files/Tuanjie/Hub/Editor/2022.3.61t14/Editor/Data/Managed/UnityEngine/UnityEngine.ARModule.dll"
-r:"C:/Program Files/Tuanjie/Hub/Editor/2022.3.61t14/Editor/Data/Managed/UnityEngine/UnityEngine.AssetBundleModule.dll"
-r:"C:/Program Files/Tuanjie/Hub/Editor/2022.3.61t14/Editor/Data/Managed/UnityEngine/UnityEngine.AudioModule.dll"
-r:"C:/Program Files/Tuanjie/Hub/Editor/2022.3.61t14/Editor/Data/Managed/UnityEngine/UnityEngine.AutoStreamingModule.dll"
-r:"C:/Program Files/Tuanjie/Hub/Editor/2022.3.61t14/Editor/Data/Managed/UnityEngine/UnityEngine.ClothModule.dll"
-r:"C:/Program Files/Tuanjie/Hub/Editor/2022.3.61t14/Editor/Data/Managed/UnityEngine/UnityEngine.ClusterInputModule.dll"
-r:"C:/Program Files/Tuanjie/Hub/Editor/2022.3.61t14/Editor/Data/Managed/UnityEngine/UnityEngine.ClusterRendererModule.dll"
-r:"C:/Program Files/Tuanjie/Hub/Editor/2022.3.61t14/Editor/Data/Managed/UnityEngine/UnityEngine.ContentLoadModule.dll"
-r:"C:/Program Files/Tuanjie/Hub/Editor/2022.3.61t14/Editor/Data/Managed/UnityEngine/UnityEngine.CoreModule.dll"
-r:"C:/Program Files/Tuanjie/Hub/Editor/2022.3.61t14/Editor/Data/Managed/UnityEngine/UnityEngine.CrashReportingModule.dll"
-r:"C:/Program Files/Tuanjie/Hub/Editor/2022.3.61t14/Editor/Data/Managed/UnityEngine/UnityEngine.DirectorModule.dll"
-r:"C:/Program Files/Tuanjie/Hub/Editor/2022.3.61t14/Editor/Data/Managed/UnityEngine/UnityEngine.dll"
-r:"C:/Program Files/Tuanjie/Hub/Editor/2022.3.61t14/Editor/Data/Managed/UnityEngine/UnityEngine.DSPGraphModule.dll"
-r:"C:/Program Files/Tuanjie/Hub/Editor/2022.3.61t14/Editor/Data/Managed/UnityEngine/UnityEngine.GameCenterModule.dll"
-r:"C:/Program Files/Tuanjie/Hub/Editor/2022.3.61t14/Editor/Data/Managed/UnityEngine/UnityEngine.GIModule.dll"
-r:"C:/Program Files/Tuanjie/Hub/Editor/2022.3.61t14/Editor/Data/Managed/UnityEngine/UnityEngine.GridModule.dll"
-r:"C:/Program Files/Tuanjie/Hub/Editor/2022.3.61t14/Editor/Data/Managed/UnityEngine/UnityEngine.HotReloadModule.dll"
-r:"C:/Program Files/Tuanjie/Hub/Editor/2022.3.61t14/Editor/Data/Managed/UnityEngine/UnityEngine.ImageConversionModule.dll"
-r:"C:/Program Files/Tuanjie/Hub/Editor/2022.3.61t14/Editor/Data/Managed/UnityEngine/UnityEngine.IMGUIModule.dll"
-r:"C:/Program Files/Tuanjie/Hub/Editor/2022.3.61t14/Editor/Data/Managed/UnityEngine/UnityEngine.InfinityModule.dll"
-r:"C:/Program Files/Tuanjie/Hub/Editor/2022.3.61t14/Editor/Data/Managed/UnityEngine/UnityEngine.InputLegacyModule.dll"
-r:"C:/Program Files/Tuanjie/Hub/Editor/2022.3.61t14/Editor/Data/Managed/UnityEngine/UnityEngine.InputModule.dll"
-r:"C:/Program Files/Tuanjie/Hub/Editor/2022.3.61t14/Editor/Data/Managed/UnityEngine/UnityEngine.JSONSerializeModule.dll"
-r:"C:/Program Files/Tuanjie/Hub/Editor/2022.3.61t14/Editor/Data/Managed/UnityEngine/UnityEngine.LocalizationModule.dll"
-r:"C:/Program Files/Tuanjie/Hub/Editor/2022.3.61t14/Editor/Data/Managed/UnityEngine/UnityEngine.NVIDIAModule.dll"
-r:"C:/Program Files/Tuanjie/Hub/Editor/2022.3.61t14/Editor/Data/Managed/UnityEngine/UnityEngine.OcclusionCullingModule.dll"
-r:"C:/Program Files/Tuanjie/Hub/Editor/2022.3.61t14/Editor/Data/Managed/UnityEngine/UnityEngine.OpenHarmonyJSModule.dll"
-r:"C:/Program Files/Tuanjie/Hub/Editor/2022.3.61t14/Editor/Data/Managed/UnityEngine/UnityEngine.ParticleSystemModule.dll"
-r:"C:/Program Files/Tuanjie/Hub/Editor/2022.3.61t14/Editor/Data/Managed/UnityEngine/UnityEngine.PerformanceReportingModule.dll"
-r:"C:/Program Files/Tuanjie/Hub/Editor/2022.3.61t14/Editor/Data/Managed/UnityEngine/UnityEngine.Physics2DModule.dll"
-r:"C:/Program Files/Tuanjie/Hub/Editor/2022.3.61t14/Editor/Data/Managed/UnityEngine/UnityEngine.PhysicsModule.dll"
-r:"C:/Program Files/Tuanjie/Hub/Editor/2022.3.61t14/Editor/Data/Managed/UnityEngine/UnityEngine.ProfilerModule.dll"
-r:"C:/Program Files/Tuanjie/Hub/Editor/2022.3.61t14/Editor/Data/Managed/UnityEngine/UnityEngine.PropertiesModule.dll"
-r:"C:/Program Files/Tuanjie/Hub/Editor/2022.3.61t14/Editor/Data/Managed/UnityEngine/UnityEngine.RuntimeInitializeOnLoadManagerInitializerModule.dll"
-r:"C:/Program Files/Tuanjie/Hub/Editor/2022.3.61t14/Editor/Data/Managed/UnityEngine/UnityEngine.ScreenCaptureModule.dll"
-r:"C:/Program Files/Tuanjie/Hub/Editor/2022.3.61t14/Editor/Data/Managed/UnityEngine/UnityEngine.SharedInternalsModule.dll"
-r:"C:/Program Files/Tuanjie/Hub/Editor/2022.3.61t14/Editor/Data/Managed/UnityEngine/UnityEngine.SpriteMaskModule.dll"
-r:"C:/Program Files/Tuanjie/Hub/Editor/2022.3.61t14/Editor/Data/Managed/UnityEngine/UnityEngine.SpriteShapeModule.dll"
-r:"C:/Program Files/Tuanjie/Hub/Editor/2022.3.61t14/Editor/Data/Managed/UnityEngine/UnityEngine.StreamingModule.dll"
-r:"C:/Program Files/Tuanjie/Hub/Editor/2022.3.61t14/Editor/Data/Managed/UnityEngine/UnityEngine.SubstanceModule.dll"
-r:"C:/Program Files/Tuanjie/Hub/Editor/2022.3.61t14/Editor/Data/Managed/UnityEngine/UnityEngine.SubsystemsModule.dll"
-r:"C:/Program Files/Tuanjie/Hub/Editor/2022.3.61t14/Editor/Data/Managed/UnityEngine/UnityEngine.TerrainModule.dll"
-r:"C:/Program Files/Tuanjie/Hub/Editor/2022.3.61t14/Editor/Data/Managed/UnityEngine/UnityEngine.TerrainPhysicsModule.dll"
-r:"C:/Program Files/Tuanjie/Hub/Editor/2022.3.61t14/Editor/Data/Managed/UnityEngine/UnityEngine.TextCoreFontEngineModule.dll"
-r:"C:/Program Files/Tuanjie/Hub/Editor/2022.3.61t14/Editor/Data/Managed/UnityEngine/UnityEngine.TextCoreTextEngineModule.dll"
-r:"C:/Program Files/Tuanjie/Hub/Editor/2022.3.61t14/Editor/Data/Managed/UnityEngine/UnityEngine.TextRenderingModule.dll"
-r:"C:/Program Files/Tuanjie/Hub/Editor/2022.3.61t14/Editor/Data/Managed/UnityEngine/UnityEngine.TextureManagerModule.dll"
-r:"C:/Program Files/Tuanjie/Hub/Editor/2022.3.61t14/Editor/Data/Managed/UnityEngine/UnityEngine.TilemapModule.dll"
-r:"C:/Program Files/Tuanjie/Hub/Editor/2022.3.61t14/Editor/Data/Managed/UnityEngine/UnityEngine.TLSModule.dll"
-r:"C:/Program Files/Tuanjie/Hub/Editor/2022.3.61t14/Editor/Data/Managed/UnityEngine/UnityEngine.UIElementsModule.dll"
-r:"C:/Program Files/Tuanjie/Hub/Editor/2022.3.61t14/Editor/Data/Managed/UnityEngine/UnityEngine.UIModule.dll"
-r:"C:/Program Files/Tuanjie/Hub/Editor/2022.3.61t14/Editor/Data/Managed/UnityEngine/UnityEngine.UmbraModule.dll"
-r:"C:/Program Files/Tuanjie/Hub/Editor/2022.3.61t14/Editor/Data/Managed/UnityEngine/UnityEngine.UnityAnalyticsCommonModule.dll"
-r:"C:/Program Files/Tuanjie/Hub/Editor/2022.3.61t14/Editor/Data/Managed/UnityEngine/UnityEngine.UnityAnalyticsModule.dll"
-r:"C:/Program Files/Tuanjie/Hub/Editor/2022.3.61t14/Editor/Data/Managed/UnityEngine/UnityEngine.UnityConnectModule.dll"
-r:"C:/Program Files/Tuanjie/Hub/Editor/2022.3.61t14/Editor/Data/Managed/UnityEngine/UnityEngine.UnityCurlModule.dll"
-r:"C:/Program Files/Tuanjie/Hub/Editor/2022.3.61t14/Editor/Data/Managed/UnityEngine/UnityEngine.UnityTestProtocolModule.dll"
-r:"C:/Program Files/Tuanjie/Hub/Editor/2022.3.61t14/Editor/Data/Managed/UnityEngine/UnityEngine.UnityWebRequestAssetBundleModule.dll"
-r:"C:/Program Files/Tuanjie/Hub/Editor/2022.3.61t14/Editor/Data/Managed/UnityEngine/UnityEngine.UnityWebRequestAudioModule.dll"
-r:"C:/Program Files/Tuanjie/Hub/Editor/2022.3.61t14/Editor/Data/Managed/UnityEngine/UnityEngine.UnityWebRequestModule.dll"
-r:"C:/Program Files/Tuanjie/Hub/Editor/2022.3.61t14/Editor/Data/Managed/UnityEngine/UnityEngine.UnityWebRequestTextureModule.dll"
-r:"C:/Program Files/Tuanjie/Hub/Editor/2022.3.61t14/Editor/Data/Managed/UnityEngine/UnityEngine.UnityWebRequestWWWModule.dll"
-r:"C:/Program Files/Tuanjie/Hub/Editor/2022.3.61t14/Editor/Data/Managed/UnityEngine/UnityEngine.VehiclesModule.dll"
-r:"C:/Program Files/Tuanjie/Hub/Editor/2022.3.61t14/Editor/Data/Managed/UnityEngine/UnityEngine.VFXModule.dll"
-r:"C:/Program Files/Tuanjie/Hub/Editor/2022.3.61t14/Editor/Data/Managed/UnityEngine/UnityEngine.VideoModule.dll"
-r:"C:/Program Files/Tuanjie/Hub/Editor/2022.3.61t14/Editor/Data/Managed/UnityEngine/UnityEngine.VirtualTexturingModule.dll"
-r:"C:/Program Files/Tuanjie/Hub/Editor/2022.3.61t14/Editor/Data/Managed/UnityEngine/UnityEngine.VRModule.dll"
-r:"C:/Program Files/Tuanjie/Hub/Editor/2022.3.61t14/Editor/Data/Managed/UnityEngine/UnityEngine.WindModule.dll"
-r:"C:/Program Files/Tuanjie/Hub/Editor/2022.3.61t14/Editor/Data/Managed/UnityEngine/UnityEngine.XRModule.dll"
-r:"C:/Program Files/Tuanjie/Hub/Editor/2022.3.61t14/Editor/Data/PlaybackEngines/WindowsStandaloneSupport/UnityEditor.WindowsStandalone.Extensions.dll"
-r:"C:/Program Files/Tuanjie/Hub/Editor/2022.3.61t14/Editor/Data/TuanjieReferenceAssemblies/tuanjie-4.8-api/Facades/Microsoft.Win32.Primitives.dll"
-r:"C:/Program Files/Tuanjie/Hub/Editor/2022.3.61t14/Editor/Data/TuanjieReferenceAssemblies/tuanjie-4.8-api/Facades/netstandard.dll"
-r:"C:/Program Files/Tuanjie/Hub/Editor/2022.3.61t14/Editor/Data/TuanjieReferenceAssemblies/tuanjie-4.8-api/Facades/System.AppContext.dll"
-r:"C:/Program Files/Tuanjie/Hub/Editor/2022.3.61t14/Editor/Data/TuanjieReferenceAssemblies/tuanjie-4.8-api/Facades/System.Buffers.dll"
-r:"C:/Program Files/Tuanjie/Hub/Editor/2022.3.61t14/Editor/Data/TuanjieReferenceAssemblies/tuanjie-4.8-api/Facades/System.Collections.Concurrent.dll"
-r:"C:/Program Files/Tuanjie/Hub/Editor/2022.3.61t14/Editor/Data/TuanjieReferenceAssemblies/tuanjie-4.8-api/Facades/System.Collections.dll"
-r:"C:/Program Files/Tuanjie/Hub/Editor/2022.3.61t14/Editor/Data/TuanjieReferenceAssemblies/tuanjie-4.8-api/Facades/System.Collections.NonGeneric.dll"
-r:"C:/Program Files/Tuanjie/Hub/Editor/2022.3.61t14/Editor/Data/TuanjieReferenceAssemblies/tuanjie-4.8-api/Facades/System.Collections.Specialized.dll"
-r:"C:/Program Files/Tuanjie/Hub/Editor/2022.3.61t14/Editor/Data/TuanjieReferenceAssemblies/tuanjie-4.8-api/Facades/System.ComponentModel.Annotations.dll"
-r:"C:/Program Files/Tuanjie/Hub/Editor/2022.3.61t14/Editor/Data/TuanjieReferenceAssemblies/tuanjie-4.8-api/Facades/System.ComponentModel.dll"
-r:"C:/Program Files/Tuanjie/Hub/Editor/2022.3.61t14/Editor/Data/TuanjieReferenceAssemblies/tuanjie-4.8-api/Facades/System.ComponentModel.EventBasedAsync.dll"
-r:"C:/Program Files/Tuanjie/Hub/Editor/2022.3.61t14/Editor/Data/TuanjieReferenceAssemblies/tuanjie-4.8-api/Facades/System.ComponentModel.Primitives.dll"
-r:"C:/Program Files/Tuanjie/Hub/Editor/2022.3.61t14/Editor/Data/TuanjieReferenceAssemblies/tuanjie-4.8-api/Facades/System.ComponentModel.TypeConverter.dll"
-r:"C:/Program Files/Tuanjie/Hub/Editor/2022.3.61t14/Editor/Data/TuanjieReferenceAssemblies/tuanjie-4.8-api/Facades/System.Console.dll"
-r:"C:/Program Files/Tuanjie/Hub/Editor/2022.3.61t14/Editor/Data/TuanjieReferenceAssemblies/tuanjie-4.8-api/Facades/System.Data.Common.dll"
-r:"C:/Program Files/Tuanjie/Hub/Editor/2022.3.61t14/Editor/Data/TuanjieReferenceAssemblies/tuanjie-4.8-api/Facades/System.Diagnostics.Contracts.dll"
-r:"C:/Program Files/Tuanjie/Hub/Editor/2022.3.61t14/Editor/Data/TuanjieReferenceAssemblies/tuanjie-4.8-api/Facades/System.Diagnostics.Debug.dll"
-r:"C:/Program Files/Tuanjie/Hub/Editor/2022.3.61t14/Editor/Data/TuanjieReferenceAssemblies/tuanjie-4.8-api/Facades/System.Diagnostics.FileVersionInfo.dll"
-r:"C:/Program Files/Tuanjie/Hub/Editor/2022.3.61t14/Editor/Data/TuanjieReferenceAssemblies/tuanjie-4.8-api/Facades/System.Diagnostics.Process.dll"
-r:"C:/Program Files/Tuanjie/Hub/Editor/2022.3.61t14/Editor/Data/TuanjieReferenceAssemblies/tuanjie-4.8-api/Facades/System.Diagnostics.StackTrace.dll"
-r:"C:/Program Files/Tuanjie/Hub/Editor/2022.3.61t14/Editor/Data/TuanjieReferenceAssemblies/tuanjie-4.8-api/Facades/System.Diagnostics.TextWriterTraceListener.dll"
-r:"C:/Program Files/Tuanjie/Hub/Editor/2022.3.61t14/Editor/Data/TuanjieReferenceAssemblies/tuanjie-4.8-api/Facades/System.Diagnostics.Tools.dll"
-r:"C:/Program Files/Tuanjie/Hub/Editor/2022.3.61t14/Editor/Data/TuanjieReferenceAssemblies/tuanjie-4.8-api/Facades/System.Diagnostics.TraceSource.dll"
-r:"C:/Program Files/Tuanjie/Hub/Editor/2022.3.61t14/Editor/Data/TuanjieReferenceAssemblies/tuanjie-4.8-api/Facades/System.Drawing.Primitives.dll"
-r:"C:/Program Files/Tuanjie/Hub/Editor/2022.3.61t14/Editor/Data/TuanjieReferenceAssemblies/tuanjie-4.8-api/Facades/System.Dynamic.Runtime.dll"
-r:"C:/Program Files/Tuanjie/Hub/Editor/2022.3.61t14/Editor/Data/TuanjieReferenceAssemblies/tuanjie-4.8-api/Facades/System.Globalization.Calendars.dll"
-r:"C:/Program Files/Tuanjie/Hub/Editor/2022.3.61t14/Editor/Data/TuanjieReferenceAssemblies/tuanjie-4.8-api/Facades/System.Globalization.dll"
-r:"C:/Program Files/Tuanjie/Hub/Editor/2022.3.61t14/Editor/Data/TuanjieReferenceAssemblies/tuanjie-4.8-api/Facades/System.Globalization.Extensions.dll"
-r:"C:/Program Files/Tuanjie/Hub/Editor/2022.3.61t14/Editor/Data/TuanjieReferenceAssemblies/tuanjie-4.8-api/Facades/System.IO.Compression.ZipFile.dll"
-r:"C:/Program Files/Tuanjie/Hub/Editor/2022.3.61t14/Editor/Data/TuanjieReferenceAssemblies/tuanjie-4.8-api/Facades/System.IO.dll"
-r:"C:/Program Files/Tuanjie/Hub/Editor/2022.3.61t14/Editor/Data/TuanjieReferenceAssemblies/tuanjie-4.8-api/Facades/System.IO.FileSystem.dll"
-r:"C:/Program Files/Tuanjie/Hub/Editor/2022.3.61t14/Editor/Data/TuanjieReferenceAssemblies/tuanjie-4.8-api/Facades/System.IO.FileSystem.DriveInfo.dll"
-r:"C:/Program Files/Tuanjie/Hub/Editor/2022.3.61t14/Editor/Data/TuanjieReferenceAssemblies/tuanjie-4.8-api/Facades/System.IO.FileSystem.Primitives.dll"
-r:"C:/Program Files/Tuanjie/Hub/Editor/2022.3.61t14/Editor/Data/TuanjieReferenceAssemblies/tuanjie-4.8-api/Facades/System.IO.FileSystem.Watcher.dll"
-r:"C:/Program Files/Tuanjie/Hub/Editor/2022.3.61t14/Editor/Data/TuanjieReferenceAssemblies/tuanjie-4.8-api/Facades/System.IO.IsolatedStorage.dll"
-r:"C:/Program Files/Tuanjie/Hub/Editor/2022.3.61t14/Editor/Data/TuanjieReferenceAssemblies/tuanjie-4.8-api/Facades/System.IO.MemoryMappedFiles.dll"
-r:"C:/Program Files/Tuanjie/Hub/Editor/2022.3.61t14/Editor/Data/TuanjieReferenceAssemblies/tuanjie-4.8-api/Facades/System.IO.Pipes.dll"
-r:"C:/Program Files/Tuanjie/Hub/Editor/2022.3.61t14/Editor/Data/TuanjieReferenceAssemblies/tuanjie-4.8-api/Facades/System.IO.UnmanagedMemoryStream.dll"
-r:"C:/Program Files/Tuanjie/Hub/Editor/2022.3.61t14/Editor/Data/TuanjieReferenceAssemblies/tuanjie-4.8-api/Facades/System.Linq.dll"
-r:"C:/Program Files/Tuanjie/Hub/Editor/2022.3.61t14/Editor/Data/TuanjieReferenceAssemblies/tuanjie-4.8-api/Facades/System.Linq.Expressions.dll"
-r:"C:/Program Files/Tuanjie/Hub/Editor/2022.3.61t14/Editor/Data/TuanjieReferenceAssemblies/tuanjie-4.8-api/Facades/System.Linq.Parallel.dll"
-r:"C:/Program Files/Tuanjie/Hub/Editor/2022.3.61t14/Editor/Data/TuanjieReferenceAssemblies/tuanjie-4.8-api/Facades/System.Linq.Queryable.dll"
-r:"C:/Program Files/Tuanjie/Hub/Editor/2022.3.61t14/Editor/Data/TuanjieReferenceAssemblies/tuanjie-4.8-api/Facades/System.Memory.dll"
-r:"C:/Program Files/Tuanjie/Hub/Editor/2022.3.61t14/Editor/Data/TuanjieReferenceAssemblies/tuanjie-4.8-api/Facades/System.Net.Http.Rtc.dll"
-r:"C:/Program Files/Tuanjie/Hub/Editor/2022.3.61t14/Editor/Data/TuanjieReferenceAssemblies/tuanjie-4.8-api/Facades/System.Net.NameResolution.dll"
-r:"C:/Program Files/Tuanjie/Hub/Editor/2022.3.61t14/Editor/Data/TuanjieReferenceAssemblies/tuanjie-4.8-api/Facades/System.Net.NetworkInformation.dll"
-r:"C:/Program Files/Tuanjie/Hub/Editor/2022.3.61t14/Editor/Data/TuanjieReferenceAssemblies/tuanjie-4.8-api/Facades/System.Net.Ping.dll"
-r:"C:/Program Files/Tuanjie/Hub/Editor/2022.3.61t14/Editor/Data/TuanjieReferenceAssemblies/tuanjie-4.8-api/Facades/System.Net.Primitives.dll"
-r:"C:/Program Files/Tuanjie/Hub/Editor/2022.3.61t14/Editor/Data/TuanjieReferenceAssemblies/tuanjie-4.8-api/Facades/System.Net.Requests.dll"
-r:"C:/Program Files/Tuanjie/Hub/Editor/2022.3.61t14/Editor/Data/TuanjieReferenceAssemblies/tuanjie-4.8-api/Facades/System.Net.Security.dll"
-r:"C:/Program Files/Tuanjie/Hub/Editor/2022.3.61t14/Editor/Data/TuanjieReferenceAssemblies/tuanjie-4.8-api/Facades/System.Net.Sockets.dll"
-r:"C:/Program Files/Tuanjie/Hub/Editor/2022.3.61t14/Editor/Data/TuanjieReferenceAssemblies/tuanjie-4.8-api/Facades/System.Net.WebHeaderCollection.dll"
-r:"C:/Program Files/Tuanjie/Hub/Editor/2022.3.61t14/Editor/Data/TuanjieReferenceAssemblies/tuanjie-4.8-api/Facades/System.Net.WebSockets.Client.dll"
-r:"C:/Program Files/Tuanjie/Hub/Editor/2022.3.61t14/Editor/Data/TuanjieReferenceAssemblies/tuanjie-4.8-api/Facades/System.Net.WebSockets.dll"
-r:"C:/Program Files/Tuanjie/Hub/Editor/2022.3.61t14/Editor/Data/TuanjieReferenceAssemblies/tuanjie-4.8-api/Facades/System.ObjectModel.dll"
-r:"C:/Program Files/Tuanjie/Hub/Editor/2022.3.61t14/Editor/Data/TuanjieReferenceAssemblies/tuanjie-4.8-api/Facades/System.Reflection.DispatchProxy.dll"
-r:"C:/Program Files/Tuanjie/Hub/Editor/2022.3.61t14/Editor/Data/TuanjieReferenceAssemblies/tuanjie-4.8-api/Facades/System.Reflection.dll"
-r:"C:/Program Files/Tuanjie/Hub/Editor/2022.3.61t14/Editor/Data/TuanjieReferenceAssemblies/tuanjie-4.8-api/Facades/System.Reflection.Emit.dll"
-r:"C:/Program Files/Tuanjie/Hub/Editor/2022.3.61t14/Editor/Data/TuanjieReferenceAssemblies/tuanjie-4.8-api/Facades/System.Reflection.Emit.ILGeneration.dll"
-r:"C:/Program Files/Tuanjie/Hub/Editor/2022.3.61t14/Editor/Data/TuanjieReferenceAssemblies/tuanjie-4.8-api/Facades/System.Reflection.Emit.Lightweight.dll"
-r:"C:/Program Files/Tuanjie/Hub/Editor/2022.3.61t14/Editor/Data/TuanjieReferenceAssemblies/tuanjie-4.8-api/Facades/System.Reflection.Extensions.dll"
-r:"C:/Program Files/Tuanjie/Hub/Editor/2022.3.61t14/Editor/Data/TuanjieReferenceAssemblies/tuanjie-4.8-api/Facades/System.Reflection.Primitives.dll"
-r:"C:/Program Files/Tuanjie/Hub/Editor/2022.3.61t14/Editor/Data/TuanjieReferenceAssemblies/tuanjie-4.8-api/Facades/System.Resources.Reader.dll"
-r:"C:/Program Files/Tuanjie/Hub/Editor/2022.3.61t14/Editor/Data/TuanjieReferenceAssemblies/tuanjie-4.8-api/Facades/System.Resources.ResourceManager.dll"
-r:"C:/Program Files/Tuanjie/Hub/Editor/2022.3.61t14/Editor/Data/TuanjieReferenceAssemblies/tuanjie-4.8-api/Facades/System.Resources.Writer.dll"
-r:"C:/Program Files/Tuanjie/Hub/Editor/2022.3.61t14/Editor/Data/TuanjieReferenceAssemblies/tuanjie-4.8-api/Facades/System.Runtime.CompilerServices.VisualC.dll"
-r:"C:/Program Files/Tuanjie/Hub/Editor/2022.3.61t14/Editor/Data/TuanjieReferenceAssemblies/tuanjie-4.8-api/Facades/System.Runtime.dll"
-r:"C:/Program Files/Tuanjie/Hub/Editor/2022.3.61t14/Editor/Data/TuanjieReferenceAssemblies/tuanjie-4.8-api/Facades/System.Runtime.Extensions.dll"
-r:"C:/Program Files/Tuanjie/Hub/Editor/2022.3.61t14/Editor/Data/TuanjieReferenceAssemblies/tuanjie-4.8-api/Facades/System.Runtime.Handles.dll"
-r:"C:/Program Files/Tuanjie/Hub/Editor/2022.3.61t14/Editor/Data/TuanjieReferenceAssemblies/tuanjie-4.8-api/Facades/System.Runtime.InteropServices.dll"
-r:"C:/Program Files/Tuanjie/Hub/Editor/2022.3.61t14/Editor/Data/TuanjieReferenceAssemblies/tuanjie-4.8-api/Facades/System.Runtime.InteropServices.RuntimeInformation.dll"
-r:"C:/Program Files/Tuanjie/Hub/Editor/2022.3.61t14/Editor/Data/TuanjieReferenceAssemblies/tuanjie-4.8-api/Facades/System.Runtime.InteropServices.WindowsRuntime.dll"
-r:"C:/Program Files/Tuanjie/Hub/Editor/2022.3.61t14/Editor/Data/TuanjieReferenceAssemblies/tuanjie-4.8-api/Facades/System.Runtime.Numerics.dll"
-r:"C:/Program Files/Tuanjie/Hub/Editor/2022.3.61t14/Editor/Data/TuanjieReferenceAssemblies/tuanjie-4.8-api/Facades/System.Runtime.Serialization.Formatters.dll"
-r:"C:/Program Files/Tuanjie/Hub/Editor/2022.3.61t14/Editor/Data/TuanjieReferenceAssemblies/tuanjie-4.8-api/Facades/System.Runtime.Serialization.Json.dll"
-r:"C:/Program Files/Tuanjie/Hub/Editor/2022.3.61t14/Editor/Data/TuanjieReferenceAssemblies/tuanjie-4.8-api/Facades/System.Runtime.Serialization.Primitives.dll"
-r:"C:/Program Files/Tuanjie/Hub/Editor/2022.3.61t14/Editor/Data/TuanjieReferenceAssemblies/tuanjie-4.8-api/Facades/System.Runtime.Serialization.Xml.dll"
-r:"C:/Program Files/Tuanjie/Hub/Editor/2022.3.61t14/Editor/Data/TuanjieReferenceAssemblies/tuanjie-4.8-api/Facades/System.Security.Claims.dll"
-r:"C:/Program Files/Tuanjie/Hub/Editor/2022.3.61t14/Editor/Data/TuanjieReferenceAssemblies/tuanjie-4.8-api/Facades/System.Security.Cryptography.Algorithms.dll"
-r:"C:/Program Files/Tuanjie/Hub/Editor/2022.3.61t14/Editor/Data/TuanjieReferenceAssemblies/tuanjie-4.8-api/Facades/System.Security.Cryptography.Csp.dll"
-r:"C:/Program Files/Tuanjie/Hub/Editor/2022.3.61t14/Editor/Data/TuanjieReferenceAssemblies/tuanjie-4.8-api/Facades/System.Security.Cryptography.Encoding.dll"
-r:"C:/Program Files/Tuanjie/Hub/Editor/2022.3.61t14/Editor/Data/TuanjieReferenceAssemblies/tuanjie-4.8-api/Facades/System.Security.Cryptography.Primitives.dll"
-r:"C:/Program Files/Tuanjie/Hub/Editor/2022.3.61t14/Editor/Data/TuanjieReferenceAssemblies/tuanjie-4.8-api/Facades/System.Security.Cryptography.X509Certificates.dll"
-r:"C:/Program Files/Tuanjie/Hub/Editor/2022.3.61t14/Editor/Data/TuanjieReferenceAssemblies/tuanjie-4.8-api/Facades/System.Security.Principal.dll"
-r:"C:/Program Files/Tuanjie/Hub/Editor/2022.3.61t14/Editor/Data/TuanjieReferenceAssemblies/tuanjie-4.8-api/Facades/System.Security.SecureString.dll"
-r:"C:/Program Files/Tuanjie/Hub/Editor/2022.3.61t14/Editor/Data/TuanjieReferenceAssemblies/tuanjie-4.8-api/Facades/System.ServiceModel.Duplex.dll"
-r:"C:/Program Files/Tuanjie/Hub/Editor/2022.3.61t14/Editor/Data/TuanjieReferenceAssemblies/tuanjie-4.8-api/Facades/System.ServiceModel.Http.dll"
-r:"C:/Program Files/Tuanjie/Hub/Editor/2022.3.61t14/Editor/Data/TuanjieReferenceAssemblies/tuanjie-4.8-api/Facades/System.ServiceModel.NetTcp.dll"
-r:"C:/Program Files/Tuanjie/Hub/Editor/2022.3.61t14/Editor/Data/TuanjieReferenceAssemblies/tuanjie-4.8-api/Facades/System.ServiceModel.Primitives.dll"
-r:"C:/Program Files/Tuanjie/Hub/Editor/2022.3.61t14/Editor/Data/TuanjieReferenceAssemblies/tuanjie-4.8-api/Facades/System.ServiceModel.Security.dll"
-r:"C:/Program Files/Tuanjie/Hub/Editor/2022.3.61t14/Editor/Data/TuanjieReferenceAssemblies/tuanjie-4.8-api/Facades/System.Text.Encoding.dll"
-r:"C:/Program Files/Tuanjie/Hub/Editor/2022.3.61t14/Editor/Data/TuanjieReferenceAssemblies/tuanjie-4.8-api/Facades/System.Text.Encoding.Extensions.dll"
-r:"C:/Program Files/Tuanjie/Hub/Editor/2022.3.61t14/Editor/Data/TuanjieReferenceAssemblies/tuanjie-4.8-api/Facades/System.Text.RegularExpressions.dll"
-r:"C:/Program Files/Tuanjie/Hub/Editor/2022.3.61t14/Editor/Data/TuanjieReferenceAssemblies/tuanjie-4.8-api/Facades/System.Threading.dll"
-r:"C:/Program Files/Tuanjie/Hub/Editor/2022.3.61t14/Editor/Data/TuanjieReferenceAssemblies/tuanjie-4.8-api/Facades/System.Threading.Overlapped.dll"
-r:"C:/Program Files/Tuanjie/Hub/Editor/2022.3.61t14/Editor/Data/TuanjieReferenceAssemblies/tuanjie-4.8-api/Facades/System.Threading.Tasks.dll"
-r:"C:/Program Files/Tuanjie/Hub/Editor/2022.3.61t14/Editor/Data/TuanjieReferenceAssemblies/tuanjie-4.8-api/Facades/System.Threading.Tasks.Extensions.dll"
-r:"C:/Program Files/Tuanjie/Hub/Editor/2022.3.61t14/Editor/Data/TuanjieReferenceAssemblies/tuanjie-4.8-api/Facades/System.Threading.Tasks.Parallel.dll"
-r:"C:/Program Files/Tuanjie/Hub/Editor/2022.3.61t14/Editor/Data/TuanjieReferenceAssemblies/tuanjie-4.8-api/Facades/System.Threading.Thread.dll"
-r:"C:/Program Files/Tuanjie/Hub/Editor/2022.3.61t14/Editor/Data/TuanjieReferenceAssemblies/tuanjie-4.8-api/Facades/System.Threading.ThreadPool.dll"
-r:"C:/Program Files/Tuanjie/Hub/Editor/2022.3.61t14/Editor/Data/TuanjieReferenceAssemblies/tuanjie-4.8-api/Facades/System.Threading.Timer.dll"
-r:"C:/Program Files/Tuanjie/Hub/Editor/2022.3.61t14/Editor/Data/TuanjieReferenceAssemblies/tuanjie-4.8-api/Facades/System.ValueTuple.dll"
-r:"C:/Program Files/Tuanjie/Hub/Editor/2022.3.61t14/Editor/Data/TuanjieReferenceAssemblies/tuanjie-4.8-api/Facades/System.Xml.ReaderWriter.dll"
-r:"C:/Program Files/Tuanjie/Hub/Editor/2022.3.61t14/Editor/Data/TuanjieReferenceAssemblies/tuanjie-4.8-api/Facades/System.Xml.XDocument.dll"
-r:"C:/Program Files/Tuanjie/Hub/Editor/2022.3.61t14/Editor/Data/TuanjieReferenceAssemblies/tuanjie-4.8-api/Facades/System.Xml.XmlDocument.dll"
-r:"C:/Program Files/Tuanjie/Hub/Editor/2022.3.61t14/Editor/Data/TuanjieReferenceAssemblies/tuanjie-4.8-api/Facades/System.Xml.XmlSerializer.dll"
-r:"C:/Program Files/Tuanjie/Hub/Editor/2022.3.61t14/Editor/Data/TuanjieReferenceAssemblies/tuanjie-4.8-api/Facades/System.Xml.XPath.dll"
-r:"C:/Program Files/Tuanjie/Hub/Editor/2022.3.61t14/Editor/Data/TuanjieReferenceAssemblies/tuanjie-4.8-api/Facades/System.Xml.XPath.XDocument.dll"
-r:"C:/Program Files/Tuanjie/Hub/Editor/2022.3.61t14/Editor/Data/TuanjieReferenceAssemblies/tuanjie-4.8-api/Microsoft.CSharp.dll"
-r:"C:/Program Files/Tuanjie/Hub/Editor/2022.3.61t14/Editor/Data/TuanjieReferenceAssemblies/tuanjie-4.8-api/mscorlib.dll"
-r:"C:/Program Files/Tuanjie/Hub/Editor/2022.3.61t14/Editor/Data/TuanjieReferenceAssemblies/tuanjie-4.8-api/System.ComponentModel.Composition.dll"
-r:"C:/Program Files/Tuanjie/Hub/Editor/2022.3.61t14/Editor/Data/TuanjieReferenceAssemblies/tuanjie-4.8-api/System.Core.dll"
-r:"C:/Program Files/Tuanjie/Hub/Editor/2022.3.61t14/Editor/Data/TuanjieReferenceAssemblies/tuanjie-4.8-api/System.Data.DataSetExtensions.dll"
-r:"C:/Program Files/Tuanjie/Hub/Editor/2022.3.61t14/Editor/Data/TuanjieReferenceAssemblies/tuanjie-4.8-api/System.Data.dll"
-r:"C:/Program Files/Tuanjie/Hub/Editor/2022.3.61t14/Editor/Data/TuanjieReferenceAssemblies/tuanjie-4.8-api/System.dll"
-r:"C:/Program Files/Tuanjie/Hub/Editor/2022.3.61t14/Editor/Data/TuanjieReferenceAssemblies/tuanjie-4.8-api/System.Drawing.dll"
-r:"C:/Program Files/Tuanjie/Hub/Editor/2022.3.61t14/Editor/Data/TuanjieReferenceAssemblies/tuanjie-4.8-api/System.IO.Compression.dll"
-r:"C:/Program Files/Tuanjie/Hub/Editor/2022.3.61t14/Editor/Data/TuanjieReferenceAssemblies/tuanjie-4.8-api/System.IO.Compression.FileSystem.dll"
-r:"C:/Program Files/Tuanjie/Hub/Editor/2022.3.61t14/Editor/Data/TuanjieReferenceAssemblies/tuanjie-4.8-api/System.Net.Http.dll"
-r:"C:/Program Files/Tuanjie/Hub/Editor/2022.3.61t14/Editor/Data/TuanjieReferenceAssemblies/tuanjie-4.8-api/System.Numerics.dll"
-r:"C:/Program Files/Tuanjie/Hub/Editor/2022.3.61t14/Editor/Data/TuanjieReferenceAssemblies/tuanjie-4.8-api/System.Numerics.Vectors.dll"
-r:"C:/Program Files/Tuanjie/Hub/Editor/2022.3.61t14/Editor/Data/TuanjieReferenceAssemblies/tuanjie-4.8-api/System.Runtime.Serialization.dll"
-r:"C:/Program Files/Tuanjie/Hub/Editor/2022.3.61t14/Editor/Data/TuanjieReferenceAssemblies/tuanjie-4.8-api/System.Transactions.dll"
-r:"C:/Program Files/Tuanjie/Hub/Editor/2022.3.61t14/Editor/Data/TuanjieReferenceAssemblies/tuanjie-4.8-api/System.Xml.dll"
-r:"C:/Program Files/Tuanjie/Hub/Editor/2022.3.61t14/Editor/Data/TuanjieReferenceAssemblies/tuanjie-4.8-api/System.Xml.Linq.dll"
-analyzer:"C:/Program Files/Tuanjie/Hub/Editor/2022.3.61t14/Editor/Data/Tools/Unity.SourceGenerators/Unity.Properties.SourceGenerator.dll"
-analyzer:"C:/Program Files/Tuanjie/Hub/Editor/2022.3.61t14/Editor/Data/Tools/Unity.SourceGenerators/Unity.SourceGenerators.dll"
"Library/PackageCache/com.unity.2d.sprite@1.0.0/Editor/AssemblyInfo.cs"
"Library/PackageCache/com.unity.2d.sprite@1.0.0/Editor/Interface/IAssetDatabase.cs"
"Library/PackageCache/com.unity.2d.sprite@1.0.0/Editor/Interface/IEvent.cs"
"Library/PackageCache/com.unity.2d.sprite@1.0.0/Editor/Interface/IGL.cs"
"Library/PackageCache/com.unity.2d.sprite@1.0.0/Editor/Interface/IGUIUtility.cs"
"Library/PackageCache/com.unity.2d.sprite@1.0.0/Editor/Interface/IHandles.cs"
"Library/PackageCache/com.unity.2d.sprite@1.0.0/Editor/Interface/ISpriteEditorDataProvider.cs"
"Library/PackageCache/com.unity.2d.sprite@1.0.0/Editor/Interface/ITexture.cs"
"Library/PackageCache/com.unity.2d.sprite@1.0.0/Editor/Interface/IUndoSystem.cs"
"Library/PackageCache/com.unity.2d.sprite@1.0.0/Editor/ObjectMenuCreation/ItemCreationUtility.cs"
"Library/PackageCache/com.unity.2d.sprite@1.0.0/Editor/ObjectMenuCreation/MenuItems.cs"
"Library/PackageCache/com.unity.2d.sprite@1.0.0/Editor/ShapeEditor/ShapeEditor.cs"
"Library/PackageCache/com.unity.2d.sprite@1.0.0/Editor/ShapeEditor/ShapeEditorRectSelection.cs"
"Library/PackageCache/com.unity.2d.sprite@1.0.0/Editor/SpriteEditor/SpriteEditorHandles.cs"
"Library/PackageCache/com.unity.2d.sprite@1.0.0/Editor/SpriteEditor/SpriteEditorMenu.cs"
"Library/PackageCache/com.unity.2d.sprite@1.0.0/Editor/SpriteEditor/SpriteEditorUtility.cs"
"Library/PackageCache/com.unity.2d.sprite@1.0.0/Editor/SpriteEditor/SpriteEditorWindow.cs"
"Library/PackageCache/com.unity.2d.sprite@1.0.0/Editor/SpriteEditor/SpriteEditorWindowSettings.cs"
"Library/PackageCache/com.unity.2d.sprite@1.0.0/Editor/SpriteEditor/SpriteNameFileIdPair.cs"
"Library/PackageCache/com.unity.2d.sprite@1.0.0/Editor/SpriteEditor/SpriteRect.cs"
"Library/PackageCache/com.unity.2d.sprite@1.0.0/Editor/SpriteEditor/SpriteUtilityWindow.cs"
"Library/PackageCache/com.unity.2d.sprite@1.0.0/Editor/SpriteEditorModule/ISpriteEditorModule.cs"
"Library/PackageCache/com.unity.2d.sprite@1.0.0/Editor/SpriteEditorModule/SpriteEditorData.cs"
"Library/PackageCache/com.unity.2d.sprite@1.0.0/Editor/SpriteEditorModule/SpriteFrameModule/DefaultSpriteNameFileIdDataProvider.cs"
"Library/PackageCache/com.unity.2d.sprite@1.0.0/Editor/SpriteEditorModule/SpriteFrameModule/SpriteFrameModule.cs"
"Library/PackageCache/com.unity.2d.sprite@1.0.0/Editor/SpriteEditorModule/SpriteFrameModule/SpriteFrameModuleBase.cs"
"Library/PackageCache/com.unity.2d.sprite@1.0.0/Editor/SpriteEditorModule/SpriteFrameModule/SpriteFrameModuleBaseView.cs"
"Library/PackageCache/com.unity.2d.sprite@1.0.0/Editor/SpriteEditorModule/SpriteFrameModule/SpriteFrameModuleView.cs"
"Library/PackageCache/com.unity.2d.sprite@1.0.0/Editor/SpriteEditorModule/SpriteFrameModule/SpritePolygonModeModule.cs"
"Library/PackageCache/com.unity.2d.sprite@1.0.0/Editor/SpriteEditorModule/SpriteFrameModule/SpritePolygonModeModuleView.cs"
"Library/PackageCache/com.unity.2d.sprite@1.0.0/Editor/SpriteEditorModule/SpriteOutlineModule.cs"
"Library/PackageCache/com.unity.2d.sprite@1.0.0/Editor/SpriteEditorModule/SpritePhysicsShapeModule.cs"
"Library/PackageCache/com.unity.2d.sprite@1.0.0/Editor/SpriteEditorModule/SpriteSecondaryTexturesModule.cs"
"Library/PackageCache/com.unity.2d.sprite@1.0.0/Editor/SpriteEditorModule/TextureImporterDataProvider.cs"
"Library/PackageCache/com.unity.2d.sprite@1.0.0/Editor/SpriteEditorModule/TextureImporterDataProviderImplementation.cs"
-langversion:9.0
/unsafe+
/deterministic
/optimize+
/debug:portable
/nologo
/RuntimeMetadataVersion:v4.0.30319
/nowarn:0169
/nowarn:0649
/nowarn:0282
/nowarn:1701
/nowarn:1702
/utf8output
/preferreduilang:en-US
-warn:0
/additionalfile:"Library/Bee/artifacts/1900b0aE.dag/Unity.2D.Sprite.Editor.UnityAdditionalFile.txt"
##### Custom Environment Variables
DOTNET_MULTILEVEL_LOOKUP=0
##### ExitCode
1
##### Output
error CS2001: Source file 'D:\game\LoveQiE-without2DToolkit\Library/PackageCache/com.unity.2d.sprite@1.0.0/Editor/Interface/ITexture.cs' could not be found.

error CS2001: Source file 'D:\game\LoveQiE-without2DToolkit\Library/PackageCache/com.unity.2d.sprite@1.0.0/Editor/Interface/ISpriteEditorDataProvider.cs' could not be found.

error CS2001: Source file 'D:\game\LoveQiE-without2DToolkit\Library/PackageCache/com.unity.2d.sprite@1.0.0/Editor/Interface/IUndoSystem.cs' could not be found.

error CS2001: Source file 'D:\game\LoveQiE-without2DToolkit\Library/PackageCache/com.unity.2d.sprite@1.0.0/Editor/Interface/IGUIUtility.cs' could not be found.

error CS2001: Source file 'D:\game\LoveQiE-without2DToolkit\Library/PackageCache/com.unity.2d.sprite@1.0.0/Editor/AssemblyInfo.cs' could not be found.

error CS2001: Source file 'D:\game\LoveQiE-without2DToolkit\Library/PackageCache/com.unity.2d.sprite@1.0.0/Editor/Interface/IHandles.cs' could not be found.

error CS2001: Source file 'D:\game\LoveQiE-without2DToolkit\Library/PackageCache/com.unity.2d.sprite@1.0.0/Editor/Interface/IGL.cs' could not be found.

error CS2001: Source file 'D:\game\LoveQiE-without2DToolkit\Library/PackageCache/com.unity.2d.sprite@1.0.0/Editor/ObjectMenuCreation/ItemCreationUtility.cs' could not be found.

error CS2001: Source file 'D:\game\LoveQiE-without2DToolkit\Library/PackageCache/com.unity.2d.sprite@1.0.0/Editor/Interface/IAssetDatabase.cs' could not be found.

error CS2001: Source file 'D:\game\LoveQiE-without2DToolkit\Library/PackageCache/com.unity.2d.sprite@1.0.0/Editor/Interface/IEvent.cs' could not be found.

error CS2001: Source file 'D:\game\LoveQiE-without2DToolkit\Library/PackageCache/com.unity.2d.sprite@1.0.0/Editor/ObjectMenuCreation/MenuItems.cs' could not be found.

error CS2001: Source file 'D:\game\LoveQiE-without2DToolkit\Library/PackageCache/com.unity.2d.sprite@1.0.0/Editor/ShapeEditor/ShapeEditor.cs' could not be found.

error CS2001: Source file 'D:\game\LoveQiE-without2DToolkit\Library/PackageCache/com.unity.2d.sprite@1.0.0/Editor/SpriteEditor/SpriteEditorWindowSettings.cs' could not be found.

error CS2001: Source file 'D:\game\LoveQiE-without2DToolkit\Library/PackageCache/com.unity.2d.sprite@1.0.0/Editor/SpriteEditor/SpriteEditorUtility.cs' could not be found.

error CS2001: Source file 'D:\game\LoveQiE-without2DToolkit\Library/PackageCache/com.unity.2d.sprite@1.0.0/Editor/SpriteEditor/SpriteEditorHandles.cs' could not be found.

error CS2001: Source file 'D:\game\LoveQiE-without2DToolkit\Library/PackageCache/com.unity.2d.sprite@1.0.0/Editor/ShapeEditor/ShapeEditorRectSelection.cs' could not be found.

error CS2001: Source file 'D:\game\LoveQiE-without2DToolkit\Library/PackageCache/com.unity.2d.sprite@1.0.0/Editor/SpriteEditor/SpriteEditorMenu.cs' could not be found.

error CS2001: Source file 'D:\game\LoveQiE-without2DToolkit\Library/PackageCache/com.unity.2d.sprite@1.0.0/Editor/SpriteEditor/SpriteEditorWindow.cs' could not be found.

error CS2001: Source file 'D:\game\LoveQiE-without2DToolkit\Library/PackageCache/com.unity.2d.sprite@1.0.0/Editor/SpriteEditor/SpriteNameFileIdPair.cs' could not be found.

error CS2001: Source file 'D:\game\LoveQiE-without2DToolkit\Library/PackageCache/com.unity.2d.sprite@1.0.0/Editor/SpriteEditor/SpriteRect.cs' could not be found.

error CS2001: Source file 'D:\game\LoveQiE-without2DToolkit\Library/PackageCache/com.unity.2d.sprite@1.0.0/Editor/SpriteEditor/SpriteUtilityWindow.cs' could not be found.

error CS2001: Source file 'D:\game\LoveQiE-without2DToolkit\Library/PackageCache/com.unity.2d.sprite@1.0.0/Editor/SpriteEditorModule/ISpriteEditorModule.cs' could not be found.

error CS2001: Source file 'D:\game\LoveQiE-without2DToolkit\Library/PackageCache/com.unity.2d.sprite@1.0.0/Editor/SpriteEditorModule/SpriteEditorData.cs' could not be found.

error CS2001: Source file 'D:\game\LoveQiE-without2DToolkit\Library/PackageCache/com.unity.2d.sprite@1.0.0/Editor/SpriteEditorModule/SpriteFrameModule/DefaultSpriteNameFileIdDataProvider.cs' could not be found.

error CS2001: Source file 'D:\game\LoveQiE-without2DToolkit\Library/PackageCache/com.unity.2d.sprite@1.0.0/Editor/SpriteEditorModule/SpriteFrameModule/SpriteFrameModule.cs' could not be found.

error CS2001: Source file 'D:\game\LoveQiE-without2DToolkit\Library/PackageCache/com.unity.2d.sprite@1.0.0/Editor/SpriteEditorModule/SpriteFrameModule/SpriteFrameModuleBase.cs' could not be found.

error CS2001: Source file 'D:\game\LoveQiE-without2DToolkit\Library/PackageCache/com.unity.2d.sprite@1.0.0/Editor/SpriteEditorModule/SpriteFrameModule/SpriteFrameModuleBaseView.cs' could not be found.

error CS2001: Source file 'D:\game\LoveQiE-without2DToolkit\Library/PackageCache/com.unity.2d.sprite@1.0.0/Editor/SpriteEditorModule/SpriteFrameModule/SpriteFrameModuleView.cs' could not be found.

error CS2001: Source file 'D:\game\LoveQiE-without2DToolkit\Library/PackageCache/com.unity.2d.sprite@1.0.0/Editor/SpriteEditorModule/SpriteFrameModule/SpritePolygonModeModule.cs' could not be found.

error CS2001: Source file 'D:\game\LoveQiE-without2DToolkit\Library/PackageCache/com.unity.2d.sprite@1.0.0/Editor/SpriteEditorModule/SpriteFrameModule/SpritePolygonModeModuleView.cs' could not be found.

error CS2001: Source file 'D:\game\LoveQiE-without2DToolkit\Library/PackageCache/com.unity.2d.sprite@1.0.0/Editor/SpriteEditorModule/SpriteOutlineModule.cs' could not be found.

error CS2001: Source file 'D:\game\LoveQiE-without2DToolkit\Library/PackageCache/com.unity.2d.sprite@1.0.0/Editor/SpriteEditorModule/SpritePhysicsShapeModule.cs' could not be found.

error CS2001: Source file 'D:\game\LoveQiE-without2DToolkit\Library/PackageCache/com.unity.2d.sprite@1.0.0/Editor/SpriteEditorModule/SpriteSecondaryTexturesModule.cs' could not be found.

error CS2001: Source file 'D:\game\LoveQiE-without2DToolkit\Library/PackageCache/com.unity.2d.sprite@1.0.0/Editor/SpriteEditorModule/TextureImporterDataProviderImplementation.cs' could not be found.

error CS2001: Source file 'D:\game\LoveQiE-without2DToolkit\Library/PackageCache/com.unity.2d.sprite@1.0.0/Editor/SpriteEditorModule/TextureImporterDataProvider.cs' could not be found.
[113/128    0s] Csc Library/Bee/artifacts/1900b0aE.dag/Unity.2D.Tilemap.Editor.dll (+2 others)
##### CommandLine
"C:\Program Files\Tuanjie\Hub\Editor\2022.3.61t14\Editor\Data\NetCoreRuntime\dotnet.exe" exec "C:/Program Files/Tuanjie/Hub/Editor/2022.3.61t14/Editor/Data/DotNetSdkRoslyn/csc.dll" /nostdlib /noconfig /shared "@Library/Bee/artifacts/1900b0aE.dag/Unity.2D.Tilemap.Editor.rsp" "@Library/Bee/artifacts/1900b0aE.dag/Unity.2D.Tilemap.Editor.rsp2"
##### Contents of Library\Bee\artifacts\1900b0aE.dag\Unity.2D.Tilemap.Editor.rsp
-target:library
-out:"Library/Bee/artifacts/1900b0aE.dag/Unity.2D.Tilemap.Editor.dll"
-refout:"Library/Bee/artifacts/1900b0aE.dag/Unity.2D.Tilemap.Editor.ref.dll"
-define:UNITY_2022_3_61
-define:UNITY_2022_3
-define:UNITY_2022
-define:TUANJIE_1_6_13
-define:TUANJIE_1_6
-define:TUANJIE_1
-define:UNITY_5_3_OR_NEWER
-define:UNITY_5_4_OR_NEWER
-define:UNITY_5_5_OR_NEWER
-define:UNITY_5_6_OR_NEWER
-define:UNITY_2017_1_OR_NEWER
-define:UNITY_2017_2_OR_NEWER
-define:UNITY_2017_3_OR_NEWER
-define:UNITY_2017_4_OR_NEWER
-define:UNITY_2018_1_OR_NEWER
-define:UNITY_2018_2_OR_NEWER
-define:UNITY_2018_3_OR_NEWER
-define:UNITY_2018_4_OR_NEWER
-define:UNITY_2019_1_OR_NEWER
-define:UNITY_2019_2_OR_NEWER
-define:UNITY_2019_3_OR_NEWER
-define:UNITY_2019_4_OR_NEWER
-define:UNITY_2020_1_OR_NEWER
-define:UNITY_2020_2_OR_NEWER
-define:UNITY_2020_3_OR_NEWER
-define:UNITY_2021_1_OR_NEWER
-define:UNITY_2021_2_OR_NEWER
-define:UNITY_2021_3_OR_NEWER
-define:UNITY_2022_1_OR_NEWER
-define:UNITY_2022_2_OR_NEWER
-define:UNITY_2022_3_OR_NEWER
-define:TUANJIE_2022_3_OR_NEWER
-define:TUANJIE_1_0_OR_NEWER
-define:TUANJIE_1_1_OR_NEWER
-define:TUANJIE_1_2_OR_NEWER
-define:TUANJIE_1_3_OR_NEWER
-define:TUANJIE_1_4_OR_NEWER
-define:TUANJIE_1_5_OR_NEWER
-define:TUANJIE_1_6_OR_NEWER
-define:PLATFORM_ARCH_64
-define:UNITY_64
-define:UNITY_INCLUDE_TESTS
-define:ENABLE_AR
-define:ENABLE_AUDIO
-define:ENABLE_CACHING
-define:ENABLE_CLOTH
-define:ENABLE_EVENT_QUEUE
-define:ENABLE_MICROPHONE
-define:ENABLE_MULTIPLE_DISPLAYS
-define:ENABLE_PHYSICS
-define:ENABLE_TEXTURE_STREAMING
-define:ENABLE_VIRTUALTEXTURING
-define:ENABLE_LZMA
-define:ENABLE_UNITYEVENTS
-define:ENABLE_VR
-define:ENABLE_WEBCAM
-define:ENABLE_UNITYWEBREQUEST
-define:ENABLE_WWW
-define:ENABLE_CLOUD_SERVICES
-define:ENABLE_CLOUD_SERVICES_ADS
-define:ENABLE_CLOUD_SERVICES_USE_WEBREQUEST
-define:ENABLE_CLOUD_SERVICES_CRASH_REPORTING
-define:ENABLE_CLOUD_SERVICES_PURCHASING
-define:ENABLE_CLOUD_SERVICES_ANALYTICS
-define:ENABLE_CLOUD_SERVICES_BUILD
-define:ENABLE_EDITOR_GAME_SERVICES
-define:ENABLE_UNITY_GAME_SERVICES_ANALYTICS_SUPPORT
-define:ENABLE_CLOUD_LICENSE
-define:ENABLE_EDITOR_HUB_LICENSE
-define:ENABLE_WEBSOCKET_CLIENT
-define:ENABLE_GENERATE_NATIVE_PLUGINS_FOR_ASSEMBLIES_API
-define:ENABLE_DIRECTOR_AUDIO
-define:ENABLE_DIRECTOR_TEXTURE
-define:ENABLE_MANAGED_JOBS
-define:ENABLE_MANAGED_TRANSFORM_JOBS
-define:ENABLE_MANAGED_ANIMATION_JOBS
-define:ENABLE_MANAGED_AUDIO_JOBS
-define:ENABLE_MANAGED_UNITYTLS
-define:INCLUDE_DYNAMIC_GI
-define:ENABLE_SCRIPTING_GC_WBARRIERS
-define:PLATFORM_SUPPORTS_MONO
-define:RENDER_SOFTWARE_CURSOR
-define:ENABLE_VIDEO
-define:ENABLE_ACCELERATOR_CLIENT_DEBUGGING
-define:ENABLE_NAVIGATION_PACKAGE_DEBUG_VISUALIZATION
-define:ENABLE_NAVIGATION_HEIGHTMESH_RUNTIME_SUPPORT
-define:ENABLE_NAVIGATION_UI_REQUIRES_PACKAGE
-define:PLATFORM_STANDALONE
-define:TEXTCORE_1_0_OR_NEWER
-define:PLATFORM_STANDALONE_WIN
-define:UNITY_STANDALONE_WIN
-define:UNITY_STANDALONE
-define:UNITY_UGP_API
-define:ENABLE_RUNTIME_GI
-define:ENABLE_MOVIES
-define:ENABLE_NETWORK
-define:ENABLE_NVIDIA
-define:ENABLE_CRUNCH_TEXTURE_COMPRESSION
-define:ENABLE_OUT_OF_PROCESS_CRASH_HANDLER
-define:ENABLE_CLUSTER_SYNC
-define:ENABLE_CLUSTERINPUT
-define:PLATFORM_UPDATES_TIME_OUTSIDE_OF_PLAYER_LOOP
-define:GFXDEVICE_WAITFOREVENT_MESSAGEPUMP
-define:UNITY_GPU_DRIVEN_PIPELINE
-define:PLATFORM_INITIALIZES_MEMORY_MANAGER_EXPLICITLY
-define:ENABLE_MONO
-define:NET_4_6
-define:NET_UNITY_4_8
-define:ENABLE_PROFILER
-define:DEBUG
-define:TRACE
-define:UNITY_ASSERTIONS
-define:UNITY_EDITOR
-define:UNITY_EDITOR_64
-define:UNITY_EDITOR_WIN
-define:ENABLE_SCRIPTS_ENCRYPTION
-define:ENABLE_UNITY_COLLECTIONS_CHECKS
-define:ENABLE_BURST_AOT
-define:UNITY_TEAM_LICENSE
-define:ENABLE_CUSTOM_RENDER_TEXTURE
-define:ENABLE_DIRECTOR
-define:ENABLE_LOCALIZATION
-define:ENABLE_SPRITES
-define:ENABLE_TERRAIN
-define:ENABLE_TILEMAP
-define:ENABLE_TIMELINE
-define:ENABLE_LEGACY_INPUT_MANAGER
-define:TEXTCORE_FONT_ENGINE_1_5_OR_NEWER
-define:CSHARP_7_OR_LATER
-define:CSHARP_7_3_OR_NEWER
-define:UNITY_EDITOR_ONLY_COMPILATION
-r:"C:/Program Files/Tuanjie/Hub/Editor/2022.3.61t14/Editor/Data/Managed/UnityEditor.Graphs.dll"
-r:"C:/Program Files/Tuanjie/Hub/Editor/2022.3.61t14/Editor/Data/Managed/UnityEngine/UnityEditor.CoreModule.dll"
-r:"C:/Program Files/Tuanjie/Hub/Editor/2022.3.61t14/Editor/Data/Managed/UnityEngine/UnityEditor.DeviceSimulatorModule.dll"
-r:"C:/Program Files/Tuanjie/Hub/Editor/2022.3.61t14/Editor/Data/Managed/UnityEngine/UnityEditor.DiagnosticsModule.dll"
-r:"C:/Program Files/Tuanjie/Hub/Editor/2022.3.61t14/Editor/Data/Managed/UnityEngine/UnityEditor.dll"
-r:"C:/Program Files/Tuanjie/Hub/Editor/2022.3.61t14/Editor/Data/Managed/UnityEngine/UnityEditor.EditorToolbarModule.dll"
-r:"C:/Program Files/Tuanjie/Hub/Editor/2022.3.61t14/Editor/Data/Managed/UnityEngine/UnityEditor.GraphViewModule.dll"
-r:"C:/Program Files/Tuanjie/Hub/Editor/2022.3.61t14/Editor/Data/Managed/UnityEngine/UnityEditor.HMISimulatorModule.dll"
-r:"C:/Program Files/Tuanjie/Hub/Editor/2022.3.61t14/Editor/Data/Managed/UnityEngine/UnityEditor.PresetsUIModule.dll"
-r:"C:/Program Files/Tuanjie/Hub/Editor/2022.3.61t14/Editor/Data/Managed/UnityEngine/UnityEditor.QuickSearchModule.dll"
-r:"C:/Program Files/Tuanjie/Hub/Editor/2022.3.61t14/Editor/Data/Managed/UnityEngine/UnityEditor.SceneTemplateModule.dll"
-r:"C:/Program Files/Tuanjie/Hub/Editor/2022.3.61t14/Editor/Data/Managed/UnityEngine/UnityEditor.SceneViewModule.dll"
-r:"C:/Program Files/Tuanjie/Hub/Editor/2022.3.61t14/Editor/Data/Managed/UnityEngine/UnityEditor.TextCoreFontEngineModule.dll"
-r:"C:/Program Files/Tuanjie/Hub/Editor/2022.3.61t14/Editor/Data/Managed/UnityEngine/UnityEditor.TextCoreTextEngineModule.dll"
-r:"C:/Program Files/Tuanjie/Hub/Editor/2022.3.61t14/Editor/Data/Managed/UnityEngine/UnityEditor.UIBuilderModule.dll"
-r:"C:/Program Files/Tuanjie/Hub/Editor/2022.3.61t14/Editor/Data/Managed/UnityEngine/UnityEditor.UIElementsModule.dll"
-r:"C:/Program Files/Tuanjie/Hub/Editor/2022.3.61t14/Editor/Data/Managed/UnityEngine/UnityEditor.UIElementsSamplesModule.dll"
-r:"C:/Program Files/Tuanjie/Hub/Editor/2022.3.61t14/Editor/Data/Managed/UnityEngine/UnityEditor.UnityConnectModule.dll"
-r:"C:/Program Files/Tuanjie/Hub/Editor/2022.3.61t14/Editor/Data/Managed/UnityEngine/UnityEngine.AccessibilityModule.dll"
-r:"C:/Program Files/Tuanjie/Hub/Editor/2022.3.61t14/Editor/Data/Managed/UnityEngine/UnityEngine.AIModule.dll"
-r:"C:/Program Files/Tuanjie/Hub/Editor/2022.3.61t14/Editor/Data/Managed/UnityEngine/UnityEngine.AndroidAppViewModule.dll"
-r:"C:/Program Files/Tuanjie/Hub/Editor/2022.3.61t14/Editor/Data/Managed/UnityEngine/UnityEngine.AndroidJNIModule.dll"
-r:"C:/Program Files/Tuanjie/Hub/Editor/2022.3.61t14/Editor/Data/Managed/UnityEngine/UnityEngine.AnimationModule.dll"
-r:"C:/Program Files/Tuanjie/Hub/Editor/2022.3.61t14/Editor/Data/Managed/UnityEngine/UnityEngine.ARModule.dll"
-r:"C:/Program Files/Tuanjie/Hub/Editor/2022.3.61t14/Editor/Data/Managed/UnityEngine/UnityEngine.AssetBundleModule.dll"
-r:"C:/Program Files/Tuanjie/Hub/Editor/2022.3.61t14/Editor/Data/Managed/UnityEngine/UnityEngine.AudioModule.dll"
-r:"C:/Program Files/Tuanjie/Hub/Editor/2022.3.61t14/Editor/Data/Managed/UnityEngine/UnityEngine.AutoStreamingModule.dll"
-r:"C:/Program Files/Tuanjie/Hub/Editor/2022.3.61t14/Editor/Data/Managed/UnityEngine/UnityEngine.ClothModule.dll"
-r:"C:/Program Files/Tuanjie/Hub/Editor/2022.3.61t14/Editor/Data/Managed/UnityEngine/UnityEngine.ClusterInputModule.dll"
-r:"C:/Program Files/Tuanjie/Hub/Editor/2022.3.61t14/Editor/Data/Managed/UnityEngine/UnityEngine.ClusterRendererModule.dll"
-r:"C:/Program Files/Tuanjie/Hub/Editor/2022.3.61t14/Editor/Data/Managed/UnityEngine/UnityEngine.ContentLoadModule.dll"
-r:"C:/Program Files/Tuanjie/Hub/Editor/2022.3.61t14/Editor/Data/Managed/UnityEngine/UnityEngine.CoreModule.dll"
-r:"C:/Program Files/Tuanjie/Hub/Editor/2022.3.61t14/Editor/Data/Managed/UnityEngine/UnityEngine.CrashReportingModule.dll"
-r:"C:/Program Files/Tuanjie/Hub/Editor/2022.3.61t14/Editor/Data/Managed/UnityEngine/UnityEngine.DirectorModule.dll"
-r:"C:/Program Files/Tuanjie/Hub/Editor/2022.3.61t14/Editor/Data/Managed/UnityEngine/UnityEngine.dll"
-r:"C:/Program Files/Tuanjie/Hub/Editor/2022.3.61t14/Editor/Data/Managed/UnityEngine/UnityEngine.DSPGraphModule.dll"
-r:"C:/Program Files/Tuanjie/Hub/Editor/2022.3.61t14/Editor/Data/Managed/UnityEngine/UnityEngine.GameCenterModule.dll"
-r:"C:/Program Files/Tuanjie/Hub/Editor/2022.3.61t14/Editor/Data/Managed/UnityEngine/UnityEngine.GIModule.dll"
-r:"C:/Program Files/Tuanjie/Hub/Editor/2022.3.61t14/Editor/Data/Managed/UnityEngine/UnityEngine.GridModule.dll"
-r:"C:/Program Files/Tuanjie/Hub/Editor/2022.3.61t14/Editor/Data/Managed/UnityEngine/UnityEngine.HotReloadModule.dll"
-r:"C:/Program Files/Tuanjie/Hub/Editor/2022.3.61t14/Editor/Data/Managed/UnityEngine/UnityEngine.ImageConversionModule.dll"
-r:"C:/Program Files/Tuanjie/Hub/Editor/2022.3.61t14/Editor/Data/Managed/UnityEngine/UnityEngine.IMGUIModule.dll"
-r:"C:/Program Files/Tuanjie/Hub/Editor/2022.3.61t14/Editor/Data/Managed/UnityEngine/UnityEngine.InfinityModule.dll"
-r:"C:/Program Files/Tuanjie/Hub/Editor/2022.3.61t14/Editor/Data/Managed/UnityEngine/UnityEngine.InputLegacyModule.dll"
-r:"C:/Program Files/Tuanjie/Hub/Editor/2022.3.61t14/Editor/Data/Managed/UnityEngine/UnityEngine.InputModule.dll"
-r:"C:/Program Files/Tuanjie/Hub/Editor/2022.3.61t14/Editor/Data/Managed/UnityEngine/UnityEngine.JSONSerializeModule.dll"
-r:"C:/Program Files/Tuanjie/Hub/Editor/2022.3.61t14/Editor/Data/Managed/UnityEngine/UnityEngine.LocalizationModule.dll"
-r:"C:/Program Files/Tuanjie/Hub/Editor/2022.3.61t14/Editor/Data/Managed/UnityEngine/UnityEngine.NVIDIAModule.dll"
-r:"C:/Program Files/Tuanjie/Hub/Editor/2022.3.61t14/Editor/Data/Managed/UnityEngine/UnityEngine.OcclusionCullingModule.dll"
-r:"C:/Program Files/Tuanjie/Hub/Editor/2022.3.61t14/Editor/Data/Managed/UnityEngine/UnityEngine.OpenHarmonyJSModule.dll"
-r:"C:/Program Files/Tuanjie/Hub/Editor/2022.3.61t14/Editor/Data/Managed/UnityEngine/UnityEngine.ParticleSystemModule.dll"
-r:"C:/Program Files/Tuanjie/Hub/Editor/2022.3.61t14/Editor/Data/Managed/UnityEngine/UnityEngine.PerformanceReportingModule.dll"
-r:"C:/Program Files/Tuanjie/Hub/Editor/2022.3.61t14/Editor/Data/Managed/UnityEngine/UnityEngine.Physics2DModule.dll"
-r:"C:/Program Files/Tuanjie/Hub/Editor/2022.3.61t14/Editor/Data/Managed/UnityEngine/UnityEngine.PhysicsModule.dll"
-r:"C:/Program Files/Tuanjie/Hub/Editor/2022.3.61t14/Editor/Data/Managed/UnityEngine/UnityEngine.ProfilerModule.dll"
-r:"C:/Program Files/Tuanjie/Hub/Editor/2022.3.61t14/Editor/Data/Managed/UnityEngine/UnityEngine.PropertiesModule.dll"
-r:"C:/Program Files/Tuanjie/Hub/Editor/2022.3.61t14/Editor/Data/Managed/UnityEngine/UnityEngine.RuntimeInitializeOnLoadManagerInitializerModule.dll"
-r:"C:/Program Files/Tuanjie/Hub/Editor/2022.3.61t14/Editor/Data/Managed/UnityEngine/UnityEngine.ScreenCaptureModule.dll"
-r:"C:/Program Files/Tuanjie/Hub/Editor/2022.3.61t14/Editor/Data/Managed/UnityEngine/UnityEngine.SharedInternalsModule.dll"
-r:"C:/Program Files/Tuanjie/Hub/Editor/2022.3.61t14/Editor/Data/Managed/UnityEngine/UnityEngine.SpriteMaskModule.dll"
-r:"C:/Program Files/Tuanjie/Hub/Editor/2022.3.61t14/Editor/Data/Managed/UnityEngine/UnityEngine.SpriteShapeModule.dll"
-r:"C:/Program Files/Tuanjie/Hub/Editor/2022.3.61t14/Editor/Data/Managed/UnityEngine/UnityEngine.StreamingModule.dll"
-r:"C:/Program Files/Tuanjie/Hub/Editor/2022.3.61t14/Editor/Data/Managed/UnityEngine/UnityEngine.SubstanceModule.dll"
-r:"C:/Program Files/Tuanjie/Hub/Editor/2022.3.61t14/Editor/Data/Managed/UnityEngine/UnityEngine.SubsystemsModule.dll"
-r:"C:/Program Files/Tuanjie/Hub/Editor/2022.3.61t14/Editor/Data/Managed/UnityEngine/UnityEngine.TerrainModule.dll"
-r:"C:/Program Files/Tuanjie/Hub/Editor/2022.3.61t14/Editor/Data/Managed/UnityEngine/UnityEngine.TerrainPhysicsModule.dll"
-r:"C:/Program Files/Tuanjie/Hub/Editor/2022.3.61t14/Editor/Data/Managed/UnityEngine/UnityEngine.TextCoreFontEngineModule.dll"
-r:"C:/Program Files/Tuanjie/Hub/Editor/2022.3.61t14/Editor/Data/Managed/UnityEngine/UnityEngine.TextCoreTextEngineModule.dll"
-r:"C:/Program Files/Tuanjie/Hub/Editor/2022.3.61t14/Editor/Data/Managed/UnityEngine/UnityEngine.TextRenderingModule.dll"
-r:"C:/Program Files/Tuanjie/Hub/Editor/2022.3.61t14/Editor/Data/Managed/UnityEngine/UnityEngine.TextureManagerModule.dll"
-r:"C:/Program Files/Tuanjie/Hub/Editor/2022.3.61t14/Editor/Data/Managed/UnityEngine/UnityEngine.TilemapModule.dll"
-r:"C:/Program Files/Tuanjie/Hub/Editor/2022.3.61t14/Editor/Data/Managed/UnityEngine/UnityEngine.TLSModule.dll"
-r:"C:/Program Files/Tuanjie/Hub/Editor/2022.3.61t14/Editor/Data/Managed/UnityEngine/UnityEngine.UIElementsModule.dll"
-r:"C:/Program Files/Tuanjie/Hub/Editor/2022.3.61t14/Editor/Data/Managed/UnityEngine/UnityEngine.UIModule.dll"
-r:"C:/Program Files/Tuanjie/Hub/Editor/2022.3.61t14/Editor/Data/Managed/UnityEngine/UnityEngine.UmbraModule.dll"
-r:"C:/Program Files/Tuanjie/Hub/Editor/2022.3.61t14/Editor/Data/Managed/UnityEngine/UnityEngine.UnityAnalyticsCommonModule.dll"
-r:"C:/Program Files/Tuanjie/Hub/Editor/2022.3.61t14/Editor/Data/Managed/UnityEngine/UnityEngine.UnityAnalyticsModule.dll"
-r:"C:/Program Files/Tuanjie/Hub/Editor/2022.3.61t14/Editor/Data/Managed/UnityEngine/UnityEngine.UnityConnectModule.dll"
-r:"C:/Program Files/Tuanjie/Hub/Editor/2022.3.61t14/Editor/Data/Managed/UnityEngine/UnityEngine.UnityCurlModule.dll"
-r:"C:/Program Files/Tuanjie/Hub/Editor/2022.3.61t14/Editor/Data/Managed/UnityEngine/UnityEngine.UnityTestProtocolModule.dll"
-r:"C:/Program Files/Tuanjie/Hub/Editor/2022.3.61t14/Editor/Data/Managed/UnityEngine/UnityEngine.UnityWebRequestAssetBundleModule.dll"
-r:"C:/Program Files/Tuanjie/Hub/Editor/2022.3.61t14/Editor/Data/Managed/UnityEngine/UnityEngine.UnityWebRequestAudioModule.dll"
-r:"C:/Program Files/Tuanjie/Hub/Editor/2022.3.61t14/Editor/Data/Managed/UnityEngine/UnityEngine.UnityWebRequestModule.dll"
-r:"C:/Program Files/Tuanjie/Hub/Editor/2022.3.61t14/Editor/Data/Managed/UnityEngine/UnityEngine.UnityWebRequestTextureModule.dll"
-r:"C:/Program Files/Tuanjie/Hub/Editor/2022.3.61t14/Editor/Data/Managed/UnityEngine/UnityEngine.UnityWebRequestWWWModule.dll"
-r:"C:/Program Files/Tuanjie/Hub/Editor/2022.3.61t14/Editor/Data/Managed/UnityEngine/UnityEngine.VehiclesModule.dll"
-r:"C:/Program Files/Tuanjie/Hub/Editor/2022.3.61t14/Editor/Data/Managed/UnityEngine/UnityEngine.VFXModule.dll"
-r:"C:/Program Files/Tuanjie/Hub/Editor/2022.3.61t14/Editor/Data/Managed/UnityEngine/UnityEngine.VideoModule.dll"
-r:"C:/Program Files/Tuanjie/Hub/Editor/2022.3.61t14/Editor/Data/Managed/UnityEngine/UnityEngine.VirtualTexturingModule.dll"
-r:"C:/Program Files/Tuanjie/Hub/Editor/2022.3.61t14/Editor/Data/Managed/UnityEngine/UnityEngine.VRModule.dll"
-r:"C:/Program Files/Tuanjie/Hub/Editor/2022.3.61t14/Editor/Data/Managed/UnityEngine/UnityEngine.WindModule.dll"
-r:"C:/Program Files/Tuanjie/Hub/Editor/2022.3.61t14/Editor/Data/Managed/UnityEngine/UnityEngine.XRModule.dll"
-r:"C:/Program Files/Tuanjie/Hub/Editor/2022.3.61t14/Editor/Data/PlaybackEngines/WindowsStandaloneSupport/UnityEditor.WindowsStandalone.Extensions.dll"
-r:"C:/Program Files/Tuanjie/Hub/Editor/2022.3.61t14/Editor/Data/TuanjieReferenceAssemblies/tuanjie-4.8-api/Facades/Microsoft.Win32.Primitives.dll"
-r:"C:/Program Files/Tuanjie/Hub/Editor/2022.3.61t14/Editor/Data/TuanjieReferenceAssemblies/tuanjie-4.8-api/Facades/netstandard.dll"
-r:"C:/Program Files/Tuanjie/Hub/Editor/2022.3.61t14/Editor/Data/TuanjieReferenceAssemblies/tuanjie-4.8-api/Facades/System.AppContext.dll"
-r:"C:/Program Files/Tuanjie/Hub/Editor/2022.3.61t14/Editor/Data/TuanjieReferenceAssemblies/tuanjie-4.8-api/Facades/System.Buffers.dll"
-r:"C:/Program Files/Tuanjie/Hub/Editor/2022.3.61t14/Editor/Data/TuanjieReferenceAssemblies/tuanjie-4.8-api/Facades/System.Collections.Concurrent.dll"
-r:"C:/Program Files/Tuanjie/Hub/Editor/2022.3.61t14/Editor/Data/TuanjieReferenceAssemblies/tuanjie-4.8-api/Facades/System.Collections.dll"
-r:"C:/Program Files/Tuanjie/Hub/Editor/2022.3.61t14/Editor/Data/TuanjieReferenceAssemblies/tuanjie-4.8-api/Facades/System.Collections.NonGeneric.dll"
-r:"C:/Program Files/Tuanjie/Hub/Editor/2022.3.61t14/Editor/Data/TuanjieReferenceAssemblies/tuanjie-4.8-api/Facades/System.Collections.Specialized.dll"
-r:"C:/Program Files/Tuanjie/Hub/Editor/2022.3.61t14/Editor/Data/TuanjieReferenceAssemblies/tuanjie-4.8-api/Facades/System.ComponentModel.Annotations.dll"
-r:"C:/Program Files/Tuanjie/Hub/Editor/2022.3.61t14/Editor/Data/TuanjieReferenceAssemblies/tuanjie-4.8-api/Facades/System.ComponentModel.dll"
-r:"C:/Program Files/Tuanjie/Hub/Editor/2022.3.61t14/Editor/Data/TuanjieReferenceAssemblies/tuanjie-4.8-api/Facades/System.ComponentModel.EventBasedAsync.dll"
-r:"C:/Program Files/Tuanjie/Hub/Editor/2022.3.61t14/Editor/Data/TuanjieReferenceAssemblies/tuanjie-4.8-api/Facades/System.ComponentModel.Primitives.dll"
-r:"C:/Program Files/Tuanjie/Hub/Editor/2022.3.61t14/Editor/Data/TuanjieReferenceAssemblies/tuanjie-4.8-api/Facades/System.ComponentModel.TypeConverter.dll"
-r:"C:/Program Files/Tuanjie/Hub/Editor/2022.3.61t14/Editor/Data/TuanjieReferenceAssemblies/tuanjie-4.8-api/Facades/System.Console.dll"
-r:"C:/Program Files/Tuanjie/Hub/Editor/2022.3.61t14/Editor/Data/TuanjieReferenceAssemblies/tuanjie-4.8-api/Facades/System.Data.Common.dll"
-r:"C:/Program Files/Tuanjie/Hub/Editor/2022.3.61t14/Editor/Data/TuanjieReferenceAssemblies/tuanjie-4.8-api/Facades/System.Diagnostics.Contracts.dll"
-r:"C:/Program Files/Tuanjie/Hub/Editor/2022.3.61t14/Editor/Data/TuanjieReferenceAssemblies/tuanjie-4.8-api/Facades/System.Diagnostics.Debug.dll"
-r:"C:/Program Files/Tuanjie/Hub/Editor/2022.3.61t14/Editor/Data/TuanjieReferenceAssemblies/tuanjie-4.8-api/Facades/System.Diagnostics.FileVersionInfo.dll"
-r:"C:/Program Files/Tuanjie/Hub/Editor/2022.3.61t14/Editor/Data/TuanjieReferenceAssemblies/tuanjie-4.8-api/Facades/System.Diagnostics.Process.dll"
-r:"C:/Program Files/Tuanjie/Hub/Editor/2022.3.61t14/Editor/Data/TuanjieReferenceAssemblies/tuanjie-4.8-api/Facades/System.Diagnostics.StackTrace.dll"
-r:"C:/Program Files/Tuanjie/Hub/Editor/2022.3.61t14/Editor/Data/TuanjieReferenceAssemblies/tuanjie-4.8-api/Facades/System.Diagnostics.TextWriterTraceListener.dll"
-r:"C:/Program Files/Tuanjie/Hub/Editor/2022.3.61t14/Editor/Data/TuanjieReferenceAssemblies/tuanjie-4.8-api/Facades/System.Diagnostics.Tools.dll"
-r:"C:/Program Files/Tuanjie/Hub/Editor/2022.3.61t14/Editor/Data/TuanjieReferenceAssemblies/tuanjie-4.8-api/Facades/System.Diagnostics.TraceSource.dll"
-r:"C:/Program Files/Tuanjie/Hub/Editor/2022.3.61t14/Editor/Data/TuanjieReferenceAssemblies/tuanjie-4.8-api/Facades/System.Drawing.Primitives.dll"
-r:"C:/Program Files/Tuanjie/Hub/Editor/2022.3.61t14/Editor/Data/TuanjieReferenceAssemblies/tuanjie-4.8-api/Facades/System.Dynamic.Runtime.dll"
-r:"C:/Program Files/Tuanjie/Hub/Editor/2022.3.61t14/Editor/Data/TuanjieReferenceAssemblies/tuanjie-4.8-api/Facades/System.Globalization.Calendars.dll"
-r:"C:/Program Files/Tuanjie/Hub/Editor/2022.3.61t14/Editor/Data/TuanjieReferenceAssemblies/tuanjie-4.8-api/Facades/System.Globalization.dll"
-r:"C:/Program Files/Tuanjie/Hub/Editor/2022.3.61t14/Editor/Data/TuanjieReferenceAssemblies/tuanjie-4.8-api/Facades/System.Globalization.Extensions.dll"
-r:"C:/Program Files/Tuanjie/Hub/Editor/2022.3.61t14/Editor/Data/TuanjieReferenceAssemblies/tuanjie-4.8-api/Facades/System.IO.Compression.ZipFile.dll"
-r:"C:/Program Files/Tuanjie/Hub/Editor/2022.3.61t14/Editor/Data/TuanjieReferenceAssemblies/tuanjie-4.8-api/Facades/System.IO.dll"
-r:"C:/Program Files/Tuanjie/Hub/Editor/2022.3.61t14/Editor/Data/TuanjieReferenceAssemblies/tuanjie-4.8-api/Facades/System.IO.FileSystem.dll"
-r:"C:/Program Files/Tuanjie/Hub/Editor/2022.3.61t14/Editor/Data/TuanjieReferenceAssemblies/tuanjie-4.8-api/Facades/System.IO.FileSystem.DriveInfo.dll"
-r:"C:/Program Files/Tuanjie/Hub/Editor/2022.3.61t14/Editor/Data/TuanjieReferenceAssemblies/tuanjie-4.8-api/Facades/System.IO.FileSystem.Primitives.dll"
-r:"C:/Program Files/Tuanjie/Hub/Editor/2022.3.61t14/Editor/Data/TuanjieReferenceAssemblies/tuanjie-4.8-api/Facades/System.IO.FileSystem.Watcher.dll"
-r:"C:/Program Files/Tuanjie/Hub/Editor/2022.3.61t14/Editor/Data/TuanjieReferenceAssemblies/tuanjie-4.8-api/Facades/System.IO.IsolatedStorage.dll"
-r:"C:/Program Files/Tuanjie/Hub/Editor/2022.3.61t14/Editor/Data/TuanjieReferenceAssemblies/tuanjie-4.8-api/Facades/System.IO.MemoryMappedFiles.dll"
-r:"C:/Program Files/Tuanjie/Hub/Editor/2022.3.61t14/Editor/Data/TuanjieReferenceAssemblies/tuanjie-4.8-api/Facades/System.IO.Pipes.dll"
-r:"C:/Program Files/Tuanjie/Hub/Editor/2022.3.61t14/Editor/Data/TuanjieReferenceAssemblies/tuanjie-4.8-api/Facades/System.IO.UnmanagedMemoryStream.dll"
-r:"C:/Program Files/Tuanjie/Hub/Editor/2022.3.61t14/Editor/Data/TuanjieReferenceAssemblies/tuanjie-4.8-api/Facades/System.Linq.dll"
-r:"C:/Program Files/Tuanjie/Hub/Editor/2022.3.61t14/Editor/Data/TuanjieReferenceAssemblies/tuanjie-4.8-api/Facades/System.Linq.Expressions.dll"
-r:"C:/Program Files/Tuanjie/Hub/Editor/2022.3.61t14/Editor/Data/TuanjieReferenceAssemblies/tuanjie-4.8-api/Facades/System.Linq.Parallel.dll"
-r:"C:/Program Files/Tuanjie/Hub/Editor/2022.3.61t14/Editor/Data/TuanjieReferenceAssemblies/tuanjie-4.8-api/Facades/System.Linq.Queryable.dll"
-r:"C:/Program Files/Tuanjie/Hub/Editor/2022.3.61t14/Editor/Data/TuanjieReferenceAssemblies/tuanjie-4.8-api/Facades/System.Memory.dll"
-r:"C:/Program Files/Tuanjie/Hub/Editor/2022.3.61t14/Editor/Data/TuanjieReferenceAssemblies/tuanjie-4.8-api/Facades/System.Net.Http.Rtc.dll"
-r:"C:/Program Files/Tuanjie/Hub/Editor/2022.3.61t14/Editor/Data/TuanjieReferenceAssemblies/tuanjie-4.8-api/Facades/System.Net.NameResolution.dll"
-r:"C:/Program Files/Tuanjie/Hub/Editor/2022.3.61t14/Editor/Data/TuanjieReferenceAssemblies/tuanjie-4.8-api/Facades/System.Net.NetworkInformation.dll"
-r:"C:/Program Files/Tuanjie/Hub/Editor/2022.3.61t14/Editor/Data/TuanjieReferenceAssemblies/tuanjie-4.8-api/Facades/System.Net.Ping.dll"
-r:"C:/Program Files/Tuanjie/Hub/Editor/2022.3.61t14/Editor/Data/TuanjieReferenceAssemblies/tuanjie-4.8-api/Facades/System.Net.Primitives.dll"
-r:"C:/Program Files/Tuanjie/Hub/Editor/2022.3.61t14/Editor/Data/TuanjieReferenceAssemblies/tuanjie-4.8-api/Facades/System.Net.Requests.dll"
-r:"C:/Program Files/Tuanjie/Hub/Editor/2022.3.61t14/Editor/Data/TuanjieReferenceAssemblies/tuanjie-4.8-api/Facades/System.Net.Security.dll"
-r:"C:/Program Files/Tuanjie/Hub/Editor/2022.3.61t14/Editor/Data/TuanjieReferenceAssemblies/tuanjie-4.8-api/Facades/System.Net.Sockets.dll"
-r:"C:/Program Files/Tuanjie/Hub/Editor/2022.3.61t14/Editor/Data/TuanjieReferenceAssemblies/tuanjie-4.8-api/Facades/System.Net.WebHeaderCollection.dll"
-r:"C:/Program Files/Tuanjie/Hub/Editor/2022.3.61t14/Editor/Data/TuanjieReferenceAssemblies/tuanjie-4.8-api/Facades/System.Net.WebSockets.Client.dll"
-r:"C:/Program Files/Tuanjie/Hub/Editor/2022.3.61t14/Editor/Data/TuanjieReferenceAssemblies/tuanjie-4.8-api/Facades/System.Net.WebSockets.dll"
-r:"C:/Program Files/Tuanjie/Hub/Editor/2022.3.61t14/Editor/Data/TuanjieReferenceAssemblies/tuanjie-4.8-api/Facades/System.ObjectModel.dll"
-r:"C:/Program Files/Tuanjie/Hub/Editor/2022.3.61t14/Editor/Data/TuanjieReferenceAssemblies/tuanjie-4.8-api/Facades/System.Reflection.DispatchProxy.dll"
-r:"C:/Program Files/Tuanjie/Hub/Editor/2022.3.61t14/Editor/Data/TuanjieReferenceAssemblies/tuanjie-4.8-api/Facades/System.Reflection.dll"
-r:"C:/Program Files/Tuanjie/Hub/Editor/2022.3.61t14/Editor/Data/TuanjieReferenceAssemblies/tuanjie-4.8-api/Facades/System.Reflection.Emit.dll"
-r:"C:/Program Files/Tuanjie/Hub/Editor/2022.3.61t14/Editor/Data/TuanjieReferenceAssemblies/tuanjie-4.8-api/Facades/System.Reflection.Emit.ILGeneration.dll"
-r:"C:/Program Files/Tuanjie/Hub/Editor/2022.3.61t14/Editor/Data/TuanjieReferenceAssemblies/tuanjie-4.8-api/Facades/System.Reflection.Emit.Lightweight.dll"
-r:"C:/Program Files/Tuanjie/Hub/Editor/2022.3.61t14/Editor/Data/TuanjieReferenceAssemblies/tuanjie-4.8-api/Facades/System.Reflection.Extensions.dll"
-r:"C:/Program Files/Tuanjie/Hub/Editor/2022.3.61t14/Editor/Data/TuanjieReferenceAssemblies/tuanjie-4.8-api/Facades/System.Reflection.Primitives.dll"
-r:"C:/Program Files/Tuanjie/Hub/Editor/2022.3.61t14/Editor/Data/TuanjieReferenceAssemblies/tuanjie-4.8-api/Facades/System.Resources.Reader.dll"
-r:"C:/Program Files/Tuanjie/Hub/Editor/2022.3.61t14/Editor/Data/TuanjieReferenceAssemblies/tuanjie-4.8-api/Facades/System.Resources.ResourceManager.dll"
-r:"C:/Program Files/Tuanjie/Hub/Editor/2022.3.61t14/Editor/Data/TuanjieReferenceAssemblies/tuanjie-4.8-api/Facades/System.Resources.Writer.dll"
-r:"C:/Program Files/Tuanjie/Hub/Editor/2022.3.61t14/Editor/Data/TuanjieReferenceAssemblies/tuanjie-4.8-api/Facades/System.Runtime.CompilerServices.VisualC.dll"
-r:"C:/Program Files/Tuanjie/Hub/Editor/2022.3.61t14/Editor/Data/TuanjieReferenceAssemblies/tuanjie-4.8-api/Facades/System.Runtime.dll"
-r:"C:/Program Files/Tuanjie/Hub/Editor/2022.3.61t14/Editor/Data/TuanjieReferenceAssemblies/tuanjie-4.8-api/Facades/System.Runtime.Extensions.dll"
-r:"C:/Program Files/Tuanjie/Hub/Editor/2022.3.61t14/Editor/Data/TuanjieReferenceAssemblies/tuanjie-4.8-api/Facades/System.Runtime.Handles.dll"
-r:"C:/Program Files/Tuanjie/Hub/Editor/2022.3.61t14/Editor/Data/TuanjieReferenceAssemblies/tuanjie-4.8-api/Facades/System.Runtime.InteropServices.dll"
-r:"C:/Program Files/Tuanjie/Hub/Editor/2022.3.61t14/Editor/Data/TuanjieReferenceAssemblies/tuanjie-4.8-api/Facades/System.Runtime.InteropServices.RuntimeInformation.dll"
-r:"C:/Program Files/Tuanjie/Hub/Editor/2022.3.61t14/Editor/Data/TuanjieReferenceAssemblies/tuanjie-4.8-api/Facades/System.Runtime.InteropServices.WindowsRuntime.dll"
-r:"C:/Program Files/Tuanjie/Hub/Editor/2022.3.61t14/Editor/Data/TuanjieReferenceAssemblies/tuanjie-4.8-api/Facades/System.Runtime.Numerics.dll"
-r:"C:/Program Files/Tuanjie/Hub/Editor/2022.3.61t14/Editor/Data/TuanjieReferenceAssemblies/tuanjie-4.8-api/Facades/System.Runtime.Serialization.Formatters.dll"
-r:"C:/Program Files/Tuanjie/Hub/Editor/2022.3.61t14/Editor/Data/TuanjieReferenceAssemblies/tuanjie-4.8-api/Facades/System.Runtime.Serialization.Json.dll"
-r:"C:/Program Files/Tuanjie/Hub/Editor/2022.3.61t14/Editor/Data/TuanjieReferenceAssemblies/tuanjie-4.8-api/Facades/System.Runtime.Serialization.Primitives.dll"
-r:"C:/Program Files/Tuanjie/Hub/Editor/2022.3.61t14/Editor/Data/TuanjieReferenceAssemblies/tuanjie-4.8-api/Facades/System.Runtime.Serialization.Xml.dll"
-r:"C:/Program Files/Tuanjie/Hub/Editor/2022.3.61t14/Editor/Data/TuanjieReferenceAssemblies/tuanjie-4.8-api/Facades/System.Security.Claims.dll"
-r:"C:/Program Files/Tuanjie/Hub/Editor/2022.3.61t14/Editor/Data/TuanjieReferenceAssemblies/tuanjie-4.8-api/Facades/System.Security.Cryptography.Algorithms.dll"
-r:"C:/Program Files/Tuanjie/Hub/Editor/2022.3.61t14/Editor/Data/TuanjieReferenceAssemblies/tuanjie-4.8-api/Facades/System.Security.Cryptography.Csp.dll"
-r:"C:/Program Files/Tuanjie/Hub/Editor/2022.3.61t14/Editor/Data/TuanjieReferenceAssemblies/tuanjie-4.8-api/Facades/System.Security.Cryptography.Encoding.dll"
-r:"C:/Program Files/Tuanjie/Hub/Editor/2022.3.61t14/Editor/Data/TuanjieReferenceAssemblies/tuanjie-4.8-api/Facades/System.Security.Cryptography.Primitives.dll"
-r:"C:/Program Files/Tuanjie/Hub/Editor/2022.3.61t14/Editor/Data/TuanjieReferenceAssemblies/tuanjie-4.8-api/Facades/System.Security.Cryptography.X509Certificates.dll"
-r:"C:/Program Files/Tuanjie/Hub/Editor/2022.3.61t14/Editor/Data/TuanjieReferenceAssemblies/tuanjie-4.8-api/Facades/System.Security.Principal.dll"
-r:"C:/Program Files/Tuanjie/Hub/Editor/2022.3.61t14/Editor/Data/TuanjieReferenceAssemblies/tuanjie-4.8-api/Facades/System.Security.SecureString.dll"
-r:"C:/Program Files/Tuanjie/Hub/Editor/2022.3.61t14/Editor/Data/TuanjieReferenceAssemblies/tuanjie-4.8-api/Facades/System.ServiceModel.Duplex.dll"
-r:"C:/Program Files/Tuanjie/Hub/Editor/2022.3.61t14/Editor/Data/TuanjieReferenceAssemblies/tuanjie-4.8-api/Facades/System.ServiceModel.Http.dll"
-r:"C:/Program Files/Tuanjie/Hub/Editor/2022.3.61t14/Editor/Data/TuanjieReferenceAssemblies/tuanjie-4.8-api/Facades/System.ServiceModel.NetTcp.dll"
-r:"C:/Program Files/Tuanjie/Hub/Editor/2022.3.61t14/Editor/Data/TuanjieReferenceAssemblies/tuanjie-4.8-api/Facades/System.ServiceModel.Primitives.dll"
-r:"C:/Program Files/Tuanjie/Hub/Editor/2022.3.61t14/Editor/Data/TuanjieReferenceAssemblies/tuanjie-4.8-api/Facades/System.ServiceModel.Security.dll"
-r:"C:/Program Files/Tuanjie/Hub/Editor/2022.3.61t14/Editor/Data/TuanjieReferenceAssemblies/tuanjie-4.8-api/Facades/System.Text.Encoding.dll"
-r:"C:/Program Files/Tuanjie/Hub/Editor/2022.3.61t14/Editor/Data/TuanjieReferenceAssemblies/tuanjie-4.8-api/Facades/System.Text.Encoding.Extensions.dll"
-r:"C:/Program Files/Tuanjie/Hub/Editor/2022.3.61t14/Editor/Data/TuanjieReferenceAssemblies/tuanjie-4.8-api/Facades/System.Text.RegularExpressions.dll"
-r:"C:/Program Files/Tuanjie/Hub/Editor/2022.3.61t14/Editor/Data/TuanjieReferenceAssemblies/tuanjie-4.8-api/Facades/System.Threading.dll"
-r:"C:/Program Files/Tuanjie/Hub/Editor/2022.3.61t14/Editor/Data/TuanjieReferenceAssemblies/tuanjie-4.8-api/Facades/System.Threading.Overlapped.dll"
-r:"C:/Program Files/Tuanjie/Hub/Editor/2022.3.61t14/Editor/Data/TuanjieReferenceAssemblies/tuanjie-4.8-api/Facades/System.Threading.Tasks.dll"
-r:"C:/Program Files/Tuanjie/Hub/Editor/2022.3.61t14/Editor/Data/TuanjieReferenceAssemblies/tuanjie-4.8-api/Facades/System.Threading.Tasks.Extensions.dll"
-r:"C:/Program Files/Tuanjie/Hub/Editor/2022.3.61t14/Editor/Data/TuanjieReferenceAssemblies/tuanjie-4.8-api/Facades/System.Threading.Tasks.Parallel.dll"
-r:"C:/Program Files/Tuanjie/Hub/Editor/2022.3.61t14/Editor/Data/TuanjieReferenceAssemblies/tuanjie-4.8-api/Facades/System.Threading.Thread.dll"
-r:"C:/Program Files/Tuanjie/Hub/Editor/2022.3.61t14/Editor/Data/TuanjieReferenceAssemblies/tuanjie-4.8-api/Facades/System.Threading.ThreadPool.dll"
-r:"C:/Program Files/Tuanjie/Hub/Editor/2022.3.61t14/Editor/Data/TuanjieReferenceAssemblies/tuanjie-4.8-api/Facades/System.Threading.Timer.dll"
-r:"C:/Program Files/Tuanjie/Hub/Editor/2022.3.61t14/Editor/Data/TuanjieReferenceAssemblies/tuanjie-4.8-api/Facades/System.ValueTuple.dll"
-r:"C:/Program Files/Tuanjie/Hub/Editor/2022.3.61t14/Editor/Data/TuanjieReferenceAssemblies/tuanjie-4.8-api/Facades/System.Xml.ReaderWriter.dll"
-r:"C:/Program Files/Tuanjie/Hub/Editor/2022.3.61t14/Editor/Data/TuanjieReferenceAssemblies/tuanjie-4.8-api/Facades/System.Xml.XDocument.dll"
-r:"C:/Program Files/Tuanjie/Hub/Editor/2022.3.61t14/Editor/Data/TuanjieReferenceAssemblies/tuanjie-4.8-api/Facades/System.Xml.XmlDocument.dll"
-r:"C:/Program Files/Tuanjie/Hub/Editor/2022.3.61t14/Editor/Data/TuanjieReferenceAssemblies/tuanjie-4.8-api/Facades/System.Xml.XmlSerializer.dll"
-r:"C:/Program Files/Tuanjie/Hub/Editor/2022.3.61t14/Editor/Data/TuanjieReferenceAssemblies/tuanjie-4.8-api/Facades/System.Xml.XPath.dll"
-r:"C:/Program Files/Tuanjie/Hub/Editor/2022.3.61t14/Editor/Data/TuanjieReferenceAssemblies/tuanjie-4.8-api/Facades/System.Xml.XPath.XDocument.dll"
-r:"C:/Program Files/Tuanjie/Hub/Editor/2022.3.61t14/Editor/Data/TuanjieReferenceAssemblies/tuanjie-4.8-api/Microsoft.CSharp.dll"
-r:"C:/Program Files/Tuanjie/Hub/Editor/2022.3.61t14/Editor/Data/TuanjieReferenceAssemblies/tuanjie-4.8-api/mscorlib.dll"
-r:"C:/Program Files/Tuanjie/Hub/Editor/2022.3.61t14/Editor/Data/TuanjieReferenceAssemblies/tuanjie-4.8-api/System.ComponentModel.Composition.dll"
-r:"C:/Program Files/Tuanjie/Hub/Editor/2022.3.61t14/Editor/Data/TuanjieReferenceAssemblies/tuanjie-4.8-api/System.Core.dll"
-r:"C:/Program Files/Tuanjie/Hub/Editor/2022.3.61t14/Editor/Data/TuanjieReferenceAssemblies/tuanjie-4.8-api/System.Data.DataSetExtensions.dll"
-r:"C:/Program Files/Tuanjie/Hub/Editor/2022.3.61t14/Editor/Data/TuanjieReferenceAssemblies/tuanjie-4.8-api/System.Data.dll"
-r:"C:/Program Files/Tuanjie/Hub/Editor/2022.3.61t14/Editor/Data/TuanjieReferenceAssemblies/tuanjie-4.8-api/System.dll"
-r:"C:/Program Files/Tuanjie/Hub/Editor/2022.3.61t14/Editor/Data/TuanjieReferenceAssemblies/tuanjie-4.8-api/System.Drawing.dll"
-r:"C:/Program Files/Tuanjie/Hub/Editor/2022.3.61t14/Editor/Data/TuanjieReferenceAssemblies/tuanjie-4.8-api/System.IO.Compression.dll"
-r:"C:/Program Files/Tuanjie/Hub/Editor/2022.3.61t14/Editor/Data/TuanjieReferenceAssemblies/tuanjie-4.8-api/System.IO.Compression.FileSystem.dll"
-r:"C:/Program Files/Tuanjie/Hub/Editor/2022.3.61t14/Editor/Data/TuanjieReferenceAssemblies/tuanjie-4.8-api/System.Net.Http.dll"
-r:"C:/Program Files/Tuanjie/Hub/Editor/2022.3.61t14/Editor/Data/TuanjieReferenceAssemblies/tuanjie-4.8-api/System.Numerics.dll"
-r:"C:/Program Files/Tuanjie/Hub/Editor/2022.3.61t14/Editor/Data/TuanjieReferenceAssemblies/tuanjie-4.8-api/System.Numerics.Vectors.dll"
-r:"C:/Program Files/Tuanjie/Hub/Editor/2022.3.61t14/Editor/Data/TuanjieReferenceAssemblies/tuanjie-4.8-api/System.Runtime.Serialization.dll"
-r:"C:/Program Files/Tuanjie/Hub/Editor/2022.3.61t14/Editor/Data/TuanjieReferenceAssemblies/tuanjie-4.8-api/System.Transactions.dll"
-r:"C:/Program Files/Tuanjie/Hub/Editor/2022.3.61t14/Editor/Data/TuanjieReferenceAssemblies/tuanjie-4.8-api/System.Xml.dll"
-r:"C:/Program Files/Tuanjie/Hub/Editor/2022.3.61t14/Editor/Data/TuanjieReferenceAssemblies/tuanjie-4.8-api/System.Xml.Linq.dll"
-analyzer:"C:/Program Files/Tuanjie/Hub/Editor/2022.3.61t14/Editor/Data/Tools/Unity.SourceGenerators/Unity.Properties.SourceGenerator.dll"
-analyzer:"C:/Program Files/Tuanjie/Hub/Editor/2022.3.61t14/Editor/Data/Tools/Unity.SourceGenerators/Unity.SourceGenerators.dll"
"Library/PackageCache/com.unity.2d.tilemap@1.0.0/Editor/AssemblyInfo.cs"
"Library/PackageCache/com.unity.2d.tilemap@1.0.0/Editor/CreateTileFromPaletteAttribute.cs"
"Library/PackageCache/com.unity.2d.tilemap@1.0.0/Editor/EditorTools/BoxTool.cs"
"Library/PackageCache/com.unity.2d.tilemap@1.0.0/Editor/EditorTools/BrushToolsAttribute.cs"
"Library/PackageCache/com.unity.2d.tilemap@1.0.0/Editor/EditorTools/EraseTool.cs"
"Library/PackageCache/com.unity.2d.tilemap@1.0.0/Editor/EditorTools/FillTool.cs"
"Library/PackageCache/com.unity.2d.tilemap@1.0.0/Editor/EditorTools/FlipTool.cs"
"Library/PackageCache/com.unity.2d.tilemap@1.0.0/Editor/EditorTools/GridSelection/GridSelectionMoveTool.cs"
"Library/PackageCache/com.unity.2d.tilemap@1.0.0/Editor/EditorTools/GridSelection/GridSelectionRotationTool.cs"
"Library/PackageCache/com.unity.2d.tilemap@1.0.0/Editor/EditorTools/GridSelection/GridSelectionScaleTool.cs"
"Library/PackageCache/com.unity.2d.tilemap@1.0.0/Editor/EditorTools/GridSelection/GridSelectionTool.cs"
"Library/PackageCache/com.unity.2d.tilemap@1.0.0/Editor/EditorTools/GridSelection/GridSelectionToolEditor.cs"
"Library/PackageCache/com.unity.2d.tilemap@1.0.0/Editor/EditorTools/GridSelection/GridSelectionTransformTool.cs"
"Library/PackageCache/com.unity.2d.tilemap@1.0.0/Editor/EditorTools/MoveTool.cs"
"Library/PackageCache/com.unity.2d.tilemap@1.0.0/Editor/EditorTools/PaintTool.cs"
"Library/PackageCache/com.unity.2d.tilemap@1.0.0/Editor/EditorTools/PickingTool.cs"
"Library/PackageCache/com.unity.2d.tilemap@1.0.0/Editor/EditorTools/RotateTool.cs"
"Library/PackageCache/com.unity.2d.tilemap@1.0.0/Editor/EditorTools/SelectTool.cs"
"Library/PackageCache/com.unity.2d.tilemap@1.0.0/Editor/EditorTools/TilemapEditorTool.cs"
"Library/PackageCache/com.unity.2d.tilemap@1.0.0/Editor/EditorTools/TilemapEditorToolPreferences.cs"
"Library/PackageCache/com.unity.2d.tilemap@1.0.0/Editor/EditorTools/TilemapEditorToolPreferencesAsset.cs"
"Library/PackageCache/com.unity.2d.tilemap@1.0.0/Editor/GridBrush.cs"
"Library/PackageCache/com.unity.2d.tilemap@1.0.0/Editor/GridBrushEditor.cs"
"Library/PackageCache/com.unity.2d.tilemap@1.0.0/Editor/GridBrushEditorBase.cs"
"Library/PackageCache/com.unity.2d.tilemap@1.0.0/Editor/GridBrushesDropdown.cs"
"Library/PackageCache/com.unity.2d.tilemap@1.0.0/Editor/GridEditorUtility.cs"
"Library/PackageCache/com.unity.2d.tilemap@1.0.0/Editor/GridPaintingState.cs"
"Library/PackageCache/com.unity.2d.tilemap@1.0.0/Editor/GridPaintPaletteClipboard.cs"
"Library/PackageCache/com.unity.2d.tilemap@1.0.0/Editor/GridPaintPaletteWindow.cs"
"Library/PackageCache/com.unity.2d.tilemap@1.0.0/Editor/GridPaintPaletteWindowPreferences.cs"
"Library/PackageCache/com.unity.2d.tilemap@1.0.0/Editor/GridPaintSortingAttribute.cs"
"Library/PackageCache/com.unity.2d.tilemap@1.0.0/Editor/GridPaintTargetsDropdown.cs"
"Library/PackageCache/com.unity.2d.tilemap@1.0.0/Editor/GridPaletteAddPopup.cs"
"Library/PackageCache/com.unity.2d.tilemap@1.0.0/Editor/GridPaletteBrushes.cs"
"Library/PackageCache/com.unity.2d.tilemap@1.0.0/Editor/GridPaletteEditor.cs"
"Library/PackageCache/com.unity.2d.tilemap@1.0.0/Editor/GridPalettes.cs"
"Library/PackageCache/com.unity.2d.tilemap@1.0.0/Editor/GridPalettesDropdown.cs"
"Library/PackageCache/com.unity.2d.tilemap@1.0.0/Editor/GridPaletteUtility.cs"
"Library/PackageCache/com.unity.2d.tilemap@1.0.0/Editor/GridSelection.cs"
"Library/PackageCache/com.unity.2d.tilemap@1.0.0/Editor/GridSelectionEditor.cs"
"Library/PackageCache/com.unity.2d.tilemap@1.0.0/Editor/ObjectCreationMenu/DefaultAssetCreation.cs"
"Library/PackageCache/com.unity.2d.tilemap@1.0.0/Editor/ObjectCreationMenu/GameObjectCreation.cs"
"Library/PackageCache/com.unity.2d.tilemap@1.0.0/Editor/PaintableGrid.cs"
"Library/PackageCache/com.unity.2d.tilemap@1.0.0/Editor/PaintableSceneViewGrid.cs"
"Library/PackageCache/com.unity.2d.tilemap@1.0.0/Editor/SceneViewGridManager.cs"
"Library/PackageCache/com.unity.2d.tilemap@1.0.0/Editor/SceneViewOpenTilePaletteHelper.cs"
"Library/PackageCache/com.unity.2d.tilemap@1.0.0/Editor/TileDragAndDrop.cs"
"Library/PackageCache/com.unity.2d.tilemap@1.0.0/Editor/TileDragAndDropHoverData.cs"
"Library/PackageCache/com.unity.2d.tilemap@1.0.0/Editor/TileDragAndDropManager.cs"
"Library/PackageCache/com.unity.2d.tilemap@1.0.0/Editor/TilemapFocusModeUtility.cs"
"Library/PackageCache/com.unity.2d.tilemap@1.0.0/Editor/TilemapPrefabStageHelper.cs"
"Library/PackageCache/com.unity.2d.tilemap@1.0.0/Editor/TilePaletteActiveTargetsProperties.cs"
"Library/PackageCache/com.unity.2d.tilemap@1.0.0/Editor/TilePalettePrefabUtility.cs"
"Library/PackageCache/com.unity.2d.tilemap@1.0.0/Editor/TilePaletteSaveUtility.cs"
"Library/PackageCache/com.unity.2d.tilemap@1.0.0/Editor/TileUtility.cs"
"Library/PackageCache/com.unity.2d.tilemap@1.0.0/Editor/UI/BoolFieldOverlayPopupWindow.cs"
"Library/PackageCache/com.unity.2d.tilemap@1.0.0/Editor/UI/GridPaintingToolbar.cs"
"Library/PackageCache/com.unity.2d.tilemap@1.0.0/Editor/UI/GridPaintPaletteWindowActiveTargets.cs"
"Library/PackageCache/com.unity.2d.tilemap@1.0.0/Editor/UI/GridPaintPaletteWindowSplitView.cs"
"Library/PackageCache/com.unity.2d.tilemap@1.0.0/Editor/UI/SceneViewOpenTilePaletteOverlay.cs"
"Library/PackageCache/com.unity.2d.tilemap@1.0.0/Editor/UI/SceneViewTilemapFocusOverlay.cs"
"Library/PackageCache/com.unity.2d.tilemap@1.0.0/Editor/UI/TilemapEditorToolbarStrip.cs"
"Library/PackageCache/com.unity.2d.tilemap@1.0.0/Editor/UI/TilemapEditorToolButton.cs"
"Library/PackageCache/com.unity.2d.tilemap@1.0.0/Editor/UI/TilePaletteActivePaletteDropdownMenu.cs"
"Library/PackageCache/com.unity.2d.tilemap@1.0.0/Editor/UI/TilePaletteActivePalettePopup.cs"
"Library/PackageCache/com.unity.2d.tilemap@1.0.0/Editor/UI/TilePaletteActiveTargetsButton.cs"
"Library/PackageCache/com.unity.2d.tilemap@1.0.0/Editor/UI/TilePaletteActiveTargetsDropdownMenu.cs"
"Library/PackageCache/com.unity.2d.tilemap@1.0.0/Editor/UI/TilePaletteActiveTargetsPopup.cs"
"Library/PackageCache/com.unity.2d.tilemap@1.0.0/Editor/UI/TilePaletteBrushesButton.cs"
"Library/PackageCache/com.unity.2d.tilemap@1.0.0/Editor/UI/TilePaletteBrushesDropdownMenu.cs"
"Library/PackageCache/com.unity.2d.tilemap@1.0.0/Editor/UI/TilePaletteBrushesDropdownToggle.cs"
"Library/PackageCache/com.unity.2d.tilemap@1.0.0/Editor/UI/TilePaletteBrushesLabel.cs"
"Library/PackageCache/com.unity.2d.tilemap@1.0.0/Editor/UI/TilePaletteBrushesPopup.cs"
"Library/PackageCache/com.unity.2d.tilemap@1.0.0/Editor/UI/TilePaletteBrushInspector.cs"
"Library/PackageCache/com.unity.2d.tilemap@1.0.0/Editor/UI/TilePaletteBrushInspectorElement.cs"
"Library/PackageCache/com.unity.2d.tilemap@1.0.0/Editor/UI/TilePaletteBrushInspectorPopup.cs"
"Library/PackageCache/com.unity.2d.tilemap@1.0.0/Editor/UI/TilePaletteBrushPanelButton.cs"
"Library/PackageCache/com.unity.2d.tilemap@1.0.0/Editor/UI/TilePaletteClipboardButton.cs"
"Library/PackageCache/com.unity.2d.tilemap@1.0.0/Editor/UI/TilePaletteClipboardElement.cs"
"Library/PackageCache/com.unity.2d.tilemap@1.0.0/Editor/UI/TilePaletteClipboardPanelPopup.cs"
"Library/PackageCache/com.unity.2d.tilemap@1.0.0/Editor/UI/TilePaletteContextMenuHandler.cs"
"Library/PackageCache/com.unity.2d.tilemap@1.0.0/Editor/UI/TilePaletteDragHandler.cs"
"Library/PackageCache/com.unity.2d.tilemap@1.0.0/Editor/UI/TilePaletteElement.cs"
"Library/PackageCache/com.unity.2d.tilemap@1.0.0/Editor/UI/TilePaletteMouseCursorUtility.cs"
"Library/PackageCache/com.unity.2d.tilemap@1.0.0/Editor/UI/TilePaletteOverlayUtility.cs"
-langversion:9.0
/deterministic
/optimize+
/debug:portable
/nologo
/RuntimeMetadataVersion:v4.0.30319
/nowarn:0169
/nowarn:0649
/nowarn:0282
/nowarn:1701
/nowarn:1702
/utf8output
/preferreduilang:en-US
-warn:0
/additionalfile:"Library/Bee/artifacts/1900b0aE.dag/Unity.2D.Tilemap.Editor.UnityAdditionalFile.txt"
##### Custom Environment Variables
DOTNET_MULTILEVEL_LOOKUP=0
##### ExitCode
1
##### Output
error CS2001: Source file 'D:\game\LoveQiE-without2DToolkit\Library/PackageCache/com.unity.2d.tilemap@1.0.0/Editor/GridPaintPaletteClipboard.cs' could not be found.

error CS2001: Source file 'D:\game\LoveQiE-without2DToolkit\Library/PackageCache/com.unity.2d.tilemap@1.0.0/Editor/PaintableGrid.cs' could not be found.

error CS2001: Source file 'D:\game\LoveQiE-without2DToolkit\Library/PackageCache/com.unity.2d.tilemap@1.0.0/Editor/GridPaintSortingAttribute.cs' could not be found.

error CS2001: Source file 'D:\game\LoveQiE-without2DToolkit\Library/PackageCache/com.unity.2d.tilemap@1.0.0/Editor/SceneViewOpenTilePaletteHelper.cs' could not be found.

error CS2001: Source file 'D:\game\LoveQiE-without2DToolkit\Library/PackageCache/com.unity.2d.tilemap@1.0.0/Editor/GridSelectionEditor.cs' could not be found.

error CS2001: Source file 'D:\game\LoveQiE-without2DToolkit\Library/PackageCache/com.unity.2d.tilemap@1.0.0/Editor/GridBrushesDropdown.cs' could not be found.

error CS2001: Source file 'D:\game\LoveQiE-without2DToolkit\Library/PackageCache/com.unity.2d.tilemap@1.0.0/Editor/GridBrush.cs' could not be found.

error CS2001: Source file 'D:\game\LoveQiE-without2DToolkit\Library/PackageCache/com.unity.2d.tilemap@1.0.0/Editor/EditorTools/BrushToolsAttribute.cs' could not be found.

error CS2001: Source file 'D:\game\LoveQiE-without2DToolkit\Library/PackageCache/com.unity.2d.tilemap@1.0.0/Editor/EditorTools/PickingTool.cs' could not be found.

error CS2001: Source file 'D:\game\LoveQiE-without2DToolkit\Library/PackageCache/com.unity.2d.tilemap@1.0.0/Editor/EditorTools/FlipTool.cs' could not be found.

error CS2001: Source file 'D:\game\LoveQiE-without2DToolkit\Library/PackageCache/com.unity.2d.tilemap@1.0.0/Editor/GridPaletteBrushes.cs' could not be found.

error CS2001: Source file 'D:\game\LoveQiE-without2DToolkit\Library/PackageCache/com.unity.2d.tilemap@1.0.0/Editor/EditorTools/GridSelection/GridSelectionTransformTool.cs' could not be found.

error CS2001: Source file 'D:\game\LoveQiE-without2DToolkit\Library/PackageCache/com.unity.2d.tilemap@1.0.0/Editor/EditorTools/TilemapEditorTool.cs' could not be found.

error CS2001: Source file 'D:\game\LoveQiE-without2DToolkit\Library/PackageCache/com.unity.2d.tilemap@1.0.0/Editor/EditorTools/GridSelection/GridSelectionScaleTool.cs' could not be found.

error CS2001: Source file 'D:\game\LoveQiE-without2DToolkit\Library/PackageCache/com.unity.2d.tilemap@1.0.0/Editor/GridPalettesDropdown.cs' could not be found.

error CS2001: Source file 'D:\game\LoveQiE-without2DToolkit\Library/PackageCache/com.unity.2d.tilemap@1.0.0/Editor/AssemblyInfo.cs' could not be found.

error CS2001: Source file 'D:\game\LoveQiE-without2DToolkit\Library/PackageCache/com.unity.2d.tilemap@1.0.0/Editor/PaintableSceneViewGrid.cs' could not be found.

error CS2001: Source file 'D:\game\LoveQiE-without2DToolkit\Library/PackageCache/com.unity.2d.tilemap@1.0.0/Editor/ObjectCreationMenu/DefaultAssetCreation.cs' could not be found.

error CS2001: Source file 'D:\game\LoveQiE-without2DToolkit\Library/PackageCache/com.unity.2d.tilemap@1.0.0/Editor/GridPaintTargetsDropdown.cs' could not be found.

error CS2001: Source file 'D:\game\LoveQiE-without2DToolkit\Library/PackageCache/com.unity.2d.tilemap@1.0.0/Editor/TileDragAndDrop.cs' could not be found.

error CS2001: Source file 'D:\game\LoveQiE-without2DToolkit\Library/PackageCache/com.unity.2d.tilemap@1.0.0/Editor/GridPaintPaletteWindow.cs' could not be found.

error CS2001: Source file 'D:\game\LoveQiE-without2DToolkit\Library/PackageCache/com.unity.2d.tilemap@1.0.0/Editor/EditorTools/EraseTool.cs' could not be found.

error CS2001: Source file 'D:\game\LoveQiE-without2DToolkit\Library/PackageCache/com.unity.2d.tilemap@1.0.0/Editor/GridEditorUtility.cs' could not be found.

error CS2001: Source file 'D:\game\LoveQiE-without2DToolkit\Library/PackageCache/com.unity.2d.tilemap@1.0.0/Editor/GridBrushEditor.cs' could not be found.

error CS2001: Source file 'D:\game\LoveQiE-without2DToolkit\Library/PackageCache/com.unity.2d.tilemap@1.0.0/Editor/EditorTools/RotateTool.cs' could not be found.

error CS2001: Source file 'D:\game\LoveQiE-without2DToolkit\Library/PackageCache/com.unity.2d.tilemap@1.0.0/Editor/GridPaletteEditor.cs' could not be found.

error CS2001: Source file 'D:\game\LoveQiE-without2DToolkit\Library/PackageCache/com.unity.2d.tilemap@1.0.0/Editor/EditorTools/MoveTool.cs' could not be found.

error CS2001: Source file 'D:\game\LoveQiE-without2DToolkit\Library/PackageCache/com.unity.2d.tilemap@1.0.0/Editor/EditorTools/GridSelection/GridSelectionMoveTool.cs' could not be found.

error CS2001: Source file 'D:\game\LoveQiE-without2DToolkit\Library/PackageCache/com.unity.2d.tilemap@1.0.0/Editor/EditorTools/TilemapEditorToolPreferences.cs' could not be found.

error CS2001: Source file 'D:\game\LoveQiE-without2DToolkit\Library/PackageCache/com.unity.2d.tilemap@1.0.0/Editor/EditorTools/GridSelection/GridSelectionTool.cs' could not be found.

error CS2001: Source file 'D:\game\LoveQiE-without2DToolkit\Library/PackageCache/com.unity.2d.tilemap@1.0.0/Editor/GridPaletteUtility.cs' could not be found.

error CS2001: Source file 'D:\game\LoveQiE-without2DToolkit\Library/PackageCache/com.unity.2d.tilemap@1.0.0/Editor/CreateTileFromPaletteAttribute.cs' could not be found.

error CS2001: Source file 'D:\game\LoveQiE-without2DToolkit\Library/PackageCache/com.unity.2d.tilemap@1.0.0/Editor/SceneViewGridManager.cs' could not be found.

error CS2001: Source file 'D:\game\LoveQiE-without2DToolkit\Library/PackageCache/com.unity.2d.tilemap@1.0.0/Editor/ObjectCreationMenu/GameObjectCreation.cs' could not be found.

error CS2001: Source file 'D:\game\LoveQiE-without2DToolkit\Library/PackageCache/com.unity.2d.tilemap@1.0.0/Editor/GridPaletteAddPopup.cs' could not be found.

error CS2001: Source file 'D:\game\LoveQiE-without2DToolkit\Library/PackageCache/com.unity.2d.tilemap@1.0.0/Editor/TileDragAndDropHoverData.cs' could not be found.

error CS2001: Source file 'D:\game\LoveQiE-without2DToolkit\Library/PackageCache/com.unity.2d.tilemap@1.0.0/Editor/GridPaintPaletteWindowPreferences.cs' could not be found.

error CS2001: Source file 'D:\game\LoveQiE-without2DToolkit\Library/PackageCache/com.unity.2d.tilemap@1.0.0/Editor/EditorTools/FillTool.cs' could not be found.

error CS2001: Source file 'D:\game\LoveQiE-without2DToolkit\Library/PackageCache/com.unity.2d.tilemap@1.0.0/Editor/GridPaintingState.cs' could not be found.

error CS2001: Source file 'D:\game\LoveQiE-without2DToolkit\Library/PackageCache/com.unity.2d.tilemap@1.0.0/Editor/GridBrushEditorBase.cs' could not be found.

error CS2001: Source file 'D:\game\LoveQiE-without2DToolkit\Library/PackageCache/com.unity.2d.tilemap@1.0.0/Editor/EditorTools/SelectTool.cs' could not be found.

error CS2001: Source file 'D:\game\LoveQiE-without2DToolkit\Library/PackageCache/com.unity.2d.tilemap@1.0.0/Editor/GridPalettes.cs' could not be found.

error CS2001: Source file 'D:\game\LoveQiE-without2DToolkit\Library/PackageCache/com.unity.2d.tilemap@1.0.0/Editor/EditorTools/PaintTool.cs' could not be found.

error CS2001: Source file 'D:\game\LoveQiE-without2DToolkit\Library/PackageCache/com.unity.2d.tilemap@1.0.0/Editor/EditorTools/TilemapEditorToolPreferencesAsset.cs' could not be found.

error CS2001: Source file 'D:\game\LoveQiE-without2DToolkit\Library/PackageCache/com.unity.2d.tilemap@1.0.0/Editor/EditorTools/GridSelection/GridSelectionToolEditor.cs' could not be found.

error CS2001: Source file 'D:\game\LoveQiE-without2DToolkit\Library/PackageCache/com.unity.2d.tilemap@1.0.0/Editor/EditorTools/GridSelection/GridSelectionRotationTool.cs' could not be found.

error CS2001: Source file 'D:\game\LoveQiE-without2DToolkit\Library/PackageCache/com.unity.2d.tilemap@1.0.0/Editor/GridSelection.cs' could not be found.

error CS2001: Source file 'D:\game\LoveQiE-without2DToolkit\Library/PackageCache/com.unity.2d.tilemap@1.0.0/Editor/EditorTools/BoxTool.cs' could not be found.

error CS2001: Source file 'D:\game\LoveQiE-without2DToolkit\Library/PackageCache/com.unity.2d.tilemap@1.0.0/Editor/TileDragAndDropManager.cs' could not be found.

error CS2001: Source file 'D:\game\LoveQiE-without2DToolkit\Library/PackageCache/com.unity.2d.tilemap@1.0.0/Editor/TilePaletteActiveTargetsProperties.cs' could not be found.

error CS2001: Source file 'D:\game\LoveQiE-without2DToolkit\Library/PackageCache/com.unity.2d.tilemap@1.0.0/Editor/TileUtility.cs' could not be found.

error CS2001: Source file 'D:\game\LoveQiE-without2DToolkit\Library/PackageCache/com.unity.2d.tilemap@1.0.0/Editor/UI/SceneViewTilemapFocusOverlay.cs' could not be found.

error CS2001: Source file 'D:\game\LoveQiE-without2DToolkit\Library/PackageCache/com.unity.2d.tilemap@1.0.0/Editor/UI/TilePaletteActivePaletteDropdownMenu.cs' could not be found.

error CS2001: Source file 'D:\game\LoveQiE-without2DToolkit\Library/PackageCache/com.unity.2d.tilemap@1.0.0/Editor/UI/TilePaletteActiveTargetsDropdownMenu.cs' could not be found.

error CS2001: Source file 'D:\game\LoveQiE-without2DToolkit\Library/PackageCache/com.unity.2d.tilemap@1.0.0/Editor/UI/TilePaletteBrushesDropdownMenu.cs' could not be found.

error CS2001: Source file 'D:\game\LoveQiE-without2DToolkit\Library/PackageCache/com.unity.2d.tilemap@1.0.0/Editor/UI/TilePaletteBrushesPopup.cs' could not be found.

error CS2001: Source file 'D:\game\LoveQiE-without2DToolkit\Library/PackageCache/com.unity.2d.tilemap@1.0.0/Editor/UI/TilePaletteBrushInspectorElement.cs' could not be found.

error CS2001: Source file 'D:\game\LoveQiE-without2DToolkit\Library/PackageCache/com.unity.2d.tilemap@1.0.0/Editor/UI/TilePaletteBrushInspector.cs' could not be found.

error CS2001: Source file 'D:\game\LoveQiE-without2DToolkit\Library/PackageCache/com.unity.2d.tilemap@1.0.0/Editor/UI/TilePaletteClipboardElement.cs' could not be found.

error CS2001: Source file 'D:\game\LoveQiE-without2DToolkit\Library/PackageCache/com.unity.2d.tilemap@1.0.0/Editor/UI/TilePaletteBrushInspectorPopup.cs' could not be found.

error CS2001: Source file 'D:\game\LoveQiE-without2DToolkit\Library/PackageCache/com.unity.2d.tilemap@1.0.0/Editor/UI/TilePaletteElement.cs' could not be found.

error CS2001: Source file 'D:\game\LoveQiE-without2DToolkit\Library/PackageCache/com.unity.2d.tilemap@1.0.0/Editor/UI/TilePaletteDragHandler.cs' could not be found.

error CS2001: Source file 'D:\game\LoveQiE-without2DToolkit\Library/PackageCache/com.unity.2d.tilemap@1.0.0/Editor/UI/GridPaintPaletteWindowActiveTargets.cs' could not be found.

error CS2001: Source file 'D:\game\LoveQiE-without2DToolkit\Library/PackageCache/com.unity.2d.tilemap@1.0.0/Editor/TilemapFocusModeUtility.cs' could not be found.

error CS2001: Source file 'D:\game\LoveQiE-without2DToolkit\Library/PackageCache/com.unity.2d.tilemap@1.0.0/Editor/UI/TilePaletteOverlayUtility.cs' could not be found.

error CS2001: Source file 'D:\game\LoveQiE-without2DToolkit\Library/PackageCache/com.unity.2d.tilemap@1.0.0/Editor/TilePalettePrefabUtility.cs' could not be found.

error CS2001: Source file 'D:\game\LoveQiE-without2DToolkit\Library/PackageCache/com.unity.2d.tilemap@1.0.0/Editor/UI/BoolFieldOverlayPopupWindow.cs' could not be found.

error CS2001: Source file 'D:\game\LoveQiE-without2DToolkit\Library/PackageCache/com.unity.2d.tilemap@1.0.0/Editor/UI/TilemapEditorToolbarStrip.cs' could not be found.

error CS2001: Source file 'D:\game\LoveQiE-without2DToolkit\Library/PackageCache/com.unity.2d.tilemap@1.0.0/Editor/UI/TilePaletteActivePalettePopup.cs' could not be found.

error CS2001: Source file 'D:\game\LoveQiE-without2DToolkit\Library/PackageCache/com.unity.2d.tilemap@1.0.0/Editor/UI/TilePaletteActiveTargetsPopup.cs' could not be found.

error CS2001: Source file 'D:\game\LoveQiE-without2DToolkit\Library/PackageCache/com.unity.2d.tilemap@1.0.0/Editor/UI/TilePaletteMouseCursorUtility.cs' could not be found.

error CS2001: Source file 'D:\game\LoveQiE-without2DToolkit\Library/PackageCache/com.unity.2d.tilemap@1.0.0/Editor/UI/TilePaletteBrushPanelButton.cs' could not be found.

error CS2001: Source file 'D:\game\LoveQiE-without2DToolkit\Library/PackageCache/com.unity.2d.tilemap@1.0.0/Editor/UI/TilePaletteBrushesDropdownToggle.cs' could not be found.

error CS2001: Source file 'D:\game\LoveQiE-without2DToolkit\Library/PackageCache/com.unity.2d.tilemap@1.0.0/Editor/UI/TilePaletteClipboardPanelPopup.cs' could not be found.

error CS2001: Source file 'D:\game\LoveQiE-without2DToolkit\Library/PackageCache/com.unity.2d.tilemap@1.0.0/Editor/UI/GridPaintPaletteWindowSplitView.cs' could not be found.

error CS2001: Source file 'D:\game\LoveQiE-without2DToolkit\Library/PackageCache/com.unity.2d.tilemap@1.0.0/Editor/TilemapPrefabStageHelper.cs' could not be found.

error CS2001: Source file 'D:\game\LoveQiE-without2DToolkit\Library/PackageCache/com.unity.2d.tilemap@1.0.0/Editor/TilePaletteSaveUtility.cs' could not be found.

error CS2001: Source file 'D:\game\LoveQiE-without2DToolkit\Library/PackageCache/com.unity.2d.tilemap@1.0.0/Editor/UI/GridPaintingToolbar.cs' could not be found.

error CS2001: Source file 'D:\game\LoveQiE-without2DToolkit\Library/PackageCache/com.unity.2d.tilemap@1.0.0/Editor/UI/TilemapEditorToolButton.cs' could not be found.

error CS2001: Source file 'D:\game\LoveQiE-without2DToolkit\Library/PackageCache/com.unity.2d.tilemap@1.0.0/Editor/UI/TilePaletteActiveTargetsButton.cs' could not be found.

error CS2001: Source file 'D:\game\LoveQiE-without2DToolkit\Library/PackageCache/com.unity.2d.tilemap@1.0.0/Editor/UI/TilePaletteBrushesButton.cs' could not be found.

error CS2001: Source file 'D:\game\LoveQiE-without2DToolkit\Library/PackageCache/com.unity.2d.tilemap@1.0.0/Editor/UI/TilePaletteBrushesLabel.cs' could not be found.

error CS2001: Source file 'D:\game\LoveQiE-without2DToolkit\Library/PackageCache/com.unity.2d.tilemap@1.0.0/Editor/UI/TilePaletteContextMenuHandler.cs' could not be found.

error CS2001: Source file 'D:\game\LoveQiE-without2DToolkit\Library/PackageCache/com.unity.2d.tilemap@1.0.0/Editor/UI/SceneViewOpenTilePaletteOverlay.cs' could not be found.

error CS2001: Source file 'D:\game\LoveQiE-without2DToolkit\Library/PackageCache/com.unity.2d.tilemap@1.0.0/Editor/UI/TilePaletteClipboardButton.cs' could not be found.
*** Tundra requires additional run (0.36 seconds), 2 items updated, 111 evaluated
Starting: C:\Program Files\Tuanjie\Hub\Editor\2022.3.61t14\Editor\Data\Tools\netcorerun\netcorerun.exe "C:\Program Files\Tuanjie\Hub\Editor\2022.3.61t14\Editor\Data\Tools\BuildPipeline\ScriptCompilationBuildProgram.exe" "Library/Bee/1900b0aE.dag.json" "Library/Bee/1900b0aE-inputdata.json" "Library\Bee\buildprogram0.traceevents"
WorkingDir: D:/game/LoveQiE-without2DToolkit
ExitCode: 0 Duration: 0s137ms
Starting: C:\Program Files\Tuanjie\Hub\Editor\2022.3.61t14\Editor\Data\bee_backend.exe --dont-print-to-structured-log --ipc --defer-dag-verification --dagfile="Library/Bee/1900b0aE.dag" --continue-on-failure --dagfilejson="Library\Bee\1900b0aE.dag.json" --profile="Library/Bee/backend2.traceevents" ScriptAssemblies
WorkingDir: D:/game/LoveQiE-without2DToolkit
ExitCode: 0 Duration: 0s87ms
Finished compiling graph: 3 nodes, 3 flattened edges (3 ToBuild, 0 ToUse), maximum node priority 3
[           0s] Delete 129 artifact files that are no longer in use. (like Library\ScriptAssemblies)
*** Tundra build success (0.07 seconds), 0 items updated, 1 evaluated
Reloading assemblies after forced synchronous recompile.
Begin MonoManager ReloadAssembly
[Licensing::Client] Successfully send message: {"AuthorizationCheck":"Yq4zMVFaQVc4Xg==","messageType":"EntitlementDetailsRequest","entitlementIds":["com.unity.editor.headless","com.unity.editor.ui"],"packageEntitlementIds":[],"includeCustomData":false} at 1790143270
[Licensing::Client] Successfully receive message: {"entitlementGroups":[{"entitlementGroupId":"F4-9MP9-ZWAG-QSVY-CHDF-P4PP","entitlementGroupIdHash":"25af702a0ffcfe3cb60897b1e699a94eb8956553","productName":"Unity Personal","productType":"TuanjieEditor","licenseType":"ULF","expiration":1790576023000,"matchedEntitlements":[{"entitlementId":"com.unity.editor.ui","isPackage":false,"count":1},{"entitlementId":"com.unity.editor.headless","isPackage":false,"count":1}]}],"responseCode":200,"responseStatus":"Found 1 entitlement groups and 0 free entitlements matching requested entitlement ids","messageType":"EntitlementDetailsResponse","authorizationCheck":"Yq4zMVFaQVc4XnN2cG143dO9dKSZ"} at 1790143271
[Licensing::Client] Attempt to check time stamp (startTime: 1790143270, endTime: 1790143271)
[Licensing::Client] Successfully resolved entitlement details
- Loaded All Assemblies, in  0.240 seconds
Couldn't create 'Assets/~UnityDirMonSyncFile~309aa2b7161903b45a578bfc704807d0~'
Couldn't create 'Assets/~UnityDirMonSyncFile~d56a2c28e34a4114485d60edb1895d25~'
Refreshing native plugins compatible for Editor in 0.00 ms, found 0 plugins.
Native extension for WindowsStandalone target not found
[MODES] ModeService[none].Initialize
[MODES] ModeService[none].LoadModes
[MODES] Loading mode Default (0) for mode-current-id-LoveQiE
[Licensing::Client] Successfully send message: {"AuthorizationCheck":"Yq4zMVFaQVc4Xw==","messageType":"EntitlementDetailsRequest","entitlementIds":["com.unity.editor.minigame.subplatform.wechat","com.unity.editor.ui"],"packageEntitlementIds":[],"includeCustomData":false} at 1790143271
[Licensing::Client] Successfully receive message: {"entitlementGroups":[{"entitlementGroupId":"F4-9MP9-ZWAG-QSVY-CHDF-P4PP","entitlementGroupIdHash":"25af702a0ffcfe3cb60897b1e699a94eb8956553","productName":"Unity Personal","productType":"TuanjieEditor","licenseType":"ULF","expiration":1790576023000,"matchedEntitlements":[{"entitlementId":"com.unity.editor.ui","isPackage":false,"count":1},{"entitlementId":"com.unity.editor.minigame.subplatform.wechat","isPackage":false,"count":1}]}],"responseCode":200,"responseStatus":"Found 1 entitlement groups and 0 free entitlements matching requested entitlement ids","messageType":"EntitlementDetailsResponse","authorizationCheck":"Yq4zMVFaQVc4X3N2cG143Vqzzv2y"} at 1790143271
[Licensing::Client] Attempt to check time stamp (startTime: 1790143271, endTime: 1790143271)
[Licensing::Client] Successfully resolved entitlement details
[Licensing::Client] Successfully send message: {"AuthorizationCheck":"Yq4zMVFaQVc4Xw==","messageType":"EntitlementDetailsRequest","entitlementIds":["com.unity.editor.minigame.subplatform.douyin","com.unity.editor.ui"],"packageEntitlementIds":[],"includeCustomData":false} at 1790143271
[Licensing::Client] Successfully receive message: {"entitlementGroups":[{"entitlementGroupId":"F4-9MP9-ZWAG-QSVY-CHDF-P4PP","entitlementGroupIdHash":"25af702a0ffcfe3cb60897b1e699a94eb8956553","productName":"Unity Personal","productType":"TuanjieEditor","licenseType":"ULF","expiration":1790576023000,"matchedEntitlements":[{"entitlementId":"com.unity.editor.ui","isPackage":false,"count":1},{"entitlementId":"com.unity.editor.minigame.subplatform.douyin","isPackage":false,"count":1}]}],"responseCode":200,"responseStatus":"Found 1 entitlement groups and 0 free entitlements matching requested entitlement ids","messageType":"EntitlementDetailsResponse","authorizationCheck":"Yq4zMVFaQVc4X3N2cG143Vqzzv2y"} at 1790143271
[Licensing::Client] Attempt to check time stamp (startTime: 1790143271, endTime: 1790143271)
[Licensing::Client] Successfully resolved entitlement details
[Licensing::Client] Successfully send message: {"AuthorizationCheck":"Yq4zMVFaQVc4Xw==","messageType":"EntitlementDetailsRequest","entitlementIds":["com.unity.editor.minigame.subplatform.kuaishou","com.unity.editor.ui"],"packageEntitlementIds":[],"includeCustomData":false} at 1790143271
[Licensing::Client] Successfully receive message: {"entitlementGroups":[{"entitlementGroupId":"F4-9MP9-ZWAG-QSVY-CHDF-P4PP","entitlementGroupIdHash":"25af702a0ffcfe3cb60897b1e699a94eb8956553","productName":"Unity Personal","productType":"TuanjieEditor","licenseType":"ULF","expiration":1790576023000,"matchedEntitlements":[{"entitlementId":"com.unity.editor.ui","isPackage":false,"count":1},{"entitlementId":"com.unity.editor.minigame.subplatform.kuaishou","isPackage":false,"count":1}]}],"responseCode":200,"responseStatus":"Found 1 entitlement groups and 0 free entitlements matching requested entitlement ids","messageType":"EntitlementDetailsResponse","authorizationCheck":"Yq4zMVFaQVc4X3N2cG143Vqzzv2y"} at 1790143271
[Licensing::Client] Attempt to check time stamp (startTime: 1790143271, endTime: 1790143271)
[Licensing::Client] Successfully resolved entitlement details
[Licensing::Client] Successfully send message: {"AuthorizationCheck":"Yq4zMVFaQVc4Xw==","messageType":"EntitlementDetailsRequest","entitlementIds":["com.unity.editor.minigame.subplatform.minihost","com.unity.editor.ui"],"packageEntitlementIds":[],"includeCustomData":false} at 1790143271
[Licensing::Client] Successfully receive message: {"entitlementGroups":[{"entitlementGroupId":"F4-9MP9-ZWAG-QSVY-CHDF-P4PP","entitlementGroupIdHash":"25af702a0ffcfe3cb60897b1e699a94eb8956553","productName":"Unity Personal","productType":"TuanjieEditor","licenseType":"ULF","expiration":1790576023000,"matchedEntitlements":[{"entitlementId":"com.unity.editor.ui","isPackage":false,"count":1},{"entitlementId":"com.unity.editor.minigame.subplatform.minihost","isPackage":false,"count":1}]}],"responseCode":200,"responseStatus":"Found 1 entitlement groups and 0 free entitlements matching requested entitlement ids","messageType":"EntitlementDetailsResponse","authorizationCheck":"Yq4zMVFaQVc4X3N2cG143Vqzzv2y"} at 1790143271
[Licensing::Client] Attempt to check time stamp (startTime: 1790143271, endTime: 1790143271)
[Licensing::Client] Successfully resolved entitlement details
Mono: successfully reloaded assembly
- Finished resetting the current domain, in  0.700 seconds
Domain Reload Profiling: 938ms
	BeginReloadAssembly (183ms)
		ExecutionOrderSort (0ms)
		DisableScriptedObjects (43ms)
		BackupInstance (0ms)
		ReleaseScriptingObjects (0ms)
		CreateAndSetChildDomain (31ms)
	RebuildCommonClasses (21ms)
	RebuildNativeTypeToScriptingClass (7ms)
	initialDomainReloadingComplete (19ms)
	LoadAllAssembliesAndSetupDomain (7ms)
		LoadAssemblies (66ms)
		RebuildTransferFunctionScriptingTraits (0ms)
		AnalyzeDomain (5ms)
			TypeCache.Refresh (4ms)
				TypeCache.ScanAssembly (0ms)
			ScanForSourceGeneratedMonoScriptInfo (0ms)
			ResolveRequiredComponents (0ms)
	FinalizeReload (701ms)
		ReleaseScriptCaches (0ms)
		RebuildScriptCaches (0ms)
		SetupLoadedEditorAssemblies (228ms)
			LogAssemblyErrors (0ms)
			InitializePlatformSupportModulesInManaged (4ms)
			SetLoadedEditorAssemblies (2ms)
			RefreshPlugins (0ms)
			BeforeProcessingInitializeOnLoad (40ms)
			ProcessInitializeOnLoadAttributes (160ms)
			ProcessInitializeOnLoadMethodAttributes (13ms)
			AfterProcessingInitializeOnLoad (8ms)
			EditorAssembliesLoaded (0ms)
		ExecutionOrderSort2 (0ms)
		AwakeInstancesAfterBackupRestoration (244ms)
Couldn't create 'Assets/~UnityDirMonSyncFile~751dc08d6d2ebbf4c8ecd12b849ebb6b~'
Refreshing native plugins compatible for Editor in 0.00 ms, found 0 plugins.
Preloading 0 native plugins for Editor in 0.00 ms.
Asset Pipeline Refresh (id=ce5ed4c0454315d4daaf5d1207d24b66): Total: 2.717 seconds - Initiated by RefreshV2(AllowForceSynchronousImport)
	Summary:
		Imports: total=0 (actual=0, local cache=0, cache server=0)
		Asset DB Process Time: managed=0 ms, native=254 ms
		Asset DB Callback time: managed=25 ms, native=578 ms
		Scripting: domain reloads=1, domain reload time=949 ms, compile time=909 ms, other=0 ms
		Project Asset Count: scripts=86, non-scripts=33
		Asset File Changes: new=0, changed=0, moved=0, deleted=644
		Scan Filter Count: 1
		OnDemandAssets Count:0
	InvokeBeforeRefreshCallbacks: 573.375ms
	ApplyChangesToAssetFolders: 0.049ms
	Scan: 126.683ms
	OnSourceAssetsModified: 3.423ms
	UnregisterDeletedAssets: 0.866ms
	GetAllGuidsForCategorization: 0.016ms
	CategorizeAssets: 0.670ms
	ImportOutOfDateAssets: 701.739ms (-207.690ms without children)
		CompileScripts: 908.657ms
		CollectScriptTypesHashes: 0.009ms
		ReloadNativeAssets: 0.070ms
		UnloadImportedAssets: 0.053ms
		EnsureUptoDateAssetsAreRegisteredWithGuidPM: 0.035ms
		InitializingProgressBar: 0.001ms
		PostProcessAllAssetNotificationsAddChangedAssets: 0.001ms
		OnDemandSchedulerStart: 0.604ms
	PostProcessAllAssets: 25.062ms
	Hotreload: 2.689ms
	GatherAllCurrentPrimaryArtifactRevisions: 0.063ms
	UnloadStreamsBegin: 0.071ms
	PersistCurrentRevisions: 0.566ms
	UnloadStreamsEnd: 0.005ms
	GenerateScriptTypeHashes: 0.046ms
	Untracked: 1281.233ms
Couldn't create 'Assets/~UnityDirMonSyncFile~cb762efb451b4b04d98468978e42dcae~'
Asset Pipeline Refresh (id=6c6cc548786b6534eb44063c35965dd2): Total: 0.023 seconds - Initiated by RefreshV2(AllowForceSynchronousImport)
[LAYOUT] About to save layout D:\game\LoveQiE-without2DToolkit\UserSettings\Layouts\default-2022.dwlt
[LAYOUT] About to save layout C:/Users/trlanfeng/AppData/Roaming/Tuanjie/Editor-5.x/Preferences\Layouts\current\default-2022.dwlt
Input System module state changed to: ShutdownInProgress.
Input System polling thread exited.
Input System module state changed to: Shutdown.
[Licensing::IpcConnector] License Notification channel disconnected successfully.
[Licensing::IpcConnector] License Client channel disconnected successfully.
Shutting down server...
TcpMessagingSession - receive error: operation aborted. errorcode: 995, details: 由于线程退出或应用程序请求，已中止 I/O 操作。
TcpMessagingSession - receive error: operation aborted. errorcode: 995, details: 由于线程退出或应用程序请求，已中止 I/O 操作。
TcpMessagingSession - receive error: operation aborted. errorcode: 995, details: 由于线程退出或应用程序请求，已中止 I/O 操作。
TcpMessagingSession - receive error: operation aborted. errorcode: 995, details: 由于线程退出或应用程序请求，已中止 I/O 操作。
TcpMessagingSession - receive error: operation aborted. errorcode: 995, details: 由于线程退出或应用程序请求，已中止 I/O 操作。
TcpMessagingSession - receive error: operation aborted. errorcode: 995, details: 由于线程退出或应用程序请求，已中止 I/O 操作。
Cleanup mono
[Performance] WinEditorMain                                                                                                                                                                                                                           :        1 samples, Peak.  5.38 s (1.0x), Avg.  5.38 s, Total. 5.381 s (0.2%)
[Performance] WinEditorMain.ConfigureCrashHandler                                                                                                                                                                                                     :        1 samples, Peak.  18.9 us (1.0x), Avg.  18.9 us, Total. 18.90 us (0.0%)
[Performance] WinEditorMain.CurlRequestInitialize                                                                                                                                                                                                     :        1 samples, Peak.   650 us (1.0x), Avg.   650 us, Total. 650.0 us (0.0%)
[Performance] WinEditorMain.SetupLogFile                                                                                                                                                                                                              :        1 samples, Peak.   619 us (1.0x), Avg.   619 us, Total. 618.5 us (0.0%)
[Performance] WinEditorMain.RunNativeTestsIfRequiredAndExit                                                                                                                                                                                           :        1 samples, Peak.   100 ns (1.0x), Avg.   100 ns, Total. 100.0 ns (0.0%)
[Performance] WinEditorMain.Licensing                                                                                                                                                                                                                 :        1 samples, Peak.  5.34 s (1.0x), Avg.  5.34 s, Total. 5.341 s (0.2%)
[Performance] WinEditorMain.InitializeCrashHandler                                                                                                                                                                                                    :        1 samples, Peak.  36.8 ms (1.0x), Avg.  36.8 ms, Total. 36.75 ms (0.0%)
[Performance] WinEditorMain.CreateApplication                                                                                                                                                                                                         :        1 samples, Peak.   103 us (1.0x), Avg.   103 us, Total. 103.1 us (0.0%)
[Performance] Application.InitializeProject                                                                                                                                                                                                           :        1 samples, Peak.  3.58 s (1.0x), Avg.  3.58 s, Total. 3.581 s (0.1%)
[Performance] Application.PackageManager.StartServer                                                                                                                                                                                                  :        1 samples, Peak.  14.2 ms (1.0x), Avg.  14.2 ms, Total. 14.25 ms (0.0%)
[Performance] Application.AcquireProjectLock                                                                                                                                                                                                          :        1 samples, Peak.  3.53 ms (1.0x), Avg.  3.53 ms, Total. 3.530 ms (0.0%)
[Performance] Application.InitializeEngineNoGraphics                                                                                                                                                                                                  :        1 samples, Peak.   182 ms (1.0x), Avg.   182 ms, Total. 182.3 ms (0.0%)
[Performance] Application.PackageManager.Initialize                                                                                                                                                                                                   :        1 samples, Peak.   234 ms (1.0x), Avg.   234 ms, Total. 234.2 ms (0.0%)
[Performance] Connecting to Package Manager                                                                                                                                                                                                           :       24 samples, Peak.  52.4 us (16.6x), Avg.  3.16 us, Total. 75.80 us (0.0%)
[Performance] PackageManager::Api::RunRequestSynchronously                                                                                                                                                                                            :       18 samples, Peak.   799 us (4.6x), Avg.   174 us, Total. 3.133 ms (0.0%)
[Performance] Application.EngineGraphics.Initialize                                                                                                                                                                                                   :        1 samples, Peak.   227 ms (1.0x), Avg.   227 ms, Total. 227.1 ms (0.0%)
[Performance] Application.GI.Initialize                                                                                                                                                                                                               :        1 samples, Peak.  3.51 ms (1.0x), Avg.  3.51 ms, Total. 3.513 ms (0.0%)
[Performance] Application.LoadAllDefaultResourcesFromEditor                                                                                                                                                                                           :        1 samples, Peak.  1.41 ms (1.0x), Avg.  1.41 ms, Total. 1.408 ms (0.0%)
[Performance] Application.LoadMonoAssemblies                                                                                                                                                                                                          :        1 samples, Peak.   506 ms (1.0x), Avg.   506 ms, Total. 506.2 ms (0.0%)
[Performance] RestoreManagedReferences                                                                                                                                                                                                                :        6 samples, Peak.   188 ms (1.9x), Avg.   101 ms, Total. 604.5 ms (0.0%)
[Performance] InitializeOnLoad SceneSearch                                                                                                                                                                                                            :        6 samples, Peak.   262 us (1.2x), Avg.   221 us, Total. 1.325 ms (0.0%)
[Performance] InitializeOnLoad DrivenRectTransformUndo                                                                                                                                                                                                :        6 samples, Peak.   169 us (1.1x), Avg.   148 us, Total. 889.9 us (0.0%)
[Performance] InitializeOnLoad ManagedDebugger                                                                                                                                                                                                        :        6 samples, Peak.   598 us (1.6x), Avg.   384 us, Total. 2.303 ms (0.0%)
[Performance] InitializeOnLoad EditMode                                                                                                                                                                                                               :        6 samples, Peak.   360 us (1.4x), Avg.   250 us, Total. 1.502 ms (0.0%)
[Performance] InitializeOnLoad ProjectSearch                                                                                                                                                                                                          :        6 samples, Peak.   236 us (3.3x), Avg.  72.3 us, Total. 433.6 us (0.0%)
[Performance] InitializeOnLoad ManagedDebuggerWindow                                                                                                                                                                                                  :        6 samples, Peak.  90.7 us (1.3x), Avg.  71.9 us, Total. 431.3 us (0.0%)
[Performance] InitializeOnLoad ConsoleEntrance                                                                                                                                                                                                        :        6 samples, Peak.   289 us (1.9x), Avg.   154 us, Total. 922.4 us (0.0%)
[Performance] InitializeOnLoad TuanjiePathAndNameFix                                                                                                                                                                                                  :        6 samples, Peak.   441 us (1.1x), Avg.   410 us, Total. 2.461 ms (0.0%)
[Performance] InitializeOnLoad AddComponentWindow                                                                                                                                                                                                     :        6 samples, Peak.  72.5 us (1.1x), Avg.  65.3 us, Total. 392.0 us (0.0%)
[Performance] InitializeOnLoad MixerEffectDefinitionReloader                                                                                                                                                                                          :        6 samples, Peak.  1.68 ms (1.4x), Avg.  1.16 ms, Total. 6.990 ms (0.0%)
[Performance] InitializeOnLoad NativeFormatImporterUtility                                                                                                                                                                                            :        6 samples, Peak.  2.05 ms (1.5x), Avg.  1.37 ms, Total. 8.203 ms (0.0%)
[Performance] InitializeOnLoad UnityConnect                                                                                                                                                                                                           :        6 samples, Peak.  35.8 us (1.0x), Avg.  34.9 us, Total. 209.4 us (0.0%)
[Performance] InitializeOnLoad AssetStoreContext                                                                                                                                                                                                      :        6 samples, Peak.  16.7 ms (2.2x), Avg.  7.72 ms, Total. 46.30 ms (0.0%)
[Performance] InitializeOnLoad UISystemProfilerRenderService                                                                                                                                                                                          :        6 samples, Peak.  9.70 us (1.1x), Avg.  9.02 us, Total. 54.10 us (0.0%)
[Performance] InitializeOnLoad ShortcutIntegration                                                                                                                                                                                                    :        6 samples, Peak.  46.2 us (1.1x), Avg.  42.7 us, Total. 256.4 us (0.0%)
[Performance] InitializeOnLoad CacheServerWindow                                                                                                                                                                                                      :        6 samples, Peak.  12.5 us (1.2x), Avg.  10.3 us, Total. 61.70 us (0.0%)
[Performance] InitializeOnLoad PrefabInstanceChangedListener                                                                                                                                                                                          :        6 samples, Peak.  88.8 us (1.1x), Avg.  84.0 us, Total. 503.9 us (0.0%)
[Performance] InitializeOnLoad CloudBuild                                                                                                                                                                                                             :        6 samples, Peak.  3.40 us (1.2x), Avg.  2.78 us, Total. 16.70 us (0.0%)
[Performance] InitializeOnLoad ProfilerConnectionPopupWindow                                                                                                                                                                                          :        6 samples, Peak.  16.4 us (1.1x), Avg.  15.0 us, Total. 90.00 us (0.0%)
[Performance] InitializeOnLoad SettingsService                                                                                                                                                                                                        :        6 samples, Peak.  9.30 us (1.4x), Avg.  6.68 us, Total. 40.10 us (0.0%)
[Performance] InitializeOnLoad ObjectSelectorSearch                                                                                                                                                                                                   :        6 samples, Peak.  31.4 us (1.2x), Avg.  25.2 us, Total. 151.0 us (0.0%)
[Performance] InitializeOnLoad PlayModeDownload                                                                                                                                                                                                       :        6 samples, Peak.  3.76 ms (5.0x), Avg.   751 us, Total. 4.504 ms (0.0%)
[Performance] InitializeOnLoad SearchService                                                                                                                                                                                                          :        6 samples, Peak.  85.8 us (1.2x), Avg.  72.0 us, Total. 432.1 us (0.0%)
[Performance] InitializeOnLoad PoolManager                                                                                                                                                                                                            :        6 samples, Peak.  39.5 us (1.4x), Avg.  28.8 us, Total. 173.0 us (0.0%)
[Performance] InitializeOnLoad WindowLayout                                                                                                                                                                                                           :        6 samples, Peak.   345 us (2.9x), Avg.   118 us, Total. 705.8 us (0.0%)
[Performance] InitializeOnLoad BuildProfileHelperManager                                                                                                                                                                                              :        6 samples, Peak.  95.1 ms (1.6x), Avg.  59.6 ms, Total. 357.7 ms (0.0%)
[Performance] InitializeOnLoad MenuItems                                                                                                                                                                                                              :        6 samples, Peak.   143 us (1.3x), Avg.   109 us, Total. 656.7 us (0.0%)
[Performance] InitializeOnLoad EditorMonitor                                                                                                                                                                                                          :        6 samples, Peak.   460 us (1.2x), Avg.   399 us, Total. 2.395 ms (0.0%)
[Performance] InitializeOnLoad RetainedMode                                                                                                                                                                                                           :        6 samples, Peak.  1.53 ms (1.2x), Avg.  1.30 ms, Total. 7.772 ms (0.0%)
[Performance] InitializeOnLoad EditorShaderLoader                                                                                                                                                                                                     :        6 samples, Peak.   484 us (1.1x), Avg.   425 us, Total. 2.550 ms (0.0%)
[Performance] InitializeOnLoad EditorDelegateRegistration                                                                                                                                                                                             :        6 samples, Peak.   493 us (1.5x), Avg.   337 us, Total. 2.021 ms (0.0%)
[Performance] InitializeOnLoad UIDocumentHierarchyWatcher                                                                                                                                                                                             :        6 samples, Peak.  56.0 us (1.2x), Avg.  48.2 us, Total. 289.1 us (0.0%)
[Performance] InitializeOnLoad LiveReloadTrackerCreator                                                                                                                                                                                               :        6 samples, Peak.   196 us (1.6x), Avg.   122 us, Total. 730.5 us (0.0%)
[Performance] InitializeOnLoad UxmlObjectEditorFactories                                                                                                                                                                                              :        6 samples, Peak.   390 us (1.2x), Avg.   322 us, Total. 1.931 ms (0.0%)
[Performance] InitializeOnLoad UXMLEditorFactories                                                                                                                                                                                                    :        6 samples, Peak.  39.0 ms (1.1x), Avg.  36.1 ms, Total. 216.4 ms (0.0%)
[Performance] InitializeOnLoad PurchasingService                                                                                                                                                                                                      :        6 samples, Peak.  4.96 ms (1.1x), Avg.  4.64 ms, Total. 27.86 ms (0.0%)
[Performance] InitializeOnLoad CloudBuildPoller                                                                                                                                                                                                       :        6 samples, Peak.   109 us (1.4x), Avg.  79.0 us, Total. 473.9 us (0.0%)
[Performance] InitializeOnLoad EditorGameServicesAnalytics                                                                                                                                                                                            :        6 samples, Peak.  2.14 ms (2.3x), Avg.   939 us, Total. 5.636 ms (0.0%)
[Performance] InitializeOnLoad AnalyticsService                                                                                                                                                                                                       :        6 samples, Peak.   137 us (1.1x), Avg.   120 us, Total. 720.4 us (0.0%)
[Performance] InitializeOnLoad BuildService                                                                                                                                                                                                           :        6 samples, Peak.  89.9 us (1.0x), Avg.  86.4 us, Total. 518.3 us (0.0%)
[Performance] InitializeOnLoad AdsService                                                                                                                                                                                                             :        6 samples, Peak.   253 us (1.0x), Avg.   242 us, Total. 1.449 ms (0.0%)
[Performance] InitializeOnLoad UDPService                                                                                                                                                                                                             :        6 samples, Peak.  98.2 us (1.1x), Avg.  90.1 us, Total. 540.7 us (0.0%)
[Performance] InitializeOnLoad CrashService                                                                                                                                                                                                           :        6 samples, Peak.  82.5 us (1.0x), Avg.  79.8 us, Total. 478.9 us (0.0%)
[Performance] InitializeOnLoad ServicesRepository                                                                                                                                                                                                     :        6 samples, Peak.   900 ns (2.6x), Avg.   350 ns, Total. 2.100 us (0.0%)
[Performance] InitializeOnLoad SearchWindow                                                                                                                                                                                                           :        6 samples, Peak.  94.6 us (1.2x), Avg.  81.2 us, Total. 487.3 us (0.0%)
[Performance] InitializeOnLoad CustomIndexers                                                                                                                                                                                                         :        6 samples, Peak.  13.7 ms (1.2x), Avg.  11.4 ms, Total. 68.70 ms (0.0%)
[Performance] InitializeOnLoad SearchMonitor                                                                                                                                                                                                          :        6 samples, Peak.  7.13 ms (2.7x), Avg.  2.66 ms, Total. 15.95 ms (0.0%)
[Performance] InitializeOnLoad ParameterControllerEditor                                                                                                                                                                                              :        6 samples, Peak.  13.3 us (1.3x), Avg.  10.6 us, Total. 63.80 us (0.0%)
[Performance] InitializeOnLoad LayerSettingsWindow                                                                                                                                                                                                    :        6 samples, Peak.  17.4 us (1.6x), Avg.  10.8 us, Total. 64.80 us (0.0%)
[Performance] InitializeOnLoad PackageManagerHookGUIDConverter.RegisterPackagesEventHandler                                                                                                                                                           :        6 samples, Peak.   518 us (2.4x), Avg.   219 us, Total. 1.314 ms (0.0%)
[Performance] InitializeOnLoad EditorDragAndDrop.RegisterEditorClient                                                                                                                                                                                 :        6 samples, Peak.   165 us (1.1x), Avg.   151 us, Total. 904.9 us (0.0%)
[Performance] InitializeOnLoad EditorEventCallbacks.InitializeFontAssetResourceChangeCallBacks                                                                                                                                                        :        6 samples, Peak.   657 us (1.5x), Avg.   425 us, Total. 2.552 ms (0.0%)
[Performance] InitializeOnLoad SceneTemplateService.Init                                                                                                                                                                                              :        6 samples, Peak.  1.08 ms (1.5x), Avg.   720 us, Total. 4.322 ms (0.0%)
[Performance] InitializeOnLoad DiagnosticSwitchesConsoleMessage.Init                                                                                                                                                                                  :        6 samples, Peak.  5.19 ms (1.2x), Avg.  4.16 ms, Total. 24.97 ms (0.0%)
[Performance] InitializeOnLoad EditorWindow.Initialize                                                                                                                                                                                                :        6 samples, Peak.   155 us (1.2x), Avg.   132 us, Total. 791.0 us (0.0%)
[Performance] InitializeOnLoad MemoryProfilerCompilationGuard.InjectCompileGuard                                                                                                                                                                      :        6 samples, Peak.   102 us (1.1x), Avg.  96.4 us, Total. 578.6 us (0.0%)
[Performance] InitializeOnLoad PackageManagerWindow.EditorInitializedInSafeMode                                                                                                                                                                       :        6 samples, Peak.  3.87 ms (5.8x), Avg.   664 us, Total. 3.981 ms (0.0%)
[Performance] InitializeOnLoad ToolShortcutContext.Init                                                                                                                                                                                               :        6 samples, Peak.  77.4 us (1.0x), Avg.  75.1 us, Total. 450.7 us (0.0%)
[Performance] InitializeOnLoad AssetPostprocessingInternal.RefreshCustomDependencies                                                                                                                                                                  :        6 samples, Peak.  2.50 ms (1.2x), Avg.  2.09 ms, Total. 12.52 ms (0.0%)
[Performance] InitializeOnLoad SysrootManager.Initialize                                                                                                                                                                                              :        6 samples, Peak.   303 us (1.0x), Avg.   290 us, Total. 1.740 ms (0.0%)
[Performance] InitializeOnLoad ScopedRegistryAddedPopup.SubscribeToRegistriesAdded                                                                                                                                                                    :        6 samples, Peak.  2.91 ms (1.5x), Avg.  1.99 ms, Total. 11.92 ms (0.0%)
[Performance] InitializeOnLoad SceneVisibilityManager.Initialize                                                                                                                                                                                      :        6 samples, Peak.  3.66 ms (3.4x), Avg.  1.07 ms, Total. 6.438 ms (0.0%)
[Performance] AssemblyReloadEvents.afterAssemblyReload: UnityEditor.PackageManager.TuanjiePathAndNameFix.FixTuanjieNameOrPath                                                                                                                         :        6 samples, Peak.  2.65 ms (1.4x), Avg.  1.86 ms, Total. 11.15 ms (0.0%)
[Performance] AssemblyReloadEvents.afterAssemblyReload: UnityEditor.SceneTemplate.SceneTemplateService.AfterAssemblyReload                                                                                                                            :        6 samples, Peak.  2.58 ms (1.3x), Avg.  1.94 ms, Total. 11.61 ms (0.0%)
[Performance] ProcessService.EditorAfterLoadAllAssemblies                                                                                                                                                                                             :        6 samples, Peak.   234 us (1.1x), Avg.   215 us, Total. 1.288 ms (0.0%)
[Performance] Application.ReadLicenseInfo                                                                                                                                                                                                             :        1 samples, Peak.  24.8 ms (1.0x), Avg.  24.8 ms, Total. 24.82 ms (0.0%)
[Performance] Application.InitialRefresh                                                                                                                                                                                                              :        1 samples, Peak.  1.19 s (1.0x), Avg.  1.19 s, Total. 1.191 s (0.0%)
[Performance] Compiling Scripts                                                                                                                                                                                                                       :        2 samples, Peak.   907 ms (1.2x), Avg.   778 ms, Total. 1.556 s (0.1%)
[Performance] AssemblyReloadEvents.beforeAssemblyReload: UnityEditor.SceneTemplate.SceneTemplateService.BeforeAssemblyReload                                                                                                                          :        5 samples, Peak.   325 us (1.5x), Avg.   219 us, Total. 1.097 ms (0.0%)
[Performance] InitializeOnLoad SpriteEditorWindow                                                                                                                                                                                                     :        4 samples, Peak.   259 us (1.1x), Avg.   242 us, Total. 969.9 us (0.0%)
[Performance] InitializeOnLoad SceneViewGridManager.Initialize                                                                                                                                                                                        :        4 samples, Peak.  4.93 ms (1.7x), Avg.  2.85 ms, Total. 11.40 ms (0.0%)
[Performance] InitializeOnLoad TilemapPrefabStageHelper.Initialize                                                                                                                                                                                    :        4 samples, Peak.   505 us (1.1x), Avg.   471 us, Total. 1.883 ms (0.0%)
[Performance] InitializeOnLoad SceneViewOpenTilePaletteHelper.Initialize                                                                                                                                                                              :        4 samples, Peak.   571 us (2.1x), Avg.   278 us, Total. 1.110 ms (0.0%)
[Performance] InitializeOnLoad TileDragAndDropManager.Initialize                                                                                                                                                                                      :        4 samples, Peak.   400 us (3.0x), Avg.   134 us, Total. 534.2 us (0.0%)
[Performance] DidReloadScriptsAdvancedDropdownWindow.OnScriptReload                                                                                                                                                                                   :        5 samples, Peak.   172 us (1.1x), Avg.   159 us, Total. 793.1 us (0.0%)
[Performance] DomainReloadPostprocessor.OnPostprocessAllAssets                                                                                                                                                                                        :       10 samples, Peak.  1.73 ms (1.1x), Avg.  1.56 ms, Total. 15.60 ms (0.0%)
[Performance] SyncVS.PostprocessSyncProject                                                                                                                                                                                                           :        5 samples, Peak.  1.37 ms (1.1x), Avg.  1.20 ms, Total. 5.998 ms (0.0%)
[Performance] Application.ImportPackagesAndSetTemplateWhenCreatingProject                                                                                                                                                                             :        1 samples, Peak.  11.0 ms (1.0x), Avg.  11.0 ms, Total. 11.01 ms (0.0%)
[Performance] Application.SyncCurrentColorSpace                                                                                                                                                                                                       :        1 samples, Peak.  81.6 ms (1.0x), Avg.  81.6 ms, Total. 81.64 ms (0.0%)
[Performance] Application.OnUsbDevicesChanged                                                                                                                                                                                                         :        1 samples, Peak.   681 us (1.0x), Avg.   681 us, Total. 680.9 us (0.0%)
[Performance] Application.AssetInstanceCacheUpdate                                                                                                                                                                                                    :        1 samples, Peak.   200 ns (1.0x), Avg.   200 ns, Total. 200.0 ns (0.0%)
[Performance] Application.UnityExtensions.Initialize                                                                                                                                                                                                  :        1 samples, Peak.   355 us (1.0x), Avg.   355 us, Total. 354.7 us (0.0%)
[Performance] CodeEditorProjectSync.SyncEditorProject                                                                                                                                                                                                 :        1 samples, Peak.   112 us (1.0x), Avg.   112 us, Total. 112.1 us (0.0%)
[Performance] Application.ExecuteStartups                                                                                                                                                                                                             :        1 samples, Peak.  28.4 ms (1.0x), Avg.  28.4 ms, Total. 28.40 ms (0.0%)
[Performance] Menu.RegisterMenuInterface                                                                                                                                                                                                              :       26 samples, Peak.  1.10 us (6.7x), Avg.   165 ns, Total. 4.300 us (0.0%)
[Performance] Gizmo.RebuildRenderers                                                                                                                                                                                                                  :       11 samples, Peak.  27.6 ms (2.4x), Avg.  11.6 ms, Total. 127.3 ms (0.0%)
[Performance] Gizmo.AddGizmoRenderers                                                                                                                                                                                                                 :      249 samples, Peak.  1.43 ms (46.2x), Avg.  31.1 us, Total. 7.739 ms (0.0%)
[Performance] Application.editorInitializingProject                                                                                                                                                                                                   :        1 samples, Peak.   268 ms (1.0x), Avg.   268 ms, Total. 267.7 ms (0.0%)
[Performance] Application.FinishLoadingProject                                                                                                                                                                                                        :        1 samples, Peak.   448 ms (1.0x), Avg.   448 ms, Total. 447.9 ms (0.0%)
[Performance] Application.InitializeMenu                                                                                                                                                                                                              :        1 samples, Peak.  45.9 ms (1.0x), Avg.  45.9 ms, Total. 45.90 ms (0.0%)
[Performance] Menu.RebuildAll                                                                                                                                                                                                                         :        1 samples, Peak.  45.9 ms (1.0x), Avg.  45.9 ms, Total. 45.89 ms (0.0%)
[Performance] Menu.BuildRegisteredMenuInterfaces                                                                                                                                                                                                      :        1 samples, Peak.  44.4 ms (1.0x), Avg.  44.4 ms, Total. 44.43 ms (0.0%)
[Performance] Menu.FilterMenuItem                                                                                                                                                                                                                     :     1235 samples, Peak.  11.5 ms (659.1x), Avg.  17.4 us, Total. 21.52 ms (0.0%)
[Performance] UpdateAllMenus                                                                                                                                                                                                                          :        4 samples, Peak.  29.3 ms (2.3x), Avg.  12.6 ms, Total. 50.54 ms (0.0%)
[Performance] Menu.RebuildOSMainMenu                                                                                                                                                                                                                  :        4 samples, Peak.  4.64 ms (1.3x), Avg.  3.61 ms, Total. 14.43 ms (0.0%)
[Performance] Application.RestoreLastOpenedScenes                                                                                                                                                                                                     :        1 samples, Peak.  15.4 ms (1.0x), Avg.  15.4 ms, Total. 15.38 ms (0.0%)
[Performance] EditorSceneManager.sceneClosing: UnityEditor.SceneVisibilityManager.EditorSceneManagerOnSceneClosing                                                                                                                                    :        7 samples, Peak.   177 us (1.8x), Avg.   100 us, Total. 702.5 us (0.0%)
[Performance] EditorSceneManager.sceneClosed: callback in UnityEditor.Search.SearchMonitor                                                                                                                                                            :        4 samples, Peak.  53.6 us (1.1x), Avg.  48.7 us, Total. 194.8 us (0.0%)
[Performance] EditorSceneManager.activeSceneChangedInEditMode: callback in UnityEditor.Search.SearchMonitor                                                                                                                                           :        4 samples, Peak.  22.4 us (1.1x), Avg.  21.0 us, Total. 84.10 us (0.0%)
[Performance] Inspector.InitOrRebuild                                                                                                                                                                                                                 :       10 samples, Peak.  6.79 ms (3.9x), Avg.  1.73 ms, Total. 17.26 ms (0.0%)
[Performance] Toolbar.OnBackingScaleFactorChanged                                                                                                                                                                                                     :        1 samples, Peak.  29.9 ms (1.0x), Avg.  29.9 ms, Total. 29.86 ms (0.0%)
[Performance] EditorResources.Load                                                                                                                                                                                                                    :     2864 samples, Peak.  8.67 ms (510.0x), Avg.  17.0 us, Total. 48.70 ms (0.0%)
[Performance] SceneHierarchyWindow.OnBackingScaleFactorChanged                                                                                                                                                                                        :        1 samples, Peak.   719 us (1.0x), Avg.   719 us, Total. 719.3 us (0.0%)
[Performance] GameView.OnBackingScaleFactorChanged                                                                                                                                                                                                    :        1 samples, Peak.  5.80 us (1.0x), Avg.  5.80 us, Total. 5.800 us (0.0%)
[Performance] ProjectBrowser.OnBackingScaleFactorChanged                                                                                                                                                                                              :        1 samples, Peak.  9.40 us (1.0x), Avg.  9.40 us, Total. 9.400 us (0.0%)
[Performance] InspectorWindow.OnBackingScaleFactorChanged                                                                                                                                                                                             :        1 samples, Peak.  7.30 us (1.0x), Avg.  7.30 us, Total. 7.300 us (0.0%)
[Performance] AppStatusBar.OnBackingScaleFactorChanged                                                                                                                                                                                                :        1 samples, Peak.  41.3 us (1.0x), Avg.  41.3 us, Total. 41.30 us (0.0%)
[Performance] BuildCatalog                                                                                                                                                                                                                            :        5 samples, Peak.  7.43 ms (1.1x), Avg.  6.46 ms, Total. 32.29 ms (0.0%)
[Performance] Application.InvokeFinishedLoadingProject                                                                                                                                                                                                :        1 samples, Peak.  3.18 ms (1.0x), Avg.  3.18 ms, Total. 3.178 ms (0.0%)
[Performance] ProcessService.OnProjectLoaded                                                                                                                                                                                                          :        1 samples, Peak.  48.9 us (1.0x), Avg.  48.9 us, Total. 48.90 us (0.0%)
[Performance] VersionControl.Task.Wait                                                                                                                                                                                                                :        1 samples, Peak.  5.60 us (1.0x), Avg.  5.60 us, Total. 5.600 us (0.0%)
[Performance] Application.InvokeProjectWasLoaded                                                                                                                                                                                                      :        1 samples, Peak.  1.02 ms (1.0x), Avg.  1.02 ms, Total. 1.022 ms (0.0%)
[Performance] Application.Message                                                                                                                                                                                                                     :  1051152 samples, Peak.   605 ms (90698.7x), Avg.  6.67 us, Total. 7.010 s (0.2%)
[Performance] Application.Message.Timer                                                                                                                                                                                                               :     5748 samples, Peak.   665 us (21.7x), Avg.  30.6 us, Total. 176.1 ms (0.0%)
[Performance] Application.Message.WM_0031F                                                                                                                                                                                                            :        1 samples, Peak.  6.70 us (1.0x), Avg.  6.70 us, Total. 6.700 us (0.0%)
[Performance] Application.Message.WM_0C098                                                                                                                                                                                                            :        1 samples, Peak.  1000 ns (1.0x), Avg.  1000 ns, Total. 1000.0 ns (0.0%)
[Performance] Application.Message.WM_0034A                                                                                                                                                                                                            :        2 samples, Peak.   500 ns (1.4x), Avg.   350 ns, Total. 700.0 ns (0.0%)
[Performance] Application.Message.Paint                                                                                                                                                                                                               :        2 samples, Peak.   601 ms (2.0x), Avg.   302 ms, Total. 603.4 ms (0.0%)
[Performance] Toolbar.Paint                                                                                                                                                                                                                           :     1386 samples, Peak.   201 ms (362.6x), Avg.   555 us, Total. 769.0 ms (0.0%)
[Performance] Toolbar.SetActiveWindowAsPresented                                                                                                                                                                                                      :        1 samples, Peak.   141 us (1.0x), Avg.   141 us, Total. 140.8 us (0.0%)
[Performance] Toolbar.Repaint                                                                                                                                                                                                                         :     1386 samples, Peak.   201 ms (372.3x), Avg.   540 us, Total. 748.1 ms (0.0%)
[Performance] RefreshSkin                                                                                                                                                                                                                             :        4 samples, Peak.  19.1 ms (1.3x), Avg.  14.7 ms, Total. 58.64 ms (0.0%)
[Performance] SceneHierarchyWindow.Paint                                                                                                                                                                                                              :      152 samples, Peak.  51.0 ms (30.7x), Avg.  1.66 ms, Total. 252.9 ms (0.0%)
[Performance] SceneHierarchyWindow.SetActiveWindowAsPresented                                                                                                                                                                                         :        1 samples, Peak.  17.2 us (1.0x), Avg.  17.2 us, Total. 17.20 us (0.0%)
[Performance] SceneHierarchyWindow.Repaint                                                                                                                                                                                                            :      152 samples, Peak.  51.0 ms (33.6x), Avg.  1.52 ms, Total. 230.5 ms (0.0%)
[Performance] SceneVisibilityState.HasData                                                                                                                                                                                                            :      318 samples, Peak.  2.10 us (3.4x), Avg.   613 ns, Total. 195.0 us (0.0%)
[Performance] SceneVisibilityState.IsFlagSetInParents                                                                                                                                                                                                 :      100 samples, Peak.   800 ns (5.8x), Avg.   138 ns, Total. 13.80 us (0.0%)
[Performance] GameView.Paint                                                                                                                                                                                                                          :   453966 samples, Peak.  91.0 ms (135.6x), Avg.   671 us, Total. 304.6 s (10.7%)
[Performance] GameView.SetActiveWindowAsPresented                                                                                                                                                                                                     :        1 samples, Peak.  8.80 us (1.0x), Avg.  8.80 us, Total. 8.800 us (0.0%)
[Performance] GameView.Repaint                                                                                                                                                                                                                        :   453966 samples, Peak.  90.8 ms (142.4x), Avg.   638 us, Total. 289.6 s (10.1%)
[Performance] ProjectBrowser.Paint                                                                                                                                                                                                                    :      905 samples, Peak.   281 ms (48.2x), Avg.  5.83 ms, Total. 5.272 s (0.2%)
[Performance] ProjectBrowser.SetActiveWindowAsPresented                                                                                                                                                                                               :        1 samples, Peak.  7.60 us (1.0x), Avg.  7.60 us, Total. 7.600 us (0.0%)
[Performance] ProjectBrowser.Repaint                                                                                                                                                                                                                  :      905 samples, Peak.   281 ms (48.7x), Avg.  5.76 ms, Total. 5.214 s (0.2%)
[Performance] InspectorWindow.Paint                                                                                                                                                                                                                   :      126 samples, Peak.  12.3 ms (16.3x), Avg.   751 us, Total. 94.67 ms (0.0%)
[Performance] InspectorWindow.SetActiveWindowAsPresented                                                                                                                                                                                              :        1 samples, Peak.  9.90 us (1.0x), Avg.  9.90 us, Total. 9.900 us (0.0%)
[Performance] InspectorWindow.Repaint                                                                                                                                                                                                                 :      126 samples, Peak.  11.6 ms (18.6x), Avg.   625 us, Total. 78.77 ms (0.0%)
[Performance] AppStatusBar.Paint                                                                                                                                                                                                                      :       97 samples, Peak.  8.45 ms (14.0x), Avg.   605 us, Total. 58.65 ms (0.0%)
[Performance] AppStatusBar.SetActiveWindowAsPresented                                                                                                                                                                                                 :        1 samples, Peak.  6.70 us (1.0x), Avg.  6.70 us, Total. 6.700 us (0.0%)
[Performance] AppStatusBar.Repaint                                                                                                                                                                                                                    :       97 samples, Peak.  8.41 ms (16.8x), Avg.   499 us, Total. 48.40 ms (0.0%)
[Performance] Application.Message.MouseMove                                                                                                                                                                                                           :     1365 samples, Peak.  10.9 ms (108.4x), Avg.   100 us, Total. 136.8 ms (0.0%)
[Performance] ProjectBrowser.Ignore                                                                                                                                                                                                                   :       59 samples, Peak.   700 ns (2.3x), Avg.   300 ns, Total. 17.70 us (0.0%)
[Performance] AssetDatabase.Refresh                                                                                                                                                                                                                   :        5 samples, Peak.  2.72 s (4.9x), Avg.   555 ms, Total. 2.773 s (0.1%)
[Performance] Application.Tick                                                                                                                                                                                                                        :  1051152 samples, Peak.  1.44 s (3414.7x), Avg.   421 us, Total. 442.5 s (15.5%)
[Performance] CheckLicensingClient                                                                                                                                                                                                                    :      568 samples, Peak.   148 us (6.6x), Avg.  22.5 us, Total. 12.77 ms (0.0%)
[Performance] CheckLicensingClientNotification                                                                                                                                                                                                        :      568 samples, Peak.  79.6 us (3.3x), Avg.  24.2 us, Total. 13.72 ms (0.0%)
[Performance] EditorApplication.assetImported: UnityEditor.ProjectBrowser.OnAssetImported                                                                                                                                                             :        5 samples, Peak.  2.11 ms (1.7x), Avg.  1.28 ms, Total. 6.398 ms (0.0%)
[Performance] LicenseActivated.Tick                                                                                                                                                                                                                   :        1 samples, Peak.  8.90 us (1.0x), Avg.  8.90 us, Total. 8.900 us (0.0%)
[Performance] Application.TickVersionControl                                                                                                                                                                                                          :  1051152 samples, Peak.   196 us (252.7x), Avg.   775 ns, Total. 815.2 ms (0.0%)
[Performance] MonoCompiler.Tick                                                                                                                                                                                                                       :    13705 samples, Peak.   239 us (20.6x), Avg.  11.6 us, Total. 158.8 ms (0.0%)
[Performance] UnityConnect.Tick                                                                                                                                                                                                                       :    43208 samples, Peak.   299 us (83.0x), Avg.  3.60 us, Total. 155.7 ms (0.0%)
[Performance] UnityConnect.PollInfo                                                                                                                                                                                                                   :      491 samples, Peak.   600 ns (2.8x), Avg.   218 ns, Total. 107.0 us (0.0%)
[Performance] UnityVersionControl.Tick                                                                                                                                                                                                                :    43208 samples, Peak.  62.3 us (162.2x), Avg.   384 ns, Total. 16.59 ms (0.0%)
[Performance] CurlRequest.Tick                                                                                                                                                                                                                        :    26962 samples, Peak.   661 us (476.9x), Avg.  1.39 us, Total. 37.38 ms (0.0%)
[Performance] HubClient.Tick                                                                                                                                                                                                                          :    26962 samples, Peak.   180 us (169.8x), Avg.  1.06 us, Total. 28.55 ms (0.0%)
[Performance] AssetDatabase.Tick                                                                                                                                                                                                                      :    26962 samples, Peak.   222 us (561.1x), Avg.   396 ns, Total. 10.67 ms (0.0%)
[Performance] SceneBackgroundTask.Tick                                                                                                                                                                                                                :    17904 samples, Peak.  7.80 us (17.3x), Avg.   451 ns, Total. 8.067 ms (0.0%)
[Performance] Scheduler.Tick                                                                                                                                                                                                                          :   214422 samples, Peak.  3.68 ms (142.3x), Avg.  25.9 us, Total. 5.549 s (0.2%)
[Performance] RepaintAllProfilerWindows                                                                                                                                                                                                               :     4763 samples, Peak.   217 us (94.0x), Avg.  2.30 us, Total. 10.97 ms (0.0%)
[Performance] PlayerUpdates.Tick                                                                                                                                                                                                                      :    50653 samples, Peak.  2.21 ms (33.1x), Avg.  66.7 us, Total. 3.380 s (0.1%)
[Performance] Application.TickGlobalCallbacks                                                                                                                                                                                                         :  1051152 samples, Peak.  12.2 ms (1092.4x), Avg.  11.2 us, Total. 11.76 s (0.4%)
[Performance] CoreBusinessMetrics.Tick                                                                                                                                                                                                                :       42 samples, Peak.   222 us (2.0x), Avg.   112 us, Total. 4.719 ms (0.0%)
[Performance] EditorAnalytics.Tick                                                                                                                                                                                                                    :    10922 samples, Peak.   292 us (48.4x), Avg.  6.04 us, Total. 65.93 ms (0.0%)
[Performance] GI.Tick                                                                                                                                                                                                                                 :    38892 samples, Peak.   529 us (11.2x), Avg.  47.0 us, Total. 1.828 s (0.1%)
[Performance] Video.Update                                                                                                                                                                                                                            :  1051152 samples, Peak.   140 us (322.1x), Avg.   436 ns, Total. 458.5 ms (0.0%)
[Performance] UnitySynchronization.ExecuteTasks                                                                                                                                                                                                       :    43187 samples, Peak.   481 us (99.0x), Avg.  4.85 us, Total. 209.7 ms (0.0%)
[Performance] Application.TickPreloadManager                                                                                                                                                                                                          :   597331 samples, Peak.   826 us (141.8x), Avg.  5.82 us, Total. 3.477 s (0.1%)
[Performance] Application.TickProgress                                                                                                                                                                                                                :  1051152 samples, Peak.  2.20 ms (4372.6x), Avg.   502 ns, Total. 527.9 ms (0.0%)
[Performance] Application.TickSceneTracker                                                                                                                                                                                                            :  1051152 samples, Peak.   106 ms (5759.8x), Avg.  18.4 us, Total. 19.33 s (0.7%)
[Performance] EditorApplication.update                                                                                                                                                                                                                :  1051152 samples, Peak.   106 ms (7747.5x), Avg.  13.7 us, Total. 14.37 s (0.5%)
[Performance] EditorApplication.update: UnityEditor.PackageManager.UI.Internal.ApplicationProxy.OnUpdate                                                                                                                                              :  1051152 samples, Peak.   186 us (155.6x), Avg.  1.19 us, Total. 1.255 s (0.0%)
[Performance] EditorApplication.update: UnityEditor.PackageManager.UI.Internal.UpmBaseOperation`1[[UnityEditor.PackageManager.Requests.GetRegistriesRequest, UnityEditor.CoreModule, Version=0.0.0.0, Culture=neutral, PublicKeyToken=null]].Progress :        7 samples, Peak.  43.6 ms (6.0x), Avg.  7.32 ms, Total. 51.27 ms (0.0%)
[Performance] EditorApplication.update: UnityEditor.SceneManagement.StageNavigationManager.Update                                                                                                                                                     :  1051152 samples, Peak.   402 us (922.0x), Avg.   436 ns, Total. 458.3 ms (0.0%)
[Performance] EditorApplication.update: UnityEditor.AnimatedValues.BaseAnimValue`1[[UnityEngine.Quaternion, UnityEngine.CoreModule, Version=0.0.0.0, Culture=neutral, PublicKeyToken=null]].Update                                                    :        1 samples, Peak.  90.2 us (1.0x), Avg.  90.2 us, Total. 90.20 us (0.0%)
[Performance] EditorApplication.update: UnityEditor.HostView.SendUpdate                                                                                                                                                                               :  1051152 samples, Peak.   465 us (124.4x), Avg.  3.74 us, Total. 3.929 s (0.1%)
[Performance] EditorApplication.update: UnityEditor.Toolbars.AccountDropdown.CheckAvailability                                                                                                                                                        :  1051152 samples, Peak.   207 us (130.9x), Avg.  1.58 us, Total. 1.663 s (0.1%)
[Performance] EditorApplication.update: UnityEditor.Toolbars.CloudButton.CheckAvailability                                                                                                                                                            :  1051152 samples, Peak.   119 us (220.6x), Avg.   539 ns, Total. 567.0 ms (0.0%)
[Performance] EditorApplication.update: UnityEditor.Toolbars.PreviewPackagesInUseDropdown.CheckAvailability                                                                                                                                           :  1051152 samples, Peak.   168 us (288.4x), Avg.   582 ns, Total. 612.0 ms (0.0%)
[Performance] EditorApplication.update: UnityEditor.GameView.RepaintIfNeeded                                                                                                                                                                          :  1051152 samples, Peak.   200 us (145.4x), Avg.  1.38 us, Total. 1.447 s (0.1%)
[Performance] EditorApplication.update: UnityEditor.PackageManager.UI.Internal.UpmBaseOperation`1[[UnityEditor.PackageManager.Requests.ListRequest, UnityEditor.CoreModule, Version=0.0.0.0, Culture=neutral, PublicKeyToken=null]].Progress          :        9 samples, Peak.  19.0 ms (8.0x), Avg.  2.37 ms, Total. 21.30 ms (0.0%)
[Performance] Package.AsyncRequest                                                                                                                                                                                                                    :       52 samples, Peak.   959 us (5.1x), Avg.   187 us, Total. 9.703 ms (0.0%)
[Performance] ConsoleLog.Tick                                                                                                                                                                                                                         :    13706 samples, Peak.   145 us (82.8x), Avg.  1.75 us, Total. 23.98 ms (0.0%)
[Performance] HierarchyWindow.Tick                                                                                                                                                                                                                    :    15758 samples, Peak.   974 us (1352.1x), Avg.   721 ns, Total. 11.35 ms (0.0%)
[Performance] Toolbar.OnHierarchyChange                                                                                                                                                                                                               :       26 samples, Peak.  16.9 us (1.6x), Avg.  10.5 us, Total. 272.9 us (0.0%)
[Performance] SceneHierarchyWindow.OnHierarchyChange                                                                                                                                                                                                  :       26 samples, Peak.  90.6 us (5.4x), Avg.  16.7 us, Total. 433.6 us (0.0%)
[Performance] GameView.OnHierarchyChange                                                                                                                                                                                                              :       26 samples, Peak.  2.10 us (2.1x), Avg.   996 ns, Total. 25.90 us (0.0%)
[Performance] ProjectBrowser.OnHierarchyChange                                                                                                                                                                                                        :       26 samples, Peak.  1.40 us (1.5x), Avg.   958 ns, Total. 24.90 us (0.0%)
[Performance] InspectorWindow.OnHierarchyChange                                                                                                                                                                                                       :       26 samples, Peak.  1.30 us (1.7x), Avg.   765 ns, Total. 19.90 us (0.0%)
[Performance] AppStatusBar.OnHierarchyChange                                                                                                                                                                                                          :       26 samples, Peak.  8.10 us (1.4x), Avg.  5.82 us, Total. 151.2 us (0.0%)
[Performance] EditorApplication.hierarchyChanged: Unity.UIElements.Editor.UIDocumentHierarchyWatcher.OnHierarchyChanged                                                                                                                               :       26 samples, Peak.   219 us (5.5x), Avg.  39.6 us, Total. 1.029 ms (0.0%)
[Performance] EditorApplication.hierarchyChanged: UnityEditor.Tilemaps.SceneViewGridManager.UpdateCache                                                                                                                                               :       26 samples, Peak.   305 us (9.5x), Avg.  32.1 us, Total. 835.1 us (0.0%)
[Performance] EditorApplication.hierarchyChanged: UnityEditor.Tilemaps.SceneViewOpenTilePaletteHelper.SelectionChanged                                                                                                                                :       26 samples, Peak.  21.2 us (6.2x), Avg.  3.44 us, Total. 89.40 us (0.0%)
[Performance] Inspector.Tick                                                                                                                                                                                                                          :    15758 samples, Peak.  12.6 ms (122.0x), Avg.   103 us, Total. 1.629 s (0.1%)
[Performance] Toolbar.OnInspectorUpdate                                                                                                                                                                                                               :    15758 samples, Peak.   129 us (6.2x), Avg.  20.8 us, Total. 327.0 ms (0.0%)
[Performance] SceneHierarchyWindow.OnInspectorUpdate                                                                                                                                                                                                  :    15758 samples, Peak.  89.1 us (11.1x), Avg.  8.04 us, Total. 126.7 ms (0.0%)
[Performance] GameView.OnInspectorUpdate                                                                                                                                                                                                              :    15758 samples, Peak.  56.8 us (26.8x), Avg.  2.12 us, Total. 33.34 ms (0.0%)
[Performance] ProjectBrowser.OnInspectorUpdate                                                                                                                                                                                                        :    15758 samples, Peak.   186 us (11.0x), Avg.  16.9 us, Total. 266.2 ms (0.0%)
[Performance] InspectorWindow.OnInspectorUpdate                                                                                                                                                                                                       :    15758 samples, Peak.   439 us (94.0x), Avg.  4.67 us, Total. 73.55 ms (0.0%)
[Performance] AppStatusBar.OnInspectorUpdate                                                                                                                                                                                                          :    15758 samples, Peak.   231 us (6.8x), Avg.  34.0 us, Total. 535.5 ms (0.0%)
[Performance] EditorApplication.delayCall: UnityEditor.ShortcutManagement.ShortcutIntegration.EnsureShortcutsAreInitialized                                                                                                                           :        4 samples, Peak.  2.37 ms (1.1x), Avg.  2.10 ms, Total. 8.385 ms (0.0%)
[Performance] EditorApplication.delayCall: callback in UnityEditor.EditorWindow                                                                                                                                                                       :        4 samples, Peak.  44.6 us (1.1x), Avg.  40.0 us, Total. 159.9 us (0.0%)
[Performance] EditorApplication.delayCall: callback in UnityEditor.EditorTools.ToolShortcutContext                                                                                                                                                    :        4 samples, Peak.  43.9 us (1.1x), Avg.  38.8 us, Total. 155.3 us (0.0%)
[Performance] EditorApplication.delayCall: callback in UnityEditor.SceneVisibilityManager                                                                                                                                                             :        4 samples, Peak.  26.2 us (1.2x), Avg.  21.4 us, Total. 85.50 us (0.0%)
[Performance] EditorApplication.delayCall: UnityEditor.Toolbars.PlayModeButtons.<.ctor>b__10_1                                                                                                                                                        :        4 samples, Peak.   344 us (1.4x), Avg.   253 us, Total. 1.010 ms (0.0%)
[Performance] EditorApplication.delayCall: UnityEditor.Toolbars.LayoutDropdown.CheckAvailability                                                                                                                                                      :        4 samples, Peak.  66.4 us (1.4x), Avg.  47.7 us, Total. 190.8 us (0.0%)
[Performance] EditorApplication.delayCall: UnityEditor.Toolbars.LayersDropdown.CheckAvailability                                                                                                                                                      :        4 samples, Peak.  47.8 us (1.4x), Avg.  33.1 us, Total. 132.5 us (0.0%)
[Performance] EditorApplication.delayCall: UnityEditor.Toolbars.ModesDropdown.CheckAvailability                                                                                                                                                       :        4 samples, Peak.  1.76 ms (2.2x), Avg.   789 us, Total. 3.157 ms (0.0%)
[Performance] EditorApplication.delayCall: UnityEditor.Search.SearchButton.DelayInitialization                                                                                                                                                        :        4 samples, Peak.  6.47 ms (1.4x), Avg.  4.66 ms, Total. 18.62 ms (0.0%)
[Performance] EditorApplication.delayCall: UnityEditor.Toolbars.UndoButton.DelayInitialization                                                                                                                                                        :        4 samples, Peak.   167 us (1.2x), Avg.   144 us, Total. 574.3 us (0.0%)
[Performance] EditorApplication.delayCall: UnityEditor.EditorTools.EditorToolContext.Activate                                                                                                                                                         :        4 samples, Peak.  32.4 us (1.4x), Avg.  23.9 us, Total. 95.70 us (0.0%)
[Performance] EditorApplication.delayCall: UnityEditor.SearchService.OpenSearchHelper.UpdateBindingAndTooltip                                                                                                                                         :        4 samples, Peak.   582 us (1.1x), Avg.   513 us, Total. 2.052 ms (0.0%)
[Performance] Tooltip.Tick                                                                                                                                                                                                                            :    50628 samples, Peak.  9.71 ms (739.1x), Avg.  13.1 us, Total. 664.9 ms (0.0%)
[Performance] Application.RequestRepaintForPanels                                                                                                                                                                                                     :  1046542 samples, Peak.   371 us (138.5x), Avg.  2.68 us, Total. 2.802 s (0.1%)
[Performance] Application.UpdateScene                                                                                                                                                                                                                 :  1046542 samples, Peak.  44.3 ms (128.6x), Avg.   345 us, Total. 361.0 s (12.6%)
[Performance] GUIView.RepaintAll.PlayerLoopController                                                                                                                                                                                                 :   453937 samples, Peak.   348 ms (514.5x), Avg.   676 us, Total. 307.1 s (10.7%)
[Performance] Application.UpdateTextureStreaming                                                                                                                                                                                                      :   592721 samples, Peak.   152 us (514.6x), Avg.   295 ns, Total. 174.9 ms (0.0%)
[Performance] Application.UpdateVideoTextures                                                                                                                                                                                                         :   592721 samples, Peak.   105 us (413.8x), Avg.   254 ns, Total. 150.5 ms (0.0%)
[Performance] PackageImporter.Tick                                                                                                                                                                                                                    :    13705 samples, Peak.  45.6 us (127.3x), Avg.   358 ns, Total. 4.911 ms (0.0%)
[Performance] InspectorBackground.Tick                                                                                                                                                                                                                :    17900 samples, Peak.  39.0 us (77.9x), Avg.   501 ns, Total. 8.965 ms (0.0%)
[Performance] BurstDebug.Tick                                                                                                                                                                                                                         :     5560 samples, Peak.  36.6 us (55.4x), Avg.   661 ns, Total. 3.672 ms (0.0%)
[Performance] Application.ChangeLayoutIfNeeded                                                                                                                                                                                                        :  1051152 samples, Peak.  90.9 us (909.1x), Avg. 100.0 ns, Total. 105.1 ms (0.0%)
[Performance] AsyncReadManager.ForceCloseFiles                                                                                                                                                                                                        :     2799 samples, Peak.   171 us (70.1x), Avg.  2.44 us, Total. 6.834 ms (0.0%)
[Performance] Application.Message.WM_00464                                                                                                                                                                                                            :        4 samples, Peak.   393 us (2.3x), Avg.   168 us, Total. 672.1 us (0.0%)
[Performance] Application.Message.WM_00467                                                                                                                                                                                                            :        1 samples, Peak.  20.7 us (1.0x), Avg.  20.7 us, Total. 20.70 us (0.0%)
[Performance] Application.Message.WM_00060                                                                                                                                                                                                            :     1560 samples, Peak.  1.70 us (3.8x), Avg.   450 ns, Total. 701.5 us (0.0%)
[Performance] Application.Message.MouseHover                                                                                                                                                                                                          :       36 samples, Peak.  10.5 ms (11.7x), Avg.   895 us, Total. 32.21 ms (0.0%)
[Performance] ProjectBrowser.MouseEnterWindow                                                                                                                                                                                                         :        9 samples, Peak.  10.5 ms (8.6x), Avg.  1.21 ms, Total. 10.92 ms (0.0%)
[Performance] GUIView.RepaintAll.RepaintScene                                                                                                                                                                                                         :   592611 samples, Peak.  53.5 ms (6744.8x), Avg.  7.93 us, Total. 4.699 s (0.2%)
[Performance] EditorApplication.update: UnityEditor.PackageManager.UI.Internal.UpmBaseOperation`1[[UnityEditor.PackageManager.Requests.SearchRequest, UnityEditor.CoreModule, Version=0.0.0.0, Culture=neutral, PublicKeyToken=null]].Progress        :    15981 samples, Peak.   106 ms (11546.0x), Avg.  9.17 us, Total. 146.6 ms (0.0%)
[Performance] Application.Idle                                                                                                                                                                                                                        :   596601 samples, Peak.   113 ms (28.5x), Avg.  3.94 ms, Total. 2.352 ks (82.3%)
[Performance] InactiveGI.Tick                                                                                                                                                                                                                         :     1430 samples, Peak.   361 us (7.5x), Avg.  48.2 us, Total. 68.99 ms (0.0%)
[Performance] RequestRepaintForPanels                                                                                                                                                                                                                 :     4610 samples, Peak.   157 us (32.8x), Avg.  4.79 us, Total. 22.10 ms (0.0%)
[Performance] GUIView.RepaintAll.RequestRepaint                                                                                                                                                                                                       :     4610 samples, Peak.  2.70 ms (237.1x), Avg.  11.4 us, Total. 52.41 ms (0.0%)
[Performance] Application.Message.KeyDown                                                                                                                                                                                                             :      924 samples, Peak.  21.8 ms (84.7x), Avg.   258 us, Total. 238.2 ms (0.0%)
[Performance] Menu.Play                                                                                                                                                                                                                               :        2 samples, Peak.  2.27 ms (1.4x), Avg.  1.61 ms, Total. 3.216 ms (0.0%)
[Performance] EditorApplication.playModeStateChanged                                                                                                                                                                                                  :        6 samples, Peak.  1.85 ms (2.5x), Avg.   735 us, Total. 4.407 ms (0.0%)
[Performance] EditorApplication.playModeStateChanged: UnityEditor.PackageManager.UI.Internal.PlayModeDownload.PlayModeStateChanged                                                                                                                    :       12 samples, Peak.   454 us (4.0x), Avg.   115 us, Total. 1.375 ms (0.0%)
[Performance] EditorApplication.playModeStateChanged: UnityEditor.ObjectPool.PoolManager.OnEditorStateChange                                                                                                                                          :       12 samples, Peak.   196 us (4.7x), Avg.  41.2 us, Total. 494.5 us (0.0%)
[Performance] EditorApplication.playModeStateChanged: UnityEditor.PackageManager.UI.Internal.ApplicationProxy.PlayModeStateChanged                                                                                                                    :       12 samples, Peak.   115 us (3.1x), Avg.  36.8 us, Total. 441.1 us (0.0%)
[Performance] EditorApplication.playModeStateChanged: UnityEditor.SceneManagement.EditorSceneManager.PlayModeStateChangedCallback                                                                                                                     :       12 samples, Peak.  28.6 us (3.6x), Avg.  7.92 us, Total. 95.00 us (0.0%)
[Performance] EditorApplication.playModeStateChanged: callback in UnityEditor.Search.SearchMonitor                                                                                                                                                    :        9 samples, Peak.  48.1 us (2.9x), Avg.  16.5 us, Total. 148.6 us (0.0%)
[Performance] EditorApplication.playModeStateChanged: UnityEditor.Search.SearchMonitor.OnPlayModeChanged                                                                                                                                              :        9 samples, Peak.   342 us (2.5x), Avg.   137 us, Total. 1.230 ms (0.0%)
[Performance] EditorApplication.playModeStateChanged: UnityEditor.SceneVisibilityManager.EditorApplicationPlayModeStateChanged                                                                                                                        :       12 samples, Peak.  96.4 us (3.9x), Avg.  25.0 us, Total. 300.0 us (0.0%)
[Performance] EditorApplication.playModeStateChanged: UnityEditor.UIElements.DefaultEditorWindowBackend.PlayModeStateChangedCallback                                                                                                                  :       48 samples, Peak.   200 us (16.6x), Avg.  12.0 us, Total. 577.8 us (0.0%)
[Performance] EditorApplication.playModeStateChanged: UnityEditor.Toolbars.PlayModeButtons.OnPlayModeStateChanged                                                                                                                                     :       12 samples, Peak.  30.3 us (2.3x), Avg.  13.3 us, Total. 159.8 us (0.0%)
[Performance] EditorApplication.playModeStateChanged: UnityEditor.ProjectBrowser.OnPlayModeStateChanged                                                                                                                                               :       12 samples, Peak.   107 us (3.0x), Avg.  35.4 us, Total. 425.2 us (0.0%)
[Performance] EditorApplication.playModeStateChanged: UnityEditor.PropertyEditor.OnPlayModeStateChanged                                                                                                                                               :       12 samples, Peak.  1.88 ms (4.1x), Avg.   463 us, Total. 5.559 ms (0.0%)
[Performance] EditorApplication.playModeStateChanged: UnityEditor.InspectorWindow.OnPlayModeStateChanged                                                                                                                                              :       12 samples, Peak.   241 us (3.6x), Avg.  66.1 us, Total. 792.9 us (0.0%)
[Performance] EditorApplication.playModeStateChanged: UnityEditor.SceneHierarchy.PlayModeStateChanged                                                                                                                                                 :       12 samples, Peak.  23.6 us (2.7x), Avg.  8.77 us, Total. 105.2 us (0.0%)
[Performance] EditorApplication.playModeStateChanged: UnityEditor.SceneView.OnPlayModeStateChanged                                                                                                                                                    :       12 samples, Peak.  17.8 us (3.1x), Avg.  5.68 us, Total. 68.20 us (0.0%)
[Performance] EditorApplication.playModeStateChanged: UnityEditor.GameView.OnPlayModeStateChanged                                                                                                                                                     :       12 samples, Peak.   166 us (4.3x), Avg.  38.5 us, Total. 462.5 us (0.0%)
[Performance] Application.Message.Character                                                                                                                                                                                                           :        2 samples, Peak.  50.6 us (2.0x), Avg.  25.9 us, Total. 51.70 us (0.0%)
[Performance] Application.Message.KeyUp                                                                                                                                                                                                               :      624 samples, Peak.   918 us (4.7x), Avg.   194 us, Total. 120.9 ms (0.0%)
[Performance] Application.EnterPlayMode                                                                                                                                                                                                               :        3 samples, Peak.  1.39 s (1.1x), Avg.  1.28 s, Total. 3.828 s (0.1%)
[Performance] Application.Reload                                                                                                                                                                                                                      :        3 samples, Peak.   883 ms (1.0x), Avg.   847 ms, Total. 2.541 s (0.1%)
[Performance] AssemblyReloadEvents.beforeAssemblyReload: UnityEditor.Search.SearchMonitor.OnBeforeAssemblyReload                                                                                                                                      :        4 samples, Peak.   550 us (1.1x), Avg.   505 us, Total. 2.021 ms (0.0%)
[Performance] AssemblyReloadEvents.beforeAssemblyReload: UnityEditor.EditorTools.EditorToolManager.BeforeAssemblyReload                                                                                                                               :        4 samples, Peak.   120 us (1.1x), Avg.   105 us, Total. 420.5 us (0.0%)
[Performance] AssemblyReloadEvents.beforeAssemblyReload: UnityEditor.Overlays.OverlayCanvas.OnBeforeAssemblyReload                                                                                                                                    :        4 samples, Peak.   343 us (1.0x), Avg.   333 us, Total. 1.333 ms (0.0%)
[Performance] AssemblyReloadEvents.afterAssemblyReload: UnityEditor.ProjectBrowser.OnAfterAssemblyReload                                                                                                                                              :        4 samples, Peak.  20.8 us (1.1x), Avg.  19.8 us, Total. 79.10 us (0.0%)
[Performance] AssemblyReloadEvents.afterAssemblyReload: UnityEditor.InspectorWindow.OnAfterAssemblyReload                                                                                                                                             :        4 samples, Peak.   142 us (1.0x), Avg.   138 us, Total. 553.2 us (0.0%)
[Performance] GameView.Used                                                                                                                                                                                                                           :        3 samples, Peak.   105 ms (1.1x), Avg.  96.5 ms, Total. 289.5 ms (0.0%)
[Performance] UnityBuildPostprocessor.OnProcessScene                                                                                                                                                                                                  :        3 samples, Peak.   564 us (1.0x), Avg.   547 us, Total. 1.641 ms (0.0%)
[Performance] EditorApplication.delayCall: UnityEditor.EditorTools.EditorTool.Activate                                                                                                                                                                :        3 samples, Peak.  55.3 us (1.0x), Avg.  53.0 us, Total. 159.0 us (0.0%)
[Performance] GameView.KeyDown                                                                                                                                                                                                                        :      922 samples, Peak.  3.42 ms (38.5x), Avg.  88.8 us, Total. 81.90 ms (0.0%)
[Performance] GameView.Ignore                                                                                                                                                                                                                         :       25 samples, Peak.   600 ns (2.4x), Avg.   252 ns, Total. 6.300 us (0.0%)
[Performance] GameView.KeyUp                                                                                                                                                                                                                          :      622 samples, Peak.   771 us (8.9x), Avg.  86.4 us, Total. 53.72 ms (0.0%)
[Performance] Application.ExitPlayMode                                                                                                                                                                                                                :        3 samples, Peak.  86.9 ms (1.3x), Avg.  66.2 ms, Total. 198.5 ms (0.0%)
[Performance] Application.Message.WM_00400                                                                                                                                                                                                            :        7 samples, Peak.   181 us (1.9x), Avg.  95.4 us, Total. 667.5 us (0.0%)
[Performance] Application.Message.Input                                                                                                                                                                                                               :     1387 samples, Peak.  21.3 us (3.4x), Avg.  6.32 us, Total. 8.762 ms (0.0%)
[Performance] ProjectBrowser.MouseMove                                                                                                                                                                                                                :      632 samples, Peak.  10.8 ms (119.1x), Avg.  90.9 us, Total. 57.43 ms (0.0%)
[Performance] Application.Message.LeftButtonDown                                                                                                                                                                                                      :       14 samples, Peak.  9.25 ms (2.7x), Avg.  3.42 ms, Total. 47.91 ms (0.0%)
[Performance] GameView.OnLostFocus                                                                                                                                                                                                                    :        3 samples, Peak.   746 us (1.3x), Avg.   558 us, Total. 1.674 ms (0.0%)
[Performance] ProjectBrowser.MouseDown                                                                                                                                                                                                                :        9 samples, Peak.  7.12 ms (4.3x), Avg.  1.67 ms, Total. 15.01 ms (0.0%)
[Performance] Application.Message.LeftButtonUp                                                                                                                                                                                                        :       15 samples, Peak.  9.59 ms (3.1x), Avg.  3.11 ms, Total. 46.70 ms (0.0%)
[Performance] ProjectBrowser.MouseUp                                                                                                                                                                                                                  :        9 samples, Peak.  9.06 ms (3.4x), Avg.  2.65 ms, Total. 23.87 ms (0.0%)
[Performance] Application.Message.WM_00203                                                                                                                                                                                                            :        1 samples, Peak.   328 us (1.0x), Avg.   328 us, Total. 327.8 us (0.0%)
[Performance] Application.Message.MouseLeave                                                                                                                                                                                                          :       47 samples, Peak.  3.11 ms (8.2x), Avg.   381 us, Total. 17.89 ms (0.0%)
[Performance] ProjectBrowser.MouseLeaveWindow                                                                                                                                                                                                         :       10 samples, Peak.  3.07 ms (8.0x), Avg.   384 us, Total. 3.841 ms (0.0%)
[Performance] SceneHierarchyWindow.Ignore                                                                                                                                                                                                             :        3 samples, Peak.   300 ns (1.8x), Avg.   167 ns, Total. 500.0 ns (0.0%)
[Performance] SceneHierarchyWindow.MouseMove                                                                                                                                                                                                          :       16 samples, Peak.   109 us (1.8x), Avg.  60.4 us, Total. 966.0 us (0.0%)
[Performance] SceneHierarchyWindow.MouseEnterWindow                                                                                                                                                                                                   :        2 samples, Peak.   776 us (1.5x), Avg.   516 us, Total. 1.032 ms (0.0%)
[Performance] SceneHierarchyWindow.MouseLeaveWindow                                                                                                                                                                                                   :        2 samples, Peak.   369 us (1.1x), Avg.   324 us, Total. 647.5 us (0.0%)
[Performance] GameView.MouseMove                                                                                                                                                                                                                      :      433 samples, Peak.  2.71 ms (35.3x), Avg.  76.8 us, Total. 33.24 ms (0.0%)
[Performance] GameView.MouseEnterWindow                                                                                                                                                                                                               :       13 samples, Peak.  8.46 ms (6.3x), Avg.  1.35 ms, Total. 17.56 ms (0.0%)
[Performance] GameView.MouseLeaveWindow                                                                                                                                                                                                               :       20 samples, Peak.  1.57 ms (6.7x), Avg.   233 us, Total. 4.655 ms (0.0%)
[Performance] Toolbar.Ignore                                                                                                                                                                                                                          :        8 samples, Peak.   500 ns (2.9x), Avg.   175 ns, Total. 1.400 us (0.0%)
[Performance] Toolbar.MouseMove                                                                                                                                                                                                                       :       85 samples, Peak.   926 us (7.9x), Avg.   118 us, Total. 10.02 ms (0.0%)
[Performance] Toolbar.MouseEnterWindow                                                                                                                                                                                                                :        6 samples, Peak.   710 us (4.4x), Avg.   163 us, Total. 977.3 us (0.0%)
[Performance] ProjectBrowser.OnLostFocus                                                                                                                                                                                                              :        1 samples, Peak.   178 us (1.0x), Avg.   178 us, Total. 177.7 us (0.0%)
[Performance] Toolbar.MouseDown                                                                                                                                                                                                                       :        4 samples, Peak.  3.26 ms (1.4x), Avg.  2.31 ms, Total. 9.246 ms (0.0%)
[Performance] Toolbar.MouseUp                                                                                                                                                                                                                         :        4 samples, Peak.  3.85 ms (1.4x), Avg.  2.77 ms, Total. 11.08 ms (0.0%)
[Performance] Toolbar.OnLostFocus                                                                                                                                                                                                                     :        4 samples, Peak.  15.4 us (1.5x), Avg.  10.6 us, Total. 42.30 us (0.0%)
[Performance] Toolbar.MouseLeaveWindow                                                                                                                                                                                                                :        7 samples, Peak.  2.81 ms (3.2x), Avg.   884 us, Total. 6.190 ms (0.0%)
[Performance] GameView.MouseDown                                                                                                                                                                                                                      :        2 samples, Peak.  5.98 ms (1.0x), Avg.  5.93 ms, Total. 11.87 ms (0.0%)
[Performance] GameView.MouseUp                                                                                                                                                                                                                        :        2 samples, Peak.  2.86 ms (1.0x), Avg.  2.85 ms, Total. 5.703 ms (0.0%)
[Performance] Application.Message.NonClientMouseMove                                                                                                                                                                                                  :       36 samples, Peak.  20.9 us (4.7x), Avg.  4.48 us, Total. 161.2 us (0.0%)
[Performance] Application.Message.WM_002A2                                                                                                                                                                                                            :        2 samples, Peak.  3.30 us (1.0x), Avg.  3.15 us, Total. 6.300 us (0.0%)
[Performance] AppStatusBar.MouseMove                                                                                                                                                                                                                  :        1 samples, Peak.  84.1 us (1.0x), Avg.  84.1 us, Total. 84.10 us (0.0%)
[Performance] AppStatusBar.MouseLeaveWindow                                                                                                                                                                                                           :        2 samples, Peak.  84.3 us (1.1x), Avg.  75.9 us, Total. 151.7 us (0.0%)
[Performance] AppStatusBar.Ignore                                                                                                                                                                                                                     :        1 samples, Peak.   200 ns (1.0x), Avg.   200 ns, Total. 200.0 ns (0.0%)
[Performance] AppStatusBar.MouseEnterWindow                                                                                                                                                                                                           :        1 samples, Peak.  83.2 us (1.0x), Avg.  83.2 us, Total. 83.20 us (0.0%)
[Performance] InspectorWindow.MouseMove                                                                                                                                                                                                               :       97 samples, Peak.   423 us (4.5x), Avg.  94.4 us, Total. 9.158 ms (0.0%)
[Performance] InspectorWindow.Ignore                                                                                                                                                                                                                  :        6 samples, Peak.   300 ns (1.4x), Avg.   217 ns, Total. 1.300 us (0.0%)
[Performance] InspectorWindow.MouseEnterWindow                                                                                                                                                                                                        :        5 samples, Peak.   169 us (1.4x), Avg.   118 us, Total. 587.8 us (0.0%)
[Performance] InspectorWindow.MouseLeaveWindow                                                                                                                                                                                                        :        6 samples, Peak.   301 us (1.8x), Avg.   168 us, Total. 1.006 ms (0.0%)
[Performance] Application.Message.WM_0C299                                                                                                                                                                                                            :        6 samples, Peak.  10.6 us (2.5x), Avg.  4.32 us, Total. 25.90 us (0.0%)
[Performance] Application.Message.WM_00320                                                                                                                                                                                                            :       12 samples, Peak.  4.70 us (1.3x), Avg.  3.59 us, Total. 43.10 us (0.0%)
[Performance] Toolbar.OnProjectChange                                                                                                                                                                                                                 :        2 samples, Peak.  35.0 us (1.6x), Avg.  22.2 us, Total. 44.50 us (0.0%)
[Performance] SceneHierarchyWindow.OnProjectChange                                                                                                                                                                                                    :        2 samples, Peak.  57.3 us (1.4x), Avg.  40.0 us, Total. 80.00 us (0.0%)
[Performance] GameView.OnProjectChange                                                                                                                                                                                                                :        2 samples, Peak.  1.10 us (1.0x), Avg.  1.05 us, Total. 2.100 us (0.0%)
[Performance] ProjectBrowser.OnProjectChange                                                                                                                                                                                                          :        2 samples, Peak.  1.20 us (1.1x), Avg.  1.05 us, Total. 2.100 us (0.0%)
[Performance] InspectorWindow.OnProjectChange                                                                                                                                                                                                         :        2 samples, Peak.   800 ns (1.0x), Avg.   800 ns, Total. 1.600 us (0.0%)
[Performance] AppStatusBar.OnProjectChange                                                                                                                                                                                                            :        2 samples, Peak.  7.90 us (1.2x), Avg.  6.65 us, Total. 13.30 us (0.0%)
[Performance] EditorApplication.projectChanged: UnityEditor.Audio.MixerEffectDefinitionReloader.OnProjectChanged                                                                                                                                      :        2 samples, Peak.   292 us (1.1x), Avg.   274 us, Total. 547.7 us (0.0%)
[Performance] EditorApplication.projectChanged: UnityEditor.SceneHierarchy.ReloadData                                                                                                                                                                 :        2 samples, Peak.   222 us (1.6x), Avg.   138 us, Total. 275.8 us (0.0%)
[Performance] EditorApplication.projectChanged: UnityEditor.ProjectBrowser.OnProjectChanged                                                                                                                                                           :        2 samples, Peak.  2.36 ms (1.6x), Avg.  1.51 ms, Total. 3.028 ms (0.0%)
[Performance] EditorApplication.projectChanged: UnityEditor.LabelGUI.InvalidateLabels                                                                                                                                                                 :        2 samples, Peak.  43.4 us (1.5x), Avg.  29.0 us, Total. 58.00 us (0.0%)
[Performance] ShaderImporter.SourceAssetModified                                                                                                                                                                                                      :        2 samples, Peak.   500 ns (1.0x), Avg.   500 ns, Total. 1.000 us (0.0%)
[Performance] ShaderIncludeImporter.SourceAssetModified                                                                                                                                                                                               :        2 samples, Peak.  22.1 us (1.2x), Avg.  18.6 us, Total. 37.20 us (0.0%)
[Performance] AssetDatabase.ImportAssets                                                                                                                                                                                                              :        1 samples, Peak.   600 ns (1.0x), Avg.   600 ns, Total. 600.0 ns (0.0%)
[Performance] BuilderAssetPostprocessor.OnPostprocessAllAssets                                                                                                                                                                                        :        2 samples, Peak.   738 us (1.1x), Avg.   693 us, Total. 1.386 ms (0.0%)
[Performance] ArtifactBrowserPostProcessor.OnPostprocessAllAssets                                                                                                                                                                                     :        2 samples, Peak.   335 us (1.0x), Avg.   334 us, Total. 668.2 us (0.0%)
[Performance] AssetEvents.OnPostprocessAllAssets                                                                                                                                                                                                      :        4 samples, Peak.   115 us (1.5x), Avg.  78.9 us, Total. 315.5 us (0.0%)
[Performance] AudioMixerPostprocessor.OnPostprocessAllAssets                                                                                                                                                                                          :        2 samples, Peak.   179 us (1.0x), Avg.   178 us, Total. 356.3 us (0.0%)
[Performance] StyleCatalogPostProcessor.OnPostprocessAllAssets                                                                                                                                                                                        :        2 samples, Peak.   321 us (1.0x), Avg.   320 us, Total. 639.2 us (0.0%)
[Performance] ModelImporterPostProcessor.OnPostprocessAllAssets                                                                                                                                                                                       :        2 samples, Peak.   509 us (1.0x), Avg.   508 us, Total. 1.017 ms (0.0%)
[Performance] RetainedModeAssetPostprocessor.OnPostprocessAllAssets                                                                                                                                                                                   :        2 samples, Peak.  3.97 ms (1.0x), Avg.  3.97 ms, Total. 7.930 ms (0.0%)
[Performance] AssetChangedListener.OnPostprocessAllAssets                                                                                                                                                                                             :        2 samples, Peak.  7.03 ms (1.0x), Avg.  7.03 ms, Total. 14.06 ms (0.0%)
[Performance] SpeedTreePostProcessor.OnPostprocessAllAssets                                                                                                                                                                                           :        2 samples, Peak.   131 us (1.0x), Avg.   130 us, Total. 259.2 us (0.0%)
[Performance] TextAssetPostProcessor.OnPostprocessAllAssets                                                                                                                                                                                           :        2 samples, Peak.   243 us (1.0x), Avg.   242 us, Total. 484.8 us (0.0%)
[Performance] Application.Shutdown.SaveDefaultWindowPreferences                                                                                                                                                                                       :        1 samples, Peak.  14.1 ms (1.0x), Avg.  14.1 ms, Total. 14.15 ms (0.0%)
[Performance] Application.Shutdown.SaveSceneManagerSetup                                                                                                                                                                                              :        1 samples, Peak.   358 us (1.0x), Avg.   358 us, Total. 357.6 us (0.0%)
[Performance] Application.Shutdown.CleanupAllContainerWindows                                                                                                                                                                                         :        1 samples, Peak.   700 ns (1.0x), Avg.   700 ns, Total. 700.0 ns (0.0%)
[Performance] EditorApplication.quitting: UnityEditor.Search.SearchMonitor.OnQuitting                                                                                                                                                                 :        1 samples, Peak.   886 us (1.0x), Avg.   886 us, Total. 885.8 us (0.0%)
[Performance] EditorApplication.quitting: callback in UnityEditor.TextCore.Text.EditorEventCallbacks                                                                                                                                                  :        1 samples, Peak.  3.69 ms (1.0x), Avg.  3.69 ms, Total. 3.693 ms (0.0%)
[Performance] Application.Shutdown.PauseProfilerSession                                                                                                                                                                                               :        1 samples, Peak.  24.0 us (1.0x), Avg.  24.0 us, Total. 24.00 us (0.0%)
[Performance] Application.Shutdown.PauseAssetImportWorkers                                                                                                                                                                                            :        1 samples, Peak.  80.2 us (1.0x), Avg.  80.2 us, Total. 80.20 us (0.0%)
[Performance] Application.Shutdown.SaveAssets                                                                                                                                                                                                         :        1 samples, Peak.  2.32 ms (1.0x), Avg.  2.32 ms, Total. 2.325 ms (0.0%)
[Performance] BuilderAssetModificationProcessor.OnWillSaveAssets                                                                                                                                                                                      :        1 samples, Peak.   260 us (1.0x), Avg.   260 us, Total. 259.9 us (0.0%)
[Performance] TerrainModificationProcessor.OnWillSaveAssets                                                                                                                                                                                           :        1 samples, Peak.   425 us (1.0x), Avg.   425 us, Total. 424.7 us (0.0%)
[Performance] Application.Shutdown.CleanupRenderPipeline                                                                                                                                                                                              :        1 samples, Peak.   126 us (1.0x), Avg.   126 us, Total. 126.2 us (0.0%)
[Performance] Application.Shutdown.StopPreloadManager                                                                                                                                                                                                 :        1 samples, Peak.   900 ns (1.0x), Avg.   900 ns, Total. 900.0 ns (0.0%)
[Performance] Application.Shutdown.DestroyWorld                                                                                                                                                                                                       :        1 samples, Peak.   780 us (1.0x), Avg.   780 us, Total. 779.6 us (0.0%)
[Performance] Application.Shutdown.CleanupAfterLoad                                                                                                                                                                                                   :        1 samples, Peak.  3.65 ms (1.0x), Avg.  3.65 ms, Total. 3.651 ms (0.0%)
[Performance] Application.Shutdown.Progress                                                                                                                                                                                                           :        1 samples, Peak.  5.90 us (1.0x), Avg.  5.90 us, Total. 5.900 us (0.0%)
[Performance] Application.Shutdown.GICleanupManagers                                                                                                                                                                                                  :        1 samples, Peak.   656 us (1.0x), Avg.   656 us, Total. 655.7 us (0.0%)
[Performance] Application.Shutdown.MenuCleanupClass                                                                                                                                                                                                   :        1 samples, Peak.  95.8 us (1.0x), Avg.  95.8 us, Total. 95.80 us (0.0%)
[Performance] Application.Shutdown.ADBSaveStateBeforeShutdown                                                                                                                                                                                         :        1 samples, Peak.  2.15 ms (1.0x), Avg.  2.15 ms, Total. 2.150 ms (0.0%)
[Performance] Application.Shutdown.RemoteShutdown                                                                                                                                                                                                     :        1 samples, Peak.  1.40 us (1.0x), Avg.  1.40 us, Total. 1.400 us (0.0%)
[Performance] Application.Shutdown.CleanupVCProvider                                                                                                                                                                                                  :        1 samples, Peak.  8.00 us (1.0x), Avg.  8.00 us, Total. 8.000 us (0.0%)
[Performance] Application.Shutdown.InputShutdown                                                                                                                                                                                                      :        1 samples, Peak.  93.3 us (1.0x), Avg.  93.3 us, Total. 93.30 us (0.0%)
[Performance] Application.Shutdown.GizmoManagerDestroy                                                                                                                                                                                                :        1 samples, Peak.   655 us (1.0x), Avg.   655 us, Total. 654.8 us (0.0%)
[Performance] Application.Shutdown.ProfilerSession                                                                                                                                                                                                    :        1 samples, Peak.   142 us (1.0x), Avg.   142 us, Total. 141.8 us (0.0%)
[Performance] Application.Shutdown.ReleaseGfxWindowOnAllGUIViews                                                                                                                                                                                      :        1 samples, Peak.   131 us (1.0x), Avg.   131 us, Total. 130.5 us (0.0%)
[Performance] Application.Shutdown.CleanupEngine                                                                                                                                                                                                      :        1 samples, Peak.  82.8 ms (1.0x), Avg.  82.8 ms, Total. 82.79 ms (0.0%)
[Performance] Application.Shutdown.CleanupAssetDatabase                                                                                                                                                                                               :        1 samples, Peak.  58.3 ms (1.0x), Avg.  58.3 ms, Total. 58.29 ms (0.0%)
[Performance] Application.Shutdown.ScriptCompilationCleanUp                                                                                                                                                                                           :        1 samples, Peak.  15.5 ms (1.0x), Avg.  15.5 ms, Total. 15.54 ms (0.0%)
[Performance] Application.Shutdown.DestroyJobSystem                                                                                                                                                                                                   :        1 samples, Peak.   188 us (1.0x), Avg.   188 us, Total. 187.7 us (0.0%)
[Performance] Application.Shutdown.CleanupPersistentManager                                                                                                                                                                                           :        1 samples, Peak.   259 us (1.0x), Avg.   259 us, Total. 258.5 us (0.0%)
[Performance] Application.Shutdown.CleanupAsyncReadManager                                                                                                                                                                                            :        1 samples, Peak.   285 us (1.0x), Avg.   285 us, Total. 285.4 us (0.0%)
[Performance] Application.Shutdown.CleanupProgressBar                                                                                                                                                                                                 :        1 samples, Peak.  3.70 us (1.0x), Avg.  3.70 us, Total. 3.700 us (0.0%)
[Performance] Application.Shutdown.CleanupMono                                                                                                                                                                                                        :        1 samples, Peak.  45.6 ms (1.0x), Avg.  45.6 ms, Total. 45.58 ms (0.0%)
[Performance] Application.Shutdown.CleanupStdConverters                                                                                                                                                                                               :        1 samples, Peak.  5.80 us (1.0x), Avg.  5.80 us, Total. 5.800 us (0.0%)
[Performance] Application.Shutdown.UnloadAllPlatformSupportModuleNativeDlls                                                                                                                                                                           :        1 samples, Peak.   400 ns (1.0x), Avg.   400 ns, Total. 400.0 ns (0.0%)
[Performance] Application.Shutdown.UnloadAllPlatformSupportNativeLibraries                                                                                                                                                                            :        1 samples, Peak.   100 ns (1.0x), Avg.   100 ns, Total. 100.0 ns (0.0%)
[Performance] Application.Shutdown.CleanupAutoDocumentation                                                                                                                                                                                           :        1 samples, Peak.   269 us (1.0x), Avg.   269 us, Total. 269.3 us (0.0%)
[Performance] Application.Shutdown.ShaderNameManagerDestroy                                                                                                                                                                                           :        1 samples, Peak.  38.9 us (1.0x), Avg.  38.9 us, Total. 38.90 us (0.0%)
[Performance] Application.Shutdown.CleanupCacheServer                                                                                                                                                                                                 :        1 samples, Peak. 0.0 (-nan(ind)x), Avg. 0.0, Total. 0.0 (0.0%)
[Performance] Application.Shutdown.Virtualization_Shutdown                                                                                                                                                                                            :        1 samples, Peak.   300 ns (1.0x), Avg.   300 ns, Total. 300.0 ns (0.0%)
[Performance] Application.Shutdown.DevConnections                                                                                                                                                                                                     :        1 samples, Peak.   302 us (1.0x), Avg.   302 us, Total. 302.2 us (0.0%)
Checking for leaked weakptr:
  Found no leaked weakptrs.
[Package Manager] Server::Kill -- Server was shutdown
Memory Statistics:
[ALLOC_TEMP_TLS] TLS Allocator
  StackAllocators : 
    [ALLOC_TEMP_CurlRequest]
      Initial Block Size 64.0 KB
      Current Block Size 64.0 KB
      Peak Allocated Bytes 0 B
      Overflow Count 0
    [ALLOC_TEMP_PreviewLoader]
      Initial Block Size 64.0 KB
      Current Block Size 64.0 KB
      Peak Allocated Bytes 2.5 KB
      Overflow Count 0
    [ALLOC_TEMP_MAIN]
      Peak usage frame count: [4.0 KB-8.0 KB]: 295386 frames, [8.0 KB-16.0 KB]: 158508 frames, [16.0 KB-32.0 KB]: 15 frames, [32.0 KB-64.0 KB]: 6 frames, [64.0 KB-128.0 KB]: 6 frames, [256.0 KB-0.5 MB]: 3 frames, [1.0 MB-2.0 MB]: 3 frames, [8.0 MB-16.0 MB]: 4 frames
      Initial Block Size 16.0 MB
      Current Block Size 16.0 MB
      Peak Allocated Bytes 10.2 MB
      Overflow Count 0
    [ALLOC_TEMP_Job.Worker 18]
      Initial Block Size 256.0 KB
      Current Block Size 256.0 KB
      Peak Allocated Bytes 1.1 KB
      Overflow Count 1
    [ALLOC_TEMP_Background Job.Worker 8]
      Initial Block Size 32.0 KB
      Current Block Size 32.0 KB
      Peak Allocated Bytes 54 B
      Overflow Count 0
    [ALLOC_TEMP_Job.Worker 4]
      Initial Block Size 256.0 KB
      Current Block Size 256.0 KB
      Peak Allocated Bytes 186.2 KB
      Overflow Count 0
    [ALLOC_TEMP_BakingJobs.Worker 5]
      Initial Block Size 256.0 KB
      Current Block Size 256.0 KB
      Peak Allocated Bytes 54 B
      Overflow Count 0
    [ALLOC_TEMP_BakingJobs.Worker 10]
      Initial Block Size 256.0 KB
      Current Block Size 256.0 KB
      Peak Allocated Bytes 54 B
      Overflow Count 0
    [ALLOC_TEMP_Background Job.Worker 11]
      Initial Block Size 32.0 KB
      Current Block Size 32.0 KB
      Peak Allocated Bytes 54 B
      Overflow Count 0
    [ALLOC_TEMP_Background Job.Worker 3]
      Initial Block Size 32.0 KB
      Current Block Size 32.0 KB
      Peak Allocated Bytes 54 B
      Overflow Count 0
    [ALLOC_TEMP_BatchDeleteObjects]
      Initial Block Size 64.0 KB
      Current Block Size 64.0 KB
      Peak Allocated Bytes 54 B
      Overflow Count 0
    [ALLOC_TEMP_Job.Worker 21]
      Initial Block Size 256.0 KB
      Current Block Size 256.0 KB
      Peak Allocated Bytes 436 B
      Overflow Count 1
    [ALLOC_TEMP_REST Message Handler]
      Initial Block Size 64.0 KB
      Current Block Size 64.0 KB
      Peak Allocated Bytes 54 B
      Overflow Count 0
    [ALLOC_TEMP_EditorProgressBar]
      Initial Block Size 64.0 KB
      Current Block Size 64.0 KB
      Peak Allocated Bytes 14.8 KB
      Overflow Count 1
    [ALLOC_TEMP_Job.Worker 13]
      Initial Block Size 256.0 KB
      Current Block Size 256.0 KB
      Peak Allocated Bytes 186.2 KB
      Overflow Count 0
    [ALLOC_TEMP_Background Job.Worker 2]
      Initial Block Size 32.0 KB
      Current Block Size 32.0 KB
      Peak Allocated Bytes 2.0 KB
      Overflow Count 0
    [ALLOC_TEMP_Job.Worker 22]
      Initial Block Size 256.0 KB
      Current Block Size 256.0 KB
      Peak Allocated Bytes 436 B
      Overflow Count 1
    [ALLOC_TEMP_AssetDatabase.IOService]
      Initial Block Size 64.0 KB
      Current Block Size 64.0 KB
      Peak Allocated Bytes 43.8 KB
      Overflow Count 0
    [ALLOC_TEMP_CoreBusinessMetricsCache]
      Initial Block Size 64.0 KB
      Current Block Size 64.0 KB
      Peak Allocated Bytes 7.1 KB
      Overflow Count 0
    [ALLOC_TEMP_Job.Worker 10]
      Initial Block Size 256.0 KB
      Current Block Size 256.0 KB
      Peak Allocated Bytes 186.2 KB
      Overflow Count 0
    [ALLOC_TEMP_Job.Worker 15]
      Initial Block Size 256.0 KB
      Current Block Size 256.0 KB
      Peak Allocated Bytes 436 B
      Overflow Count 1
    [ALLOC_TEMP_Job.Worker 12]
      Initial Block Size 256.0 KB
      Current Block Size 256.0 KB
      Peak Allocated Bytes 436 B
      Overflow Count 0
    [ALLOC_TEMP_Loading.PreloadManager] x 7
      Initial Block Size 32.0 MB
      Current Block Size 32.0 MB
      Peak Allocated Bytes 1.0 MB
      Overflow Count 0
    [ALLOC_TEMP_Profiler.Dispatcher]
      Initial Block Size 64.0 KB
      Current Block Size 64.0 KB
      Peak Allocated Bytes 0 B
      Overflow Count 0
    [ALLOC_TEMP_Job.Worker 17]
      Initial Block Size 256.0 KB
      Current Block Size 256.0 KB
      Peak Allocated Bytes 436 B
      Overflow Count 1
    [ALLOC_TEMP_Job.Worker 3]
      Initial Block Size 256.0 KB
      Current Block Size 256.0 KB
      Peak Allocated Bytes 186.2 KB
      Overflow Count 0
    [ALLOC_TEMP_BakingJobs.Worker 7]
      Initial Block Size 256.0 KB
      Current Block Size 256.0 KB
      Peak Allocated Bytes 54 B
      Overflow Count 0
    [ALLOC_TEMP_Job.Worker 14]
      Initial Block Size 256.0 KB
      Current Block Size 256.0 KB
      Peak Allocated Bytes 186.2 KB
      Overflow Count 0
    [ALLOC_TEMP_Background Job.Worker 5]
      Initial Block Size 32.0 KB
      Current Block Size 32.0 KB
      Peak Allocated Bytes 54 B
      Overflow Count 0
    [ALLOC_TEMP_CurlRequest]
      Initial Block Size 64.0 KB
      Current Block Size 64.0 KB
      Peak Allocated Bytes 0 B
      Overflow Count 0
    [ALLOC_TEMP_Background Job.Worker 13]
      Initial Block Size 32.0 KB
      Current Block Size 32.0 KB
      Peak Allocated Bytes 54 B
      Overflow Count 0
    [ALLOC_TEMP_TuanjieGfxDeviceWorker]
      Initial Block Size 256.0 KB
      Current Block Size 256.0 KB
      Peak Allocated Bytes 18.6 KB
      Overflow Count 0
    [ALLOC_TEMP_BakingJobs.Worker 6]
      Initial Block Size 256.0 KB
      Current Block Size 256.0 KB
      Peak Allocated Bytes 54 B
      Overflow Count 0
    [ALLOC_TEMP_Job.Worker 11]
      Initial Block Size 256.0 KB
      Current Block Size 256.0 KB
      Peak Allocated Bytes 1.4 KB
      Overflow Count 1
    [ALLOC_TEMP_Job.Worker 2]
      Initial Block Size 256.0 KB
      Current Block Size 256.0 KB
      Peak Allocated Bytes 1.6 KB
      Overflow Count 1
    [ALLOC_TEMP_Job.Worker 0]
      Initial Block Size 256.0 KB
      Current Block Size 256.0 KB
      Peak Allocated Bytes 156 B
      Overflow Count 1
    [ALLOC_TEMP_Job.Worker 6]
      Initial Block Size 256.0 KB
      Current Block Size 256.0 KB
      Peak Allocated Bytes 186.2 KB
      Overflow Count 0
    [ALLOC_TEMP_Job.Worker 5]
      Initial Block Size 256.0 KB
      Current Block Size 256.0 KB
      Peak Allocated Bytes 186.2 KB
      Overflow Count 0
    [ALLOC_TEMP_ReadCacheIndex] x 7
      Initial Block Size 64.0 KB
      Current Block Size 64.0 KB
      Peak Allocated Bytes 504 B
      Overflow Count 0
    [ALLOC_TEMP_Background Job.Worker 9]
      Initial Block Size 32.0 KB
      Current Block Size 32.0 KB
      Peak Allocated Bytes 54 B
      Overflow Count 0
    [ALLOC_TEMP_BakingJobs.Worker 8]
      Initial Block Size 256.0 KB
      Current Block Size 256.0 KB
      Peak Allocated Bytes 54 B
      Overflow Count 0
    [ALLOC_TEMP_Job.Worker 9]
      Initial Block Size 256.0 KB
      Current Block Size 256.0 KB
      Peak Allocated Bytes 436 B
      Overflow Count 1
    [ALLOC_TEMP_DirMonitor]
      Initial Block Size 64.0 KB
      Current Block Size 64.0 KB
      Peak Allocated Bytes 14.9 KB
      Overflow Count 0
    [ALLOC_TEMP_BakingJobs.Worker 1]
      Initial Block Size 256.0 KB
      Current Block Size 256.0 KB
      Peak Allocated Bytes 0.8 KB
      Overflow Count 0
    [ALLOC_TEMP_Loading.AsyncRead]
      Initial Block Size 64.0 KB
      Current Block Size 64.0 KB
      Peak Allocated Bytes 128 B
      Overflow Count 0
    [ALLOC_TEMP_Background Job.Worker 10]
      Initial Block Size 32.0 KB
      Current Block Size 32.0 KB
      Peak Allocated Bytes 54 B
      Overflow Count 0
    [ALLOC_TEMP_Job.Worker 16]
      Initial Block Size 256.0 KB
      Current Block Size 256.0 KB
      Peak Allocated Bytes 186.2 KB
      Overflow Count 0
    [ALLOC_TEMP_BakingJobs.Worker 9]
      Initial Block Size 256.0 KB
      Current Block Size 256.0 KB
      Peak Allocated Bytes 54 B
      Overflow Count 0
    [ALLOC_TEMP_Background Job.Worker 6]
      Initial Block Size 32.0 KB
      Current Block Size 32.0 KB
      Peak Allocated Bytes 54 B
      Overflow Count 0
    [ALLOC_TEMP_Background Job.Worker 1]
      Initial Block Size 32.0 KB
      Current Block Size 148.0 KB
      Peak Allocated Bytes 110.2 KB
      Overflow Count 0
    [ALLOC_TEMP_BakingJobs.Worker 11]
      Initial Block Size 256.0 KB
      Current Block Size 256.0 KB
      Peak Allocated Bytes 54 B
      Overflow Count 0
    [ALLOC_TEMP_Job.Worker 20]
      Initial Block Size 256.0 KB
      Current Block Size 256.0 KB
      Peak Allocated Bytes 1.0 KB
      Overflow Count 1
    [ALLOC_TEMP_BakingJobs.Worker 2]
      Initial Block Size 256.0 KB
      Current Block Size 256.0 KB
      Peak Allocated Bytes 54 B
      Overflow Count 0
    [ALLOC_TEMP_Background Job.Worker 7]
      Initial Block Size 32.0 KB
      Current Block Size 32.0 KB
      Peak Allocated Bytes 54 B
      Overflow Count 0
    [ALLOC_TEMP_Job.Worker 8]
      Initial Block Size 256.0 KB
      Current Block Size 256.0 KB
      Peak Allocated Bytes 186.2 KB
      Overflow Count 0
    [ALLOC_TEMP_BakingJobs.Worker 15]
      Initial Block Size 256.0 KB
      Current Block Size 256.0 KB
      Peak Allocated Bytes 54 B
      Overflow Count 0
    [ALLOC_TEMP_BakingJobs.Worker 0]
      Initial Block Size 256.0 KB
      Current Block Size 256.0 KB
      Peak Allocated Bytes 54 B
      Overflow Count 0
    [ALLOC_TEMP_BakingJobs.Worker 3]
      Initial Block Size 256.0 KB
      Current Block Size 256.0 KB
      Peak Allocated Bytes 54 B
      Overflow Count 0
    [ALLOC_TEMP_BakingJobs.Worker 14]
      Initial Block Size 256.0 KB
      Current Block Size 256.0 KB
      Peak Allocated Bytes 54 B
      Overflow Count 0
    [ALLOC_TEMP_EditorTaskManager]
      Initial Block Size 64.0 KB
      Current Block Size 68.0 KB
      Peak Allocated Bytes 64.0 KB
      Overflow Count 0
    [ALLOC_TEMP_Background Job.Worker 15]
      Initial Block Size 32.0 KB
      Current Block Size 32.0 KB
      Peak Allocated Bytes 54 B
      Overflow Count 0
    [ALLOC_TEMP_Job.Worker 1]
      Initial Block Size 256.0 KB
      Current Block Size 256.0 KB
      Peak Allocated Bytes 186.2 KB
      Overflow Count 0
    [ALLOC_TEMP_BakingJobs.Worker 4]
      Initial Block Size 256.0 KB
      Current Block Size 256.0 KB
      Peak Allocated Bytes 54 B
      Overflow Count 0
    [ALLOC_TEMP_Background Job.Worker 12]
      Initial Block Size 32.0 KB
      Current Block Size 32.0 KB
      Peak Allocated Bytes 54 B
      Overflow Count 0
    [ALLOC_TEMP_HTTP REST Server]
      Initial Block Size 64.0 KB
      Current Block Size 64.0 KB
      Peak Allocated Bytes 54 B
      Overflow Count 0
    [ALLOC_TEMP_BakingJobs.Worker 12]
      Initial Block Size 256.0 KB
      Current Block Size 256.0 KB
      Peak Allocated Bytes 54 B
      Overflow Count 0
    [ALLOC_TEMP_BakingJobs.Worker 13]
      Initial Block Size 256.0 KB
      Current Block Size 256.0 KB
      Peak Allocated Bytes 54 B
      Overflow Count 0
    [ALLOC_TEMP_AssetGarbageCollectorHelper] x 23
      Initial Block Size 64.0 KB
      Current Block Size 64.0 KB
      Peak Allocated Bytes 0 B
      Overflow Count 0
    [ALLOC_TEMP_Background Job.Worker 0]
      Initial Block Size 32.0 KB
      Current Block Size 32.0 KB
      Peak Allocated Bytes 54 B
      Overflow Count 0
    [ALLOC_TEMP_AUDIO_Audio Mixer Thread]
      Initial Block Size 64.0 KB
      Current Block Size 64.0 KB
      Peak Allocated Bytes 54 B
      Overflow Count 0
    [ALLOC_TEMP_Background Job.Worker 4]
      Initial Block Size 32.0 KB
      Current Block Size 32.0 KB
      Peak Allocated Bytes 54 B
      Overflow Count 0
    [ALLOC_TEMP_Background Job.Worker 14]
      Initial Block Size 32.0 KB
      Current Block Size 32.0 KB
      Peak Allocated Bytes 54 B
      Overflow Count 0
    [ALLOC_TEMP_Job.Worker 7]
      Initial Block Size 256.0 KB
      Current Block Size 256.0 KB
      Peak Allocated Bytes 186.2 KB
      Overflow Count 0
    [ALLOC_TEMP_CloudJob.Worker 0]
      Initial Block Size 32.0 KB
      Current Block Size 32.0 KB
      Peak Allocated Bytes 14.2 KB
      Overflow Count 0
    [ALLOC_TEMP_Job.Worker 19]
      Initial Block Size 256.0 KB
      Current Block Size 256.0 KB
      Peak Allocated Bytes 436 B
      Overflow Count 1
[ALLOC_MEMORYPROFILER]
  Peak usage frame count: [64.0 KB-128.0 KB]: 453931 frames
  Requested Block Size 1.0 MB
  Peak Block count 1
  Peak Allocated memory 125.1 KB
  Peak Large allocation bytes 0 B
[ALLOC_DEFAULT] Dual Thread Allocator
  Peak main deferred allocation count 2604
    [ALLOC_BUCKET]
      Large Block size 32.0 MB
      Used Block count 1
      Peak Allocated bytes 8.3 MB
    [ALLOC_DEFAULT_MAIN]
      Peak usage frame count: [32.0 MB-64.0 MB]: 427420 frames, [64.0 MB-128.0 MB]: 26511 frames
      Requested Block Size 16.0 MB
      Peak Block count 5
      Peak Allocated memory 73.5 MB
      Peak Large allocation bytes 8.0 MB
    [ALLOC_DEFAULT_THREAD]
      Peak usage frame count: [4.0 MB-8.0 MB]: 26511 frames, [8.0 MB-16.0 MB]: 427420 frames
      Requested Block Size 16.0 MB
      Peak Block count 2
      Peak Allocated memory 16.5 MB
      Peak Large allocation bytes 0 B
[ALLOC_TEMP_JOB_1_FRAME]
  Initial Block Size 2.0 MB
  Used Block Count 0
  Overflow Count (too large) 0
  Overflow Count (full) 0
[ALLOC_TEMP_JOB_2_FRAMES]
  Initial Block Size 2.0 MB
  Used Block Count 0
  Overflow Count (too large) 0
  Overflow Count (full) 0
[ALLOC_TEMP_JOB_4_FRAMES (JobTemp)]
  Initial Block Size 2.0 MB
  Used Block Count 1
  Overflow Count (too large) 0
  Overflow Count (full) 0
[ALLOC_TEMP_JOB_ASYNC (Background)]
  Initial Block Size 1.0 MB
  Used Block Count 1
  Overflow Count (too large) 0
  Overflow Count (full) 0
[ALLOC_GFX] Dual Thread Allocator
  Peak main deferred allocation count 54
    [ALLOC_BUCKET]
      Large Block size 32.0 MB
      Used Block count 1
      Peak Allocated bytes 8.3 MB
    [ALLOC_GFX_MAIN]
      Peak usage frame count: [8.0 MB-16.0 MB]: 453931 frames
      Requested Block Size 16.0 MB
      Peak Block count 1
      Peak Allocated memory 14.8 MB
      Peak Large allocation bytes 0 B
    [ALLOC_GFX_THREAD]
      Peak usage frame count: [16.0 KB-32.0 KB]: 8 frames, [32.0 KB-64.0 KB]: 453923 frames
      Requested Block Size 16.0 MB
      Peak Block count 1
      Peak Allocated memory 56.2 KB
      Peak Large allocation bytes 0 B
[ALLOC_CACHEOBJECTS] Dual Thread Allocator
  Peak main deferred allocation count 840
    [ALLOC_BUCKET]
      Large Block size 32.0 MB
      Used Block count 1
      Peak Allocated bytes 8.3 MB
    [ALLOC_CACHEOBJECTS_MAIN]
      Peak usage frame count: [16.0 MB-32.0 MB]: 453901 frames, [32.0 MB-64.0 MB]: 30 frames
      Requested Block Size 4.0 MB
      Peak Block count 8
      Peak Allocated memory 47.6 MB
      Peak Large allocation bytes 20.7 MB
    [ALLOC_CACHEOBJECTS_THREAD]
      Peak usage frame count: [16.0 KB-32.0 KB]: 453924 frames, [32.0 KB-64.0 KB]: 6 frames, [128.0 KB-256.0 KB]: 1 frames
      Requested Block Size 4.0 MB
      Peak Block count 1
      Peak Allocated memory 129.9 KB
      Peak Large allocation bytes 0 B
[ALLOC_TYPETREE] Dual Thread Allocator
  Peak main deferred allocation count 2759
    [ALLOC_BUCKET]
      Large Block size 32.0 MB
      Used Block count 1
      Peak Allocated bytes 8.3 MB
    [ALLOC_TYPETREE_MAIN]
      Peak usage frame count: [256.0 KB-0.5 MB]: 2 frames, [0.5 MB-1.0 MB]: 118110 frames, [1.0 MB-2.0 MB]: 309279 frames, [2.0 MB-4.0 MB]: 26440 frames, [4.0 MB-8.0 MB]: 100 frames
      Requested Block Size 2.0 MB
      Peak Block count 3
      Peak Allocated memory 5.2 MB
      Peak Large allocation bytes 0 B
    [ALLOC_TYPETREE_THREAD]
      Peak usage frame count: [0-1.0 KB]: 76 frames, [64.0 KB-128.0 KB]: 453855 frames
      Requested Block Size 2.0 MB
      Peak Block count 1
      Peak Allocated memory 117.0 KB
      Peak Large allocation bytes 0 B
[ALLOC_PROFILER]
  Peak usage frame count: [256.0 KB-0.5 MB]: 453931 frames
  Requested Block Size 16.0 MB
  Peak Block count 1
  Peak Allocated memory 431.8 KB
  Peak Large allocation bytes 0 B
    [ALLOC_PROFILER_BUCKET]
      Large Block size 32.0 MB
      Used Block count 1
      Peak Allocated bytes 4.3 KB
[ALLOC_PROFILER_EDITOR]
  Peak usage frame count: [0-1.0 KB]: 453931 frames
  Requested Block Size 1.0 MB
  Peak Block count 0
  Peak Allocated memory 0 B
  Peak Large allocation bytes 0 B
    [ALLOC_PROFILER_BUCKET]
      Large Block size 32.0 MB
      Used Block count 1
      Peak Allocated bytes 4.3 KB
##utp:{"type":"MemoryLeaks","version":2,"phase":"Immediate","time":1790143275149,"processId":39528,"allocatedMemory":11709061,"memoryLabels":[{"Default":20695},{"Permanent":15775},{"NewDelete":125166},{"Thread":4229524},{"Manager":37081},{"VertexData":12},{"Geometry":560},{"Texture":47496},{"Shader":85968},{"Material":56},{"GfxDevice":57848},{"Animation":296},{"Audio":277806},{"FMODOther":3088},{"FontEngine":312},{"Physics":513},{"Serialization":988},{"Input":14744},{"JobScheduler":44136},{"Mono":40},{"ScriptingNativeRuntime":193640},{"BaseObject":1627436},{"Resource":1456},{"Renderer":2353},{"Transform":32},{"File":43936},{"WebCam":96},{"Culling":40},{"Skinning":16},{"Terrain":1137},{"Wind":24},{"STL":48},{"String":14892},{"DynamicArray":60104},{"HashMap":217376},{"Utility":2850454},{"Curl":1424},{"PoolAlloc":1728},{"AI":104},{"TypeTree":16533},{"ScriptManager":640},{"RuntimeInitializeOnLoadManager":80},{"SpriteAtlas":128},{"GI":2808},{"Director":7960},{"CloudService":352},{"WebRequest":688},{"VR":46085},{"SceneManager":568},{"Video":72},{"LazyScriptCache":40},{"NativeArray":12},{"Camera":25},{"Secure":193},{"SerializationCache":1584},{"APIUpdating":11872},{"Subsystems":392},{"VirtualTexturing":57896},{"StaticSafetyDebugInfo":327680},{"EditorGui":736},{"EditorUtility":103819},{"VersionControl":4},{"Undo":704},{"AssetDatabase":1092330},{"RestService":424},{"EditorGi":376},{"License":3712},{"UnityConnect":25472},{"Collab":593},{"Upm":8189},{"DrivenProperties":96},{"LocalIPC":288},{"ProfilerEditor":10943},{"CoreBusinessMetrics":3856},{"TLS":3431},{"AssetReference":40},{"IPCStream":40}]}
