[Licensing::Module] Trying to connect to existing licensing client channel...
[Licensing::IpcConnector] Connection attempt to the License Client on channel: "LicenseClient-trlanfeng" failed because channel doesn't exist; code: "0x80000002"
[Licensing::Module] GetFullLicensingClientPath:	 C:/Program Files/Tuanjie/Hub/Editor/2022.3.61t14/Editor/Data/Resources/Licensing/Client/Tuanjie.Licensing.Client.exe
[Licensing::Module] Successfully launched the LicensingClient (PId: 11968)
[Licensing::IpcConnector] Successfully connected to the License Client on channel: "LicenseClient-trlanfeng" at "2026-09-23T05:09:00.4240378Z"
[Licensing::Client] Error: Code 0 while verifying Licensing Client signature (process Id: 11968, path: "C:/Program Files/Tuanjie/Hub/Editor/2022.3.61t14/Editor/Data/Resources/Licensing/Client/Tuanjie.Licensing.Client.exe")
[Licensing::Module] Error: LicensingClient has failed validation; ignoring
[Licensing::Client] Successfully send message: {"AuthorizationCheck":"Ewh6pS6mAe2pBA==","messageType":"HandshakeRequest","protocolVersion":"1.12","userAgent":"TuanjieEditor/2022.3.61t14 (Windows; U; Windows NT 10.0; zh)","externalCorrelationId":"434641621176898978"} at 1790140140
[Licensing::Client] Successfully receive message: {"protocolVersion":"1.12","sessionId":"d6d604aca5c74be490c8a514398539c1","context":{"DeviceName":"MY-PC","DeviceModel":"MS-7E01 (Micro-Star International Co., Ltd.)","PhysicalMemoryMB":"32477","SystemLanguageISO":"zh","ProcessorCount":"24","ProcessorType":"13th Gen Intel(R) Core(TM) i7-13700","OperatingSystem":"Windows 10  (10.0.26200) 64bit","OperatingSystemNumeric":"1000","Legacy.MachineBinding1":"00330-80000-00000-AA674","Legacy.MachineBinding2":"00000_00_000000_00_00D0DD_D0_00D0DD_D0.0","Legacy.MachineBinding4":"RGVmYXVsdCBzdHJpbmc=","Legacy.MachineBinding5":"04:7c:16:87:4a:e7","EnvironmentUser":"trlanfeng","EnvironmentDomain":"MY-PC","EnvironmentHostname":"MY-PC"},"assemblyProductVersion":"1.14.0+76da6ae","machineId":"+nhstU21CyyHh9yxWJ5fOovY55Q=","correlationId":"bb75d0722fb8f82ec04dda1a7f19f670","responseCode":200,"responseStatus":"Handshake successful","messageType":"HandshakeResponse"} at 1790140140
[Licensing::Client] Handshaking with LicensingClient:
  Version:                 1.14.0+76da6ae
  Session Id:              d6d604aca5c74be490c8a514398539c1
  Correlation Id:          bb75d0722fb8f82ec04dda1a7f19f670
  External correlation Id: 434641621176898978
  Machine Id:              +nhstU21CyyHh9yxWJ5fOovY55Q=
[Licensing::Module] Successfully connected to LicensingClient on channel: "LicenseClient-trlanfeng" (connect: 2.21s, validation: 0.05s, handshake: 0.05s)
[Licensing::IpcConnector] Successfully connected to the License Notification on channel: "LicenseClient-trlanfeng-notifications" at "2026-09-23T05:09:00.526382Z"
[Licensing::Module] Connected to LicensingClient (PId: 11968, launch time: 0.02, total connection time: 2.31s)
[Licensing::Module] Error: Access token is unavailable; failed to update
[Licensing::Client] Successfully send message: {"AuthorizationCheck":"1Dium/xaCmj/hA==","messageType":"UpdateLicenseRequest","AccessToken":"","OrgId":"","ProjectId":"","forceUpdateLicense":true} at 1790140140
[Licensing::Client] Successfully receive message: {"responseCode":200,"responseStatus":"Licenses updated.","messageType":"UpdateLicenseResponse","authorizationCheck":"1Dium/xaCmj/hIQgbLej4CiLmBRI"} at 1790140143
[Licensing::Client] Attempt to check time stamp (startTime: 1790140140, endTime: 1790140143)
[Licensing::Client] Successfully updated license
Built from 'tuanjie/1.6/staging' branch; Version is '2022.3.61t14 (3a70663b70e0) revision 3829862'; Using compiler version '192829333'; Build Type 'Release'
OS: 'Windows 11  (10.0.26200) 64bit Professional' Language: 'zh' Physical Memory: 32477 MB
[Licensing::Client] Successfully send message: {"AuthorizationCheck":"Yq4zMVFaQlSOhA==","messageType":"EntitlementDetailsRequest","entitlementIds":["com.unity.editor.legacy.pro","com.unity.editor.headless"],"packageEntitlementIds":[],"includeCustomData":false} at 1790140143
[Licensing::Client] Successfully receive message: {"entitlementGroups":[{"entitlementGroupId":"F4-9MP9-ZWAG-QSVY-CHDF-P4PP","entitlementGroupIdHash":"25af702a0ffcfe3cb60897b1e699a94eb8956553","productName":"Unity Personal","productType":"TuanjieEditor","licenseType":"ULF","expiration":1790575743000,"matchedEntitlements":[{"entitlementId":"com.unity.editor.headless","isPackage":false,"count":1}]}],"responseCode":200,"responseStatus":"Found 1 entitlement groups and 0 free entitlements matching requested entitlement ids","messageType":"EntitlementDetailsResponse","authorizationCheck":"Yq4zMVFaQlSOhLd/61LbjSU8wM+a"} at 1790140143
[Licensing::Client] Attempt to check time stamp (startTime: 1790140143, endTime: 1790140143)
[Licensing::Client] Successfully resolved entitlement details
[Licensing::Module] Serial number assigned to: "F4-9MP9-ZWAG-QSVY-CHDF-XXXX"
BatchMode: 1, IsHumanControllingUs: 0, StartBugReporterOnCrash: 0, Is64bit: 1, IsPro: 0
[Licensing::Client] Successfully send message: {"AuthorizationCheck":"Yq4zMVFaQlSOhA==","messageType":"EntitlementDetailsRequest","entitlementIds":["com.unity.editor.headless","com.unity.editor.ui"],"packageEntitlementIds":[],"includeCustomData":false} at 1790140143
[Licensing::Client] Successfully receive message: {"entitlementGroups":[{"entitlementGroupId":"F4-9MP9-ZWAG-QSVY-CHDF-P4PP","entitlementGroupIdHash":"25af702a0ffcfe3cb60897b1e699a94eb8956553","productName":"Unity Personal","productType":"TuanjieEditor","licenseType":"ULF","expiration":1790575743000,"matchedEntitlements":[{"entitlementId":"com.unity.editor.ui","isPackage":false,"count":1},{"entitlementId":"com.unity.editor.headless","isPackage":false,"count":1}]}],"responseCode":200,"responseStatus":"Found 1 entitlement groups and 0 free entitlements matching requested entitlement ids","messageType":"EntitlementDetailsResponse","authorizationCheck":"Yq4zMVFaQlSOhLd/61LbjSU8wM+a"} at 1790140143
[Licensing::Client] Attempt to check time stamp (startTime: 1790140143, endTime: 1790140143)
[Licensing::Client] Successfully resolved entitlement details

COMMAND LINE ARGUMENTS:
C:\Program Files\Tuanjie\Hub\Editor\2022.3.61t14\Editor\Tuanjie.exe
-batchmode
-projectPath
D:/game/LoveQiE-without2DToolkit
-executeMethod
NativeTilemapMigration.FinishSetup
-quit
-logFile
D:/game/LoveQiE-without2DToolkit/MigrationReports/final-setup.log
Successfully changed project path to: D:/game/LoveQiE-without2DToolkit
D:/game/LoveQiE-without2DToolkit
[Memory] Configuration Parameters - Can be set up in boot.config
    "memorysetup-bucket-allocator-granularity=16"
    "memorysetup-bucket-allocator-bucket-count=8"
    "memorysetup-bucket-allocator-block-size=33554432"
    "memorysetup-bucket-allocator-block-count=8"
    "memorysetup-main-allocator-block-size=16777216"
    "memorysetup-thread-allocator-block-size=16777216"
    "memorysetup-gfx-main-allocator-block-size=16777216"
    "memorysetup-gfx-thread-allocator-block-size=16777216"
    "memorysetup-cache-allocator-block-size=4194304"
    "memorysetup-typetree-allocator-block-size=2097152"
    "memorysetup-profiler-bucket-allocator-granularity=16"
    "memorysetup-profiler-bucket-allocator-bucket-count=8"
    "memorysetup-profiler-bucket-allocator-block-size=33554432"
    "memorysetup-profiler-bucket-allocator-block-count=8"
    "memorysetup-profiler-allocator-block-size=16777216"
    "memorysetup-profiler-editor-allocator-block-size=1048576"
    "memorysetup-temp-allocator-size-main=16777216"
    "memorysetup-job-temp-allocator-block-size=2097152"
    "memorysetup-job-temp-allocator-block-size-background=1048576"
    "memorysetup-job-temp-allocator-reduction-small-platforms=262144"
    "memorysetup-allocator-temp-initial-block-size-main=262144"
    "memorysetup-allocator-temp-initial-block-size-worker=262144"
    "memorysetup-temp-allocator-size-background-worker=32768"
    "memorysetup-temp-allocator-size-job-worker=262144"
    "memorysetup-temp-allocator-size-preload-manager=33554432"
    "memorysetup-temp-allocator-size-nav-mesh-worker=65536"
    "memorysetup-temp-allocator-size-audio-worker=65536"
    "memorysetup-temp-allocator-size-cloud-worker=32768"
    "memorysetup-temp-allocator-size-gi-baking-worker=262144"
    "memorysetup-temp-allocator-size-gfx=262144"
Player connection [32148]  Target information:

Player connection [32148]  * "[IP] 192.168.1.2 [Port] 55504 [Flags] 2 [Guid] 3695819944 [EditorId] 3695819944 [Version] 1048832 [Id] WindowsEditor(7,MY-PC) [Debug] 1 [PackageName] WindowsEditor [ProjectName] Editor" 

Player connection [32148]  * "[IP] 192.168.115.1 [Port] 55504 [Flags] 2 [Guid] 3695819944 [EditorId] 3695819944 [Version] 1048832 [Id] WindowsEditor(7,MY-PC) [Debug] 1 [PackageName] WindowsEditor [ProjectName] Editor" 

Player connection [32148]  * "[IP] 192.168.80.1 [Port] 55504 [Flags] 2 [Guid] 3695819944 [EditorId] 3695819944 [Version] 1048832 [Id] WindowsEditor(7,MY-PC) [Debug] 1 [PackageName] WindowsEditor [ProjectName] Editor" 

Player connection [32148] Host joined multi-casting on [225.0.0.222:54997]...
Player connection [32148] Host joined alternative multi-casting on [225.0.0.222:34997]...
Input System module state changed to: Initialized.
AS: AutoStreaming module initializing.
Begin write certificate to file.
Write certificate complete, return 1.
StartServer, cert is C:/Users/trlanfeng/AppData/Roaming/Tuanjie/41552-rest-certificate.pem
Start HTTP server port 38000, HTTPS server port 38443.
[Package Manager] UpmClient::Connect -- Connected to IPC stream "Upm-41552" after 0.0 seconds.
[Licensing::Client] Successfully send message: {"AuthorizationCheck":"Yq4zMVFaQlSOgw==","messageType":"EntitlementDetailsRequest","entitlementIds":["com.unity.editor.last.activation.date","com.unity.editor.headless"],"packageEntitlementIds":[],"includeCustomData":false} at 1790140144
[Licensing::Client] Successfully receive message: {"entitlementGroups":[{"entitlementGroupId":"F4-9MP9-ZWAG-QSVY-CHDF-P4PP","entitlementGroupIdHash":"25af702a0ffcfe3cb60897b1e699a94eb8956553","productName":"Unity Personal","productType":"TuanjieEditor","licenseType":"ULF","expiration":1790575743000,"matchedEntitlements":[{"entitlementId":"com.unity.editor.headless","isPackage":false,"count":1},{"entitlementId":"com.unity.editor.last.activation.date","isPackage":false,"count":1}]}],"responseCode":200,"responseStatus":"Found 1 entitlement groups and 0 free entitlements matching requested entitlement ids","messageType":"EntitlementDetailsResponse","authorizationCheck":"Yq4zMVFaQlSOg7d/61LbjfH0hKx/"} at 1790140144
[Licensing::Client] Attempt to check time stamp (startTime: 1790140144, endTime: 1790140144)
[Licensing::Client] Successfully resolved entitlement details
[Licensing::Client] Successfully send message: {"AuthorizationCheck":"Yq4zMVFaQlSOgw==","messageType":"EntitlementDetailsRequest","entitlementIds":["com.unity.editor.disable-splash-screen","com.unity.editor.headless"],"packageEntitlementIds":[],"includeCustomData":false} at 1790140144
[Licensing::Client] Successfully receive message: {"entitlementGroups":[{"entitlementGroupId":"F4-9MP9-ZWAG-QSVY-CHDF-P4PP","entitlementGroupIdHash":"25af702a0ffcfe3cb60897b1e699a94eb8956553","productName":"Unity Personal","productType":"TuanjieEditor","licenseType":"ULF","expiration":1790575743000,"matchedEntitlements":[{"entitlementId":"com.unity.editor.headless","isPackage":false,"count":1}]}],"responseCode":200,"responseStatus":"Found 1 entitlement groups and 0 free entitlements matching requested entitlement ids","messageType":"EntitlementDetailsResponse","authorizationCheck":"Yq4zMVFaQlSOg7d/61LbjfH0hKx/"} at 1790140144
[Licensing::Client] Attempt to check time stamp (startTime: 1790140144, endTime: 1790140144)
[Licensing::Client] Successfully resolved entitlement details
[Licensing::Client] Successfully send message: {"AuthorizationCheck":"Yq4zMVFaQlSOgw==","messageType":"EntitlementDetailsRequest","entitlementIds":["com.unity.editor.allow-mix-usage","com.unity.editor.headless"],"packageEntitlementIds":[],"includeCustomData":false} at 1790140144
[Licensing::Client] Successfully receive message: {"entitlementGroups":[{"entitlementGroupId":"F4-9MP9-ZWAG-QSVY-CHDF-P4PP","entitlementGroupIdHash":"25af702a0ffcfe3cb60897b1e699a94eb8956553","productName":"Unity Personal","productType":"TuanjieEditor","licenseType":"ULF","expiration":1790575743000,"matchedEntitlements":[{"entitlementId":"com.unity.editor.headless","isPackage":false,"count":1}]}],"responseCode":200,"responseStatus":"Found 1 entitlement groups and 0 free entitlements matching requested entitlement ids","messageType":"EntitlementDetailsResponse","authorizationCheck":"Yq4zMVFaQlSOg7d/61LbjfH0hKx/"} at 1790140144
[Licensing::Client] Attempt to check time stamp (startTime: 1790140144, endTime: 1790140144)
[Licensing::Client] Successfully resolved entitlement details
[Package Manager] Restoring resolved packages state from cache
[Licensing::Client] Successfully send message: {"AuthorizationCheck":"Yq4zMVFaQlSOgw==","messageType":"EntitlementDetailsRequest","entitlementIds":[],"packageEntitlementIds":["com.unity.modules.ai","com.unity.modules.androidjni","com.unity.modules.animation","com.unity.modules.assetbundle","com.unity.modules.audio","com.unity.modules.cloth","com.unity.modules.director","com.unity.modules.imageconversion","com.unity.modules.imgui","com.unity.modules.infinity","com.unity.modules.jsonserialize","com.unity.modules.particlesystem","com.unity.modules.physics","com.unity.modules.physics2d","com.unity.modules.screencapture","com.unity.modules.terrain","com.unity.modules.terrainphysics","com.unity.modules.tilemap","com.unity.modules.ui","com.unity.modules.uielements","com.unity.modules.unityanalytics","com.unity.modules.unitywebrequest","com.unity.modules.unitywebrequestassetbundle","com.unity.modules.unitywebrequestaudio","com.unity.modules.unitywebrequesttexture","com.unity.modules.unitywebrequestwww","com.unity.modules.vehicles","com.unity.modules.video","com.unity.modules.vr","com.unity.modules.wind","com.unity.modules.xr","com.unity.modules.subsystems"],"includeCustomData":false} at 1790140144
[Licensing::Client] Successfully receive message: {"freeEntitlementIds":["com.unity.modules.ai","com.unity.modules.androidjni","com.unity.modules.animation","com.unity.modules.assetbundle","com.unity.modules.audio","com.unity.modules.cloth","com.unity.modules.director","com.unity.modules.imageconversion","com.unity.modules.imgui","com.unity.modules.infinity","com.unity.modules.jsonserialize","com.unity.modules.particlesystem","com.unity.modules.physics","com.unity.modules.physics2d","com.unity.modules.screencapture","com.unity.modules.terrain","com.unity.modules.terrainphysics","com.unity.modules.tilemap","com.unity.modules.ui","com.unity.modules.uielements","com.unity.modules.unityanalytics","com.unity.modules.unitywebrequest","com.unity.modules.unitywebrequestassetbundle","com.unity.modules.unitywebrequestaudio","com.unity.modules.unitywebrequesttexture","com.unity.modules.unitywebrequestwww","com.unity.modules.vehicles","com.unity.modules.video","com.unity.modules.vr","com.unity.modules.wind","com.unity.modules.xr","com.unity.modules.subsystems"],"responseCode":200,"responseStatus":"Found 0 entitlement groups and 32 free entitlements matching requested entitlement ids","messageType":"EntitlementDetailsResponse","authorizationCheck":"Yq4zMVFaQlSOg7d/61LbjfH0hKx/"} at 1790140144
[Licensing::Client] Attempt to check time stamp (startTime: 1790140144, endTime: 1790140144)
[Licensing::Client] Successfully resolved entitlement details
[Package Manager] Registered 32 packages:
  Built-in packages:
    com.unity.modules.ai@1.0.0 (location: D:\game\LoveQiE-without2DToolkit\Library\PackageCache\com.unity.modules.ai@1.0.0)
    com.unity.modules.androidjni@1.0.0 (location: D:\game\LoveQiE-without2DToolkit\Library\PackageCache\com.unity.modules.androidjni@1.0.0)
    com.unity.modules.animation@1.0.0 (location: D:\game\LoveQiE-without2DToolkit\Library\PackageCache\com.unity.modules.animation@1.0.0)
    com.unity.modules.assetbundle@1.0.0 (location: D:\game\LoveQiE-without2DToolkit\Library\PackageCache\com.unity.modules.assetbundle@1.0.0)
    com.unity.modules.audio@1.0.0 (location: D:\game\LoveQiE-without2DToolkit\Library\PackageCache\com.unity.modules.audio@1.0.0)
    com.unity.modules.cloth@1.0.0 (location: D:\game\LoveQiE-without2DToolkit\Library\PackageCache\com.unity.modules.cloth@1.0.0)
    com.unity.modules.director@1.0.0 (location: D:\game\LoveQiE-without2DToolkit\Library\PackageCache\com.unity.modules.director@1.0.0)
    com.unity.modules.imageconversion@1.0.0 (location: D:\game\LoveQiE-without2DToolkit\Library\PackageCache\com.unity.modules.imageconversion@1.0.0)
    com.unity.modules.imgui@1.0.0 (location: D:\game\LoveQiE-without2DToolkit\Library\PackageCache\com.unity.modules.imgui@1.0.0)
    com.unity.modules.infinity@1.0.0 (location: D:\game\LoveQiE-without2DToolkit\Library\PackageCache\com.unity.modules.infinity@1.0.0)
    com.unity.modules.jsonserialize@1.0.0 (location: D:\game\LoveQiE-without2DToolkit\Library\PackageCache\com.unity.modules.jsonserialize@1.0.0)
    com.unity.modules.particlesystem@1.0.0 (location: D:\game\LoveQiE-without2DToolkit\Library\PackageCache\com.unity.modules.particlesystem@1.0.0)
    com.unity.modules.physics@1.0.0 (location: D:\game\LoveQiE-without2DToolkit\Library\PackageCache\com.unity.modules.physics@1.0.0)
    com.unity.modules.physics2d@1.0.0 (location: D:\game\LoveQiE-without2DToolkit\Library\PackageCache\com.unity.modules.physics2d@1.0.0)
    com.unity.modules.screencapture@1.0.0 (location: D:\game\LoveQiE-without2DToolkit\Library\PackageCache\com.unity.modules.screencapture@1.0.0)
    com.unity.modules.terrain@1.0.0 (location: D:\game\LoveQiE-without2DToolkit\Library\PackageCache\com.unity.modules.terrain@1.0.0)
    com.unity.modules.terrainphysics@1.0.0 (location: D:\game\LoveQiE-without2DToolkit\Library\PackageCache\com.unity.modules.terrainphysics@1.0.0)
    com.unity.modules.tilemap@1.0.0 (location: D:\game\LoveQiE-without2DToolkit\Library\PackageCache\com.unity.modules.tilemap@1.0.0)
    com.unity.modules.ui@1.0.0 (location: D:\game\LoveQiE-without2DToolkit\Library\PackageCache\com.unity.modules.ui@1.0.0)
    com.unity.modules.uielements@1.0.0 (location: D:\game\LoveQiE-without2DToolkit\Library\PackageCache\com.unity.modules.uielements@1.0.0)
    com.unity.modules.unityanalytics@1.0.0 (location: D:\game\LoveQiE-without2DToolkit\Library\PackageCache\com.unity.modules.unityanalytics@1.0.0)
    com.unity.modules.unitywebrequest@1.0.0 (location: D:\game\LoveQiE-without2DToolkit\Library\PackageCache\com.unity.modules.unitywebrequest@1.0.0)
    com.unity.modules.unitywebrequestassetbundle@1.0.0 (location: D:\game\LoveQiE-without2DToolkit\Library\PackageCache\com.unity.modules.unitywebrequestassetbundle@1.0.0)
    com.unity.modules.unitywebrequestaudio@1.0.0 (location: D:\game\LoveQiE-without2DToolkit\Library\PackageCache\com.unity.modules.unitywebrequestaudio@1.0.0)
    com.unity.modules.unitywebrequesttexture@1.0.0 (location: D:\game\LoveQiE-without2DToolkit\Library\PackageCache\com.unity.modules.unitywebrequesttexture@1.0.0)
    com.unity.modules.unitywebrequestwww@1.0.0 (location: D:\game\LoveQiE-without2DToolkit\Library\PackageCache\com.unity.modules.unitywebrequestwww@1.0.0)
    com.unity.modules.vehicles@1.0.0 (location: D:\game\LoveQiE-without2DToolkit\Library\PackageCache\com.unity.modules.vehicles@1.0.0)
    com.unity.modules.video@1.0.0 (location: D:\game\LoveQiE-without2DToolkit\Library\PackageCache\com.unity.modules.video@1.0.0)
    com.unity.modules.vr@1.0.0 (location: D:\game\LoveQiE-without2DToolkit\Library\PackageCache\com.unity.modules.vr@1.0.0)
    com.unity.modules.wind@1.0.0 (location: D:\game\LoveQiE-without2DToolkit\Library\PackageCache\com.unity.modules.wind@1.0.0)
    com.unity.modules.xr@1.0.0 (location: D:\game\LoveQiE-without2DToolkit\Library\PackageCache\com.unity.modules.xr@1.0.0)
    com.unity.modules.subsystems@1.0.0 (location: D:\game\LoveQiE-without2DToolkit\Library\PackageCache\com.unity.modules.subsystems@1.0.0)
[Subsystems] No new subsystems found in resolved package list.
Package Manager log level set to [2]
[Package Manager] Done registering packages in 0.08 seconds
[Package Manager] Done resolving packages in 0.88 seconds
[Licensing::Client] Successfully send message: {"AuthorizationCheck":"Yq4zMVFaQlSOgg==","messageType":"EntitlementDetailsRequest","entitlementIds":[],"packageEntitlementIds":["com.unity.modules.ai","com.unity.modules.androidjni","com.unity.modules.animation","com.unity.modules.assetbundle","com.unity.modules.audio","com.unity.modules.cloth","com.unity.modules.director","com.unity.modules.imageconversion","com.unity.modules.imgui","com.unity.modules.infinity","com.unity.modules.jsonserialize","com.unity.modules.particlesystem","com.unity.modules.physics","com.unity.modules.physics2d","com.unity.modules.screencapture","com.unity.modules.terrain","com.unity.modules.terrainphysics","com.unity.modules.tilemap","com.unity.modules.ui","com.unity.modules.uielements","com.unity.modules.unityanalytics","com.unity.modules.unitywebrequest","com.unity.modules.unitywebrequestassetbundle","com.unity.modules.unitywebrequestaudio","com.unity.modules.unitywebrequesttexture","com.unity.modules.unitywebrequestwww","com.unity.modules.vehicles","com.unity.modules.video","com.unity.modules.vr","com.unity.modules.wind","com.unity.modules.xr","com.unity.2d.tilemap","com.unity.2d.sprite","com.unity.modules.subsystems"],"includeCustomData":false} at 1790140145
[Licensing::Client] Successfully receive message: {"freeEntitlementIds":["com.unity.modules.ai","com.unity.modules.androidjni","com.unity.modules.animation","com.unity.modules.assetbundle","com.unity.modules.audio","com.unity.modules.cloth","com.unity.modules.director","com.unity.modules.imageconversion","com.unity.modules.imgui","com.unity.modules.infinity","com.unity.modules.jsonserialize","com.unity.modules.particlesystem","com.unity.modules.physics","com.unity.modules.physics2d","com.unity.modules.screencapture","com.unity.modules.terrain","com.unity.modules.terrainphysics","com.unity.modules.tilemap","com.unity.modules.ui","com.unity.modules.uielements","com.unity.modules.unityanalytics","com.unity.modules.unitywebrequest","com.unity.modules.unitywebrequestassetbundle","com.unity.modules.unitywebrequestaudio","com.unity.modules.unitywebrequesttexture","com.unity.modules.unitywebrequestwww","com.unity.modules.vehicles","com.unity.modules.video","com.unity.modules.vr","com.unity.modules.wind","com.unity.modules.xr","com.unity.2d.tilemap","com.unity.2d.sprite","com.unity.modules.subsystems"],"responseCode":200,"responseStatus":"Found 0 entitlement groups and 34 free entitlements matching requested entitlement ids","messageType":"EntitlementDetailsResponse","authorizationCheck":"Yq4zMVFaQlSOgrd/61LbjYvfKr13"} at 1790140145
[Licensing::Client] Attempt to check time stamp (startTime: 1790140145, endTime: 1790140145)
[Licensing::Client] Successfully resolved entitlement details
[Package Manager] Lock file was modified
[Package Manager] Registered 34 packages:
  Built-in packages:
    com.unity.modules.ai@1.0.0 (location: D:\game\LoveQiE-without2DToolkit\Library\PackageCache\com.unity.modules.ai@1.0.0)
    com.unity.modules.androidjni@1.0.0 (location: D:\game\LoveQiE-without2DToolkit\Library\PackageCache\com.unity.modules.androidjni@1.0.0)
    com.unity.modules.animation@1.0.0 (location: D:\game\LoveQiE-without2DToolkit\Library\PackageCache\com.unity.modules.animation@1.0.0)
    com.unity.modules.assetbundle@1.0.0 (location: D:\game\LoveQiE-without2DToolkit\Library\PackageCache\com.unity.modules.assetbundle@1.0.0)
    com.unity.modules.audio@1.0.0 (location: D:\game\LoveQiE-without2DToolkit\Library\PackageCache\com.unity.modules.audio@1.0.0)
    com.unity.modules.cloth@1.0.0 (location: D:\game\LoveQiE-without2DToolkit\Library\PackageCache\com.unity.modules.cloth@1.0.0)
    com.unity.modules.director@1.0.0 (location: D:\game\LoveQiE-without2DToolkit\Library\PackageCache\com.unity.modules.director@1.0.0)
    com.unity.modules.imageconversion@1.0.0 (location: D:\game\LoveQiE-without2DToolkit\Library\PackageCache\com.unity.modules.imageconversion@1.0.0)
    com.unity.modules.imgui@1.0.0 (location: D:\game\LoveQiE-without2DToolkit\Library\PackageCache\com.unity.modules.imgui@1.0.0)
    com.unity.modules.infinity@1.0.0 (location: D:\game\LoveQiE-without2DToolkit\Library\PackageCache\com.unity.modules.infinity@1.0.0)
    com.unity.modules.jsonserialize@1.0.0 (location: D:\game\LoveQiE-without2DToolkit\Library\PackageCache\com.unity.modules.jsonserialize@1.0.0)
    com.unity.modules.particlesystem@1.0.0 (location: D:\game\LoveQiE-without2DToolkit\Library\PackageCache\com.unity.modules.particlesystem@1.0.0)
    com.unity.modules.physics@1.0.0 (location: D:\game\LoveQiE-without2DToolkit\Library\PackageCache\com.unity.modules.physics@1.0.0)
    com.unity.modules.physics2d@1.0.0 (location: D:\game\LoveQiE-without2DToolkit\Library\PackageCache\com.unity.modules.physics2d@1.0.0)
    com.unity.modules.screencapture@1.0.0 (location: D:\game\LoveQiE-without2DToolkit\Library\PackageCache\com.unity.modules.screencapture@1.0.0)
    com.unity.modules.terrain@1.0.0 (location: D:\game\LoveQiE-without2DToolkit\Library\PackageCache\com.unity.modules.terrain@1.0.0)
    com.unity.modules.terrainphysics@1.0.0 (location: D:\game\LoveQiE-without2DToolkit\Library\PackageCache\com.unity.modules.terrainphysics@1.0.0)
    com.unity.modules.tilemap@1.0.0 (location: D:\game\LoveQiE-without2DToolkit\Library\PackageCache\com.unity.modules.tilemap@1.0.0)
    com.unity.modules.ui@1.0.0 (location: D:\game\LoveQiE-without2DToolkit\Library\PackageCache\com.unity.modules.ui@1.0.0)
    com.unity.modules.uielements@1.0.0 (location: D:\game\LoveQiE-without2DToolkit\Library\PackageCache\com.unity.modules.uielements@1.0.0)
    com.unity.modules.unityanalytics@1.0.0 (location: D:\game\LoveQiE-without2DToolkit\Library\PackageCache\com.unity.modules.unityanalytics@1.0.0)
    com.unity.modules.unitywebrequest@1.0.0 (location: D:\game\LoveQiE-without2DToolkit\Library\PackageCache\com.unity.modules.unitywebrequest@1.0.0)
    com.unity.modules.unitywebrequestassetbundle@1.0.0 (location: D:\game\LoveQiE-without2DToolkit\Library\PackageCache\com.unity.modules.unitywebrequestassetbundle@1.0.0)
    com.unity.modules.unitywebrequestaudio@1.0.0 (location: D:\game\LoveQiE-without2DToolkit\Library\PackageCache\com.unity.modules.unitywebrequestaudio@1.0.0)
    com.unity.modules.unitywebrequesttexture@1.0.0 (location: D:\game\LoveQiE-without2DToolkit\Library\PackageCache\com.unity.modules.unitywebrequesttexture@1.0.0)
    com.unity.modules.unitywebrequestwww@1.0.0 (location: D:\game\LoveQiE-without2DToolkit\Library\PackageCache\com.unity.modules.unitywebrequestwww@1.0.0)
    com.unity.modules.vehicles@1.0.0 (location: D:\game\LoveQiE-without2DToolkit\Library\PackageCache\com.unity.modules.vehicles@1.0.0)
    com.unity.modules.video@1.0.0 (location: D:\game\LoveQiE-without2DToolkit\Library\PackageCache\com.unity.modules.video@1.0.0)
    com.unity.modules.vr@1.0.0 (location: D:\game\LoveQiE-without2DToolkit\Library\PackageCache\com.unity.modules.vr@1.0.0)
    com.unity.modules.wind@1.0.0 (location: D:\game\LoveQiE-without2DToolkit\Library\PackageCache\com.unity.modules.wind@1.0.0)
    com.unity.modules.xr@1.0.0 (location: D:\game\LoveQiE-without2DToolkit\Library\PackageCache\com.unity.modules.xr@1.0.0)
    com.unity.2d.tilemap@1.0.0 (location: D:\game\LoveQiE-without2DToolkit\Library\PackageCache\com.unity.2d.tilemap@1.0.0)
    com.unity.2d.sprite@1.0.0 (location: D:\game\LoveQiE-without2DToolkit\Library\PackageCache\com.unity.2d.sprite@1.0.0)
    com.unity.modules.subsystems@1.0.0 (location: D:\game\LoveQiE-without2DToolkit\Library\PackageCache\com.unity.modules.subsystems@1.0.0)
[Subsystems] No new subsystems found in resolved package list.
[Package Manager] Done registering packages in 0.00 seconds
Refreshing native plugins compatible for Editor in 0.00 ms, found 0 plugins.
Preloading 0 native plugins for Editor in 0.00 ms.
Initialize engine version: 2022.3.61t14 (3a70663b70e0)
[Subsystems] Discovering subsystems at path C:/Program Files/Tuanjie/Hub/Editor/2022.3.61t14/Editor/Data/Resources/UnitySubsystems
[Subsystems] Discovering subsystems at path D:/game/LoveQiE-without2DToolkit/Assets
GfxDevice: creating device client; threaded=0; jobified=0
Direct3D:
    Version:  Direct3D 11.0 [level 11.1]
    Renderer: Intel(R) Arc(TM) A770 Graphics (ID=0x56a0)
    Vendor:   Intel
    VRAM:     16258 MB
    Driver:   32.0.101.8974
[Licensing::Client] Successfully send message: {"AuthorizationCheck":"Yq4zMVFaQlSOgg==","messageType":"EntitlementDetailsRequest","entitlementIds":["com.unity.editor.cluster","com.unity.editor.headless"],"packageEntitlementIds":[],"includeCustomData":false} at 1790140145
[Licensing::Client] Successfully receive message: {"entitlementGroups":[{"entitlementGroupId":"F4-9MP9-ZWAG-QSVY-CHDF-P4PP","entitlementGroupIdHash":"25af702a0ffcfe3cb60897b1e699a94eb8956553","productName":"Unity Personal","productType":"TuanjieEditor","licenseType":"ULF","expiration":1790575743000,"matchedEntitlements":[{"entitlementId":"com.unity.editor.headless","isPackage":false,"count":1}]}],"responseCode":200,"responseStatus":"Found 1 entitlement groups and 0 free entitlements matching requested entitlement ids","messageType":"EntitlementDetailsResponse","authorizationCheck":"Yq4zMVFaQlSOgrd/61LbjYvfKr13"} at 1790140145
[Licensing::Client] Attempt to check time stamp (startTime: 1790140145, endTime: 1790140145)
[Licensing::Client] Successfully resolved entitlement details
Initialize mono
Mono path[0] = 'C:/Program Files/Tuanjie/Hub/Editor/2022.3.61t14/Editor/Data/Managed'
Mono path[1] = 'C:/Program Files/Tuanjie/Hub/Editor/2022.3.61t14/Editor/Data/MonoBleedingEdge/lib/mono/unityjit-win32'
Mono config path = 'C:/Program Files/Tuanjie/Hub/Editor/2022.3.61t14/Editor/Data/MonoBleedingEdge/etc'
Using monoOptions --debugger-agent=transport=dt_socket,embedding=1,server=y,suspend=n,address=0.0.0.0:56552
Using cacheserver namespaces - metadata:defaultmetadata, artifacts:defaultartifacts
Using cacheserver namespaces - metadata:defaultmetadata, artifacts:defaultartifacts
ImportWorker Server TCP listen port: 0
Begin MonoManager ReloadAssembly
Registering precompiled tuanjie dll's ...
Register platform support module: C:/Program Files/Tuanjie/Hub/Editor/2022.3.61t14/Editor/Data/PlaybackEngines/WindowsStandaloneSupport/UnityEditor.WindowsStandalone.Extensions.dll
Registered in 0.008618 seconds.
- Loaded All Assemblies, in  0.238 seconds
Native extension for WindowsStandalone target not found
[Licensing::Client] Successfully send message: {"AuthorizationCheck":"Yq4zMVFaQlSOgg==","messageType":"EntitlementDetailsRequest","entitlementIds":["com.unity.editor.minigame.subplatform.wechat","com.unity.editor.headless"],"packageEntitlementIds":[],"includeCustomData":false} at 1790140145
[Licensing::Client] Successfully receive message: {"entitlementGroups":[{"entitlementGroupId":"F4-9MP9-ZWAG-QSVY-CHDF-P4PP","entitlementGroupIdHash":"25af702a0ffcfe3cb60897b1e699a94eb8956553","productName":"Unity Personal","productType":"TuanjieEditor","licenseType":"ULF","expiration":1790575743000,"matchedEntitlements":[{"entitlementId":"com.unity.editor.headless","isPackage":false,"count":1},{"entitlementId":"com.unity.editor.minigame.subplatform.wechat","isPackage":false,"count":1}]}],"responseCode":200,"responseStatus":"Found 1 entitlement groups and 0 free entitlements matching requested entitlement ids","messageType":"EntitlementDetailsResponse","authorizationCheck":"Yq4zMVFaQlSOgrd/61LbjYvfKr13"} at 1790140145
[Licensing::Client] Attempt to check time stamp (startTime: 1790140145, endTime: 1790140145)
[Licensing::Client] Successfully resolved entitlement details
[Licensing::Client] Successfully send message: {"AuthorizationCheck":"Yq4zMVFaQlSOgg==","messageType":"EntitlementDetailsRequest","entitlementIds":["com.unity.editor.minigame.subplatform.douyin","com.unity.editor.headless"],"packageEntitlementIds":[],"includeCustomData":false} at 1790140145
[Licensing::Client] Successfully receive message: {"entitlementGroups":[{"entitlementGroupId":"F4-9MP9-ZWAG-QSVY-CHDF-P4PP","entitlementGroupIdHash":"25af702a0ffcfe3cb60897b1e699a94eb8956553","productName":"Unity Personal","productType":"TuanjieEditor","licenseType":"ULF","expiration":1790575743000,"matchedEntitlements":[{"entitlementId":"com.unity.editor.headless","isPackage":false,"count":1},{"entitlementId":"com.unity.editor.minigame.subplatform.douyin","isPackage":false,"count":1}]}],"responseCode":200,"responseStatus":"Found 1 entitlement groups and 0 free entitlements matching requested entitlement ids","messageType":"EntitlementDetailsResponse","authorizationCheck":"Yq4zMVFaQlSOgrd/61LbjYvfKr13"} at 1790140145
[Licensing::Client] Attempt to check time stamp (startTime: 1790140145, endTime: 1790140145)
[Licensing::Client] Successfully resolved entitlement details
[Licensing::Client] Successfully send message: {"AuthorizationCheck":"Yq4zMVFaQlSOgg==","messageType":"EntitlementDetailsRequest","entitlementIds":["com.unity.editor.minigame.subplatform.kuaishou","com.unity.editor.headless"],"packageEntitlementIds":[],"includeCustomData":false} at 1790140145
[Licensing::Client] Successfully receive message: {"entitlementGroups":[{"entitlementGroupId":"F4-9MP9-ZWAG-QSVY-CHDF-P4PP","entitlementGroupIdHash":"25af702a0ffcfe3cb60897b1e699a94eb8956553","productName":"Unity Personal","productType":"TuanjieEditor","licenseType":"ULF","expiration":1790575743000,"matchedEntitlements":[{"entitlementId":"com.unity.editor.headless","isPackage":false,"count":1},{"entitlementId":"com.unity.editor.minigame.subplatform.kuaishou","isPackage":false,"count":1}]}],"responseCode":200,"responseStatus":"Found 1 entitlement groups and 0 free entitlements matching requested entitlement ids","messageType":"EntitlementDetailsResponse","authorizationCheck":"Yq4zMVFaQlSOgrd/61LbjYvfKr13"} at 1790140145
[Licensing::Client] Attempt to check time stamp (startTime: 1790140145, endTime: 1790140145)
[Licensing::Client] Successfully resolved entitlement details
[Licensing::Client] Successfully send message: {"AuthorizationCheck":"Yq4zMVFaQlSOgg==","messageType":"EntitlementDetailsRequest","entitlementIds":["com.unity.editor.minigame.subplatform.minihost","com.unity.editor.headless"],"packageEntitlementIds":[],"includeCustomData":false} at 1790140145
[Licensing::Client] Successfully receive message: {"entitlementGroups":[{"entitlementGroupId":"F4-9MP9-ZWAG-QSVY-CHDF-P4PP","entitlementGroupIdHash":"25af702a0ffcfe3cb60897b1e699a94eb8956553","productName":"Unity Personal","productType":"TuanjieEditor","licenseType":"ULF","expiration":1790575743000,"matchedEntitlements":[{"entitlementId":"com.unity.editor.headless","isPackage":false,"count":1},{"entitlementId":"com.unity.editor.minigame.subplatform.minihost","isPackage":false,"count":1}]}],"responseCode":200,"responseStatus":"Found 1 entitlement groups and 0 free entitlements matching requested entitlement ids","messageType":"EntitlementDetailsResponse","authorizationCheck":"Yq4zMVFaQlSOgrd/61LbjYvfKr13"} at 1790140145
[Licensing::Client] Attempt to check time stamp (startTime: 1790140145, endTime: 1790140145)
[Licensing::Client] Successfully resolved entitlement details
Mono: successfully reloaded assembly
- Finished resetting the current domain, in  0.237 seconds
Domain Reload Profiling: 472ms
	BeginReloadAssembly (74ms)
		ExecutionOrderSort (0ms)
		DisableScriptedObjects (0ms)
		BackupInstance (0ms)
		ReleaseScriptingObjects (0ms)
		CreateAndSetChildDomain (0ms)
	RebuildCommonClasses (21ms)
	RebuildNativeTypeToScriptingClass (7ms)
	initialDomainReloadingComplete (44ms)
	LoadAllAssembliesAndSetupDomain (90ms)
		LoadAssemblies (72ms)
		RebuildTransferFunctionScriptingTraits (0ms)
		AnalyzeDomain (89ms)
			TypeCache.Refresh (88ms)
				TypeCache.ScanAssembly (78ms)
			ScanForSourceGeneratedMonoScriptInfo (0ms)
			ResolveRequiredComponents (0ms)
	FinalizeReload (237ms)
		ReleaseScriptCaches (0ms)
		RebuildScriptCaches (0ms)
		SetupLoadedEditorAssemblies (206ms)
			LogAssemblyErrors (0ms)
			InitializePlatformSupportModulesInManaged (7ms)
			SetLoadedEditorAssemblies (5ms)
			RefreshPlugins (0ms)
			BeforeProcessingInitializeOnLoad (1ms)
			ProcessInitializeOnLoadAttributes (179ms)
			ProcessInitializeOnLoadMethodAttributes (14ms)
			AfterProcessingInitializeOnLoad (0ms)
			EditorAssembliesLoaded (0ms)
		ExecutionOrderSort2 (0ms)
		AwakeInstancesAfterBackupRestoration (0ms)
[Licensing::Client] Successfully send message: {"AuthorizationCheck":"Yq4zMVFaQlSOgg==","messageType":"EntitlementDetailsRequest","entitlementIds":["com.unity.editor.legacy.pro","com.unity.editor.watermarks.disable","com.unity.editor.watermarks.prototyping","com.unity.editor.watermarks.edu","com.unity.editor.watermarks.trial","com.unity.editor.time-limited-license","com.unity.editor.cluster","com.unity.editor.unity.compliant","com.unity.editor.watermarks.forcedisable","com.unity.editor.open-harmony.analytics.disabled","com.unity.editor.mini-game.analytics.disabled","com.unity.editor.unity.expiration.2d","com.unity.editor.unity.expiration.7d","com.unity.editor.headless"],"packageEntitlementIds":[],"includeCustomData":false} at 1790140145
[Licensing::Client] Successfully receive message: {"entitlementGroups":[{"entitlementGroupId":"F4-9MP9-ZWAG-QSVY-CHDF-P4PP","entitlementGroupIdHash":"25af702a0ffcfe3cb60897b1e699a94eb8956553","productName":"Unity Personal","productType":"TuanjieEditor","licenseType":"ULF","expiration":1790575743000,"matchedEntitlements":[{"entitlementId":"com.unity.editor.headless","isPackage":false,"count":1},{"entitlementId":"com.unity.editor.unity.expiration.2d","isPackage":false,"count":1},{"entitlementId":"com.unity.editor.watermarks.forcedisable","isPackage":false,"count":1},{"entitlementId":"com.unity.editor.unity.compliant","isPackage":false,"count":1},{"entitlementId":"com.unity.editor.mini-game.analytics.disabled","isPackage":false,"count":1},{"entitlementId":"com.unity.editor.time-limited-license","isPackage":false,"count":1}]}],"responseCode":200,"responseStatus":"Found 1 entitlement groups and 0 free entitlements matching requested entitlement ids","messageType":"EntitlementDetailsResponse","authorizationCheck":"Yq4zMVFaQlSOgrd/61LbjYvfKr13"} at 1790140145
[Licensing::Client] Attempt to check time stamp (startTime: 1790140145, endTime: 1790140145)
[Licensing::Client] Successfully resolved entitlement details
Application.AssetDatabase Initial Refresh Start
[ScriptCompilation] Requested script compilation because: Assembly Definition File(s) changed
[ScriptCompilation] Requested script compilation because: Assetdatabase observed changes in script compilation related files
Starting: C:\Program Files\Tuanjie\Hub\Editor\2022.3.61t14\Editor\Data\bee_backend.exe --dont-print-to-structured-log --ipc --defer-dag-verification --dagfile="Library/Bee/1900b0aE.dag" --continue-on-failure --profile="Library/Bee/backend1.traceevents" ScriptAssemblies
WorkingDir: D:/game/LoveQiE-without2DToolkit
DisplayProgressbar: Compiling Scripts
ExitCode: 4 Duration: 0s724ms
Rebuilding DAG because FileSignature timestamp changed: Library/Bee/1900b0aE-inputdata.json
[104/110    0s] Csc Library/Bee/artifacts/1900b0aE.dag/Assembly-CSharp.dll (+2 others)
*** Tundra requires additional run (0.70 seconds), 1 items updated, 103 evaluated
Starting: C:\Program Files\Tuanjie\Hub\Editor\2022.3.61t14\Editor\Data\Tools\netcorerun\netcorerun.exe "C:\Program Files\Tuanjie\Hub\Editor\2022.3.61t14\Editor\Data\Tools\BuildPipeline\ScriptCompilationBuildProgram.exe" "Library/Bee/1900b0aE.dag.json" "Library/Bee/1900b0aE-inputdata.json" "Library\Bee\buildprogram0.traceevents"
WorkingDir: D:/game/LoveQiE-without2DToolkit
ExitCode: 0 Duration: 0s185ms
Starting: C:\Program Files\Tuanjie\Hub\Editor\2022.3.61t14\Editor\Data\bee_backend.exe --dont-print-to-structured-log --ipc --defer-dag-verification --dagfile="Library/Bee/1900b0aE.dag" --continue-on-failure --dagfilejson="Library\Bee\1900b0aE.dag.json" --profile="Library/Bee/backend2.traceevents" ScriptAssemblies
WorkingDir: D:/game/LoveQiE-without2DToolkit
ExitCode: 0 Duration: 1s20ms
Finished compiling graph: 131 nodes, 669 flattened edges (639 ToBuild, 8 ToUse), maximum node priority 32
[ 98/128    0s] WriteText Library/Bee/artifacts/1900b0aE.dag/Unity.2D.Sprite.Editor.UnityAdditionalFile.txt
[ 99/128    0s] WriteText Library/Bee/artifacts/1900b0aE.dag/Assembly-CSharp-Editor.dll.mvfrm.rsp
[100/128    0s] WriteText Library/Bee/artifacts/1900b0aE.dag/Assembly-CSharp.rsp
[101/128    0s] WriteText Library/Bee/artifacts/1900b0aE.dag/Assembly-CSharp.dll.mvfrm.rsp
[102/128    0s] WriteText Library/Bee/artifacts/1900b0aE.dag/Unity.2D.Tilemap.Editor.rsp2
[103/128    0s] WriteText Library/Bee/artifacts/1900b0aE.dag/Assembly-CSharp-Editor.rsp
[104/128    0s] WriteText Library/Bee/artifacts/1900b0aE.dag/Unity.2D.Tilemap.Editor.UnityAdditionalFile.txt
[105/128    0s] WriteText Library/Bee/artifacts/1900b0aE.dag/Unity.2D.Sprite.Editor.rsp2
[106/128    0s] WriteText Library/Bee/artifacts/1900b0aE.dag/Unity.2D.Sprite.Editor.dll.mvfrm.rsp
[107/128    0s] WriteText Library/Bee/artifacts/1900b0aE.dag/Unity.2D.Tilemap.Editor.dll.mvfrm.rsp
[108/128    0s] WriteText Library/Bee/artifacts/1900b0aE.dag/Unity.2D.Sprite.Editor.rsp
[109/128    0s] WriteText Library/Bee/artifacts/1900b0aE.dag/Unity.2D.Tilemap.Editor.rsp
[110/128    0s] MovedFromExtractorCombine Library/Bee/artifacts/1900b0aE.dag/Unity.2D.Sprite.Editor.dll.mvfrm
[111/128    0s] MovedFromExtractorCombine Library/Bee/artifacts/1900b0aE.dag/Unity.2D.Tilemap.Editor.dll.mvfrm
[112/128    0s] Csc Library/Bee/artifacts/1900b0aE.dag/Unity.2D.Sprite.Editor.dll (+2 others)
[113/128    0s] Csc Library/Bee/artifacts/1900b0aE.dag/Unity.2D.Tilemap.Editor.dll (+2 others)
[           0s] Csc Library/Bee/artifacts/1900b0aE.dag/Unity.2D.Sprite.Editor.dll (+2 others) [CacheWrite ]
[           0s] Csc Library/Bee/artifacts/1900b0aE.dag/Unity.2D.Tilemap.Editor.dll (+2 others) [CacheWrite ]
[114/128    0s] CopyFiles Library/ScriptAssemblies/Unity.2D.Sprite.Editor.dll
[115/128    0s] CopyFiles Library/ScriptAssemblies/Unity.2D.Sprite.Editor.pdb
[116/128    0s] CopyFiles Library/ScriptAssemblies/Unity.2D.Tilemap.Editor.dll
[117/128    0s] CopyFiles Library/ScriptAssemblies/Unity.2D.Tilemap.Editor.pdb
[118/128    0s] MovedFromExtractor Library/Bee/artifacts/mvdfrm/Unity.2D.Sprite.Editor.ref.dll_DDBAA27A82CE9E28.mvfrm
[119/128    0s] MovedFromExtractor Library/Bee/artifacts/mvdfrm/Unity.2D.Tilemap.Editor.ref.dll_436C0E2610862891.mvfrm
[120/128    0s] MovedFromExtractorCombine Library/Bee/artifacts/1900b0aE.dag/Assembly-CSharp.dll.mvfrm
[121/128    0s] MovedFromExtractorCombine Library/Bee/artifacts/1900b0aE.dag/Assembly-CSharp-Editor.dll.mvfrm
[122/128    0s] Csc Library/Bee/artifacts/1900b0aE.dag/Assembly-CSharp.dll (+2 others)
[123/128    0s] CopyFiles Library/ScriptAssemblies/Assembly-CSharp.pdb
[124/128    0s] CopyFiles Library/ScriptAssemblies/Assembly-CSharp.dll
[125/128    0s] Csc Library/Bee/artifacts/1900b0aE.dag/Assembly-CSharp-Editor.dll (+2 others)
[126/128    0s] CopyFiles Library/ScriptAssemblies/Assembly-CSharp-Editor.pdb
[127/128    0s] CopyFiles Library/ScriptAssemblies/Assembly-CSharp-Editor.dll
*** Tundra build success (1.00 seconds), 30 items updated, 128 evaluated
AssetDatabase: script compilation time: 2.273975s
Begin MonoManager ReloadAssembly
- Loaded All Assemblies, in  0.162 seconds
Refreshing native plugins compatible for Editor in 0.00 ms, found 0 plugins.
Preloading 0 native plugins for Editor in 0.00 ms.
Start importing Packages/com.unity.2d.sprite using Guid(0901a6b758d060e9422c4f8d588d5895) Importer(Primary)  -> (artifact id: 'ec4cb5f81425fa301c898b626adbe205') in 0.010530 seconds
Start importing Packages/com.unity.2d.tilemap using Guid(4e00cf00a7281e0d7ee16a9f76f3c3bb) Importer(Primary)  -> (artifact id: '633f4a66c1972198c10b7dbda2e57c27') in 0.000443 seconds
Start importing Packages/com.unity.2d.sprite/Editor using Guid(16fa2ad734f422245b86558310973ad1) Importer(Primary)  -> (artifact id: 'bc264aae5e48a09b78dc060b68990506') in 0.000550 seconds
Start importing Packages/com.unity.2d.tilemap/Tests using Guid(2bfef0473016eee4fa9d9bd505a1edd5) Importer(Primary)  -> (artifact id: '8a7f4b55d5a649243f8a4fdf89819a1d') in 0.000429 seconds
Start importing Packages/com.unity.2d.tilemap/Editor using Guid(6b38a6882b80b1c4dbcca4bc844d7b9c) Importer(Primary)  -> (artifact id: '83b284bf6c525c9543394d1f290790fe') in 0.000402 seconds
Start importing Packages/com.unity.2d.sprite/Tests using Guid(7e2656e167a517b4d8552ba38f4b7bbe) Importer(Primary)  -> (artifact id: '194c7140237614f4dac0d58ea8473e16') in 0.000399 seconds
Start importing Packages/com.unity.2d.sprite/Editor/Assets using Guid(20c685e07fa93400e9c30b0326f57bfd) Importer(Primary)  -> (artifact id: '4b75519b0351656c79442f277d4cf738') in 0.000430 seconds
Start importing Packages/com.unity.2d.sprite/Editor/Interface using Guid(b1c7f0c50b0c1d7458d2d0a50ebfefef) Importer(Primary)  -> (artifact id: '203124798764c2f8967c406d445ab9bf') in 0.000397 seconds
Start importing Packages/com.unity.2d.tilemap/Tests/Editor using Guid(62324ebe9a53d9a43b04f4b0e9b961a0) Importer(Primary)  -> (artifact id: '43bb23a2952bfe073f42ddf9ed11332f') in 0.000405 seconds
Start importing Packages/com.unity.2d.tilemap/Editor/ObjectCreationMenu using Guid(b294a6b01c40240e1b1677cd56223441) Importer(Primary)  -> (artifact id: 'd36c8dda97bc2b7380b0a944bfeb2129') in 0.000557 seconds
Start importing Packages/com.unity.2d.sprite/Editor/UI using Guid(93511675f113bf744a830b91761ead82) Importer(Primary)  -> (artifact id: '2f0c7bbacd44f87a2fe684335981f3ef') in 0.000416 seconds
Start importing Packages/com.unity.2d.sprite/Editor/SpriteEditor using Guid(d32377b23cb0c8b46a545d7014fff425) Importer(Primary)  -> (artifact id: '80b8ce3e1bcf5bcca994dce863197f02') in 0.000425 seconds
Start importing Packages/com.unity.2d.tilemap/Editor/UI using Guid(1798f66d9f8a40a9bce3f200517613c0) Importer(Primary)  -> (artifact id: '48cc358de6a052539bd5fe3d13c2bf89') in 0.000530 seconds
Start importing Packages/com.unity.2d.tilemap/Editor/EditorTools using Guid(495418ee53486f643b24accccc9269f1) Importer(Primary)  -> (artifact id: '1f66805d9fe6abf7675910eabf327dba') in 0.000423 seconds
Start importing Packages/com.unity.2d.sprite/Editor/SpriteEditorModule using Guid(ab4bbc8deeeb005438fa5034a454be7b) Importer(Primary)  -> (artifact id: '52552f4a11e454f0d474c7d859a50c3b') in 0.000417 seconds
Start importing Packages/com.unity.2d.tilemap/Editor/Icons using Guid(0c19e7bd28bccf048b5791c40449c452) Importer(Primary)  -> (artifact id: '0f6412b9e309eb0ca531c55419d0a7a6') in 0.000445 seconds
Start importing Packages/com.unity.2d.sprite/Editor/ShapeEditor using Guid(ccbbef892d435144aa8a0f9fd5ccee51) Importer(Primary)  -> (artifact id: '65563138fc1d16f079e80d5ee62ea017') in 0.000416 seconds
Start importing Packages/com.unity.2d.sprite/Tests/Editor using Guid(dcc63292bf8cfd543b11bfdebe99cd02) Importer(Primary)  -> (artifact id: '581be21985385d15ac2d70ab0fca7c18') in 0.000382 seconds
Start importing Packages/com.unity.2d.sprite/Editor/ObjectMenuCreation using Guid(ffc051df01eb64128a79b31b97748c4c) Importer(Primary)  -> (artifact id: '6b80c55ce1811ed95a7e4d01d9e11f54') in 0.000409 seconds
Start importing Packages/com.unity.2d.sprite/Editor/SpriteEditorModule/SpriteFrameModule using Guid(e1a3bd001331f2049913323736d02a48) Importer(Primary)  -> (artifact id: '4c4da93762c43cea9a00da6eb8669624') in 0.000407 seconds
Start importing Packages/com.unity.2d.sprite/Editor/UI/SpriteEditor using Guid(b8f7402084fe2cf4d884952adeac1114) Importer(Primary)  -> (artifact id: '5cff2ce373c57d41e4314ea89c4e6058') in 0.000374 seconds
Start importing Packages/com.unity.2d.tilemap/Editor/EditorTools/GridSelection using Guid(b8096dde849bb6f4f98cadbbf04ab6d9) Importer(Primary)  -> (artifact id: 'de9ea8e76faf072dfb309726256fb354') in 0.000490 seconds
Start importing Packages/com.unity.2d.sprite/Editor/ObjectMenuCreation/DefaultAssets using Guid(5cebb8a885d4e4a6992c4fcd598b67c8) Importer(Primary)  -> (artifact id: '162160119b5473a7631b18a5456826a3') in 0.000478 seconds
Start importing Packages/com.unity.2d.sprite/Editor/ObjectMenuCreation/DefaultAssets/Textures using Guid(eb4d405ba54724ef89c2fce638946c5d) Importer(Primary)  -> (artifact id: 'acac209f31a7de1b5efd48f75769b6de') in 0.000405 seconds
Start importing Packages/com.unity.2d.sprite/Editor/ObjectMenuCreation/DefaultAssets/Textures/v2 using Guid(172f9a5627fbd495e9b469d54bed367a) Importer(Primary)  -> (artifact id: '00dd9d2d4344760bd68d2e5042218ea6') in 0.000420 seconds
Start importing Packages/com.unity.2d.sprite/Tests/Editor/Unity.2D.Sprite.Package.EditorTests.asmdef using Guid(52648b72c7bef2040bf0cfa8dd0f74da) Importer(Primary)  -> (artifact id: 'd0c80dd2a32386e5cfc2463dc91c40bc') in 0.001752 seconds
Start importing Packages/com.unity.2d.tilemap/Editor/Unity.2D.Tilemap.Editor.asmdef using Guid(3a9781db4804a9945b9883f3a7c46d45) Importer(Primary)  -> (artifact id: '9d6e6df75a72cf90a95a8c781f229c4c') in 0.001557 seconds
Start importing Packages/com.unity.2d.sprite/Editor/Unity.2D.Sprite.Editor.asmdef using Guid(2c573e6b271651846a79655161004c5b) Importer(Primary)  -> (artifact id: '870f0a85357dc3ebd1f9dffda3ba3ff5') in 0.011131 seconds
Start importing Packages/com.unity.2d.tilemap/Tests/Editor/Unity.2D.Tilemap.Package.EditorTests.asmdef using Guid(8ce1fc14411aade4b81c0e6dd86950be) Importer(Primary)  -> (artifact id: '7da45126b2f28966c38fea7a4c689295') in 0.001694 seconds
Start importing Packages/com.unity.2d.tilemap/Editor/GridSelectionEditor.cs using Guid(007e8b9701e00aa4b934ca58ee397b03) Importer(Primary)  -> (artifact id: '61fb5843acb40944a60b3d9bfc8d97b9') in 0.001795 seconds
Start importing Packages/com.unity.2d.sprite/Editor/ShapeEditor/ShapeEditor.cs using Guid(10b44a9fe8d83294589c997ec45fc435) Importer(Primary)  -> (artifact id: 'cce05c70bc1bd1c6db2b2b377a3745bb') in 0.001478 seconds
Start importing Packages/com.unity.2d.tilemap/Editor/EditorTools/TilemapEditorTool.cs using Guid(1098fc68a178ced428eb7fe625f54179) Importer(Primary)  -> (artifact id: '406c129da3759d846bcbb2b714c51d7f') in 0.001595 seconds
Start importing Packages/com.unity.2d.sprite/Editor/ObjectMenuCreation/ItemCreationUtility.cs using Guid(30059556ae90a4efebfdb2c9ed884dd1) Importer(Primary)  -> (artifact id: '646c5de91b6886b73d4e532ff7db0609') in 0.001407 seconds
Start importing Packages/com.unity.2d.tilemap/Editor/GridBrush.cs using Guid(4009bdfbd908ccf41a101be04ed6567d) Importer(Primary)  -> (artifact id: 'a34ea47db0adb71c6cfe6b45c0e4d1b5') in 0.001381 seconds
Start importing Packages/com.unity.2d.sprite/Editor/SpriteEditorModule/SpriteFrameModule/SpritePolygonModeModuleView.cs using Guid(b0d2f6baf710dbe49ab4cc9c63a02bdb) Importer(Primary)  -> (artifact id: 'f13c15a3b8ae6ee53eb3181d882a7535') in 0.001510 seconds
Start importing Packages/com.unity.2d.tilemap/Editor/EditorTools/GridSelection/GridSelectionScaleTool.cs using Guid(d0ba7992e08412649839c5b94f950c79) Importer(Primary)  -> (artifact id: 'd653d3e625922c5ef3348ef07eb9006d') in 0.001870 seconds
Start importing Packages/com.unity.2d.tilemap/Editor/UI/SceneViewTilemapFocusOverlay.cs using Guid(01394ea37325e53408caf8359facb36f) Importer(Primary)  -> (artifact id: '6f42d15b82e2f4489e9ce2f84bcfb774') in 0.001407 seconds
Start importing Packages/com.unity.2d.tilemap/Editor/UI/TilePaletteBrushesDropdownMenu.cs using Guid(211f0721d8ce58a4ea7011a70c455d3a) Importer(Primary)  -> (artifact id: '3a33ad18e8f500a80fc40bc70157500c') in 0.001788 seconds
Start importing Packages/com.unity.2d.sprite/Editor/SpriteEditorModule/SpriteFrameModule/SpriteFrameModuleView.cs using Guid(81b5d3841f5c60d4998eaa5628c6f899) Importer(Primary)  -> (artifact id: '6a8f714b57ea6de1455ec0cfa9c9efd3') in 0.001542 seconds
Start importing Packages/com.unity.2d.sprite/Editor/Interface/ISpriteEditorDataProvider.cs using Guid(f1ac44b28dd46344faf8592380505aa5) Importer(Primary)  -> (artifact id: '1d14ba33e48b126816620d8c5bbc087a') in 0.001603 seconds
Start importing Packages/com.unity.2d.tilemap/Editor/UI/TilePaletteActivePaletteDropdownMenu.cs using Guid(0237a0d9a9c873e45abc9f7f9918f744) Importer(Primary)  -> (artifact id: 'c54d001e73ae68183f7808ba649b81de') in 0.001470 seconds
Start importing Packages/com.unity.2d.sprite/Editor/Interface/IGUIUtility.cs using Guid(12b2e7dbf9197664c9cd477b41e9e905) Importer(Primary)  -> (artifact id: '6672b0795f9697c365ad8e8c27906f72') in 0.001424 seconds
Start importing Packages/com.unity.2d.sprite/Editor/SpriteEditor/SpriteUtilityWindow.cs using Guid(52ba1e44dd745b7499ee3f8bb1fe60ce) Importer(Primary)  -> (artifact id: '0b4a57783d432304f362d8627fa3c223') in 0.001413 seconds
Start importing Packages/com.unity.2d.sprite/Editor/SpriteEditorModule/SpriteEditorData.cs using Guid(b24e0bc58c3b8834dbb57d29d39752b7) Importer(Primary)  -> (artifact id: 'aa0a921c88caee8d3e121a72759fd55d') in 0.001639 seconds
Start importing Packages/com.unity.2d.sprite/Editor/AssemblyInfo.cs using Guid(03dd6911110407b418a3e5d3f0c473af) Importer(Primary)  -> (artifact id: '596daae6f2d282a6dd0b0ecbb3d0a334') in 0.001468 seconds
Start importing Packages/com.unity.2d.tilemap/Editor/GridPaletteEditor.cs using Guid(3342bc6878604f839b28843c3e8cd81b) Importer(Primary)  -> (artifact id: '66ed113fe32d0eeb3ad9c99834976fd7') in 0.001500 seconds
Start importing Packages/com.unity.2d.tilemap/Editor/EditorTools/GridSelection/GridSelectionTransformTool.cs using Guid(83e34b79b8614e1459c93e81b2dbd135) Importer(Primary)  -> (artifact id: '79f0bb693965b466c3528a0f92e36a25') in 0.001557 seconds
Start importing Packages/com.unity.2d.tilemap/Editor/ObjectCreationMenu/GameObjectCreation.cs using Guid(93344cd78b3de491bbc8a90604acb175) Importer(Primary)  -> (artifact id: '6636a740ffc0aa9c734a6f30fc24075b') in 0.001699 seconds
Start importing Packages/com.unity.2d.tilemap/Editor/TilePaletteActiveTargetsProperties.cs using Guid(a37449cb15b841deab3dda438bc0ecc9) Importer(Primary)  -> (artifact id: 'eac474e557cf3b8c59d1a9673426c914') in 0.001426 seconds
Start importing Packages/com.unity.2d.tilemap/Editor/GridPaintSortingAttribute.cs using Guid(b33cda1f9ac0ad7419bbe04d9cc4c8a5) Importer(Primary)  -> (artifact id: 'd410d3d669abb1fed48575d47b165693') in 0.001508 seconds
Start importing Packages/com.unity.2d.tilemap/Editor/GridPalettes.cs using Guid(b3cfa46cb726ab64f94c35306c0d9508) Importer(Primary)  -> (artifact id: 'fab5d2b06875588929ecc656d2e8f35c') in 0.001461 seconds
Start importing Packages/com.unity.2d.tilemap/Editor/EditorTools/GridSelection/GridSelectionTool.cs using Guid(e3dfa6de9ba76974d864f021fdb7d162) Importer(Primary)  -> (artifact id: 'da150668518e2c25112a1981c55c9a9c') in 0.001731 seconds
Start importing Packages/com.unity.2d.tilemap/Editor/UI/TilePaletteBrushesButton.cs using Guid(147520b21ddedfe4fbce3cd5a934af90) Importer(Primary)  -> (artifact id: '03cf1a91d4ebf2b445a8777442f5c6b8') in 0.001400 seconds
Start importing Packages/com.unity.2d.tilemap/Editor/ObjectCreationMenu/DefaultAssetCreation.cs using Guid(1407207e0ba5c48f3a24bdbea0fa84b5) Importer(Primary)  -> (artifact id: '2c50ed4097b06010ee1abd0642beb1bc') in 0.001577 seconds
Start importing Packages/com.unity.2d.sprite/Editor/SpriteEditorModule/SpriteOutlineModule.cs using Guid(2481b0bd772f54e48a4e5760f5cb0192) Importer(Primary)  -> (artifact id: '2aa95b029b66857a4f506fde12a6fa3d') in 0.001535 seconds
Start importing Packages/com.unity.2d.tilemap/Editor/CreateTileFromPaletteAttribute.cs using Guid(241898342fd2d2d478d8d74aff380666) Importer(Primary)  -> (artifact id: '2f37f05069490bb9632c57274a583b3a') in 0.001511 seconds
Start importing Assets/_Scripts/Maps/NativeGameplaySmoke.cs using Guid(3452541be68ace344b0ff79633209055) Importer(Primary)  -> (artifact id: '7562010f634d19c8a8170fdfef4936df') in 0.001310 seconds
Start importing Packages/com.unity.2d.tilemap/Editor/UI/TilePaletteBrushInspectorPopup.cs using Guid(643691433f00ba14c9a7656af511f144) Importer(Primary)  -> (artifact id: 'fcbcaf66820582528c18c2198d896eb5') in 0.001487 seconds
Start importing Packages/com.unity.2d.tilemap/Editor/UI/TilePaletteActiveTargetsButton.cs using Guid(f49d8937111e99645adc3cc3b6c47215) Importer(Primary)  -> (artifact id: '20349844a6dcce8d2f12fd8d97df54a5') in 0.001595 seconds
Start importing Packages/com.unity.2d.sprite/Editor/SpriteEditorModule/SpriteFrameModule/SpriteFrameModuleBaseView.cs using Guid(25120529dad8a144fb8aa8b2f55d2562) Importer(Primary)  -> (artifact id: '7cc72bff7fc1a8801b316ff18c2c498f') in 0.001471 seconds
Start importing Packages/com.unity.2d.tilemap/Editor/EditorTools/PaintTool.cs using Guid(85f3a978696fd26438b3df20ad1eb853) Importer(Primary)  -> (artifact id: 'fbc2cdedead63959bc0aef31756abe61') in 0.001658 seconds
Start importing Packages/com.unity.2d.tilemap/Editor/EditorTools/BrushToolsAttribute.cs using Guid(95300005b236449d806b320297a7a41c) Importer(Primary)  -> (artifact id: '60ec9074231fbf7bed201595ed75c578') in 0.001616 seconds
Start importing Packages/com.unity.2d.tilemap/Editor/GridBrushEditor.cs using Guid(c55f8ee59e712524682edba7c818eb6b) Importer(Primary)  -> (artifact id: '1f9a51aed07e1b27baa56a1c55fa1d02') in 0.001574 seconds
Start importing Packages/com.unity.2d.tilemap/Editor/EditorTools/FillTool.cs using Guid(d5952b29970e2144780a7cd7b621f821) Importer(Primary)  -> (artifact id: '8a75344e75b15ae92dec6778d7effb2a') in 0.001601 seconds
Start importing Packages/com.unity.2d.sprite/Editor/SpriteEditorModule/SpriteFrameModule/SpriteFrameModule.cs using Guid(262cb4b7f3f83594181bf998fc6329cc) Importer(Primary)  -> (artifact id: '189a06816c55ad015a8c0b9bc80b55be') in 0.001579 seconds
Start importing Packages/com.unity.2d.tilemap/Editor/UI/TilemapEditorToolbarStrip.cs using Guid(46b9a1f80f56fdd4d93e4e24e4826cc8) Importer(Primary)  -> (artifact id: '16e18716164f5ffed1dd17a310243dfe') in 0.001392 seconds
Start importing Packages/com.unity.2d.tilemap/Editor/UI/TilePaletteActiveTargetsDropdownMenu.cs using Guid(767ef4adccc592649bc3b2c17a97a6dc) Importer(Primary)  -> (artifact id: 'bf9e51c066cc4162c389e3067119a8bf') in 0.001488 seconds
Start importing Packages/com.unity.2d.tilemap/Editor/GridPaintingState.cs using Guid(b65aa392762f2014299ba8fbc21b938a) Importer(Primary)  -> (artifact id: '994c2416f35a7d455ea1fd000d76ab8d') in 0.001485 seconds
Start importing Packages/com.unity.2d.tilemap/Editor/GridPalettesDropdown.cs using Guid(b6fc4f71b00f42947b2ff5102dd5609e) Importer(Primary)  -> (artifact id: '8a71014af259174ce1c7b215dd73e3e2') in 0.001637 seconds
Start importing Packages/com.unity.2d.sprite/Editor/Interface/IHandles.cs using Guid(c693be034becdaf47950682a32609856) Importer(Primary)  -> (artifact id: '761655183ca2adc73a721af0bb77b3f0') in 0.001652 seconds
Start importing Packages/com.unity.2d.sprite/Editor/SpriteEditorModule/TextureImporterDataProviderImplementation.cs using Guid(c6d716fa0b248974ba279fc9660ff779) Importer(Primary)  -> (artifact id: '965a1b16ced394ea1e2ba719991a6393') in 0.001397 seconds
Start importing Packages/com.unity.2d.tilemap/Editor/TileDragAndDropHoverData.cs using Guid(c63fe6f3b17a3b84c91fa9e96162da05) Importer(Primary)  -> (artifact id: '35879bda9aae8bb2968aed2673759483') in 0.001319 seconds
Start importing Packages/com.unity.2d.tilemap/Editor/UI/TilePaletteBrushesPopup.cs using Guid(c6ffe8c68dad8fa45bcd0e1a68b64201) Importer(Primary)  -> (artifact id: '00a8831bc4cc6c48777825a0346beeb0') in 0.001706 seconds
Start importing Packages/com.unity.2d.tilemap/Editor/GridBrushesDropdown.cs using Guid(e61b787c9f6984746a82ecf444056814) Importer(Primary)  -> (artifact id: 'b44f429309f1ccd1c33718bd3425053a') in 0.001524 seconds
Start importing Packages/com.unity.2d.tilemap/Editor/UI/TilePaletteContextMenuHandler.cs using Guid(e6ccb94c25befa84d8d07a2b0374bc63) Importer(Primary)  -> (artifact id: '9b9f6119a574eecc4e8d35da9d54f723') in 0.001389 seconds
Start importing Packages/com.unity.2d.tilemap/Editor/GridPaletteAddPopup.cs using Guid(f60779a06bec4f14a957237a7206b786) Importer(Primary)  -> (artifact id: 'f15a2b8f6135dfb789741c27e1816644') in 0.001409 seconds
Start importing Packages/com.unity.2d.sprite/Editor/Interface/IUndoSystem.cs using Guid(37d4d4c58ffbc8c41bb0cecb9c131ba9) Importer(Primary)  -> (artifact id: '8febc2fa1b6d9b8b96161d4686a2c81f') in 0.001649 seconds
Start importing Packages/com.unity.2d.tilemap/Editor/GridSelection.cs using Guid(67ffa6242c6ee9246a64038878f96adc) Importer(Primary)  -> (artifact id: '91b13a83d1a28c417261b4007736751c') in 0.001635 seconds
Start importing Packages/com.unity.2d.tilemap/Editor/EditorTools/MoveTool.cs using Guid(77786fcb91a3fcd41a4b836be1f0276c) Importer(Primary)  -> (artifact id: 'b757fbad9e516e01b8b673d2f349b7bf') in 0.001503 seconds
Start importing Packages/com.unity.2d.tilemap/Editor/GridBrushEditorBase.cs using Guid(97de1f11b5a5dbf41baa1b0bc8ab989e) Importer(Primary)  -> (artifact id: '1f9d1f892fe20dc9dc55a0255839703b') in 0.001692 seconds
Start importing Packages/com.unity.2d.tilemap/Editor/GridPaintTargetsDropdown.cs using Guid(a714f9a492de26847891e2833d0f9235) Importer(Primary)  -> (artifact id: 'b76e3540984631c58a1b772e6e14d8bf') in 0.001587 seconds
Start importing Packages/com.unity.2d.tilemap/Editor/GridEditorUtility.cs using Guid(b74537feff4831541a8c3bf81913649d) Importer(Primary)  -> (artifact id: '51e3c962d55d33e527c3bc254d6d234e') in 0.001420 seconds
Start importing Packages/com.unity.2d.tilemap/Editor/TileUtility.cs using Guid(c7e47ae35297a95488555fe429032567) Importer(Primary)  -> (artifact id: '0d1688e3a56d6523a218b0c1bfd47129') in 0.001594 seconds
Start importing Packages/com.unity.2d.sprite/Editor/SpriteEditorModule/SpriteFrameModule/SpritePolygonModeModule.cs using Guid(e79658349ea684b40a48780d33ff6024) Importer(Primary)  -> (artifact id: 'b9883d173600655336190c1de3396746') in 0.001563 seconds
Start importing Packages/com.unity.2d.tilemap/Editor/EditorTools/GridSelection/GridSelectionMoveTool.cs using Guid(e7c9025e8b1fd7f4ba7de0f72eb6f773) Importer(Primary)  -> (artifact id: 'c395b985290bdabea4e897612def1816') in 0.001610 seconds
Start importing Packages/com.unity.2d.tilemap/Editor/EditorTools/SelectTool.cs using Guid(08b339ace3191aa409290fbb8bfe30b9) Importer(Primary)  -> (artifact id: '0ef27bbe05e8a5bf2e63fa23e6b5b65c') in 0.001492 seconds
Start importing Packages/com.unity.2d.sprite/Editor/SpriteEditor/SpriteNameFileIdPair.cs using Guid(08dd6aaafc7b42c99ecb6b641e9aa5a6) Importer(Primary)  -> (artifact id: 'dd1edfba7b30370abdf1856217b86a2a') in 0.001442 seconds
Start importing Packages/com.unity.2d.tilemap/Editor/PaintableGrid.cs using Guid(38d7d4ae5ba301c48a9c37d530dff736) Importer(Primary)  -> (artifact id: '15e66917ba87fb2789c7aad0827ca475') in 0.001513 seconds
Start importing Packages/com.unity.2d.tilemap/Editor/GridPaintPaletteClipboard.cs using Guid(384ea3a769d6ffd44bcc7f03793e3adc) Importer(Primary)  -> (artifact id: 'ea1b6512fb7b534770fec688e50f6d10') in 0.001721 seconds
Start importing Packages/com.unity.2d.sprite/Editor/SpriteEditor/SpriteEditorWindow.cs using Guid(687acdc95675db149bf5de5771ecac18) Importer(Primary)  -> (artifact id: 'ecce0b4f9b04b44bd8fcb0b364204205') in 0.001582 seconds
Start importing Packages/com.unity.2d.tilemap/Editor/UI/TilePaletteBrushPanelButton.cs using Guid(888033bb6c1374d44a56c290bc991950) Importer(Primary)  -> (artifact id: 'e45f48e398c09b350c12c8533acac134') in 0.001441 seconds
Start importing Packages/com.unity.2d.tilemap/Editor/UI/TilePaletteBrushInspectorElement.cs using Guid(9806777faa990e24fb0a14a60ef2dbb1) Importer(Primary)  -> (artifact id: 'fc722dc680ef450fe67a0ea714c228c9') in 0.001370 seconds
Start importing Packages/com.unity.2d.tilemap/Editor/SceneViewGridManager.cs using Guid(a84f8a2cae54acb4599de611269e855e) Importer(Primary)  -> (artifact id: '4ee359de9894e3c4cba9bdcbf045899d') in 0.001617 seconds
Start importing Packages/com.unity.2d.tilemap/Editor/AssemblyInfo.cs using Guid(b870da3ede4ee144d8631c9ef0a3a66c) Importer(Primary)  -> (artifact id: 'b5d88a68fc1fbee77ee9ec93f6b90f9c') in 0.001945 seconds
Start importing Packages/com.unity.2d.tilemap/Editor/UI/TilePaletteBrushesLabel.cs using Guid(0909c6f06211781439495feaa76bfe3b) Importer(Primary)  -> (artifact id: '5e529a8585dfcf805592e9d2d5020275') in 0.001502 seconds
Start importing Packages/com.unity.2d.sprite/Editor/SpriteEditor/SpriteEditorMenu.cs using Guid(09192641a853d984fbc894d1ecad33a4) Importer(Primary)  -> (artifact id: 'f1018c20565472545638925c5ba7cd37') in 0.001625 seconds
Start importing Packages/com.unity.2d.tilemap/Editor/GridPaintPaletteWindowPreferences.cs using Guid(29bbda0803e75b34a9ebd8c1f2c99c80) Importer(Primary)  -> (artifact id: '55047730318a629c4fdeab7e7f496463') in 0.001437 seconds
Start importing Packages/com.unity.2d.sprite/Editor/SpriteEditor/SpriteEditorHandles.cs using Guid(498df720f0ae4254699297d8a529a729) Importer(Primary)  -> (artifact id: '26ff1c2db649bba266041cfd8df65a2f') in 0.001587 seconds
Start importing Packages/com.unity.2d.tilemap/Editor/UI/GridPaintPaletteWindowActiveTargets.cs using Guid(598707f5ba035484c94b0cf6452ab5ba) Importer(Primary)  -> (artifact id: 'd5aa0ca560a6122fa18782a1ed4171d9') in 0.001505 seconds
Start importing Packages/com.unity.2d.sprite/Editor/SpriteEditorModule/SpritePhysicsShapeModule.cs using Guid(6980eb2a267119340ba441b9f427461a) Importer(Primary)  -> (artifact id: 'f51e71bffca769b3fd628994b1922ef5') in 0.001500 seconds
Start importing Packages/com.unity.2d.tilemap/Editor/UI/SceneViewOpenTilePaletteOverlay.cs using Guid(694abd7b442533d4d906a9f452776a2e) Importer(Primary)  -> (artifact id: '40e53e4b740f447b2af3f29a8f32d655') in 0.001497 seconds
Start importing Packages/com.unity.2d.sprite/Editor/SpriteEditorModule/SpriteFrameModule/SpriteFrameModuleBase.cs using Guid(99f08c278783a314091b218d2a38fa4f) Importer(Primary)  -> (artifact id: '0657ff79198346135adbbe4acc3992d2') in 0.001851 seconds
Start importing Packages/com.unity.2d.tilemap/Editor/EditorTools/TilemapEditorToolPreferences.cs using Guid(d9f2fab9e420f684dbbaeab1107debb6) Importer(Primary)  -> (artifact id: '1f8f2b2f0f1acb406222061d54515236') in 0.001534 seconds
Start importing Packages/com.unity.2d.sprite/Editor/SpriteEditor/SpriteEditorUtility.cs using Guid(3a4e10ab16352fd4e9a36d87445caaa2) Importer(Primary)  -> (artifact id: 'bd6024e3ce015213de1be066b71d1ee5') in 0.001445 seconds
Start importing Packages/com.unity.2d.sprite/Editor/Interface/IEvent.cs using Guid(5a8fa255c72c8434990dc8bf9b262d59) Importer(Primary)  -> (artifact id: '9e6071e87012cdc8afe4d459293ad692') in 0.001461 seconds
Start importing Packages/com.unity.2d.tilemap/Editor/UI/TilePaletteDragHandler.cs using Guid(7a52ed59aa46c7047a68558357752bb5) Importer(Primary)  -> (artifact id: '8e1251449181ff428e755cb4dc845bb7') in 0.001587 seconds
Start importing Packages/com.unity.2d.tilemap/Editor/UI/GridPaintPaletteWindowSplitView.cs using Guid(da729b8a61b9b17479b11396776d7651) Importer(Primary)  -> (artifact id: '57e20512c8a89d9c4b90d5d704143240') in 0.001439 seconds
Start importing Packages/com.unity.2d.sprite/Editor/SpriteEditorModule/SpriteSecondaryTexturesModule.cs using Guid(ea47ea935cf1ba94ba6feb6595cca8ba) Importer(Primary)  -> (artifact id: '5233ab13ad9861325e326bc56478fe77') in 0.001417 seconds
Start importing Packages/com.unity.2d.sprite/Tests/Editor/SpritePackageTests.cs using Guid(ea6dbc5d03b50f148a26b55c617dcb22) Importer(Primary)  -> (artifact id: 'f351fa029a3ee8c58bb1335008f3ea2c') in 0.001409 seconds
Start importing Packages/com.unity.2d.sprite/Editor/Interface/ITexture.cs using Guid(0ba4af382ef34da4fa3017497b72befb) Importer(Primary)  -> (artifact id: '5e0ccba54e2d66e6d5ab40ccb33c8dff') in 0.001539 seconds
Start importing Packages/com.unity.2d.tilemap/Editor/TilePaletteSaveUtility.cs using Guid(1bbd61a4999d4fbd81f3e5bdc6c71fbd) Importer(Primary)  -> (artifact id: '63e3187b437c971bf9941c19f68f4ba2') in 0.001375 seconds
Start importing Packages/com.unity.2d.tilemap/Editor/TileDragAndDrop.cs using Guid(3b0299838696e2c4f9e31bdc0c8757f9) Importer(Primary)  -> (artifact id: 'd93c09eb778a5dec57aa956c6f0f19d1') in 0.001610 seconds
Start importing Packages/com.unity.2d.tilemap/Editor/UI/TilePaletteActiveTargetsPopup.cs using Guid(4b4fa89433ae80a4eb9e0230cddc80dd) Importer(Primary)  -> (artifact id: 'cba1b0efc13979a4a66eb213e74f871d') in 0.001386 seconds
Start importing Packages/com.unity.2d.tilemap/Editor/UI/TilePaletteActivePalettePopup.cs using Guid(6b803590767dfec46b45907b7429debb) Importer(Primary)  -> (artifact id: 'bee64564d3bce98fb7741ce71cc9b232') in 0.001497 seconds
Start importing Packages/com.unity.2d.tilemap/Editor/GridPaletteUtility.cs using Guid(8b5e0f8599da083488da675fc79c5c66) Importer(Primary)  -> (artifact id: 'e7c3195429ee4e4b3be0c3db64f6af16') in 0.002419 seconds
Start importing Packages/com.unity.2d.tilemap/Editor/EditorTools/TilemapEditorToolPreferencesAsset.cs using Guid(9bcdd57132ec4d83828b3d2c0ed2c8d8) Importer(Primary)  -> (artifact id: '5a6eaac7664f26809689f1caa17e1fc8') in 0.001539 seconds
Start importing Packages/com.unity.2d.tilemap/Editor/GridPaletteBrushes.cs using Guid(cb5418bb8817a8c4096007d67d6fd8ba) Importer(Primary)  -> (artifact id: 'af871ea1feb3179eacd2186ab8cf769e') in 0.001489 seconds
Start importing Packages/com.unity.2d.tilemap/Editor/EditorTools/FlipTool.cs using Guid(db14f501917d4d5084510f472f505a7e) Importer(Primary)  -> (artifact id: 'ce6ebad1ca7de87e1c1a88933b2c4c81') in 0.001636 seconds
Start importing Packages/com.unity.2d.tilemap/Editor/UI/TilePaletteBrushInspector.cs using Guid(0c10d1eefabef044aa513fa1cff210a8) Importer(Primary)  -> (artifact id: '0619eb6ffdd1d15253621c9c30d82d67') in 0.001490 seconds
Start importing Packages/com.unity.2d.sprite/Editor/Interface/IAssetDatabase.cs using Guid(2c61219a8c88e2b43a6637bc8fe558dc) Importer(Primary)  -> (artifact id: '2d735787dfccd9d1d1ca2f466dd77094') in 0.001337 seconds
Start importing Packages/com.unity.2d.tilemap/Editor/UI/TilePaletteClipboardPanelPopup.cs using Guid(2c549a09b5c7eee4fb6bcdd69a6ce67f) Importer(Primary)  -> (artifact id: '3f5f18482028e525d108c53d67da1c77') in 0.001349 seconds
Start importing Packages/com.unity.2d.sprite/Editor/SpriteEditorModule/TextureImporterDataProvider.cs using Guid(2ce4b92d8aa4ac14c9dd8eda0f422c89) Importer(Primary)  -> (artifact id: 'fee94c8b9738e5387d5465e023dd3dce') in 0.001551 seconds
Start importing Packages/com.unity.2d.sprite/Editor/ObjectMenuCreation/MenuItems.cs using Guid(5c3b8c69935554b3e94d4497f9a6e8d8) Importer(Primary)  -> (artifact id: 'b5474c5e4576c48c3d59a76f0bacf8c2') in 0.001417 seconds
Start importing Packages/com.unity.2d.sprite/Editor/SpriteEditorModule/ISpriteEditorModule.cs using Guid(6c63f27dc485bf247bd3b10e6d66f1d9) Importer(Primary)  -> (artifact id: '15f48896e5dc67d7b6d5bc19c4327f09') in 0.001382 seconds
Start importing Packages/com.unity.2d.tilemap/Editor/EditorTools/GridSelection/GridSelectionRotationTool.cs using Guid(6cf9bcb22d1f73e42a7abe79808d5902) Importer(Primary)  -> (artifact id: '6c9295139d25739d05ac1323c551971e') in 0.001627 seconds
Start importing Packages/com.unity.2d.tilemap/Editor/UI/GridPaintingToolbar.cs using Guid(bc1106d4aa7a8f749b058b7c6a20ff36) Importer(Primary)  -> (artifact id: 'd727a6bf39cc3ea8e65cbcfb5b899182') in 0.001564 seconds
Start importing Packages/com.unity.2d.tilemap/Editor/EditorTools/PickingTool.cs using Guid(cc6f5506f7e1c664a9745a66e050fab5) Importer(Primary)  -> (artifact id: '8a4b996efdf0504fcfb3cd3470577482') in 0.001355 seconds
Start importing Packages/com.unity.2d.tilemap/Editor/UI/TilePaletteElement.cs using Guid(dc99af6ad351838409126a573140507a) Importer(Primary)  -> (artifact id: '9e30394f45c25563d90acc7078e85edf') in 0.001786 seconds
Start importing Packages/com.unity.2d.tilemap/Editor/EditorTools/EraseTool.cs using Guid(0de3343905095ab4c9d52addc012a937) Importer(Primary)  -> (artifact id: 'a2bf73822e2c0c8d611e8e397ade272c') in 0.001410 seconds
Start importing Packages/com.unity.2d.tilemap/Editor/UI/TilemapEditorToolButton.cs using Guid(2d0a76a0816f23441bbec5761e509609) Importer(Primary)  -> (artifact id: '8027c0ae8f5be579eb5d3dc9c0efbc1a') in 0.001545 seconds
Start importing Packages/com.unity.2d.tilemap/Tests/Editor/TilemapPackageTests.cs using Guid(7df3ec98f7c6bd740a979da7da668275) Importer(Primary)  -> (artifact id: '76875c1371b68c7af463629f5ec5e561') in 0.001495 seconds
Start importing Packages/com.unity.2d.tilemap/Editor/UI/TilePaletteBrushesDropdownToggle.cs using Guid(8dc999fb86ea8ae49b4cc23cf7d6afd1) Importer(Primary)  -> (artifact id: '2e55946f0772e9b73622275c657ee5dc') in 0.001512 seconds
Start importing Packages/com.unity.2d.sprite/Editor/ShapeEditor/ShapeEditorRectSelection.cs using Guid(addca83ddeeb2624b971c569fc64e6e8) Importer(Primary)  -> (artifact id: '9eec540822e88bf0abe7ace451c853d2') in 0.001373 seconds
Start importing Packages/com.unity.2d.tilemap/Editor/TilemapPrefabStageHelper.cs using Guid(bd1051621083e784fb548003ae41bf3d) Importer(Primary)  -> (artifact id: '796c9458db03767796409c71e73f6e41') in 0.001496 seconds
Start importing Packages/com.unity.2d.tilemap/Editor/UI/TilePaletteOverlayUtility.cs using Guid(bd87ef44d388dfd45b295d03e963f0d9) Importer(Primary)  -> (artifact id: 'a376b432c40a733b9e3dad0b71828765') in 0.001697 seconds
Start importing Packages/com.unity.2d.sprite/Editor/SpriteEditor/SpriteRect.cs using Guid(cd09d9cb85d9d904dba1ade9bded16de) Importer(Primary)  -> (artifact id: '6b5d4a1034976b206a1e878a266c3f50') in 0.001373 seconds
Start importing Packages/com.unity.2d.sprite/Editor/Interface/IGL.cs using Guid(cd39e260c575e3b4785b68fcdfc4c82f) Importer(Primary)  -> (artifact id: 'fa6ee5da9670cd66f28a2e79edca79ed') in 0.001456 seconds
Start importing Packages/com.unity.2d.tilemap/Editor/EditorTools/GridSelection/GridSelectionToolEditor.cs using Guid(dd427a5a6fffcba478ecfbccb81b5852) Importer(Primary)  -> (artifact id: '06ee46e695301592183186bdb9237078') in 0.001720 seconds
Start importing Packages/com.unity.2d.sprite/Editor/SpriteEditor/SpriteEditorWindowSettings.cs using Guid(dde9b84b2ecc449698f45f68b76697ec) Importer(Primary)  -> (artifact id: '68d26fefbfaa667dd59a4ad49e04e975') in 0.001525 seconds
Start importing Packages/com.unity.2d.tilemap/Editor/SceneViewOpenTilePaletteHelper.cs using Guid(0edd9d84d73c14b4fa94b44acc4c53d1) Importer(Primary)  -> (artifact id: '4a74414ad495b4a441ddaf311a1d8d5d') in 0.001371 seconds
Start importing Packages/com.unity.2d.tilemap/Editor/UI/BoolFieldOverlayPopupWindow.cs using Guid(4e560db51173b924aa59f1e95d7ed195) Importer(Primary)  -> (artifact id: 'e81c544f584be8a8fe46a225341ebe6c') in 0.001623 seconds
Start importing Packages/com.unity.2d.tilemap/Editor/EditorTools/BoxTool.cs using Guid(6e6ff0d919800e24484d21950e3d851f) Importer(Primary)  -> (artifact id: '56f4a771917f3c85db5c2106d06dc972') in 0.001584 seconds
Start importing Packages/com.unity.2d.tilemap/Editor/UI/TilePaletteClipboardElement.cs using Guid(8ee0058b5fad546478a6e24d435de0b9) Importer(Primary)  -> (artifact id: '7627ab4bb31f7b4e57f534a08fb1d385') in 0.001411 seconds
Start importing Assets/Editor/NativeTilemapMigration/NativeTilemapMigration.cs using Guid(dee8ddf75280bd647bab5a33f92419ff) Importer(Primary)  -> (artifact id: '7b61e17953db7fb8c619343953a9e30b') in 0.001495 seconds
Start importing Packages/com.unity.2d.tilemap/Editor/TilePalettePrefabUtility.cs using Guid(ee02d9ccf56046b698982b9d83315ff0) Importer(Primary)  -> (artifact id: '4655c6e5db1c7afeb144e17a4ec0e82f') in 0.001517 seconds
Start importing Packages/com.unity.2d.tilemap/Editor/TileDragAndDropManager.cs using Guid(3fc02dcfcd4e9ed4abdcb443df9146b5) Importer(Primary)  -> (artifact id: '3c2671c21f58b70d563100e2096a9d59') in 0.001506 seconds
Start importing Packages/com.unity.2d.tilemap/Editor/GridPaintPaletteWindow.cs using Guid(3f683d99f24875748a6656966ca9cea0) Importer(Primary)  -> (artifact id: '2529acd33e1460a3ff3a8cab4837b3c7') in 0.001520 seconds
Start importing Packages/com.unity.2d.tilemap/Editor/TilemapFocusModeUtility.cs using Guid(5fb3ada6b424478f868d114ce6117c0a) Importer(Primary)  -> (artifact id: '45f80544c79419ade7c6574d0324c912') in 0.001617 seconds
Start importing Packages/com.unity.2d.tilemap/Editor/UI/TilePaletteClipboardButton.cs using Guid(6fdcfff56bbd49c4bb9843e21b6b386a) Importer(Primary)  -> (artifact id: '041d3835bc8c750fbd7740f8a9ffadcb') in 0.001400 seconds
Start importing Packages/com.unity.2d.sprite/Editor/SpriteEditorModule/SpriteFrameModule/DefaultSpriteNameFileIdDataProvider.cs using Guid(7f0671c40ca5e46f5bf215ab8ac0464f) Importer(Primary)  -> (artifact id: 'd2a091bf237294b773ce205004727e34') in 0.001455 seconds
Start importing Packages/com.unity.2d.tilemap/Editor/UI/TilePaletteMouseCursorUtility.cs using Guid(8f7bde1696e5f8947bda3a63b8f05bfe) Importer(Primary)  -> (artifact id: 'e8ce10773b047f83f5d81325e2588d6d') in 0.001746 seconds
Start importing Packages/com.unity.2d.tilemap/Editor/PaintableSceneViewGrid.cs using Guid(9f1e0a9724743a74794256ebe791fd41) Importer(Primary)  -> (artifact id: 'efb8931744bf1cbe92ff13ddb8648cd7') in 0.001569 seconds
Start importing Packages/com.unity.2d.tilemap/Editor/EditorTools/RotateTool.cs using Guid(af1e44f72ff2436c93634dc6cba0ed8e) Importer(Primary)  -> (artifact id: '25dd28778de5123e7131596c9227787a') in 0.001509 seconds
Refreshing native plugins compatible for Editor in 0.00 ms, found 0 plugins.
Native extension for WindowsStandalone target not found
Mono: successfully reloaded assembly
- Finished resetting the current domain, in  0.189 seconds
Domain Reload Profiling: 349ms
	BeginReloadAssembly (101ms)
		ExecutionOrderSort (0ms)
		DisableScriptedObjects (3ms)
		BackupInstance (0ms)
		ReleaseScriptingObjects (0ms)
		CreateAndSetChildDomain (15ms)
	RebuildCommonClasses (21ms)
	RebuildNativeTypeToScriptingClass (7ms)
	initialDomainReloadingComplete (19ms)
	LoadAllAssembliesAndSetupDomain (12ms)
		LoadAssemblies (62ms)
		RebuildTransferFunctionScriptingTraits (0ms)
		AnalyzeDomain (9ms)
			TypeCache.Refresh (7ms)
				TypeCache.ScanAssembly (3ms)
			ScanForSourceGeneratedMonoScriptInfo (1ms)
			ResolveRequiredComponents (0ms)
	FinalizeReload (189ms)
		ReleaseScriptCaches (0ms)
		RebuildScriptCaches (0ms)
		SetupLoadedEditorAssemblies (126ms)
			LogAssemblyErrors (0ms)
			InitializePlatformSupportModulesInManaged (4ms)
			SetLoadedEditorAssemblies (3ms)
			RefreshPlugins (0ms)
			BeforeProcessingInitializeOnLoad (12ms)
			ProcessInitializeOnLoadAttributes (87ms)
			ProcessInitializeOnLoadMethodAttributes (12ms)
			AfterProcessingInitializeOnLoad (9ms)
			EditorAssembliesLoaded (0ms)
		ExecutionOrderSort2 (0ms)
		AwakeInstancesAfterBackupRestoration (5ms)
Start importing Packages/com.unity.2d.sprite/Editor/ObjectMenuCreation/DefaultAssets/Textures/v2/Capsule.png using Guid(207ee8102dd4143d288186ef0be518ee) Importer(Primary)  -> (artifact id: '52245b03a101ce00db2d20fc9d4c8d1a') in 0.017598 seconds
Start importing Packages/com.unity.2d.tilemap/Editor/Icons/Tilemap.ShowTilePalette@4x.png using Guid(401e910567b72dd4abf58be9f7e0518b) Importer(Primary)  -> (artifact id: 'd87c96164bd9570a19d1633ffc68687c') in 0.002552 seconds
Start importing Packages/com.unity.2d.sprite/Editor/Assets/SpriteEditor@2x.png using Guid(7013f35dfb10340ecbb956ca7e17de0d) Importer(Primary)  -> (artifact id: 'c367cec4bf2b55e1e6c737fcb27b539a') in 0.001872 seconds
Start importing Packages/com.unity.2d.tilemap/Editor/Icons/d_Tilemap.DefaultBrush@2x.png using Guid(c06100d8ae6a60d44ab25f318a154ce3) Importer(Primary)  -> (artifact id: '90a7f0ff409a773b13fa5c7cbfca4452') in 0.002265 seconds
Start importing Packages/com.unity.2d.sprite/Editor/ObjectMenuCreation/DefaultAssets/Textures/v2/Square.png using Guid(311925a002f4447b3a28927169b83ea6) Importer(Primary)  -> (artifact id: '4d9a0eba5f332ce4c0a9917ce0ae811e') in 0.003993 seconds
Start importing Packages/com.unity.2d.tilemap/Editor/Icons/Grid.RotateACW@2x.png using Guid(51b8cbcbf34a36243a954f42c5d344fc) Importer(Primary)  -> (artifact id: '7b5f8e57fcc91d33d55bcc0039b0bc46') in 0.002275 seconds
Start importing Packages/com.unity.2d.sprite/Editor/ObjectMenuCreation/DefaultAssets/Textures/9-Sliced.png using Guid(71ebafeef3c03457483266a33ab2b270) Importer(Primary)  -> (artifact id: '97a1297d79a593a9b9c8a1013c8869b5') in 0.003596 seconds
Start importing Packages/com.unity.2d.tilemap/Editor/Icons/Tilemap.DefaultBrush@2x.png using Guid(9182e08d6d8be424a98050562de5b053) Importer(Primary)  -> (artifact id: 'f623d8952f5cc68c41b87421e6bb2266') in 0.002050 seconds
Start importing Packages/com.unity.2d.tilemap/Editor/Icons/d_Tilemap.TilePalette.png using Guid(a16432554ffe69042985d012d1df2637) Importer(Primary)  -> (artifact id: 'f0747cbcd0d7669143a841f6ba9859e4') in 0.001916 seconds
Start importing Packages/com.unity.2d.tilemap/Editor/Icons/Tilemap.FocusGrid@4x.png using Guid(a1bd3db90f5f7314e822ba2e38f901c6) Importer(Primary)  -> (artifact id: '6c8ffdb5adb305cf4d9ef63a826ed0d0') in 0.002513 seconds
Start importing Packages/com.unity.2d.tilemap/Editor/Icons/d_EditorUI.TargetHover.png using Guid(c130b41d1f572a14793b146add3d6e3f) Importer(Primary)  -> (artifact id: 'cec3be3aab2077ae78964c6cc5836e17') in 0.002030 seconds
Start importing Packages/com.unity.2d.tilemap/Editor/Icons/d_Tilemap.FocusNone@4x.png using Guid(f1d766c90aeb37d4fb8c7d1ed3ba1378) Importer(Primary)  -> (artifact id: '7c80d6f6c623aded0c815681cfa281d7') in 0.002167 seconds
Start importing Packages/com.unity.2d.tilemap/Editor/Icons/d_Grid.FlipY.png using Guid(0219184e13f92e94896b4df6846db652) Importer(Primary)  -> (artifact id: '2737484e21893c6afa93c6a4039124c3') in 0.002041 seconds
Start importing Packages/com.unity.2d.tilemap/Editor/Icons/d_Tilemap.DefaultBrush.png using Guid(12e04f72413abf04fb4a5f79e70822ff) Importer(Primary)  -> (artifact id: '8c77ee5ada3cb2e0b4cf12218020f077') in 0.001983 seconds
Start importing Packages/com.unity.2d.tilemap/Editor/Icons/Grid.RotateCW@2x.png using Guid(3239e705bdc364b47a21e44901809b91) Importer(Primary)  -> (artifact id: '6fa41f56080e0d68ac0bd40cce3994cd') in 0.001950 seconds
Start importing Packages/com.unity.2d.tilemap/Editor/Icons/Tilemap.GridPaint@2x.png using Guid(42fb19d14e266e4409770bbcdbc6a1e5) Importer(Primary)  -> (artifact id: 'd36e28c65156c7589b8f6f6161c06ccc') in 0.002148 seconds
Start importing Packages/com.unity.2d.tilemap/Editor/Icons/d_Grid.RotateACW@2x.png using Guid(72124a67bbace794fa38534a24d23cee) Importer(Primary)  -> (artifact id: '1a73536ca228c2b2bedaaa15bc26c2cf') in 0.001914 seconds
Start importing Packages/com.unity.2d.tilemap/Editor/Icons/Tilemap.EditPalette@4x.png using Guid(72a3c6132d5e2ae48a1df56cfebbc7c2) Importer(Primary)  -> (artifact id: '387ed9646fba6ea9bcd4334db3a53746') in 0.002206 seconds
Start importing Packages/com.unity.2d.tilemap/Editor/Icons/d_Tilemap.ActiveTargetLayers@4x.png using Guid(82f78c36add1c2c4795c911a7abfb93e) Importer(Primary)  -> (artifact id: '2cd01d8384d6e44cfb625d01b62ea27d') in 0.002280 seconds
Start importing Packages/com.unity.2d.tilemap/Editor/Icons/Tilemap.TilePalette@4x.png using Guid(920ecfdb532776b4cb32b37e5bd9e6ff) Importer(Primary)  -> (artifact id: 'de97ecfb551473a4a4d040a4aba9562e') in 0.002251 seconds
Start importing Packages/com.unity.2d.tilemap/Editor/Icons/Tilemap.FocusGrid@2x.png using Guid(929e44994130ee644ac47965b289aec4) Importer(Primary)  -> (artifact id: '0e690b1ee5fbd5edd9bc95315251e31f') in 0.001810 seconds
Start importing Packages/com.unity.2d.tilemap/Editor/Icons/Grid.RotateCW.png using Guid(e25f34c849d45714e86b14d3afbb763e) Importer(Primary)  -> (artifact id: 'ee24014e8c141a6ab64b8e211d85028f') in 0.001894 seconds
Start importing Packages/com.unity.2d.tilemap/Editor/Icons/d_Tilemap.BrushSettings@2x.png using Guid(03d93c388f90a6248983677a29c72b38) Importer(Primary)  -> (artifact id: '2ef5960b396e8a1c94621017d9a8351e') in 0.001883 seconds
Start importing Packages/com.unity.2d.tilemap/Editor/Icons/Tilemap.EditPalette@2x.png using Guid(13c8bd32c985e204eafd19f6360119db) Importer(Primary)  -> (artifact id: '74ad30bb775f41a3f3841791bb1c5fb2') in 0.002023 seconds
Start importing Packages/com.unity.2d.tilemap/Editor/Icons/d_Grid.FlipX.png using Guid(238833eb2176e7d429d5020dc9232155) Importer(Primary)  -> (artifact id: '7d0c0bd553992e18500883369a022cf9') in 0.001906 seconds
Start importing Packages/com.unity.2d.tilemap/Editor/Icons/Tilemap.FocusTilemap.png using Guid(534112f711642464e8a5b9b5ea20e941) Importer(Primary)  -> (artifact id: '7bb3bc675fc131d6cc0aac579ee8e17d') in 0.001839 seconds
Start importing Packages/com.unity.2d.tilemap/Editor/Icons/Tilemap.DefaultBrush.png using Guid(53439e5dcebe4d74e8358cf7104c4666) Importer(Primary)  -> (artifact id: '01bf6a073e8e469773a56f87ecddc458') in 0.001882 seconds
Start importing Packages/com.unity.2d.tilemap/Editor/Icons/d_Grid.RotateACW.png using Guid(53da314bfe3845741ad14976e09ee6cf) Importer(Primary)  -> (artifact id: 'd93a13a63d0bbf348b14b0bd719e2e21') in 0.001866 seconds
Start importing Packages/com.unity.2d.tilemap/Editor/Icons/d_GridSelection@2x.png using Guid(63a012608de367444a8cfb3b43e4da64) Importer(Primary)  -> (artifact id: '676d51b5305c718a7704792a9546ab77') in 0.001597 seconds
Start importing Packages/com.unity.2d.tilemap/Editor/Icons/Tilemap.ShowGrid.png using Guid(63154732be07c2242a369890e0f80a72) Importer(Primary)  -> (artifact id: 'bf5d987026127575398a71a02a3f716a') in 0.001931 seconds
Start importing Packages/com.unity.2d.tilemap/Editor/Icons/Tilemap.FocusTilemap@4x.png using Guid(7360ac83b6bff7149836a436a4920d53) Importer(Primary)  -> (artifact id: 'e07580ba2de987843be25bb48bd01bed') in 0.002231 seconds
Start importing Packages/com.unity.2d.tilemap/Editor/Icons/d_Grid.FlipY@2x.png using Guid(a3c4ea29a117e3f418ded11a50e4d52d) Importer(Primary)  -> (artifact id: 'e79a2a1de0ccc055cf39502d43f5f7c1') in 0.002213 seconds
Start importing Packages/com.unity.2d.tilemap/Editor/Icons/Tilemap.ShowGrid@4x.png using Guid(b375422385f769844a35ff7743e8f1bb) Importer(Primary)  -> (artifact id: '5671a399c0a1dc1b426a831202b4ae5e') in 0.002396 seconds
Start importing Packages/com.unity.2d.tilemap/Editor/Icons/d_Tilemap.ShowTilePalette@2x.png using Guid(b3f6a0922e3511840813c51882c0907b) Importer(Primary)  -> (artifact id: '8e6fe5d0a763b4e80f1cff2a5f30fb63') in 0.002168 seconds
Start importing Packages/com.unity.2d.tilemap/Editor/Icons/d_Tilemap.ActiveTargetLayers@2x.png using Guid(d3b2641fbdbb1f340ad9732102db591e) Importer(Primary)  -> (artifact id: '7ebb2a6ab9e32bd111f4e9ff9d508758') in 0.001893 seconds
Start importing Packages/com.unity.2d.tilemap/Editor/Icons/d_EditorUI.Target.png using Guid(04e6c3cc740a491458073f2f715066f6) Importer(Primary)  -> (artifact id: '87381e39e55ede51db15e807568e2720') in 0.001874 seconds
Start importing Packages/com.unity.2d.sprite/Editor/ObjectMenuCreation/DefaultAssets/Textures/IsometricDiamond.png using Guid(045b15ec09bba42448d89db77fa6f20a) Importer(Primary)  -> (artifact id: 'c858cd68d04ed606dc130ac8f474e4ce') in 0.002651 seconds
Start importing Packages/com.unity.2d.tilemap/Editor/Icons/d_Tilemap.GridPaint@2x.png using Guid(3451731abc835d44993075b3bc0935bd) Importer(Primary)  -> (artifact id: '2f7e729934a4150d88c6d62adfce6bb9') in 0.002018 seconds
Start importing Packages/com.unity.2d.sprite/Editor/ObjectMenuCreation/DefaultAssets/Textures/CapsuleWithBorder.png using Guid(34587324d412940a79d530020c957dc0) Importer(Primary)  -> (artifact id: '37a10be429a3d5e15a78270dc7e78d49') in 0.004741 seconds
Start importing Packages/com.unity.2d.sprite/Editor/Assets/d_SpriteEditor@2x.png using Guid(74d9036aa1bb14ccfafb89d639870288) Importer(Primary)  -> (artifact id: 'f3b1ba67b767fc7cd61a394d921796bd') in 0.001907 seconds
Start importing Packages/com.unity.2d.tilemap/Editor/Icons/d_Tilemap.EditPalette.png using Guid(84cd96391d8e912479adff56b3500191) Importer(Primary)  -> (artifact id: '33f8544822f68bbc8297bb3207d19b86') in 0.001944 seconds
Start importing Packages/com.unity.2d.tilemap/Editor/Icons/GridSelection@2x.png using Guid(949e98ac1c07e424685f43f530864a7c) Importer(Primary)  -> (artifact id: '855e887ea9b593b7b0e0f5896ee324cc') in 0.001800 seconds
Start importing Packages/com.unity.2d.tilemap/Editor/Icons/d_Tilemap.FocusGrid.png using Guid(b46d3a07716bc8b4296166d5ac10e492) Importer(Primary)  -> (artifact id: 'ddae9035bd86197117c5ce42aebe4e81') in 0.001819 seconds
Start importing Packages/com.unity.2d.tilemap/Editor/Icons/d_Grid.RotateCW@2x.png using Guid(e41a6ab3ac7354642a9006c03183e95e) Importer(Primary)  -> (artifact id: '067807f852b6bb8ad25a9d50394d77dc') in 0.002078 seconds
Start importing Packages/com.unity.2d.tilemap/Editor/Icons/d_GridSelection.png using Guid(0594f3299f18e6f41908492f9b359f6c) Importer(Primary)  -> (artifact id: '30ce11725b9a08c9982ae00492abd535') in 0.001605 seconds
Start importing Packages/com.unity.2d.tilemap/Editor/Icons/d_Tilemap.ShowGrid@2x.png using Guid(4576408ff459c3a48a69ad3c7d941581) Importer(Primary)  -> (artifact id: 'ad2781408c9e9159f9e5e4825fb0f0ba') in 0.001950 seconds
Start importing Packages/com.unity.2d.sprite/Editor/ObjectMenuCreation/DefaultAssets/Textures/v2/Triangle.png using Guid(75f5f34dc1b5347e0b8351032682f224) Importer(Primary)  -> (artifact id: 'fe09ee1e5c204b78828fb7b6210058cb') in 0.002936 seconds
Start importing Packages/com.unity.2d.tilemap/Editor/Icons/d_EditorUI.TargetHover@2x.png using Guid(857187d2d610c234587c8a50803e4307) Importer(Primary)  -> (artifact id: 'cecf78583f54062f82cb527611cc7ab7') in 0.001918 seconds
Start importing Packages/com.unity.2d.tilemap/Editor/Icons/d_Tilemap.ShowTilePalette.png using Guid(95b2d1ff151dd2f479bf1f6321b44179) Importer(Primary)  -> (artifact id: '9d350b61ce67f3e92d31bfd6f399f6ec') in 0.001804 seconds
Start importing Packages/com.unity.2d.tilemap/Editor/Icons/Tilemap.GridPaint@4x.png using Guid(c54623997d885f6499655af6031a3bf9) Importer(Primary)  -> (artifact id: 'f23274ade55e5230bf1cc3869092cb50') in 0.002320 seconds
Start importing Packages/com.unity.2d.sprite/Editor/ObjectMenuCreation/DefaultAssets/Textures/HexagonFlat-Top.png using Guid(16037dbd798344f57a526d53d48f5ead) Importer(Primary)  -> (artifact id: '434c2bacebf308f17dafc886972da563') in 0.003769 seconds
Start importing Packages/com.unity.2d.tilemap/Editor/Icons/d_Tilemap.GridPaint.png using Guid(26f3d342b8e95b24da7ec4638d7f2322) Importer(Primary)  -> (artifact id: 'c06ddb106ab7ac37729f2d37e3c59405') in 0.002135 seconds
Start importing Packages/com.unity.2d.tilemap/Editor/Icons/Grid.FlipX@2x.png using Guid(367a9e3649215be42869f99bdeecbab6) Importer(Primary)  -> (artifact id: '36ae7ed919166efcd9b8f56bb8eb4449') in 0.001971 seconds
Start importing Packages/com.unity.2d.tilemap/Editor/Icons/d_Grid.RotateCW.png using Guid(66bb00887f3170c4a95b989d392049ec) Importer(Primary)  -> (artifact id: '1fd9eece8d85457e4902092f7f479c5e') in 0.002016 seconds
Start importing Packages/com.unity.2d.tilemap/Editor/Icons/d_Tilemap.TilePalette@4x.png using Guid(86408806ba4819c4494d51cb88d34da4) Importer(Primary)  -> (artifact id: '53f76cb905a1ed6e1eb7cd39e93bf018') in 0.002314 seconds
Start importing Packages/com.unity.2d.tilemap/Editor/Icons/EditorUI.Target@4x.png using Guid(86f74056ad052aa4b83fe485546f0521) Importer(Primary)  -> (artifact id: '7d32f20dfd2aae38a52797c8d941ed07') in 0.002086 seconds
Start importing Packages/com.unity.2d.tilemap/Editor/Icons/Tilemap.TilePalette.png using Guid(a605ef4315d43d6438e211f589d2df38) Importer(Primary)  -> (artifact id: 'df40d2825df20e7f2aaca758b2e33ac0') in 0.001912 seconds
Start importing Packages/com.unity.2d.tilemap/Editor/Icons/GridSelection.png using Guid(a60e09d7c2452be4c824d4eb480c91c7) Importer(Primary)  -> (artifact id: '11aafb86b91c7153ce3b06e80215e028') in 0.002132 seconds
Start importing Packages/com.unity.2d.sprite/Editor/ObjectMenuCreation/DefaultAssets/Textures/v2/HexagonFlatTop.png using Guid(b670ab75dde984907b8570040daa08c5) Importer(Primary)  -> (artifact id: 'ddaa72e4e2716102783ab81a17bb948b') in 0.003172 seconds
Start importing Packages/com.unity.2d.tilemap/Editor/Icons/Tilemap.FocusNone@4x.png using Guid(070c631c5a8d05e41baf0a64b742067d) Importer(Primary)  -> (artifact id: '3a5205b8ff9c775adb95dcc4c9f2dfab') in 0.002144 seconds
Start importing Packages/com.unity.2d.tilemap/Editor/Icons/Tilemap.BrushSettings@2x.png using Guid(47500a6fba22d6849a3f9335aa198ba5) Importer(Primary)  -> (artifact id: '88ae928e8624fb96829db8fbf8c0a133') in 0.001893 seconds
Start importing Packages/com.unity.2d.sprite/Editor/Assets/SpriteEditorOn.png using Guid(476369828d55a4032beead7444495b69) Importer(Primary)  -> (artifact id: '86c1de9a756a8ce0c78bf1ad730a19b4') in 0.001767 seconds
Start importing Packages/com.unity.2d.tilemap/Editor/Icons/d_Tilemap.FocusNone@2x.png using Guid(479801e1f49ea2d4baf2b4c12f674bcb) Importer(Primary)  -> (artifact id: '7ef7ab72feff1bf36c9c9d102d8f5aad') in 0.002019 seconds
Start importing Packages/com.unity.2d.tilemap/Editor/Icons/d_Tilemap.DefaultBrush@4x.png using Guid(77be2b195bdd3a849b554d6dd09badb0) Importer(Primary)  -> (artifact id: '0dd13975d56e0ecf87e7cb9446be09f7') in 0.002317 seconds
Start importing Packages/com.unity.2d.sprite/Editor/ObjectMenuCreation/DefaultAssets/Textures/CircleMask.png using Guid(87aaca0a643d54397ba969dab4fc8875) Importer(Primary)  -> (artifact id: '343cdd53edf6fce7d90ff906b936fb0a') in 0.004245 seconds
Start importing Packages/com.unity.2d.sprite/Editor/Assets/d_SpriteEditor.png using Guid(b7784190913354d4fb9b7f77888f915f) Importer(Primary)  -> (artifact id: '720e55ef76a580cfbefe5a8ba3318967') in 0.001944 seconds
Start importing Packages/com.unity.2d.tilemap/Editor/Icons/d_EditorUI.Target@4x.png using Guid(c7d31ce121f6d6841b01dbcf3d909854) Importer(Primary)  -> (artifact id: 'bfd3f0bb5ef7ada11f49c430e40f7567') in 0.002384 seconds
Start importing Packages/com.unity.2d.tilemap/Editor/Icons/Tilemap.ActiveTargetLayers@2x.png using Guid(f708c0da8a2b5fc4381f7f8d4a322a0a) Importer(Primary)  -> (artifact id: '567ffda511cbb5c4308dce8d7ea5c244') in 0.001980 seconds
Start importing Packages/com.unity.2d.tilemap/Editor/Icons/Tilemap.FocusGrid.png using Guid(0838dba95105e7148a96012c2778a2d5) Importer(Primary)  -> (artifact id: 'c648bc5fac931cc2a0ea032cc001e828') in 0.001701 seconds
Start importing Packages/com.unity.2d.tilemap/Editor/Icons/Grid.RotateACW.png using Guid(28df830b98d0a3f44b58e73d78060ab0) Importer(Primary)  -> (artifact id: '92d9bd243947e9636202bf23927c1298') in 0.001907 seconds
Start importing Packages/com.unity.2d.tilemap/Editor/Icons/Tilemap.EditPalette.png using Guid(4858e04232af5e340922812cd3697086) Importer(Primary)  -> (artifact id: 'ea02f38af8b1eef26777037b16a9ebec') in 0.002083 seconds
Start importing Packages/com.unity.2d.sprite/Editor/ObjectMenuCreation/DefaultAssets/Textures/Square.png using Guid(48e93eef0688c4a259cb0eddcd8661f7) Importer(Primary)  -> (artifact id: 'fa35f272f9b4fd5700bdd8f9d8a03ce2') in 0.003643 seconds
Start importing Packages/com.unity.2d.sprite/Editor/ObjectMenuCreation/DefaultAssets/Textures/v2/9Sliced.png using Guid(8884154dfe85442a3a3578be807dbcdf) Importer(Primary)  -> (artifact id: '044196a1cd0d182c73a2031ffd3b104e') in 0.003036 seconds
Start importing Packages/com.unity.2d.sprite/Editor/ObjectMenuCreation/DefaultAssets/Textures/v2/Circle.png using Guid(a86470a33a6bf42c4b3595704624658b) Importer(Primary)  -> (artifact id: 'b77f98f3633b3903758e720ef3efabf9') in 0.003098 seconds
Start importing Packages/com.unity.2d.tilemap/Editor/Icons/Tilemap.ShowTilePalette@2x.png using Guid(d88e25b75a7927f4683afb6c74b05a08) Importer(Primary)  -> (artifact id: 'c43e1d2256b879af1f098945864931e3') in 0.001868 seconds
Start importing Packages/com.unity.2d.tilemap/Editor/Icons/Grid.FlipX.png using Guid(e883969672bd261498f38ec9e9fc393f) Importer(Primary)  -> (artifact id: 'ef73555e771e9528676dd93413796b12') in 0.001852 seconds
Start importing Packages/com.unity.2d.tilemap/Editor/Icons/d_Tilemap.TilePalette@2x.png using Guid(f8e23945cefaa614da36fe203225170a) Importer(Primary)  -> (artifact id: 'a97402a3f9ed0f2efbe05d8f8d30ab4a') in 0.002022 seconds
Start importing Packages/com.unity.2d.tilemap/Editor/Icons/Tilemap.FocusNone@2x.png using Guid(f8e27d22a910edd4e9b6791a887aa9e1) Importer(Primary)  -> (artifact id: 'b05195a5240cd883aa42ca884d672afa') in 0.002112 seconds
Start importing Packages/com.unity.2d.tilemap/Editor/Icons/EditorUI.Target@2x.png using Guid(f8eef1ebd82d467428620ec2c02bc50a) Importer(Primary)  -> (artifact id: 'ee95f5bf36315c19a1fe2c3b64e6ea20') in 0.001895 seconds
Start importing Packages/com.unity.2d.tilemap/Editor/Icons/Tilemap.GridPaint.png using Guid(1915f55bbb9484044b7829d1df0b4abf) Importer(Primary)  -> (artifact id: '0ae2b0612c3f76fbb2ce6860c1a42f8b') in 0.002046 seconds
Start importing Packages/com.unity.2d.sprite/Editor/ObjectMenuCreation/DefaultAssets/Textures/v2/IsometricDiamond.png using Guid(19fb86013d8c24d6cb8410c0aadf30fa) Importer(Primary)  -> (artifact id: '1a33f44dd288aee4ff1991eb40ff0ff1') in 0.002711 seconds
Start importing Packages/com.unity.2d.tilemap/Editor/Icons/Tilemap.FocusNone.png using Guid(592cc37b962a5604599e514ecc35f4b2) Importer(Primary)  -> (artifact id: 'a45be7a40638a4baaf548da1bc59daeb') in 0.001851 seconds
Start importing Packages/com.unity.2d.tilemap/Editor/Icons/d_Tilemap.ActiveTargetLayers.png using Guid(99c3717808acc0f43b394ab3e10da8bb) Importer(Primary)  -> (artifact id: '2d3c2714d1f86cfe70e5259790db8127') in 0.001965 seconds
Start importing Packages/com.unity.2d.sprite/Editor/ObjectMenuCreation/DefaultAssets/Textures/HexagonFlat-TopWithBorder.png using Guid(a9716c16a44a94eed9b5c90fbf4d9bdd) Importer(Primary)  -> (artifact id: '06fd44ab343a15b9c8c6844922e49194') in 0.003531 seconds
Start importing Packages/com.unity.2d.tilemap/Editor/Icons/d_Tilemap.FocusTilemap.png using Guid(a9a5b304877d58a47859e53d2b2d9fe3) Importer(Primary)  -> (artifact id: '6de8316fc8499631f16f7c7bd251c5e3') in 0.001865 seconds
Start importing Packages/com.unity.2d.tilemap/Editor/Icons/d_Tilemap.BrushSettings@4x.png using Guid(d9f2d0aff557fba4cb316f849b0ccdd1) Importer(Primary)  -> (artifact id: 'a6f67bd119372b93e8d2337eee6fcd07') in 0.002309 seconds
Start importing Packages/com.unity.2d.tilemap/Editor/Icons/Grid.FlipY.png using Guid(2a807ac042c28e546b9d90048ebbc33f) Importer(Primary)  -> (artifact id: 'd4f44bf22c292b6b668ba49f235e2b86') in 0.001835 seconds
Start importing Packages/com.unity.2d.sprite/Editor/ObjectMenuCreation/DefaultAssets/Textures/CircleWithBorder.png using Guid(4adeaf2d2b1c7417e89f026626d8264f) Importer(Primary)  -> (artifact id: '73358e74600f7b31da6197e140bbff98') in 0.003798 seconds
Start importing Packages/com.unity.2d.sprite/Editor/ObjectMenuCreation/DefaultAssets/Textures/v2/HexagonPointedTop.png using Guid(5aa8b770bc43046bc8d993d0d5b7f4a5) Importer(Primary)  -> (artifact id: 'b4daf21da82ce9bd0653745086d7b448') in 0.003162 seconds
Start importing Packages/com.unity.2d.tilemap/Editor/Icons/Tilemap.BrushSettings.png using Guid(7a17912541de348408b722a40b972ea3) Importer(Primary)  -> (artifact id: '73a7acb8f6ba4db8968461abef60cd63') in 0.002150 seconds
Start importing Packages/com.unity.2d.tilemap/Editor/Icons/Grid.FlipY@2x.png using Guid(baab1bab0820d0942bb79c6da94b1688) Importer(Primary)  -> (artifact id: '6f388a84f42ab31a2f45c395abb1f1a8') in 0.002399 seconds
Start importing Packages/com.unity.2d.sprite/Editor/ObjectMenuCreation/DefaultAssets/Textures/HexagonPointed-TopWithBorder.png using Guid(4b2a04fdbe0ef4d8da8f90eaca817cd1) Importer(Primary)  -> (artifact id: '27f2b2fb68a956b9de08af7a4cd020f6') in 0.004119 seconds
Start importing Packages/com.unity.2d.tilemap/Editor/Icons/Tilemap.ShowTilePalette.png using Guid(4b6b0d10629b2ea40846b0eed5b74f43) Importer(Primary)  -> (artifact id: 'cf0f4e33892ec13a47d5d1bc0e45ae1b') in 0.001884 seconds
Start importing Packages/com.unity.2d.tilemap/Editor/Icons/Tilemap.FocusTilemap@2x.png using Guid(6b80cdd1d5ce20c4189553f129f4d175) Importer(Primary)  -> (artifact id: 'e456bfb317de2063012a659f17cce8e4') in 0.002139 seconds
Start importing Packages/com.unity.2d.sprite/Editor/Assets/SpriteEditor.png using Guid(9b243bd8491a24b2cbe5231468a93813) Importer(Primary)  -> (artifact id: 'f20725bea6f715df8fc70c9834df0366') in 0.001747 seconds
Start importing Packages/com.unity.2d.tilemap/Editor/Icons/Tilemap.ActiveTargetLayers.png using Guid(abbc28ff73b72b1438f893d41ca52fb0) Importer(Primary)  -> (artifact id: '80da7032613c1723294a0b794aab879d') in 0.001778 seconds
Start importing Packages/com.unity.2d.sprite/Editor/ObjectMenuCreation/DefaultAssets/Textures/SquareWithBorder.png using Guid(db750325989564987a34393247d883b4) Importer(Primary)  -> (artifact id: '0a15b5c1023ed9dd2cd854d72ada0d2f') in 0.003624 seconds
Start importing Packages/com.unity.2d.tilemap/Editor/Icons/Tilemap.ShowGrid@2x.png using Guid(db1e8fc8f15be484bb9f866640b84c04) Importer(Primary)  -> (artifact id: '973465f2597268d99521506eca504ed7') in 0.002052 seconds
Start importing Packages/com.unity.2d.sprite/Editor/ObjectMenuCreation/DefaultAssets/Textures/Circle.png using Guid(ebe73ca9363db456bacf42c025bb4847) Importer(Primary)  -> (artifact id: '7e6ad9d39e6ac83bab82d097699ca121') in 0.004067 seconds
Start importing Packages/com.unity.2d.tilemap/Editor/Icons/d_Tilemap.BrushSettings.png using Guid(1cea3c0d30c40344881603d28240cfd3) Importer(Primary)  -> (artifact id: '421ecb280e5c579c1e8e61667b8db754') in 0.001839 seconds
Start importing Packages/com.unity.2d.tilemap/Editor/Icons/d_Tilemap.FocusGrid@2x.png using Guid(6c05763976bcac64ebefb1f097e6ef84) Importer(Primary)  -> (artifact id: 'ae00f3952db8db155229127b104d84f0') in 0.001963 seconds
Start importing Packages/com.unity.2d.tilemap/Editor/Icons/Tilemap.DefaultBrush@4x.png using Guid(6ccf4234805f2d049a6869c33213ff65) Importer(Primary)  -> (artifact id: '59b0ce679ff1b05c17ed8cf85e1fec1f') in 0.002365 seconds
Start importing Packages/com.unity.2d.tilemap/Editor/Icons/d_Tilemap.EditPalette@2x.png using Guid(8cbab190b527bd44e8bf5afbc79095e8) Importer(Primary)  -> (artifact id: '588fc5b75a15bddc7af80085244fe636') in 0.001776 seconds
Start importing Packages/com.unity.2d.tilemap/Editor/Icons/d_Tilemap.EditPalette@4x.png using Guid(9c4b584fdcc16e84391e2a1f5235a9d3) Importer(Primary)  -> (artifact id: '29ae9e82beb32933af94ce8e9b29c6fd') in 0.002185 seconds
Start importing Packages/com.unity.2d.tilemap/Editor/Icons/EditorUI.TargetHover@4x.png using Guid(9cdb1d83bdac1554287041973d268c1d) Importer(Primary)  -> (artifact id: 'f587c324c746ac4503a0dc1a02903331') in 0.002103 seconds
Start importing Packages/com.unity.2d.sprite/Editor/ObjectMenuCreation/DefaultAssets/Textures/9-SlicedWithBorder.png using Guid(cc35afd292fc349128b36a291fb3a165) Importer(Primary)  -> (artifact id: '9a4b96426fef41ad46b2880e39db509e') in 0.003553 seconds
Start importing Packages/com.unity.2d.sprite/Editor/ObjectMenuCreation/DefaultAssets/Textures/IsometricDiamondWithBorder.png using Guid(0d267bc78a0864eb48358689b29ed20a) Importer(Primary)  -> (artifact id: 'f45c48c6bd65884f127feaec31e7809e') in 0.002837 seconds
Start importing Packages/com.unity.2d.tilemap/Editor/Icons/d_Tilemap.FocusTilemap@2x.png using Guid(1d8efe8a75b351d4d9aa8b28ddf93196) Importer(Primary)  -> (artifact id: '3567e1b7d4f2615e86e5eff37009d165') in 0.001947 seconds
Start importing Packages/com.unity.2d.tilemap/Editor/Icons/d_Tilemap.ShowGrid@4x.png using Guid(2d35623559ffd044682af7e09affdcc8) Importer(Primary)  -> (artifact id: '2e7d85fb3ed9bff387500758588a06e0') in 0.002348 seconds
Start importing Packages/com.unity.2d.tilemap/Editor/Icons/d_Tilemap.ShowTilePalette@4x.png using Guid(2d8829bed74ac1940856f77a49d02bfb) Importer(Primary)  -> (artifact id: '2b601fa60bcce1399a88b654aabe8341') in 0.002159 seconds
Start importing Packages/com.unity.2d.tilemap/Editor/Icons/Tilemap.TilePalette@2x.png using Guid(5d83937eb3ca95047b4e0e43aac5e962) Importer(Primary)  -> (artifact id: '4187a975ab8c6c5b9d85a5065b2ca673') in 0.001829 seconds
Start importing Packages/com.unity.2d.tilemap/Editor/Icons/d_Tilemap.FocusNone.png using Guid(5dfb96fd1c7a1bf4f9f606597de935cf) Importer(Primary)  -> (artifact id: '00c762cb25addad2dc63ffee6dac9c02') in 0.002076 seconds
Start importing Packages/com.unity.2d.tilemap/Editor/Icons/d_Tilemap.ShowGrid.png using Guid(ad72aefbbd03ec744b3cf61cf766d320) Importer(Primary)  -> (artifact id: 'd00b021e08c0a1edd082f64d51bab395') in 0.001891 seconds
Start importing Packages/com.unity.2d.sprite/Editor/ObjectMenuCreation/DefaultAssets/Textures/Capsule.png using Guid(bd3cb4af8406d4436a2ae8c2aafe1f8d) Importer(Primary)  -> (artifact id: '8438807f6f28838e2bf9623b364080d0') in 0.004787 seconds
Start importing Packages/com.unity.2d.tilemap/Editor/Icons/d_EditorUI.TargetHover@4x.png using Guid(dd81f55787e496249bb4111007562ef5) Importer(Primary)  -> (artifact id: 'ef1e0b1b97ac8c3ed24d0a11b40de195') in 0.002199 seconds
Start importing Packages/com.unity.2d.tilemap/Editor/Icons/d_Tilemap.FocusTilemap@4x.png using Guid(dd62c99bd1ab0984da092d3ea327b733) Importer(Primary)  -> (artifact id: '092fe9448115444356cefd5e82965d9a') in 0.002120 seconds
Start importing Packages/com.unity.2d.tilemap/Editor/Icons/EditorUI.TargetHover.png using Guid(fdc8bace2b7ef504d91d22cca2a5d905) Importer(Primary)  -> (artifact id: '914d4c21f090ae6f50412cbfefca00e3') in 0.001835 seconds
Start importing Packages/com.unity.2d.tilemap/Editor/Icons/EditorUI.TargetHover@2x.png using Guid(2e12ff2cc7983784eab0dfe0bb7ff17e) Importer(Primary)  -> (artifact id: '7f7cbb7e44a3d07b645e713f3b7fb3cd') in 0.002010 seconds
Start importing Packages/com.unity.2d.tilemap/Editor/Icons/d_Tilemap.GridPaint@4x.png using Guid(4e62fa74d1eac074cac268c2997a658c) Importer(Primary)  -> (artifact id: 'ddd71b62573529cb7dd6566d8bb1e0ed') in 0.002334 seconds
Start importing Packages/com.unity.2d.tilemap/Editor/Icons/Tilemap.ActiveTargetLayers@4x.png using Guid(ce315ea6e6e86a740b10e02dda0d0e9c) Importer(Primary)  -> (artifact id: '75fddeda1c3333296b3532b23332ba4f') in 0.002104 seconds
Start importing Packages/com.unity.2d.sprite/Editor/ObjectMenuCreation/DefaultAssets/Textures/HexagonPointed-Top.png using Guid(eed45a33cd08446c8b88325cf82fc52f) Importer(Primary)  -> (artifact id: '405bd1db244b4e0bfac4edebb60e748a') in 0.003848 seconds
Start importing Packages/com.unity.2d.sprite/Editor/Assets/SpriteEditorOn@2x.png using Guid(1fb0e05a5ca5a42ba8ffafe439520b8e) Importer(Primary)  -> (artifact id: 'f7a8a6b8718682f0662b39f050fe1bf5') in 0.001875 seconds
Start importing Packages/com.unity.2d.tilemap/Editor/Icons/d_Grid.FlipX@2x.png using Guid(1f26945e970839e41ba35badd04237ef) Importer(Primary)  -> (artifact id: '9a68c01e658c4a71429679e11aba8416') in 0.001849 seconds
Start importing Packages/com.unity.2d.tilemap/Editor/Icons/EditorUI.Target.png using Guid(cf94b5ae9bca88f4a97ce96847235ba3) Importer(Primary)  -> (artifact id: '6aec2bd51dc2c060991e75772b62f0d9') in 0.001843 seconds
Start importing Packages/com.unity.2d.tilemap/Editor/Icons/d_EditorUI.Target@2x.png using Guid(efae8c209fe26f541b3d560f2034287d) Importer(Primary)  -> (artifact id: 'af260dc6aa340708e1f9b3a10b0aeffc') in 0.002547 seconds
Start importing Packages/com.unity.2d.tilemap/Editor/Icons/Tilemap.BrushSettings@4x.png using Guid(ff827e3a021bd1b4493ddbcd90ed460f) Importer(Primary)  -> (artifact id: '4959bbbaf7b0c7ea508df9ba4dbd6ca6') in 0.002785 seconds
Start importing Packages/com.unity.2d.tilemap/Editor/Icons/d_Tilemap.FocusGrid@4x.png using Guid(ffc58b5d1d8a6ed489be30f7a1291b1e) Importer(Primary)  -> (artifact id: '115f4bf1d0f68b91ce2675631d6d36bf') in 0.002755 seconds
Start importing Packages/com.unity.2d.sprite/LICENSE.md using Guid(20ef7441e2dc7954c9ba3a12ffbac4d9) Importer(Primary)  -> (artifact id: '0419814852e1ac5d4beded23e2dd7a74') in 0.002170 seconds
Start importing Packages/com.unity.2d.tilemap/LICENSE.md using Guid(b0560f6f4fbd3a341a3d14343c000889) Importer(Primary)  -> (artifact id: '61a61e74f51f05b900fc5bb77129e754') in 0.001875 seconds
Start importing Packages/com.unity.2d.tilemap/package.json using Guid(51797d68d3132bb419217a229e09fc47) Importer(Primary)  -> (artifact id: '5bf9015951e18fcbb76d40ea61543e9f') in 0.001832 seconds
Start importing Assets/Resources/Maps/solutions.json using Guid(8208fb159cb9e1740b2ee0cd8ade66ba) Importer(Primary)  -> (artifact id: '0f1258eb252122549946f6c0ec81d221') in 0.001586 seconds
Start importing Packages/com.unity.2d.sprite/README.md using Guid(e31c136ab48c1194184380e435f3936d) Importer(Primary)  -> (artifact id: 'fad07b5529b55819149286a642115a0c') in 0.001596 seconds
Start importing Packages/com.unity.2d.sprite/CHANGELOG.md using Guid(b7007d815829e7644bb81d1f8004a340) Importer(Primary)  -> (artifact id: 'b0ed9b198d8cef0716bb6eb247ce4e2b') in 0.001735 seconds
Start importing Packages/com.unity.2d.tilemap/CHANGELOG.md using Guid(ea7e55ba5de304f4496c0a6f9114405c) Importer(Primary)  -> (artifact id: '76b0f37fc3b9b1714a4323eea2d7022e') in 0.001737 seconds
Start importing Packages/com.unity.2d.tilemap/Third Party Notices.md using Guid(dcf0b2fc1fc794a9f919ec1610b03a1f) Importer(Primary)  -> (artifact id: '9a2967559e92d3994e162aaa99edac5e') in 0.001489 seconds
Start importing Packages/com.unity.2d.sprite/package.json using Guid(7dc5f1e5d04ac8549ac21802071e983b) Importer(Primary)  -> (artifact id: '499503d18ed872bed4bfd0c307d957e0') in 0.001507 seconds
Start importing Packages/com.unity.2d.tilemap/README.md using Guid(8e2a754470eca3549bf5b80afcf34aa7) Importer(Primary)  -> (artifact id: 'c9028b33778f948bcbc92e7cc6488a35') in 0.001553 seconds
Start importing Packages/com.unity.2d.tilemap/Editor/UI/TilePaletteOverlayLight.uss using Guid(2a208840b98c7aa46a99ed3517e86d98) Importer(Primary)  -> (artifact id: 'fe4b0ffc5e076024acbdc190c6c20055') in 0.026604 seconds
Start importing Packages/com.unity.2d.tilemap/Editor/UI/GridPaintPaletteWindow.uss using Guid(ecc64bf4ebc64e2d8487b3a631c5113c) Importer(Primary)  -> (artifact id: 'e8b2f81815207281d512fef79df3efb0') in 0.012281 seconds
Start importing Packages/com.unity.2d.tilemap/Editor/UI/TilePaletteOverlay.uss using Guid(7d4067dd1e595a64aa7286438069d37c) Importer(Primary)  -> (artifact id: 'd34a72e5111a42c4648250927e727751') in 0.005286 seconds
Start importing Packages/com.unity.2d.tilemap/Editor/UI/TilePaletteOverlayDark.uss using Guid(edca8f45c1127f147b3fa62aad3ed9c1) Importer(Primary)  -> (artifact id: 'e15ba314af8db98bf647ae5e152fbfa5') in 0.002731 seconds
Start importing Packages/com.unity.2d.sprite/Editor/UI/SpriteEditor/SpriteEditor.uss using Guid(fd3d7c275a0958b4fa0f26a0ee9b8481) Importer(Primary)  -> (artifact id: '16b19752d10c55e0c4f839a629782c33') in 0.004619 seconds
Start importing Packages/com.unity.2d.sprite/Editor/UI/SpriteEditor/SpriteFrameModuleInspector.uxml using Guid(d02b5650e6e0b4c45ab18d5a1d1fce97) Importer(Primary)  -> (artifact id: 'a7cb30843087c0427ff4049ef6089835') in 0.015743 seconds
Start importing Packages/com.unity.2d.sprite/Editor/UI/SpriteEditor/PolygonChangeShapeWindow.uxml using Guid(ad9baf3ac3e35c948bf6a50e91e91473) Importer(Primary)  -> (artifact id: 'ef9669d3e454747180cabd941119bf33') in 0.003052 seconds
Refreshing native plugins compatible for Editor in 0.00 ms, found 0 plugins.
Preloading 0 native plugins for Editor in 0.00 ms.
Asset Pipeline Refresh (id=3f32883fae89f5643883f8c36a022b15): Total: 3.603 seconds - Initiated by InitialRefreshV2(ForceSynchronousImport)
	Summary:
		Imports: total=297 (actual=297, local cache=0, cache server=0)
		Asset DB Process Time: managed=10 ms, native=892 ms
		Asset DB Callback time: managed=39 ms, native=4 ms
		Scripting: domain reloads=1, domain reload time=370 ms, compile time=2275 ms, other=9 ms
		Project Asset Count: scripts=265, non-scripts=498
		Asset File Changes: new=294, changed=297, moved=0, deleted=0
		Scan Filter Count: 0
		OnDemandAssets Count:0
	InvokeBeforeRefreshCallbacks: 0.787ms
	ApplyChangesToAssetFolders: 0.026ms
	Scan: 45.690ms
	OnSourceAssetsModified: 2.704ms
	GetAllGuidsForCategorization: 0.051ms
	CategorizeAssets: 4.415ms
	ImportOutOfDateAssets: 934.230ms (-2084.999ms without children)
		ImportManagerImport: 743.077ms (84.582ms without children)
			ImportInProcess: 657.617ms
			UpdateCategorizedAssets: 0.879ms
		CompileScripts: 2275.281ms
		ReloadNativeAssets: 0.000ms
		UnloadImportedAssets: 0.200ms
		ReloadImportedAssets: 0.475ms
		EnsureUptoDateAssetsAreRegisteredWithGuidPM: 0.078ms
		InitializingProgressBar: 0.005ms
		PostProcessAllAssetNotificationsAddChangedAssets: 0.001ms
		OnDemandSchedulerStart: 0.112ms
	PostProcessAllAssets: 40.590ms
	Hotreload: 0.677ms
	GatherAllCurrentPrimaryArtifactRevisions: 0.000ms
	UnloadStreamsBegin: 0.245ms
	PersistCurrentRevisions: 0.241ms
	UnloadStreamsEnd: 0.004ms
	GenerateScriptTypeHashes: 0.191ms
	Untracked: 2572.878ms
Application.AssetDatabase Initial Refresh End
Launched and connected shader compiler TuanjieShaderCompiler.exe after 0.03 seconds
Scanning for USB devices : 0.666ms
Initializing Tuanjie extensions:
[Licensing::Client] Successfully send message: {"AuthorizationCheck":"Enep5TlVn1gICA==","messageType":"ProductNameRequest","Value":"unity.DefaultCompany.2DTOOLKIT"} at 1790140149
[Licensing::Client] Successfully receive message: {"responseCode":200,"messageType":"ProductNameResponse"} at 1790140149
[Licensing::Client] Error: ProductNameResponse could not be deserialized
[MODES] ModeService[none].Initialize
[MODES] ModeService[none].LoadModes
[MODES] Loading mode Default (0) for mode-current-id-LoveQiE
Unloading 5 Unused Serialized files (Serialized files now loaded: 0)
Unloading 25 unused Assets / (476.4 KB). Loaded Objects now: 679.
Memory consumption went from 83.6 MB to 83.2 MB.
Total: 2.174800 ms (FindLiveObjects: 0.034400 ms CreateObjectMapping: 0.006000 ms MarkObjects: 1.979100 ms  DeleteObjects: 0.154600 ms)

[Licensing::Client] Successfully send message: {"AuthorizationCheck":"Yq4zMVFaQlSOjg==","messageType":"EntitlementDetailsRequest","entitlementIds":["com.unity.editor.guid.encryption","com.unity.editor.headless"],"packageEntitlementIds":[],"includeCustomData":false} at 1790140149
[Licensing::Client] Successfully receive message: {"entitlementGroups":[{"entitlementGroupId":"F4-9MP9-ZWAG-QSVY-CHDF-P4PP","entitlementGroupIdHash":"25af702a0ffcfe3cb60897b1e699a94eb8956553","productName":"Unity Personal","productType":"TuanjieEditor","licenseType":"ULF","expiration":1790575743000,"matchedEntitlements":[{"entitlementId":"com.unity.editor.headless","isPackage":false,"count":1},{"entitlementId":"com.unity.editor.guid.encryption","isPackage":false,"count":1}]}],"responseCode":200,"responseStatus":"Found 1 entitlement groups and 0 free entitlements matching requested entitlement ids","messageType":"EntitlementDetailsResponse","authorizationCheck":"Yq4zMVFaQlSOjrd/61LbjeRXFdte"} at 1790140149
[Licensing::Client] Attempt to check time stamp (startTime: 1790140149, endTime: 1790140149)
[Licensing::Client] Successfully resolved entitlement details
Start importing Assets/NativeTiles/WoodPalette.prefab using Guid(2f443cb45ebf3014a8f99e79b6ed8442) Importer(Primary)  -> (artifact id: 'd9edba2ae35fe4d0edce279262e24bd7') in 0.004488 seconds
Refreshing native plugins compatible for Editor in 0.00 ms, found 0 plugins.
Preloading 0 native plugins for Editor in 0.00 ms.
Asset Pipeline Refresh (id=9c04a36eefa9eed4caa13a8daf40a746): Total: 0.037 seconds - Initiated by StopAssetImportingV2(NoUpdateAssetOptions)
Start importing Assets/NativeTiles/WoodPalette.prefab using Guid(2f443cb45ebf3014a8f99e79b6ed8442) Importer(Primary)  -> (artifact id: '1ffceef7fc8e133d5887b4b02023a3ec') in 0.002698 seconds
Refreshing native plugins compatible for Editor in 0.00 ms, found 0 plugins.
Preloading 0 native plugins for Editor in 0.00 ms.
Asset Pipeline Refresh (id=cb70d18a5401bea4abcf5bdfa853eaa5): Total: 0.008 seconds - Initiated by StopAssetImportingV2(NoUpdateAssetOptions)
Asset Pipeline Refresh (id=f5f59a875b4266c48a89c73038f5e595): Total: 0.013 seconds - Initiated by RefreshV2(NoUpdateAssetOptions)
Loaded scene 'Library/Unused/da7774ec07e41b747866f1a0316d10b2'
	Deserialize:            0.248 ms
	Integration:            0.117 ms
	Integration of assets:  0.001 ms
	Thread Wait Time:       0.007 ms
	Total Operation Time:   0.374 ms
Start importing Assets/NativeTiles/WoodPalette.prefab using Guid(2f443cb45ebf3014a8f99e79b6ed8442) Importer(Primary)  -> (artifact id: 'addb13636e6a0eff82b8af34927628f3') in 0.006672 seconds
Refreshing native plugins compatible for Editor in 0.00 ms, found 0 plugins.
Preloading 0 native plugins for Editor in 0.00 ms.
Asset Pipeline Refresh (id=cbdb9b7136a4a5a47b6dc823f2b110a6): Total: 0.013 seconds - Initiated by StopAssetImportingV2(NoUpdateAssetOptions)
Opening scene 'Assets/main.unity'
Unloading 0 Unused Serialized files (Serialized files now loaded: 0)
Loaded scene 'Assets/main.unity'
	Deserialize:            1.558 ms
	Integration:            7.187 ms
	Integration of assets:  0.002 ms
	Thread Wait Time:       0.009 ms
	Total Operation Time:   8.756 ms
Unloading 142 unused Assets / (114.9 KB). Loaded Objects now: 739.
Memory consumption went from 82.9 MB to 82.8 MB.
Total: 1.869900 ms (FindLiveObjects: 0.041300 ms CreateObjectMapping: 0.007300 ms MarkObjects: 1.693500 ms  DeleteObjects: 0.127300 ms)

NATIVE_TILEMAP_VALIDATION_PASS 10797
UnityEngine.StackTraceUtility:ExtractStackTrace ()
UnityEngine.DebugLogHandler:LogFormat (UnityEngine.LogType,UnityEngine.Object,string,object[])
UnityEngine.Logger:Log (UnityEngine.LogType,object)
UnityEngine.Debug:Log (object)
NativeTilemapMigration:Validate () (at Assets/Editor/NativeTilemapMigration/NativeTilemapMigration.cs:187)
NativeTilemapMigration:Build () (at Assets/Editor/NativeTilemapMigration/NativeTilemapMigration.cs:192)
NativeTilemapMigration:FinishSetup () (at Assets/Editor/NativeTilemapMigration/NativeTilemapMigration.cs:221)

(Filename: Assets/Editor/NativeTilemapMigration/NativeTilemapMigration.cs Line: 187)

[Licensing::Client] Successfully send message: {"AuthorizationCheck":"Yq4zMVFaQlSPhg==","messageType":"EntitlementDetailsRequest","entitlementIds":["com.unity.editor","com.unity.editor.headless"],"packageEntitlementIds":[],"includeCustomData":false} at 1790140151
[Licensing::Client] Successfully receive message: {"entitlementGroups":[{"entitlementGroupId":"F4-9MP9-ZWAG-QSVY-CHDF-P4PP","entitlementGroupIdHash":"25af702a0ffcfe3cb60897b1e699a94eb8956553","productName":"Unity Personal","productType":"TuanjieEditor","licenseType":"ULF","expiration":1790575743000,"matchedEntitlements":[{"entitlementId":"com.unity.editor","isPackage":false,"count":1},{"entitlementId":"com.unity.editor.headless","isPackage":false,"count":1}]}],"responseCode":200,"responseStatus":"Found 1 entitlement groups and 0 free entitlements matching requested entitlement ids","messageType":"EntitlementDetailsResponse","authorizationCheck":"Yq4zMVFaQlSPhrd/61LbjXtbhlju"} at 1790140151
[Licensing::Client] Attempt to check time stamp (startTime: 1790140151, endTime: 1790140151)
[Licensing::Client] Successfully resolved entitlement details
[Licensing::Client] Successfully send message: {"AuthorizationCheck":"Yq4zMVFaQlSPhg==","messageType":"EntitlementDetailsRequest","entitlementIds":["com.unity.editor","com.unity.editor.headless"],"packageEntitlementIds":[],"includeCustomData":false} at 1790140151
[Licensing::Client] Successfully receive message: {"entitlementGroups":[{"entitlementGroupId":"F4-9MP9-ZWAG-QSVY-CHDF-P4PP","entitlementGroupIdHash":"25af702a0ffcfe3cb60897b1e699a94eb8956553","productName":"Unity Personal","productType":"TuanjieEditor","licenseType":"ULF","expiration":1790575743000,"matchedEntitlements":[{"entitlementId":"com.unity.editor","isPackage":false,"count":1},{"entitlementId":"com.unity.editor.headless","isPackage":false,"count":1}]}],"responseCode":200,"responseStatus":"Found 1 entitlement groups and 0 free entitlements matching requested entitlement ids","messageType":"EntitlementDetailsResponse","authorizationCheck":"Yq4zMVFaQlSPhrd/61LbjXtbhlju"} at 1790140151
[Licensing::Client] Attempt to check time stamp (startTime: 1790140151, endTime: 1790140151)
[Licensing::Client] Successfully resolved entitlement details
Starting: C:\Program Files\Tuanjie\Hub\Editor\2022.3.61t14\Editor\Data\bee_backend.exe --dont-print-to-structured-log --ipc --defer-dag-verification --dagfile="Library/Bee/1900b0aESkipCompile.dag" --continue-on-failure --profile="Library/Bee/backend1.traceevents" ScriptAssembliesAndTypeDB
WorkingDir: D:/game/LoveQiE-without2DToolkit
ExitCode: 4 Duration: 0s183ms
Rebuilding DAG because FileSignature timestamp changed: Library/Bee/1900b0aESkipCompile-inputdata.json
[2/3        0s] BuildPlayerDataGenerator Library/BuildPlayerData/Editor/TypeDb-All.json
*** Tundra requires additional run (0.16 seconds), 1 items updated, 1 evaluated
Starting: C:\Program Files\Tuanjie\Hub\Editor\2022.3.61t14\Editor\Data\Tools\netcorerun\netcorerun.exe "C:\Program Files\Tuanjie\Hub\Editor\2022.3.61t14\Editor\Data\Tools\BuildPipeline\ScriptCompilationBuildProgram.exe" "Library/Bee/1900b0aESkipCompile.dag.json" "Library/Bee/1900b0aESkipCompile-inputdata.json" "Library\Bee\buildprogram0.traceevents"
WorkingDir: D:/game/LoveQiE-without2DToolkit
ExitCode: 0 Duration: 0s145ms
Starting: C:\Program Files\Tuanjie\Hub\Editor\2022.3.61t14\Editor\Data\bee_backend.exe --dont-print-to-structured-log --ipc --defer-dag-verification --dagfile="Library/Bee/1900b0aESkipCompile.dag" --continue-on-failure --dagfilejson="Library\Bee\1900b0aESkipCompile.dag.json" --profile="Library/Bee/backend2.traceevents" ScriptAssembliesAndTypeDB
WorkingDir: D:/game/LoveQiE-without2DToolkit
ExitCode: 0 Duration: 0s30ms
Finished compiling graph: 4 nodes, 5 flattened edges (5 ToBuild, 0 ToUse), maximum node priority 3
*** Tundra build success (0.01 seconds), 0 items updated, 3 evaluated
Asset Pipeline Refresh (id=0462cf1a52b30224e9d838213628062a): Total: 0.005 seconds - Initiated by RefreshV2(NoUpdateAssetOptions)
[ScriptCompilation] Requested script compilation because: Recompiling scripts for player build.
BuildPlayer: start building target 19
Starting: C:\Program Files\Tuanjie\Hub\Editor\2022.3.61t14\Editor\Data\bee_backend.exe --dont-print-to-structured-log --ipc --defer-dag-verification --dagfile="Library/Bee/1900b0aPDevDbg.dag" --continue-on-failure --profile="Library/Bee/backend1.traceevents" ScriptAssembliesAndTypeDB
WorkingDir: D:/game/LoveQiE-without2DToolkit
ExitCode: 4 Duration: 0s165ms
Rebuilding DAG because FileSignature timestamp changed: Library/Bee/1900b0aPDevDbg-inputdata.json
[74/79      0s] Csc Library/Bee/artifacts/1900b0aPDevDbg.dag/Assembly-CSharp.dll (+2 others)
*** Tundra requires additional run (0.14 seconds), 1 items updated, 73 evaluated
Starting: C:\Program Files\Tuanjie\Hub\Editor\2022.3.61t14\Editor\Data\Tools\netcorerun\netcorerun.exe "C:\Program Files\Tuanjie\Hub\Editor\2022.3.61t14\Editor\Data\Tools\BuildPipeline\ScriptCompilationBuildProgram.exe" "Library/Bee/1900b0aPDevDbg.dag.json" "Library/Bee/1900b0aPDevDbg-inputdata.json" "Library\Bee\buildprogram0.traceevents"
WorkingDir: D:/game/LoveQiE-without2DToolkit
ExitCode: 0 Duration: 0s163ms
Starting: C:\Program Files\Tuanjie\Hub\Editor\2022.3.61t14\Editor\Data\bee_backend.exe --dont-print-to-structured-log --ipc --defer-dag-verification --dagfile="Library/Bee/1900b0aPDevDbg.dag" --continue-on-failure --dagfilejson="Library\Bee\1900b0aPDevDbg.dag.json" --profile="Library/Bee/backend2.traceevents" ScriptAssembliesAndTypeDB
WorkingDir: D:/game/LoveQiE-without2DToolkit
ExitCode: 0 Duration: 0s194ms
Finished compiling graph: 80 nodes, 231 flattened edges (227 ToBuild, 2 ToUse), maximum node priority 14
[75/79      0s] CopyFiles Library/Bee/PlayerScriptAssemblies/Assembly-CSharp.pdb
[76/79      0s] CopyFiles Library/Bee/PlayerScriptAssemblies/Assembly-CSharp.dll
[78/79      0s] BuildPlayerDataGenerator Library/BuildPlayerData/Player/RuntimeInitializeOnLoads.json (+1 other)
*** Tundra build success (0.17 seconds), 3 items updated, 79 evaluated
Rebuilding Data files because Assets/Resources/Maps/solutions.json is dirty (hash)
Asset Pipeline Refresh (id=589f47e38cf956d4f8fe83837fe20c1c): Total: 0.004 seconds - Initiated by RefreshV2(NoUpdateAssetOptions)
Opening scene 'Assets/main.unity'
Unloading 2 Unused Serialized files (Serialized files now loaded: 0)
Loaded scene 'Assets/main.unity'
	Deserialize:            1.231 ms
	Integration:            2.363 ms
	Integration of assets:  0.002 ms
	Thread Wait Time:       0.008 ms
	Total Operation Time:   3.604 ms
Unloading 1076 unused Assets / (1.0 MB). Loaded Objects now: 752.
Memory consumption went from 88.3 MB to 87.2 MB.
Total: 2.483500 ms (FindLiveObjects: 0.062400 ms CreateObjectMapping: 0.015800 ms MarkObjects: 1.786800 ms  DeleteObjects: 0.618200 ms)

Created GICache directory at C:/Users/trlanfeng/AppData/LocalLow/Tuanjie/Caches/GiCache. Took: 0.041s, timestamps: [14.272 - 14.314]
gi::BakeBackendSwitch: switching bake backend from 3 to 2.


Mono dependencies included in the build
Dependency assembly - System.IO.Compression.FileSystem.dll
Dependency assembly - mscorlib.dll
Dependency assembly - System.Security.dll
Dependency assembly - System.Configuration.dll
Dependency assembly - System.EnterpriseServices.dll
Dependency assembly - System.ComponentModel.Composition.dll
Dependency assembly - System.Net.Http.dll
Dependency assembly - System.Data.DataSetExtensions.dll
Dependency assembly - Assembly-CSharp.dll
Dependency assembly - System.Drawing.dll
Dependency assembly - System.dll
Dependency assembly - System.Data.dll
Dependency assembly - System.Xml.Linq.dll
Dependency assembly - System.Numerics.dll
Dependency assembly - System.Xml.dll
Dependency assembly - netstandard.dll
Dependency assembly - System.Transactions.dll
Dependency assembly - System.Core.dll
Dependency assembly - Mono.Security.dll
Dependency assembly - System.Runtime.Serialization.dll
Dependency assembly - System.ServiceModel.Internals.dll
Dependency assembly - System.IO.Compression.dll

Unloading 157 Unused Serialized files (Serialized files now loaded: 0)
Unloading 1039 unused Assets / (316.3 KB). Loaded Objects now: 766.
Memory consumption went from 93.9 MB to 93.6 MB.
Total: 2.390700 ms (FindLiveObjects: 0.065700 ms CreateObjectMapping: 0.015500 ms MarkObjects: 1.938100 ms  DeleteObjects: 0.371100 ms)

Unloading 0 Unused Serialized files (Serialized files now loaded: 0)
Unloading 0 unused Assets / (454.2 KB). Loaded Objects now: 766.
Memory consumption went from 93.3 MB to 92.9 MB.
Total: 1.739000 ms (FindLiveObjects: 0.028500 ms CreateObjectMapping: 0.005200 ms MarkObjects: 1.693800 ms  DeleteObjects: 0.011000 ms)

Unloading 1 Unused Serialized files (Serialized files now loaded: 0)
Unloading 173 unused Assets / (132.7 MB). Loaded Objects now: 766.
Memory consumption went from 218.3 MB to 85.5 MB.
Total: 11.207800 ms (FindLiveObjects: 0.040700 ms CreateObjectMapping: 0.009000 ms MarkObjects: 2.121600 ms  DeleteObjects: 9.035900 ms)

Compiling shader "Sprites/Default" pass "" (vp)
    Full variant space:         8
    After settings filtering:   8
    After built-in stripping:   4
    After scriptable stripping: 4
    Processed in 0.00 seconds
    starting compilation...
    finished in 0.00 seconds. Local cache hits 4 (0.00s CPU time), remote cache hits 0 (0.00s CPU time), compiled 0 variants (0.00s CPU time), skipped 0 variants
    Prepared data for serialisation in 0.00s
Compiling shader "Sprites/Default" pass "" (fp)
    Full variant space:         8
    After settings filtering:   8
    After built-in stripping:   4
    After scriptable stripping: 4
    Processed in 0.00 seconds
    starting compilation...
    finished in 0.00 seconds. Local cache hits 4 (0.00s CPU time), remote cache hits 0 (0.00s CPU time), compiled 0 variants (0.00s CPU time), skipped 0 variants
    Prepared data for serialisation in 0.00s
Serialized binary data for shader Sprites/Default in 0.00s
    d3d11 (total internal programs: 8, unique: 8)
Script attached to 'DOTweenSettings' in scene '' is missing or no valid script is attached.
UnityEngine.StackTraceUtility:ExtractStackTrace ()
UnityEditor.BuildPipeline:BuildPlayerInternalNoCheck (string[],string,string,UnityEditor.BuildTargetGroup,UnityEditor.BuildTarget,int,UnityEditor.BuildOptions,string[],bool)
UnityEditor.BuildPipeline:BuildPlayerInternal (string[],string,string,UnityEditor.BuildTargetGroup,UnityEditor.BuildTarget,int,UnityEditor.BuildOptions,string[])
UnityEditor.BuildPipeline:BuildPlayer (string[],string,string,UnityEditor.BuildTargetGroup,UnityEditor.BuildTarget,int,UnityEditor.BuildOptions,string[])
UnityEditor.BuildPipeline:BuildPlayer (UnityEditor.BuildPlayerOptions)
NativeTilemapMigration:Build () (at Assets/Editor/NativeTilemapMigration/NativeTilemapMigration.cs:194)
NativeTilemapMigration:FinishSetup () (at Assets/Editor/NativeTilemapMigration/NativeTilemapMigration.cs:221)

[Assets/Editor/NativeTilemapMigration/NativeTilemapMigration.cs line 194]

Compiling shader "Legacy Shaders/VertexLit" pass "" (vp)
    Full variant space:         12
    After settings filtering:   12
    After built-in stripping:   3
    After scriptable stripping: 3
    Processed in 0.00 seconds
    starting compilation...
    finished in 0.00 seconds. Local cache hits 3 (0.00s CPU time), remote cache hits 0 (0.00s CPU time), compiled 0 variants (0.00s CPU time), skipped 0 variants
    Prepared data for serialisation in 0.00s
Compiling shader "Legacy Shaders/VertexLit" pass "" (fp)
    Full variant space:         12
    After settings filtering:   12
    After built-in stripping:   3
    After scriptable stripping: 3
    Processed in 0.00 seconds
    starting compilation...
    finished in 0.00 seconds. Local cache hits 3 (0.00s CPU time), remote cache hits 0 (0.00s CPU time), compiled 0 variants (0.00s CPU time), skipped 0 variants
    Prepared data for serialisation in 0.00s
Compiling shader "Legacy Shaders/VertexLit" pass "" (vp)
    Full variant space:         4
    After settings filtering:   4
    After built-in stripping:   1
    After scriptable stripping: 1
    Processed in 0.00 seconds
    starting compilation...
    finished in 0.00 seconds. Local cache hits 1 (0.00s CPU time), remote cache hits 0 (0.00s CPU time), compiled 0 variants (0.00s CPU time), skipped 0 variants
    Prepared data for serialisation in 0.00s
Compiling shader "Legacy Shaders/VertexLit" pass "" (fp)
    Full variant space:         4
    After settings filtering:   4
    After built-in stripping:   1
    After scriptable stripping: 1
    Processed in 0.00 seconds
    starting compilation...
    finished in 0.00 seconds. Local cache hits 1 (0.00s CPU time), remote cache hits 0 (0.00s CPU time), compiled 0 variants (0.00s CPU time), skipped 0 variants
    Prepared data for serialisation in 0.00s
Compiling shader "Legacy Shaders/VertexLit" pass "ShadowCaster" (vp)
    Full variant space:         4
    After settings filtering:   4
    After built-in stripping:   2
    After scriptable stripping: 2
    Processed in 0.00 seconds
    starting compilation...
    finished in 0.00 seconds. Local cache hits 2 (0.00s CPU time), remote cache hits 0 (0.00s CPU time), compiled 0 variants (0.00s CPU time), skipped 0 variants
    Prepared data for serialisation in 0.00s
Compiling shader "Legacy Shaders/VertexLit" pass "ShadowCaster" (fp)
    Full variant space:         4
    After settings filtering:   4
    After built-in stripping:   2
    After scriptable stripping: 2
    Processed in 0.00 seconds
    starting compilation...
    finished in 0.00 seconds. Local cache hits 2 (0.00s CPU time), remote cache hits 0 (0.00s CPU time), compiled 0 variants (0.00s CPU time), skipped 0 variants
    Prepared data for serialisation in 0.00s
Serialized binary data for shader Legacy Shaders/VertexLit in 0.00s
    d3d11 (total internal programs: 12, unique: 12)
Compiling shader "Legacy Shaders/Diffuse" pass "FORWARD" (vp)
    Full variant space:         664
    After settings filtering:   664
    After built-in stripping:   8
    After scriptable stripping: 8
    Processed in 0.00 seconds
    starting compilation...
    finished in 0.00 seconds. Local cache hits 8 (0.00s CPU time), remote cache hits 0 (0.00s CPU time), compiled 0 variants (0.00s CPU time), skipped 0 variants
    Prepared data for serialisation in 0.00s
Compiling shader "Legacy Shaders/Diffuse" pass "FORWARD" (fp)
    Full variant space:         504
    After settings filtering:   504
    After built-in stripping:   4
    After scriptable stripping: 4
    Processed in 0.00 seconds
    starting compilation...
    finished in 0.00 seconds. Local cache hits 4 (0.00s CPU time), remote cache hits 0 (0.00s CPU time), compiled 0 variants (0.00s CPU time), skipped 0 variants
    Prepared data for serialisation in 0.00s
Compiling shader "Legacy Shaders/Diffuse" pass "FORWARD" (vp)
    Full variant space:         20
    After settings filtering:   20
    After built-in stripping:   5
    After scriptable stripping: 5
    Processed in 0.00 seconds
    starting compilation...
    finished in 0.00 seconds. Local cache hits 5 (0.00s CPU time), remote cache hits 0 (0.00s CPU time), compiled 0 variants (0.00s CPU time), skipped 0 variants
    Prepared data for serialisation in 0.00s
Compiling shader "Legacy Shaders/Diffuse" pass "FORWARD" (fp)
    Full variant space:         20
    After settings filtering:   20
    After built-in stripping:   5
    After scriptable stripping: 5
    Processed in 0.00 seconds
    starting compilation...
    finished in 0.00 seconds. Local cache hits 5 (0.00s CPU time), remote cache hits 0 (0.00s CPU time), compiled 0 variants (0.00s CPU time), skipped 0 variants
    Prepared data for serialisation in 0.00s
Compiling shader "Legacy Shaders/Diffuse" pass "DEFERRED" (vp)
    Full variant space:         76
    After settings filtering:   76
    After built-in stripping:   4
    After scriptable stripping: 4
    Processed in 0.00 seconds
    starting compilation...
    finished in 0.00 seconds. Local cache hits 4 (0.00s CPU time), remote cache hits 0 (0.00s CPU time), compiled 0 variants (0.00s CPU time), skipped 0 variants
    Prepared data for serialisation in 0.00s
Compiling shader "Legacy Shaders/Diffuse" pass "DEFERRED" (fp)
    Full variant space:         76
    After settings filtering:   76
    After built-in stripping:   4
    After scriptable stripping: 4
    Processed in 0.00 seconds
    starting compilation...
    finished in 0.00 seconds. Local cache hits 4 (0.00s CPU time), remote cache hits 0 (0.00s CPU time), compiled 0 variants (0.00s CPU time), skipped 0 variants
    Prepared data for serialisation in 0.00s
Serialized binary data for shader Legacy Shaders/Diffuse in 0.00s
    d3d11 (total internal programs: 30, unique: 30)
Compiling shader "Hidden/Internal-StencilWrite" pass "" (vp)
    Full variant space:         1
    After settings filtering:   1
    After built-in stripping:   1
    After scriptable stripping: 1
    Processed in 0.00 seconds
    starting compilation...
    finished in 0.00 seconds. Local cache hits 1 (0.00s CPU time), remote cache hits 0 (0.00s CPU time), compiled 0 variants (0.00s CPU time), skipped 0 variants
    Prepared data for serialisation in 0.00s
Compiling shader "Hidden/Internal-StencilWrite" pass "" (fp)
    Full variant space:         1
    After settings filtering:   1
    After built-in stripping:   1
    After scriptable stripping: 1
    Processed in 0.00 seconds
    starting compilation...
    finished in 0.00 seconds. Local cache hits 1 (0.00s CPU time), remote cache hits 0 (0.00s CPU time), compiled 0 variants (0.00s CPU time), skipped 0 variants
    Prepared data for serialisation in 0.00s
Serialized binary data for shader Hidden/Internal-StencilWrite in 0.00s
    d3d11 (total internal programs: 2, unique: 2)
Compiling shader "Hidden/Internal-DepthNormalsTexture" pass "" (vp)
    Full variant space:         1
    After settings filtering:   1
    After built-in stripping:   1
    After scriptable stripping: 1
    Processed in 0.00 seconds
    starting compilation...
    finished in 0.00 seconds. Local cache hits 1 (0.00s CPU time), remote cache hits 0 (0.00s CPU time), compiled 0 variants (0.00s CPU time), skipped 0 variants
    Prepared data for serialisation in 0.00s
Compiling shader "Hidden/Internal-DepthNormalsTexture" pass "" (fp)
    Full variant space:         1
    After settings filtering:   1
    After built-in stripping:   1
    After scriptable stripping: 1
    Processed in 0.00 seconds
    starting compilation...
    finished in 0.00 seconds. Local cache hits 1 (0.00s CPU time), remote cache hits 0 (0.00s CPU time), compiled 0 variants (0.00s CPU time), skipped 0 variants
    Prepared data for serialisation in 0.00s
Compiling shader "Hidden/Internal-DepthNormalsTexture" pass "" (vp)
    Full variant space:         1
    After settings filtering:   1
    After built-in stripping:   1
    After scriptable stripping: 1
    Processed in 0.00 seconds
    starting compilation...
    finished in 0.00 seconds. Local cache hits 1 (0.00s CPU time), remote cache hits 0 (0.00s CPU time), compiled 0 variants (0.00s CPU time), skipped 0 variants
    Prepared data for serialisation in 0.00s
Compiling shader "Hidden/Internal-DepthNormalsTexture" pass "" (fp)
    Full variant space:         1
    After settings filtering:   1
    After built-in stripping:   1
    After scriptable stripping: 1
    Processed in 0.00 seconds
    starting compilation...
    finished in 0.00 seconds. Local cache hits 1 (0.00s CPU time), remote cache hits 0 (0.00s CPU time), compiled 0 variants (0.00s CPU time), skipped 0 variants
    Prepared data for serialisation in 0.00s
Compiling shader "Hidden/Internal-DepthNormalsTexture" pass "" (vp)
    Full variant space:         1
    After settings filtering:   1
    After built-in stripping:   1
    After scriptable stripping: 1
    Processed in 0.00 seconds
    starting compilation...
    finished in 0.00 seconds. Local cache hits 1 (0.00s CPU time), remote cache hits 0 (0.00s CPU time), compiled 0 variants (0.00s CPU time), skipped 0 variants
    Prepared data for serialisation in 0.00s
Compiling shader "Hidden/Internal-DepthNormalsTexture" pass "" (fp)
    Full variant space:         1
    After settings filtering:   1
    After built-in stripping:   1
    After scriptable stripping: 1
    Processed in 0.00 seconds
    starting compilation...
    finished in 0.00 seconds. Local cache hits 1 (0.00s CPU time), remote cache hits 0 (0.00s CPU time), compiled 0 variants (0.00s CPU time), skipped 0 variants
    Prepared data for serialisation in 0.00s
Compiling shader "Hidden/Internal-DepthNormalsTexture" pass "" (vp)
    Full variant space:         1
    After settings filtering:   1
    After built-in stripping:   1
    After scriptable stripping: 1
    Processed in 0.00 seconds
    starting compilation...
    finished in 0.00 seconds. Local cache hits 1 (0.00s CPU time), remote cache hits 0 (0.00s CPU time), compiled 0 variants (0.00s CPU time), skipped 0 variants
    Prepared data for serialisation in 0.00s
Compiling shader "Hidden/Internal-DepthNormalsTexture" pass "" (fp)
    Full variant space:         1
    After settings filtering:   1
    After built-in stripping:   1
    After scriptable stripping: 1
    Processed in 0.00 seconds
    starting compilation...
    finished in 0.00 seconds. Local cache hits 1 (0.00s CPU time), remote cache hits 0 (0.00s CPU time), compiled 0 variants (0.00s CPU time), skipped 0 variants
    Prepared data for serialisation in 0.00s
Compiling shader "Hidden/Internal-DepthNormalsTexture" pass "" (vp)
    Full variant space:         1
    After settings filtering:   1
    After built-in stripping:   1
    After scriptable stripping: 1
    Processed in 0.00 seconds
    starting compilation...
    finished in 0.00 seconds. Local cache hits 1 (0.00s CPU time), remote cache hits 0 (0.00s CPU time), compiled 0 variants (0.00s CPU time), skipped 0 variants
    Prepared data for serialisation in 0.00s
Compiling shader "Hidden/Internal-DepthNormalsTexture" pass "" (fp)
    Full variant space:         1
    After settings filtering:   1
    After built-in stripping:   1
    After scriptable stripping: 1
    Processed in 0.00 seconds
    starting compilation...
    finished in 0.00 seconds. Local cache hits 1 (0.00s CPU time), remote cache hits 0 (0.00s CPU time), compiled 0 variants (0.00s CPU time), skipped 0 variants
    Prepared data for serialisation in 0.00s
Compiling shader "Hidden/Internal-DepthNormalsTexture" pass "" (vp)
    Full variant space:         1
    After settings filtering:   1
    After built-in stripping:   1
    After scriptable stripping: 1
    Processed in 0.00 seconds
    starting compilation...
    finished in 0.00 seconds. Local cache hits 1 (0.00s CPU time), remote cache hits 0 (0.00s CPU time), compiled 0 variants (0.00s CPU time), skipped 0 variants
    Prepared data for serialisation in 0.00s
Compiling shader "Hidden/Internal-DepthNormalsTexture" pass "" (fp)
    Full variant space:         1
    After settings filtering:   1
    After built-in stripping:   1
    After scriptable stripping: 1
    Processed in 0.00 seconds
    starting compilation...
    finished in 0.00 seconds. Local cache hits 1 (0.00s CPU time), remote cache hits 0 (0.00s CPU time), compiled 0 variants (0.00s CPU time), skipped 0 variants
    Prepared data for serialisation in 0.00s
Compiling shader "Hidden/Internal-DepthNormalsTexture" pass "" (vp)
    Full variant space:         1
    After settings filtering:   1
    After built-in stripping:   1
    After scriptable stripping: 1
    Processed in 0.00 seconds
    starting compilation...
    finished in 0.00 seconds. Local cache hits 1 (0.00s CPU time), remote cache hits 0 (0.00s CPU time), compiled 0 variants (0.00s CPU time), skipped 0 variants
    Prepared data for serialisation in 0.00s
Compiling shader "Hidden/Internal-DepthNormalsTexture" pass "" (fp)
    Full variant space:         1
    After settings filtering:   1
    After built-in stripping:   1
    After scriptable stripping: 1
    Processed in 0.00 seconds
    starting compilation...
    finished in 0.00 seconds. Local cache hits 1 (0.00s CPU time), remote cache hits 0 (0.00s CPU time), compiled 0 variants (0.00s CPU time), skipped 0 variants
    Prepared data for serialisation in 0.00s
Compiling shader "Hidden/Internal-DepthNormalsTexture" pass "" (vp)
    Full variant space:         1
    After settings filtering:   1
    After built-in stripping:   1
    After scriptable stripping: 1
    Processed in 0.00 seconds
    starting compilation...
    finished in 0.00 seconds. Local cache hits 1 (0.00s CPU time), remote cache hits 0 (0.00s CPU time), compiled 0 variants (0.00s CPU time), skipped 0 variants
    Prepared data for serialisation in 0.00s
Compiling shader "Hidden/Internal-DepthNormalsTexture" pass "" (fp)
    Full variant space:         1
    After settings filtering:   1
    After built-in stripping:   1
    After scriptable stripping: 1
    Processed in 0.00 seconds
    starting compilation...
    finished in 0.00 seconds. Local cache hits 1 (0.00s CPU time), remote cache hits 0 (0.00s CPU time), compiled 0 variants (0.00s CPU time), skipped 0 variants
    Prepared data for serialisation in 0.00s
Compiling shader "Hidden/Internal-DepthNormalsTexture" pass "" (vp)
    Full variant space:         1
    After settings filtering:   1
    After built-in stripping:   1
    After scriptable stripping: 1
    Processed in 0.00 seconds
    starting compilation...
    finished in 0.00 seconds. Local cache hits 1 (0.00s CPU time), remote cache hits 0 (0.00s CPU time), compiled 0 variants (0.00s CPU time), skipped 0 variants
    Prepared data for serialisation in 0.00s
Compiling shader "Hidden/Internal-DepthNormalsTexture" pass "" (fp)
    Full variant space:         1
    After settings filtering:   1
    After built-in stripping:   1
    After scriptable stripping: 1
    Processed in 0.00 seconds
    starting compilation...
    finished in 0.00 seconds. Local cache hits 1 (0.00s CPU time), remote cache hits 0 (0.00s CPU time), compiled 0 variants (0.00s CPU time), skipped 0 variants
    Prepared data for serialisation in 0.00s
Compiling shader "Hidden/Internal-DepthNormalsTexture" pass "" (vp)
    Full variant space:         1
    After settings filtering:   1
    After built-in stripping:   1
    After scriptable stripping: 1
    Processed in 0.00 seconds
    starting compilation...
    finished in 0.00 seconds. Local cache hits 1 (0.00s CPU time), remote cache hits 0 (0.00s CPU time), compiled 0 variants (0.00s CPU time), skipped 0 variants
    Prepared data for serialisation in 0.00s
Compiling shader "Hidden/Internal-DepthNormalsTexture" pass "" (fp)
    Full variant space:         1
    After settings filtering:   1
    After built-in stripping:   1
    After scriptable stripping: 1
    Processed in 0.00 seconds
    starting compilation...
    finished in 0.00 seconds. Local cache hits 1 (0.00s CPU time), remote cache hits 0 (0.00s CPU time), compiled 0 variants (0.00s CPU time), skipped 0 variants
    Prepared data for serialisation in 0.00s
Serialized binary data for shader Hidden/Internal-DepthNormalsTexture in 0.00s
    d3d11 (total internal programs: 20, unique: 17)
Compiling shader "Hidden/Internal-ScreenSpaceShadows" pass "" (vp)
    Full variant space:         4
    After settings filtering:   4
    After built-in stripping:   4
    After scriptable stripping: 4
    Processed in 0.00 seconds
    starting compilation...
    finished in 0.00 seconds. Local cache hits 4 (0.00s CPU time), remote cache hits 0 (0.00s CPU time), compiled 0 variants (0.00s CPU time), skipped 0 variants
    Prepared data for serialisation in 0.00s
Compiling shader "Hidden/Internal-ScreenSpaceShadows" pass "" (fp)
    Full variant space:         4
    After settings filtering:   4
    After built-in stripping:   4
    After scriptable stripping: 4
    Processed in 0.00 seconds
    starting compilation...
    finished in 0.00 seconds. Local cache hits 4 (0.00s CPU time), remote cache hits 0 (0.00s CPU time), compiled 0 variants (0.00s CPU time), skipped 0 variants
    Prepared data for serialisation in 0.00s
Compiling shader "Hidden/Internal-ScreenSpaceShadows" pass "" (vp)
    Full variant space:         4
    After settings filtering:   4
    After built-in stripping:   4
    After scriptable stripping: 4
    Processed in 0.00 seconds
    starting compilation...
    finished in 0.00 seconds. Local cache hits 4 (0.00s CPU time), remote cache hits 0 (0.00s CPU time), compiled 0 variants (0.00s CPU time), skipped 0 variants
    Prepared data for serialisation in 0.00s
Compiling shader "Hidden/Internal-ScreenSpaceShadows" pass "" (fp)
    Full variant space:         4
    After settings filtering:   4
    After built-in stripping:   4
    After scriptable stripping: 4
    Processed in 0.00 seconds
    starting compilation...
    finished in 0.00 seconds. Local cache hits 4 (0.00s CPU time), remote cache hits 0 (0.00s CPU time), compiled 0 variants (0.00s CPU time), skipped 0 variants
    Prepared data for serialisation in 0.00s
Compiling shader "Hidden/Internal-ScreenSpaceShadows" pass "" (vp)
    Full variant space:         4
    After settings filtering:   4
    After built-in stripping:   4
    After scriptable stripping: 4
    Processed in 0.00 seconds
    starting compilation...
    finished in 0.00 seconds. Local cache hits 4 (0.00s CPU time), remote cache hits 0 (0.00s CPU time), compiled 0 variants (0.00s CPU time), skipped 0 variants
    Prepared data for serialisation in 0.00s
Compiling shader "Hidden/Internal-ScreenSpaceShadows" pass "" (fp)
    Full variant space:         4
    After settings filtering:   4
    After built-in stripping:   4
    After scriptable stripping: 4
    Processed in 0.00 seconds
    starting compilation...
    finished in 0.00 seconds. Local cache hits 4 (0.00s CPU time), remote cache hits 0 (0.00s CPU time), compiled 0 variants (0.00s CPU time), skipped 0 variants
    Prepared data for serialisation in 0.00s
Compiling shader "Hidden/Internal-ScreenSpaceShadows" pass "" (vp)
    Full variant space:         4
    After settings filtering:   4
    After built-in stripping:   4
    After scriptable stripping: 4
    Processed in 0.00 seconds
    starting compilation...
    finished in 0.00 seconds. Local cache hits 4 (0.00s CPU time), remote cache hits 0 (0.00s CPU time), compiled 0 variants (0.00s CPU time), skipped 0 variants
    Prepared data for serialisation in 0.00s
Compiling shader "Hidden/Internal-ScreenSpaceShadows" pass "" (fp)
    Full variant space:         4
    After settings filtering:   4
    After built-in stripping:   4
    After scriptable stripping: 4
    Processed in 0.00 seconds
    starting compilation...
    finished in 0.00 seconds. Local cache hits 4 (0.00s CPU time), remote cache hits 0 (0.00s CPU time), compiled 0 variants (0.00s CPU time), skipped 0 variants
    Prepared data for serialisation in 0.00s
Serialized binary data for shader Hidden/Internal-ScreenSpaceShadows in 0.00s
    d3d11 (total internal programs: 32, unique: 20)
Compiling shader "Hidden/Internal-CombineDepthNormals" pass "" (vp)
    Full variant space:         1
    After settings filtering:   1
    After built-in stripping:   1
    After scriptable stripping: 1
    Processed in 0.00 seconds
    starting compilation...
    finished in 0.00 seconds. Local cache hits 1 (0.00s CPU time), remote cache hits 0 (0.00s CPU time), compiled 0 variants (0.00s CPU time), skipped 0 variants
    Prepared data for serialisation in 0.00s
Compiling shader "Hidden/Internal-CombineDepthNormals" pass "" (fp)
    Full variant space:         1
    After settings filtering:   1
    After built-in stripping:   1
    After scriptable stripping: 1
    Processed in 0.00 seconds
    starting compilation...
    finished in 0.00 seconds. Local cache hits 1 (0.00s CPU time), remote cache hits 0 (0.00s CPU time), compiled 0 variants (0.00s CPU time), skipped 0 variants
    Prepared data for serialisation in 0.00s
Serialized binary data for shader Hidden/Internal-CombineDepthNormals in 0.00s
    d3d11 (total internal programs: 2, unique: 2)
Compiling shader "Hidden/BlitCopy" pass "" (vp)
    Full variant space:         1
    After settings filtering:   1
    After built-in stripping:   1
    After scriptable stripping: 1
    Processed in 0.00 seconds
    starting compilation...
    finished in 0.00 seconds. Local cache hits 1 (0.00s CPU time), remote cache hits 0 (0.00s CPU time), compiled 0 variants (0.00s CPU time), skipped 0 variants
    Prepared data for serialisation in 0.00s
Compiling shader "Hidden/BlitCopy" pass "" (fp)
    Full variant space:         1
    After settings filtering:   1
    After built-in stripping:   1
    After scriptable stripping: 1
    Processed in 0.00 seconds
    starting compilation...
    finished in 0.00 seconds. Local cache hits 1 (0.00s CPU time), remote cache hits 0 (0.00s CPU time), compiled 0 variants (0.00s CPU time), skipped 0 variants
    Prepared data for serialisation in 0.00s
Serialized binary data for shader Hidden/BlitCopy in 0.00s
    d3d11 (total internal programs: 2, unique: 2)
Compiling shader "Hidden/BlitCopyDepth" pass "" (vp)
    Full variant space:         1
    After settings filtering:   1
    After built-in stripping:   1
    After scriptable stripping: 1
    Processed in 0.00 seconds
    starting compilation...
    finished in 0.00 seconds. Local cache hits 1 (0.00s CPU time), remote cache hits 0 (0.00s CPU time), compiled 0 variants (0.00s CPU time), skipped 0 variants
    Prepared data for serialisation in 0.00s
Compiling shader "Hidden/BlitCopyDepth" pass "" (fp)
    Full variant space:         1
    After settings filtering:   1
    After built-in stripping:   1
    After scriptable stripping: 1
    Processed in 0.00 seconds
    starting compilation...
    finished in 0.00 seconds. Local cache hits 1 (0.00s CPU time), remote cache hits 0 (0.00s CPU time), compiled 0 variants (0.00s CPU time), skipped 0 variants
    Prepared data for serialisation in 0.00s
Serialized binary data for shader Hidden/BlitCopyDepth in 0.00s
    d3d11 (total internal programs: 2, unique: 2)
Compiling shader "Hidden/ConvertTexture" pass "" (vp)
    Full variant space:         1
    After settings filtering:   1
    After built-in stripping:   1
    After scriptable stripping: 1
    Processed in 0.00 seconds
    starting compilation...
    finished in 0.00 seconds. Local cache hits 1 (0.00s CPU time), remote cache hits 0 (0.00s CPU time), compiled 0 variants (0.00s CPU time), skipped 0 variants
    Prepared data for serialisation in 0.00s
Compiling shader "Hidden/ConvertTexture" pass "" (fp)
    Full variant space:         1
    After settings filtering:   1
    After built-in stripping:   1
    After scriptable stripping: 1
    Processed in 0.00 seconds
    starting compilation...
    finished in 0.00 seconds. Local cache hits 1 (0.00s CPU time), remote cache hits 0 (0.00s CPU time), compiled 0 variants (0.00s CPU time), skipped 0 variants
    Prepared data for serialisation in 0.00s
Serialized binary data for shader Hidden/ConvertTexture in 0.00s
    d3d11 (total internal programs: 2, unique: 2)
Compiling shader "Hidden/Internal-DeferredShading" pass "" (vp)
    Full variant space:         94
    After settings filtering:   94
    After built-in stripping:   26
    After scriptable stripping: 26
    Processed in 0.00 seconds
    starting compilation...
    finished in 0.00 seconds. Local cache hits 26 (0.04s CPU time), remote cache hits 0 (0.00s CPU time), compiled 0 variants (0.00s CPU time), skipped 0 variants
    Prepared data for serialisation in 0.00s
Compiling shader "Hidden/Internal-DeferredShading" pass "" (fp)
    Full variant space:         94
    After settings filtering:   94
    After built-in stripping:   26
    After scriptable stripping: 26
    Processed in 0.00 seconds
    starting compilation...
    finished in 0.00 seconds. Local cache hits 26 (0.04s CPU time), remote cache hits 0 (0.00s CPU time), compiled 0 variants (0.00s CPU time), skipped 0 variants
    Prepared data for serialisation in 0.00s
Compiling shader "Hidden/Internal-DeferredShading" pass "" (vp)
    Full variant space:         1
    After settings filtering:   1
    After built-in stripping:   1
    After scriptable stripping: 1
    Processed in 0.00 seconds
    starting compilation...
    finished in 0.00 seconds. Local cache hits 1 (0.00s CPU time), remote cache hits 0 (0.00s CPU time), compiled 0 variants (0.00s CPU time), skipped 0 variants
    Prepared data for serialisation in 0.00s
Compiling shader "Hidden/Internal-DeferredShading" pass "" (fp)
    Full variant space:         1
    After settings filtering:   1
    After built-in stripping:   1
    After scriptable stripping: 1
    Processed in 0.00 seconds
    starting compilation...
    finished in 0.00 seconds. Local cache hits 1 (0.00s CPU time), remote cache hits 0 (0.00s CPU time), compiled 0 variants (0.00s CPU time), skipped 0 variants
    Prepared data for serialisation in 0.00s
Serialized binary data for shader Hidden/Internal-DeferredShading in 0.00s
    d3d11 (total internal programs: 54, unique: 54)
Compiling shader "Hidden/Internal-DeferredReflections" pass "" (vp)
    Full variant space:         1
    After settings filtering:   1
    After built-in stripping:   1
    After scriptable stripping: 1
    Processed in 0.00 seconds
    starting compilation...
    finished in 0.00 seconds. Local cache hits 1 (0.00s CPU time), remote cache hits 0 (0.00s CPU time), compiled 0 variants (0.00s CPU time), skipped 0 variants
    Prepared data for serialisation in 0.00s
Compiling shader "Hidden/Internal-DeferredReflections" pass "" (fp)
    Full variant space:         1
    After settings filtering:   1
    After built-in stripping:   1
    After scriptable stripping: 1
    Processed in 0.00 seconds
    starting compilation...
    finished in 0.00 seconds. Local cache hits 1 (0.00s CPU time), remote cache hits 0 (0.00s CPU time), compiled 0 variants (0.00s CPU time), skipped 0 variants
    Prepared data for serialisation in 0.00s
Compiling shader "Hidden/Internal-DeferredReflections" pass "" (vp)
    Full variant space:         2
    After settings filtering:   2
    After built-in stripping:   2
    After scriptable stripping: 2
    Processed in 0.00 seconds
    starting compilation...
    finished in 0.00 seconds. Local cache hits 2 (0.00s CPU time), remote cache hits 0 (0.00s CPU time), compiled 0 variants (0.00s CPU time), skipped 0 variants
    Prepared data for serialisation in 0.00s
Compiling shader "Hidden/Internal-DeferredReflections" pass "" (fp)
    Full variant space:         2
    After settings filtering:   2
    After built-in stripping:   2
    After scriptable stripping: 2
    Processed in 0.00 seconds
    starting compilation...
    finished in 0.00 seconds. Local cache hits 2 (0.00s CPU time), remote cache hits 0 (0.00s CPU time), compiled 0 variants (0.00s CPU time), skipped 0 variants
    Prepared data for serialisation in 0.00s
Serialized binary data for shader Hidden/Internal-DeferredReflections in 0.00s
    d3d11 (total internal programs: 6, unique: 6)
Compiling shader "Hidden/Internal-MotionVectors" pass "" (vp)
    Full variant space:         1
    After settings filtering:   1
    After built-in stripping:   1
    After scriptable stripping: 1
    Processed in 0.00 seconds
    starting compilation...
    finished in 0.00 seconds. Local cache hits 1 (0.00s CPU time), remote cache hits 0 (0.00s CPU time), compiled 0 variants (0.00s CPU time), skipped 0 variants
    Prepared data for serialisation in 0.00s
Compiling shader "Hidden/Internal-MotionVectors" pass "" (fp)
    Full variant space:         1
    After settings filtering:   1
    After built-in stripping:   1
    After scriptable stripping: 1
    Processed in 0.00 seconds
    starting compilation...
    finished in 0.00 seconds. Local cache hits 1 (0.00s CPU time), remote cache hits 0 (0.00s CPU time), compiled 0 variants (0.00s CPU time), skipped 0 variants
    Prepared data for serialisation in 0.00s
Compiling shader "Hidden/Internal-MotionVectors" pass "" (vp)
    Full variant space:         1
    After settings filtering:   1
    After built-in stripping:   1
    After scriptable stripping: 1
    Processed in 0.00 seconds
    starting compilation...
    finished in 0.00 seconds. Local cache hits 1 (0.00s CPU time), remote cache hits 0 (0.00s CPU time), compiled 0 variants (0.00s CPU time), skipped 0 variants
    Prepared data for serialisation in 0.00s
Compiling shader "Hidden/Internal-MotionVectors" pass "" (fp)
    Full variant space:         1
    After settings filtering:   1
    After built-in stripping:   1
    After scriptable stripping: 1
    Processed in 0.00 seconds
    starting compilation...
    finished in 0.00 seconds. Local cache hits 1 (0.00s CPU time), remote cache hits 0 (0.00s CPU time), compiled 0 variants (0.00s CPU time), skipped 0 variants
    Prepared data for serialisation in 0.00s
Compiling shader "Hidden/Internal-MotionVectors" pass "" (vp)
    Full variant space:         1
    After settings filtering:   1
    After built-in stripping:   1
    After scriptable stripping: 1
    Processed in 0.00 seconds
    starting compilation...
    finished in 0.00 seconds. Local cache hits 1 (0.00s CPU time), remote cache hits 0 (0.00s CPU time), compiled 0 variants (0.00s CPU time), skipped 0 variants
    Prepared data for serialisation in 0.00s
Compiling shader "Hidden/Internal-MotionVectors" pass "" (fp)
    Full variant space:         1
    After settings filtering:   1
    After built-in stripping:   1
    After scriptable stripping: 1
    Processed in 0.00 seconds
    starting compilation...
    finished in 0.00 seconds. Local cache hits 1 (0.00s CPU time), remote cache hits 0 (0.00s CPU time), compiled 0 variants (0.00s CPU time), skipped 0 variants
    Prepared data for serialisation in 0.00s
Serialized binary data for shader Hidden/Internal-MotionVectors in 0.00s
    d3d11 (total internal programs: 6, unique: 5)
Compiling shader "Hidden/Internal-Flare" pass "" (vp)
    Full variant space:         1
    After settings filtering:   1
    After built-in stripping:   1
    After scriptable stripping: 1
    Processed in 0.00 seconds
    starting compilation...
    finished in 0.00 seconds. Local cache hits 1 (0.00s CPU time), remote cache hits 0 (0.00s CPU time), compiled 0 variants (0.00s CPU time), skipped 0 variants
    Prepared data for serialisation in 0.00s
Compiling shader "Hidden/Internal-Flare" pass "" (fp)
    Full variant space:         1
    After settings filtering:   1
    After built-in stripping:   1
    After scriptable stripping: 1
    Processed in 0.00 seconds
    starting compilation...
    finished in 0.00 seconds. Local cache hits 1 (0.00s CPU time), remote cache hits 0 (0.00s CPU time), compiled 0 variants (0.00s CPU time), skipped 0 variants
    Prepared data for serialisation in 0.00s
Serialized binary data for shader Hidden/Internal-Flare in 0.00s
    d3d11 (total internal programs: 2, unique: 2)
Compiling shader "Hidden/Internal-Halo" pass "" (vp)
    Full variant space:         4
    After settings filtering:   4
    After built-in stripping:   1
    After scriptable stripping: 1
    Processed in 0.00 seconds
    starting compilation...
    finished in 0.00 seconds. Local cache hits 1 (0.00s CPU time), remote cache hits 0 (0.00s CPU time), compiled 0 variants (0.00s CPU time), skipped 0 variants
    Prepared data for serialisation in 0.00s
Compiling shader "Hidden/Internal-Halo" pass "" (fp)
    Full variant space:         4
    After settings filtering:   4
    After built-in stripping:   1
    After scriptable stripping: 1
    Processed in 0.00 seconds
    starting compilation...
    finished in 0.00 seconds. Local cache hits 1 (0.00s CPU time), remote cache hits 0 (0.00s CPU time), compiled 0 variants (0.00s CPU time), skipped 0 variants
    Prepared data for serialisation in 0.00s
Serialized binary data for shader Hidden/Internal-Halo in 0.00s
    d3d11 (total internal programs: 2, unique: 2)
Compiling shader "Hidden/BlitCopyWithDepth" pass "" (vp)
    Full variant space:         1
    After settings filtering:   1
    After built-in stripping:   1
    After scriptable stripping: 1
    Processed in 0.00 seconds
    starting compilation...
    finished in 0.00 seconds. Local cache hits 1 (0.00s CPU time), remote cache hits 0 (0.00s CPU time), compiled 0 variants (0.00s CPU time), skipped 0 variants
    Prepared data for serialisation in 0.00s
Compiling shader "Hidden/BlitCopyWithDepth" pass "" (fp)
    Full variant space:         1
    After settings filtering:   1
    After built-in stripping:   1
    After scriptable stripping: 1
    Processed in 0.00 seconds
    starting compilation...
    finished in 0.00 seconds. Local cache hits 1 (0.00s CPU time), remote cache hits 0 (0.00s CPU time), compiled 0 variants (0.00s CPU time), skipped 0 variants
    Prepared data for serialisation in 0.00s
Serialized binary data for shader Hidden/BlitCopyWithDepth in 0.00s
    d3d11 (total internal programs: 2, unique: 2)
Compiling shader "Hidden/BlitToDepth" pass "" (vp)
    Full variant space:         1
    After settings filtering:   1
    After built-in stripping:   1
    After scriptable stripping: 1
    Processed in 0.00 seconds
    starting compilation...
    finished in 0.00 seconds. Local cache hits 1 (0.00s CPU time), remote cache hits 0 (0.00s CPU time), compiled 0 variants (0.00s CPU time), skipped 0 variants
    Prepared data for serialisation in 0.00s
Compiling shader "Hidden/BlitToDepth" pass "" (fp)
    Full variant space:         1
    After settings filtering:   1
    After built-in stripping:   1
    After scriptable stripping: 1
    Processed in 0.00 seconds
    starting compilation...
    finished in 0.00 seconds. Local cache hits 1 (0.00s CPU time), remote cache hits 0 (0.00s CPU time), compiled 0 variants (0.00s CPU time), skipped 0 variants
    Prepared data for serialisation in 0.00s
Serialized binary data for shader Hidden/BlitToDepth in 0.00s
    d3d11 (total internal programs: 2, unique: 2)
Compiling shader "Hidden/BlitToDepth_MSAA" pass "" (vp)
    Full variant space:         1
    After settings filtering:   1
    After built-in stripping:   1
    After scriptable stripping: 1
    Processed in 0.00 seconds
    starting compilation...
    finished in 0.00 seconds. Local cache hits 1 (0.00s CPU time), remote cache hits 0 (0.00s CPU time), compiled 0 variants (0.00s CPU time), skipped 0 variants
    Prepared data for serialisation in 0.00s
Compiling shader "Hidden/BlitToDepth_MSAA" pass "" (fp)
    Full variant space:         1
    After settings filtering:   1
    After built-in stripping:   1
    After scriptable stripping: 1
    Processed in 0.00 seconds
    starting compilation...
    finished in 0.00 seconds. Local cache hits 1 (0.00s CPU time), remote cache hits 0 (0.00s CPU time), compiled 0 variants (0.00s CPU time), skipped 0 variants
    Prepared data for serialisation in 0.00s
Serialized binary data for shader Hidden/BlitToDepth_MSAA in 0.00s
    d3d11 (total internal programs: 2, unique: 2)
Compiling shader "Hidden/BlitCopyHDRTonemap" pass "" (vp)
    Full variant space:         1
    After settings filtering:   1
    After built-in stripping:   1
    After scriptable stripping: 1
    Processed in 0.00 seconds
    starting compilation...
    finished in 0.00 seconds. Local cache hits 1 (0.00s CPU time), remote cache hits 0 (0.00s CPU time), compiled 0 variants (0.00s CPU time), skipped 0 variants
    Prepared data for serialisation in 0.00s
Compiling shader "Hidden/BlitCopyHDRTonemap" pass "" (fp)
    Full variant space:         1
    After settings filtering:   1
    After built-in stripping:   1
    After scriptable stripping: 1
    Processed in 0.00 seconds
    starting compilation...
    finished in 0.00 seconds. Local cache hits 1 (0.00s CPU time), remote cache hits 0 (0.00s CPU time), compiled 0 variants (0.00s CPU time), skipped 0 variants
    Prepared data for serialisation in 0.00s
Serialized binary data for shader Hidden/BlitCopyHDRTonemap in 0.00s
    d3d11 (total internal programs: 2, unique: 2)
Compiling shader "Hidden/Internal-DebugPattern" pass "Target Color and DepthStencil" (vp)
    Full variant space:         1
    After settings filtering:   1
    After built-in stripping:   1
    After scriptable stripping: 1
    Processed in 0.00 seconds
    starting compilation...
    finished in 0.00 seconds. Local cache hits 1 (0.00s CPU time), remote cache hits 0 (0.00s CPU time), compiled 0 variants (0.00s CPU time), skipped 0 variants
    Prepared data for serialisation in 0.00s
Compiling shader "Hidden/Internal-DebugPattern" pass "Target Color and DepthStencil" (fp)
    Full variant space:         1
    After settings filtering:   1
    After built-in stripping:   1
    After scriptable stripping: 1
    Processed in 0.00 seconds
    starting compilation...
    finished in 0.00 seconds. Local cache hits 1 (0.00s CPU time), remote cache hits 0 (0.00s CPU time), compiled 0 variants (0.00s CPU time), skipped 0 variants
    Prepared data for serialisation in 0.00s
Compiling shader "Hidden/Internal-DebugPattern" pass "Target only Color" (vp)
    Full variant space:         1
    After settings filtering:   1
    After built-in stripping:   1
    After scriptable stripping: 1
    Processed in 0.00 seconds
    starting compilation...
    finished in 0.00 seconds. Local cache hits 1 (0.00s CPU time), remote cache hits 0 (0.00s CPU time), compiled 0 variants (0.00s CPU time), skipped 0 variants
    Prepared data for serialisation in 0.00s
Compiling shader "Hidden/Internal-DebugPattern" pass "Target only Color" (fp)
    Full variant space:         1
    After settings filtering:   1
    After built-in stripping:   1
    After scriptable stripping: 1
    Processed in 0.00 seconds
    starting compilation...
    finished in 0.00 seconds. Local cache hits 1 (0.00s CPU time), remote cache hits 0 (0.00s CPU time), compiled 0 variants (0.00s CPU time), skipped 0 variants
    Prepared data for serialisation in 0.00s
Compiling shader "Hidden/Internal-DebugPattern" pass "Target only DepthStencil" (vp)
    Full variant space:         1
    After settings filtering:   1
    After built-in stripping:   1
    After scriptable stripping: 1
    Processed in 0.00 seconds
    starting compilation...
    finished in 0.00 seconds. Local cache hits 1 (0.00s CPU time), remote cache hits 0 (0.00s CPU time), compiled 0 variants (0.00s CPU time), skipped 0 variants
    Prepared data for serialisation in 0.00s
Compiling shader "Hidden/Internal-DebugPattern" pass "Target only DepthStencil" (fp)
    Full variant space:         1
    After settings filtering:   1
    After built-in stripping:   1
    After scriptable stripping: 1
    Processed in 0.00 seconds
    starting compilation...
    finished in 0.00 seconds. Local cache hits 1 (0.00s CPU time), remote cache hits 0 (0.00s CPU time), compiled 0 variants (0.00s CPU time), skipped 0 variants
    Prepared data for serialisation in 0.00s
Serialized binary data for shader Hidden/Internal-DebugPattern in 0.00s
    d3d11 (total internal programs: 6, unique: 4)
Compiling shader "Hidden/Internal-GUITextureClip" pass "" (vp)
    Full variant space:         1
    After settings filtering:   1
    After built-in stripping:   1
    After scriptable stripping: 1
    Processed in 0.00 seconds
    starting compilation...
    finished in 0.00 seconds. Local cache hits 1 (0.00s CPU time), remote cache hits 0 (0.00s CPU time), compiled 0 variants (0.00s CPU time), skipped 0 variants
    Prepared data for serialisation in 0.00s
Compiling shader "Hidden/Internal-GUITextureClip" pass "" (fp)
    Full variant space:         1
    After settings filtering:   1
    After built-in stripping:   1
    After scriptable stripping: 1
    Processed in 0.00 seconds
    starting compilation...
    finished in 0.00 seconds. Local cache hits 1 (0.00s CPU time), remote cache hits 0 (0.00s CPU time), compiled 0 variants (0.00s CPU time), skipped 0 variants
    Prepared data for serialisation in 0.00s
Compiling shader "Hidden/Internal-GUITextureClip" pass "" (vp)
    Full variant space:         1
    After settings filtering:   1
    After built-in stripping:   1
    After scriptable stripping: 1
    Processed in 0.00 seconds
    starting compilation...
    finished in 0.00 seconds. Local cache hits 1 (0.00s CPU time), remote cache hits 0 (0.00s CPU time), compiled 0 variants (0.00s CPU time), skipped 0 variants
    Prepared data for serialisation in 0.00s
Compiling shader "Hidden/Internal-GUITextureClip" pass "" (fp)
    Full variant space:         1
    After settings filtering:   1
    After built-in stripping:   1
    After scriptable stripping: 1
    Processed in 0.00 seconds
    starting compilation...
    finished in 0.00 seconds. Local cache hits 1 (0.00s CPU time), remote cache hits 0 (0.00s CPU time), compiled 0 variants (0.00s CPU time), skipped 0 variants
    Prepared data for serialisation in 0.00s
Serialized binary data for shader Hidden/Internal-GUITextureClip in 0.00s
    d3d11 (total internal programs: 4, unique: 2)
Compiling shader "Hidden/Internal-GUITextureClipText" pass "" (vp)
    Full variant space:         1
    After settings filtering:   1
    After built-in stripping:   1
    After scriptable stripping: 1
    Processed in 0.00 seconds
    starting compilation...
    finished in 0.00 seconds. Local cache hits 1 (0.00s CPU time), remote cache hits 0 (0.00s CPU time), compiled 0 variants (0.00s CPU time), skipped 0 variants
    Prepared data for serialisation in 0.00s
Compiling shader "Hidden/Internal-GUITextureClipText" pass "" (fp)
    Full variant space:         1
    After settings filtering:   1
    After built-in stripping:   1
    After scriptable stripping: 1
    Processed in 0.00 seconds
    starting compilation...
    finished in 0.00 seconds. Local cache hits 1 (0.00s CPU time), remote cache hits 0 (0.00s CPU time), compiled 0 variants (0.00s CPU time), skipped 0 variants
    Prepared data for serialisation in 0.00s
Compiling shader "Hidden/Internal-GUITextureClipText" pass "" (vp)
    Full variant space:         1
    After settings filtering:   1
    After built-in stripping:   1
    After scriptable stripping: 1
    Processed in 0.00 seconds
    starting compilation...
    finished in 0.00 seconds. Local cache hits 1 (0.00s CPU time), remote cache hits 0 (0.00s CPU time), compiled 0 variants (0.00s CPU time), skipped 0 variants
    Prepared data for serialisation in 0.00s
Compiling shader "Hidden/Internal-GUITextureClipText" pass "" (fp)
    Full variant space:         1
    After settings filtering:   1
    After built-in stripping:   1
    After scriptable stripping: 1
    Processed in 0.00 seconds
    starting compilation...
    finished in 0.00 seconds. Local cache hits 1 (0.00s CPU time), remote cache hits 0 (0.00s CPU time), compiled 0 variants (0.00s CPU time), skipped 0 variants
    Prepared data for serialisation in 0.00s
Serialized binary data for shader Hidden/Internal-GUITextureClipText in 0.00s
    d3d11 (total internal programs: 4, unique: 2)
Compiling shader "Hidden/Internal-GUITexture" pass "" (vp)
    Full variant space:         1
    After settings filtering:   1
    After built-in stripping:   1
    After scriptable stripping: 1
    Processed in 0.00 seconds
    starting compilation...
    finished in 0.00 seconds. Local cache hits 1 (0.00s CPU time), remote cache hits 0 (0.00s CPU time), compiled 0 variants (0.00s CPU time), skipped 0 variants
    Prepared data for serialisation in 0.00s
Compiling shader "Hidden/Internal-GUITexture" pass "" (fp)
    Full variant space:         1
    After settings filtering:   1
    After built-in stripping:   1
    After scriptable stripping: 1
    Processed in 0.00 seconds
    starting compilation...
    finished in 0.00 seconds. Local cache hits 1 (0.00s CPU time), remote cache hits 0 (0.00s CPU time), compiled 0 variants (0.00s CPU time), skipped 0 variants
    Prepared data for serialisation in 0.00s
Compiling shader "Hidden/Internal-GUITexture" pass "" (vp)
    Full variant space:         1
    After settings filtering:   1
    After built-in stripping:   1
    After scriptable stripping: 1
    Processed in 0.00 seconds
    starting compilation...
    finished in 0.00 seconds. Local cache hits 1 (0.00s CPU time), remote cache hits 0 (0.00s CPU time), compiled 0 variants (0.00s CPU time), skipped 0 variants
    Prepared data for serialisation in 0.00s
Compiling shader "Hidden/Internal-GUITexture" pass "" (fp)
    Full variant space:         1
    After settings filtering:   1
    After built-in stripping:   1
    After scriptable stripping: 1
    Processed in 0.00 seconds
    starting compilation...
    finished in 0.00 seconds. Local cache hits 1 (0.00s CPU time), remote cache hits 0 (0.00s CPU time), compiled 0 variants (0.00s CPU time), skipped 0 variants
    Prepared data for serialisation in 0.00s
Serialized binary data for shader Hidden/Internal-GUITexture in 0.00s
    d3d11 (total internal programs: 4, unique: 2)
Compiling shader "Hidden/Internal-GUITextureBlit" pass "" (vp)
    Full variant space:         1
    After settings filtering:   1
    After built-in stripping:   1
    After scriptable stripping: 1
    Processed in 0.00 seconds
    starting compilation...
    finished in 0.00 seconds. Local cache hits 1 (0.00s CPU time), remote cache hits 0 (0.00s CPU time), compiled 0 variants (0.00s CPU time), skipped 0 variants
    Prepared data for serialisation in 0.00s
Compiling shader "Hidden/Internal-GUITextureBlit" pass "" (fp)
    Full variant space:         1
    After settings filtering:   1
    After built-in stripping:   1
    After scriptable stripping: 1
    Processed in 0.00 seconds
    starting compilation...
    finished in 0.00 seconds. Local cache hits 1 (0.00s CPU time), remote cache hits 0 (0.00s CPU time), compiled 0 variants (0.00s CPU time), skipped 0 variants
    Prepared data for serialisation in 0.00s
Compiling shader "Hidden/Internal-GUITextureBlit" pass "" (vp)
    Full variant space:         1
    After settings filtering:   1
    After built-in stripping:   1
    After scriptable stripping: 1
    Processed in 0.00 seconds
    starting compilation...
    finished in 0.00 seconds. Local cache hits 1 (0.00s CPU time), remote cache hits 0 (0.00s CPU time), compiled 0 variants (0.00s CPU time), skipped 0 variants
    Prepared data for serialisation in 0.00s
Compiling shader "Hidden/Internal-GUITextureBlit" pass "" (fp)
    Full variant space:         1
    After settings filtering:   1
    After built-in stripping:   1
    After scriptable stripping: 1
    Processed in 0.00 seconds
    starting compilation...
    finished in 0.00 seconds. Local cache hits 1 (0.00s CPU time), remote cache hits 0 (0.00s CPU time), compiled 0 variants (0.00s CPU time), skipped 0 variants
    Prepared data for serialisation in 0.00s
Serialized binary data for shader Hidden/Internal-GUITextureBlit in 0.00s
    d3d11 (total internal programs: 4, unique: 2)
Compiling shader "Hidden/Internal-GUIRoundedRect" pass "" (vp)
    Full variant space:         1
    After settings filtering:   1
    After built-in stripping:   1
    After scriptable stripping: 1
    Processed in 0.00 seconds
    starting compilation...
    finished in 0.00 seconds. Local cache hits 1 (0.00s CPU time), remote cache hits 0 (0.00s CPU time), compiled 0 variants (0.00s CPU time), skipped 0 variants
    Prepared data for serialisation in 0.00s
Compiling shader "Hidden/Internal-GUIRoundedRect" pass "" (fp)
    Full variant space:         1
    After settings filtering:   1
    After built-in stripping:   1
    After scriptable stripping: 1
    Processed in 0.00 seconds
    starting compilation...
    finished in 0.00 seconds. Local cache hits 1 (0.00s CPU time), remote cache hits 0 (0.00s CPU time), compiled 0 variants (0.00s CPU time), skipped 0 variants
    Prepared data for serialisation in 0.00s
Compiling shader "Hidden/Internal-GUIRoundedRect" pass "" (vp)
    Full variant space:         1
    After settings filtering:   1
    After built-in stripping:   1
    After scriptable stripping: 1
    Processed in 0.00 seconds
    starting compilation...
    finished in 0.00 seconds. Local cache hits 1 (0.00s CPU time), remote cache hits 0 (0.00s CPU time), compiled 0 variants (0.00s CPU time), skipped 0 variants
    Prepared data for serialisation in 0.00s
Compiling shader "Hidden/Internal-GUIRoundedRect" pass "" (fp)
    Full variant space:         1
    After settings filtering:   1
    After built-in stripping:   1
    After scriptable stripping: 1
    Processed in 0.00 seconds
    starting compilation...
    finished in 0.00 seconds. Local cache hits 1 (0.00s CPU time), remote cache hits 0 (0.00s CPU time), compiled 0 variants (0.00s CPU time), skipped 0 variants
    Prepared data for serialisation in 0.00s
Serialized binary data for shader Hidden/Internal-GUIRoundedRect in 0.00s
    d3d11 (total internal programs: 4, unique: 2)
Compiling shader "Hidden/Internal-GUIRoundedRectWithColorPerBorder" pass "" (vp)
    Full variant space:         1
    After settings filtering:   1
    After built-in stripping:   1
    After scriptable stripping: 1
    Processed in 0.00 seconds
    starting compilation...
    finished in 0.00 seconds. Local cache hits 1 (0.00s CPU time), remote cache hits 0 (0.00s CPU time), compiled 0 variants (0.00s CPU time), skipped 0 variants
    Prepared data for serialisation in 0.00s
Compiling shader "Hidden/Internal-GUIRoundedRectWithColorPerBorder" pass "" (fp)
    Full variant space:         1
    After settings filtering:   1
    After built-in stripping:   1
    After scriptable stripping: 1
    Processed in 0.00 seconds
    starting compilation...
    finished in 0.00 seconds. Local cache hits 1 (0.00s CPU time), remote cache hits 0 (0.00s CPU time), compiled 0 variants (0.00s CPU time), skipped 0 variants
    Prepared data for serialisation in 0.00s
Compiling shader "Hidden/Internal-GUIRoundedRectWithColorPerBorder" pass "" (vp)
    Full variant space:         1
    After settings filtering:   1
    After built-in stripping:   1
    After scriptable stripping: 1
    Processed in 0.00 seconds
    starting compilation...
    finished in 0.00 seconds. Local cache hits 1 (0.00s CPU time), remote cache hits 0 (0.00s CPU time), compiled 0 variants (0.00s CPU time), skipped 0 variants
    Prepared data for serialisation in 0.00s
Compiling shader "Hidden/Internal-GUIRoundedRectWithColorPerBorder" pass "" (fp)
    Full variant space:         1
    After settings filtering:   1
    After built-in stripping:   1
    After scriptable stripping: 1
    Processed in 0.00 seconds
    starting compilation...
    finished in 0.00 seconds. Local cache hits 1 (0.00s CPU time), remote cache hits 0 (0.00s CPU time), compiled 0 variants (0.00s CPU time), skipped 0 variants
    Prepared data for serialisation in 0.00s
Serialized binary data for shader Hidden/Internal-GUIRoundedRectWithColorPerBorder in 0.00s
    d3d11 (total internal programs: 4, unique: 2)
Compiling shader "Hidden/Internal-UIRDefault" pass "" (vp)
    Full variant space:         1
    After settings filtering:   1
    After built-in stripping:   1
    After scriptable stripping: 1
    Processed in 0.00 seconds
    starting compilation...
    finished in 0.00 seconds. Local cache hits 1 (0.00s CPU time), remote cache hits 0 (0.00s CPU time), compiled 0 variants (0.00s CPU time), skipped 0 variants
    Prepared data for serialisation in 0.00s
Compiling shader "Hidden/Internal-UIRDefault" pass "" (fp)
    Full variant space:         1
    After settings filtering:   1
    After built-in stripping:   1
    After scriptable stripping: 1
    Processed in 0.00 seconds
    starting compilation...
    finished in 0.00 seconds. Local cache hits 1 (0.00s CPU time), remote cache hits 0 (0.00s CPU time), compiled 0 variants (0.00s CPU time), skipped 0 variants
    Prepared data for serialisation in 0.00s
Compiling shader "Hidden/Internal-UIRDefault" pass "" (vp)
    Full variant space:         1
    After settings filtering:   1
    After built-in stripping:   1
    After scriptable stripping: 1
    Processed in 0.00 seconds
    starting compilation...
    finished in 0.00 seconds. Local cache hits 1 (0.00s CPU time), remote cache hits 0 (0.00s CPU time), compiled 0 variants (0.00s CPU time), skipped 0 variants
    Prepared data for serialisation in 0.00s
Compiling shader "Hidden/Internal-UIRDefault" pass "" (fp)
    Full variant space:         1
    After settings filtering:   1
    After built-in stripping:   1
    After scriptable stripping: 1
    Processed in 0.00 seconds
    starting compilation...
    finished in 0.00 seconds. Local cache hits 1 (0.00s CPU time), remote cache hits 0 (0.00s CPU time), compiled 0 variants (0.00s CPU time), skipped 0 variants
    Prepared data for serialisation in 0.00s
Serialized binary data for shader Hidden/Internal-UIRDefault in 0.00s
    d3d11 (total internal programs: 4, unique: 4)
Compiling shader "Hidden/Internal-UIRAtlasBlitCopy" pass "" (vp)
    Full variant space:         1
    After settings filtering:   1
    After built-in stripping:   1
    After scriptable stripping: 1
    Processed in 0.00 seconds
    starting compilation...
    finished in 0.00 seconds. Local cache hits 1 (0.00s CPU time), remote cache hits 0 (0.00s CPU time), compiled 0 variants (0.00s CPU time), skipped 0 variants
    Prepared data for serialisation in 0.00s
Compiling shader "Hidden/Internal-UIRAtlasBlitCopy" pass "" (fp)
    Full variant space:         1
    After settings filtering:   1
    After built-in stripping:   1
    After scriptable stripping: 1
    Processed in 0.00 seconds
    starting compilation...
    finished in 0.00 seconds. Local cache hits 1 (0.00s CPU time), remote cache hits 0 (0.00s CPU time), compiled 0 variants (0.00s CPU time), skipped 0 variants
    Prepared data for serialisation in 0.00s
Serialized binary data for shader Hidden/Internal-UIRAtlasBlitCopy in 0.00s
    d3d11 (total internal programs: 2, unique: 2)
Compiling shader "Hidden/Internal-UIRDefaultWorld" pass "" (vp)
    Full variant space:         1
    After settings filtering:   1
    After built-in stripping:   1
    After scriptable stripping: 1
    Processed in 0.00 seconds
    starting compilation...
    finished in 0.00 seconds. Local cache hits 1 (0.00s CPU time), remote cache hits 0 (0.00s CPU time), compiled 0 variants (0.00s CPU time), skipped 0 variants
    Prepared data for serialisation in 0.00s
Compiling shader "Hidden/Internal-UIRDefaultWorld" pass "" (fp)
    Full variant space:         1
    After settings filtering:   1
    After built-in stripping:   1
    After scriptable stripping: 1
    Processed in 0.00 seconds
    starting compilation...
    finished in 0.00 seconds. Local cache hits 1 (0.00s CPU time), remote cache hits 0 (0.00s CPU time), compiled 0 variants (0.00s CPU time), skipped 0 variants
    Prepared data for serialisation in 0.00s
Compiling shader "Hidden/Internal-UIRDefaultWorld" pass "" (vp)
    Full variant space:         1
    After settings filtering:   1
    After built-in stripping:   1
    After scriptable stripping: 1
    Processed in 0.00 seconds
    starting compilation...
    finished in 0.00 seconds. Local cache hits 1 (0.00s CPU time), remote cache hits 0 (0.00s CPU time), compiled 0 variants (0.00s CPU time), skipped 0 variants
    Prepared data for serialisation in 0.00s
Compiling shader "Hidden/Internal-UIRDefaultWorld" pass "" (fp)
    Full variant space:         1
    After settings filtering:   1
    After built-in stripping:   1
    After scriptable stripping: 1
    Processed in 0.00 seconds
    starting compilation...
    finished in 0.00 seconds. Local cache hits 1 (0.00s CPU time), remote cache hits 0 (0.00s CPU time), compiled 0 variants (0.00s CPU time), skipped 0 variants
    Prepared data for serialisation in 0.00s
Serialized binary data for shader Hidden/Internal-UIRDefaultWorld in 0.00s
    d3d11 (total internal programs: 4, unique: 4)
Compiling shader "Sprites/Mask" pass "" (vp)
    Full variant space:         4
    After settings filtering:   4
    After built-in stripping:   4
    After scriptable stripping: 4
    Processed in 0.00 seconds
    starting compilation...
    finished in 0.00 seconds. Local cache hits 4 (0.00s CPU time), remote cache hits 0 (0.00s CPU time), compiled 0 variants (0.00s CPU time), skipped 0 variants
    Prepared data for serialisation in 0.00s
Compiling shader "Sprites/Mask" pass "" (fp)
    Full variant space:         4
    After settings filtering:   4
    After built-in stripping:   4
    After scriptable stripping: 4
    Processed in 0.00 seconds
    starting compilation...
    finished in 0.00 seconds. Local cache hits 4 (0.00s CPU time), remote cache hits 0 (0.00s CPU time), compiled 0 variants (0.00s CPU time), skipped 0 variants
    Prepared data for serialisation in 0.00s
Serialized binary data for shader Sprites/Mask in 0.00s
    d3d11 (total internal programs: 8, unique: 8)
Compiling shader "UI/Default" pass "Default" (vp)
    Full variant space:         4
    After settings filtering:   4
    After built-in stripping:   4
    After scriptable stripping: 4
    Processed in 0.00 seconds
    starting compilation...
    finished in 0.00 seconds. Local cache hits 4 (0.00s CPU time), remote cache hits 0 (0.00s CPU time), compiled 0 variants (0.00s CPU time), skipped 0 variants
    Prepared data for serialisation in 0.00s
Compiling shader "UI/Default" pass "Default" (fp)
    Full variant space:         4
    After settings filtering:   4
    After built-in stripping:   4
    After scriptable stripping: 4
    Processed in 0.00 seconds
    starting compilation...
    finished in 0.00 seconds. Local cache hits 4 (0.00s CPU time), remote cache hits 0 (0.00s CPU time), compiled 0 variants (0.00s CPU time), skipped 0 variants
    Prepared data for serialisation in 0.00s
Serialized binary data for shader UI/Default in 0.00s
    d3d11 (total internal programs: 8, unique: 8)
Serialized binary data for shader UI/Default Font in 0.00s
    d3d11 (total internal programs: 0, unique: 0)
Compiling shader "Hidden/CubeBlur" pass "" (vp)
    Full variant space:         1
    After settings filtering:   1
    After built-in stripping:   1
    After scriptable stripping: 1
    Processed in 0.00 seconds
    starting compilation...
    finished in 0.00 seconds. Local cache hits 1 (0.00s CPU time), remote cache hits 0 (0.00s CPU time), compiled 0 variants (0.00s CPU time), skipped 0 variants
    Prepared data for serialisation in 0.00s
Compiling shader "Hidden/CubeBlur" pass "" (fp)
    Full variant space:         1
    After settings filtering:   1
    After built-in stripping:   1
    After scriptable stripping: 1
    Processed in 0.00 seconds
    starting compilation...
    finished in 0.00 seconds. Local cache hits 1 (0.00s CPU time), remote cache hits 0 (0.00s CPU time), compiled 0 variants (0.00s CPU time), skipped 0 variants
    Prepared data for serialisation in 0.00s
Compiling shader "Hidden/CubeBlur" pass "" (vp)
    Full variant space:         1
    After settings filtering:   1
    After built-in stripping:   1
    After scriptable stripping: 1
    Processed in 0.00 seconds
    starting compilation...
    finished in 0.00 seconds. Local cache hits 1 (0.00s CPU time), remote cache hits 0 (0.00s CPU time), compiled 0 variants (0.00s CPU time), skipped 0 variants
    Prepared data for serialisation in 0.00s
Compiling shader "Hidden/CubeBlur" pass "" (fp)
    Full variant space:         1
    After settings filtering:   1
    After built-in stripping:   1
    After scriptable stripping: 1
    Processed in 0.00 seconds
    starting compilation...
    finished in 0.00 seconds. Local cache hits 1 (0.00s CPU time), remote cache hits 0 (0.00s CPU time), compiled 0 variants (0.00s CPU time), skipped 0 variants
    Prepared data for serialisation in 0.00s
Serialized binary data for shader Hidden/CubeBlur in 0.00s
    d3d11 (total internal programs: 4, unique: 3)
Compiling shader "Hidden/CubeCopy" pass "" (vp)
    Full variant space:         1
    After settings filtering:   1
    After built-in stripping:   1
    After scriptable stripping: 1
    Processed in 0.00 seconds
    starting compilation...
    finished in 0.00 seconds. Local cache hits 1 (0.00s CPU time), remote cache hits 0 (0.00s CPU time), compiled 0 variants (0.00s CPU time), skipped 0 variants
    Prepared data for serialisation in 0.00s
Compiling shader "Hidden/CubeCopy" pass "" (fp)
    Full variant space:         1
    After settings filtering:   1
    After built-in stripping:   1
    After scriptable stripping: 1
    Processed in 0.00 seconds
    starting compilation...
    finished in 0.00 seconds. Local cache hits 1 (0.00s CPU time), remote cache hits 0 (0.00s CPU time), compiled 0 variants (0.00s CPU time), skipped 0 variants
    Prepared data for serialisation in 0.00s
Compiling shader "Hidden/CubeCopy" pass "" (vp)
    Full variant space:         1
    After settings filtering:   1
    After built-in stripping:   1
    After scriptable stripping: 1
    Processed in 0.00 seconds
    starting compilation...
    finished in 0.00 seconds. Local cache hits 1 (0.00s CPU time), remote cache hits 0 (0.00s CPU time), compiled 0 variants (0.00s CPU time), skipped 0 variants
    Prepared data for serialisation in 0.00s
Compiling shader "Hidden/CubeCopy" pass "" (fp)
    Full variant space:         1
    After settings filtering:   1
    After built-in stripping:   1
    After scriptable stripping: 1
    Processed in 0.00 seconds
    starting compilation...
    finished in 0.00 seconds. Local cache hits 1 (0.00s CPU time), remote cache hits 0 (0.00s CPU time), compiled 0 variants (0.00s CPU time), skipped 0 variants
    Prepared data for serialisation in 0.00s
Serialized binary data for shader Hidden/CubeCopy in 0.00s
    d3d11 (total internal programs: 4, unique: 2)
Compiling shader "Hidden/CubeBlend" pass "" (vp)
    Full variant space:         1
    After settings filtering:   1
    After built-in stripping:   1
    After scriptable stripping: 1
    Processed in 0.00 seconds
    starting compilation...
    finished in 0.00 seconds. Local cache hits 1 (0.00s CPU time), remote cache hits 0 (0.00s CPU time), compiled 0 variants (0.00s CPU time), skipped 0 variants
    Prepared data for serialisation in 0.00s
Compiling shader "Hidden/CubeBlend" pass "" (fp)
    Full variant space:         1
    After settings filtering:   1
    After built-in stripping:   1
    After scriptable stripping: 1
    Processed in 0.00 seconds
    starting compilation...
    finished in 0.00 seconds. Local cache hits 1 (0.00s CPU time), remote cache hits 0 (0.00s CPU time), compiled 0 variants (0.00s CPU time), skipped 0 variants
    Prepared data for serialisation in 0.00s
Compiling shader "Hidden/CubeBlend" pass "" (vp)
    Full variant space:         1
    After settings filtering:   1
    After built-in stripping:   1
    After scriptable stripping: 1
    Processed in 0.00 seconds
    starting compilation...
    finished in 0.00 seconds. Local cache hits 1 (0.00s CPU time), remote cache hits 0 (0.00s CPU time), compiled 0 variants (0.00s CPU time), skipped 0 variants
    Prepared data for serialisation in 0.00s
Compiling shader "Hidden/CubeBlend" pass "" (fp)
    Full variant space:         1
    After settings filtering:   1
    After built-in stripping:   1
    After scriptable stripping: 1
    Processed in 0.00 seconds
    starting compilation...
    finished in 0.00 seconds. Local cache hits 1 (0.00s CPU time), remote cache hits 0 (0.00s CPU time), compiled 0 variants (0.00s CPU time), skipped 0 variants
    Prepared data for serialisation in 0.00s
Serialized binary data for shader Hidden/CubeBlend in 0.00s
    d3d11 (total internal programs: 4, unique: 2)
Compiling shader "Hidden/VR/BlitTexArraySlice" pass "" (vp)
    Full variant space:         1
    After settings filtering:   1
    After built-in stripping:   1
    After scriptable stripping: 1
    Processed in 0.00 seconds
    starting compilation...
    finished in 0.00 seconds. Local cache hits 1 (0.00s CPU time), remote cache hits 0 (0.00s CPU time), compiled 0 variants (0.00s CPU time), skipped 0 variants
    Prepared data for serialisation in 0.00s
Compiling shader "Hidden/VR/BlitTexArraySlice" pass "" (fp)
    Full variant space:         1
    After settings filtering:   1
    After built-in stripping:   1
    After scriptable stripping: 1
    Processed in 0.00 seconds
    starting compilation...
    finished in 0.00 seconds. Local cache hits 1 (0.00s CPU time), remote cache hits 0 (0.00s CPU time), compiled 0 variants (0.00s CPU time), skipped 0 variants
    Prepared data for serialisation in 0.00s
Serialized binary data for shader Hidden/VR/BlitTexArraySlice in 0.00s
    d3d11 (total internal programs: 2, unique: 2)
Compiling shader "Hidden/Internal-ODSWorldTexture" pass "" (vp)
    Full variant space:         1
    After settings filtering:   1
    After built-in stripping:   1
    After scriptable stripping: 1
    Processed in 0.00 seconds
    starting compilation...
    finished in 0.00 seconds. Local cache hits 1 (0.00s CPU time), remote cache hits 0 (0.00s CPU time), compiled 0 variants (0.00s CPU time), skipped 0 variants
    Prepared data for serialisation in 0.00s
Compiling shader "Hidden/Internal-ODSWorldTexture" pass "" (fp)
    Full variant space:         1
    After settings filtering:   1
    After built-in stripping:   1
    After scriptable stripping: 1
    Processed in 0.00 seconds
    starting compilation...
    finished in 0.00 seconds. Local cache hits 1 (0.00s CPU time), remote cache hits 0 (0.00s CPU time), compiled 0 variants (0.00s CPU time), skipped 0 variants
    Prepared data for serialisation in 0.00s
Compiling shader "Hidden/Internal-ODSWorldTexture" pass "" (vp)
    Full variant space:         1
    After settings filtering:   1
    After built-in stripping:   1
    After scriptable stripping: 1
    Processed in 0.00 seconds
    starting compilation...
    finished in 0.00 seconds. Local cache hits 1 (0.00s CPU time), remote cache hits 0 (0.00s CPU time), compiled 0 variants (0.00s CPU time), skipped 0 variants
    Prepared data for serialisation in 0.00s
Compiling shader "Hidden/Internal-ODSWorldTexture" pass "" (fp)
    Full variant space:         1
    After settings filtering:   1
    After built-in stripping:   1
    After scriptable stripping: 1
    Processed in 0.00 seconds
    starting compilation...
    finished in 0.00 seconds. Local cache hits 1 (0.00s CPU time), remote cache hits 0 (0.00s CPU time), compiled 0 variants (0.00s CPU time), skipped 0 variants
    Prepared data for serialisation in 0.00s
Compiling shader "Hidden/Internal-ODSWorldTexture" pass "" (vp)
    Full variant space:         1
    After settings filtering:   1
    After built-in stripping:   1
    After scriptable stripping: 1
    Processed in 0.00 seconds
    starting compilation...
    finished in 0.00 seconds. Local cache hits 1 (0.00s CPU time), remote cache hits 0 (0.00s CPU time), compiled 0 variants (0.00s CPU time), skipped 0 variants
    Prepared data for serialisation in 0.00s
Compiling shader "Hidden/Internal-ODSWorldTexture" pass "" (fp)
    Full variant space:         1
    After settings filtering:   1
    After built-in stripping:   1
    After scriptable stripping: 1
    Processed in 0.00 seconds
    starting compilation...
    finished in 0.00 seconds. Local cache hits 1 (0.00s CPU time), remote cache hits 0 (0.00s CPU time), compiled 0 variants (0.00s CPU time), skipped 0 variants
    Prepared data for serialisation in 0.00s
Compiling shader "Hidden/Internal-ODSWorldTexture" pass "" (vp)
    Full variant space:         1
    After settings filtering:   1
    After built-in stripping:   1
    After scriptable stripping: 1
    Processed in 0.00 seconds
    starting compilation...
    finished in 0.00 seconds. Local cache hits 1 (0.00s CPU time), remote cache hits 0 (0.00s CPU time), compiled 0 variants (0.00s CPU time), skipped 0 variants
    Prepared data for serialisation in 0.00s
Compiling shader "Hidden/Internal-ODSWorldTexture" pass "" (fp)
    Full variant space:         1
    After settings filtering:   1
    After built-in stripping:   1
    After scriptable stripping: 1
    Processed in 0.00 seconds
    starting compilation...
    finished in 0.00 seconds. Local cache hits 1 (0.00s CPU time), remote cache hits 0 (0.00s CPU time), compiled 0 variants (0.00s CPU time), skipped 0 variants
    Prepared data for serialisation in 0.00s
Compiling shader "Hidden/Internal-ODSWorldTexture" pass "" (vp)
    Full variant space:         1
    After settings filtering:   1
    After built-in stripping:   1
    After scriptable stripping: 1
    Processed in 0.00 seconds
    starting compilation...
    finished in 0.00 seconds. Local cache hits 1 (0.00s CPU time), remote cache hits 0 (0.00s CPU time), compiled 0 variants (0.00s CPU time), skipped 0 variants
    Prepared data for serialisation in 0.00s
Compiling shader "Hidden/Internal-ODSWorldTexture" pass "" (fp)
    Full variant space:         1
    After settings filtering:   1
    After built-in stripping:   1
    After scriptable stripping: 1
    Processed in 0.00 seconds
    starting compilation...
    finished in 0.00 seconds. Local cache hits 1 (0.00s CPU time), remote cache hits 0 (0.00s CPU time), compiled 0 variants (0.00s CPU time), skipped 0 variants
    Prepared data for serialisation in 0.00s
Compiling shader "Hidden/Internal-ODSWorldTexture" pass "" (vp)
    Full variant space:         1
    After settings filtering:   1
    After built-in stripping:   1
    After scriptable stripping: 1
    Processed in 0.00 seconds
    starting compilation...
    finished in 0.00 seconds. Local cache hits 1 (0.00s CPU time), remote cache hits 0 (0.00s CPU time), compiled 0 variants (0.00s CPU time), skipped 0 variants
    Prepared data for serialisation in 0.00s
Compiling shader "Hidden/Internal-ODSWorldTexture" pass "" (fp)
    Full variant space:         1
    After settings filtering:   1
    After built-in stripping:   1
    After scriptable stripping: 1
    Processed in 0.00 seconds
    starting compilation...
    finished in 0.00 seconds. Local cache hits 1 (0.00s CPU time), remote cache hits 0 (0.00s CPU time), compiled 0 variants (0.00s CPU time), skipped 0 variants
    Prepared data for serialisation in 0.00s
Compiling shader "Hidden/Internal-ODSWorldTexture" pass "" (vp)
    Full variant space:         1
    After settings filtering:   1
    After built-in stripping:   1
    After scriptable stripping: 1
    Processed in 0.00 seconds
    starting compilation...
    finished in 0.00 seconds. Local cache hits 1 (0.00s CPU time), remote cache hits 0 (0.00s CPU time), compiled 0 variants (0.00s CPU time), skipped 0 variants
    Prepared data for serialisation in 0.00s
Compiling shader "Hidden/Internal-ODSWorldTexture" pass "" (fp)
    Full variant space:         1
    After settings filtering:   1
    After built-in stripping:   1
    After scriptable stripping: 1
    Processed in 0.00 seconds
    starting compilation...
    finished in 0.00 seconds. Local cache hits 1 (0.00s CPU time), remote cache hits 0 (0.00s CPU time), compiled 0 variants (0.00s CPU time), skipped 0 variants
    Prepared data for serialisation in 0.00s
Compiling shader "Hidden/Internal-ODSWorldTexture" pass "" (vp)
    Full variant space:         1
    After settings filtering:   1
    After built-in stripping:   1
    After scriptable stripping: 1
    Processed in 0.00 seconds
    starting compilation...
    finished in 0.00 seconds. Local cache hits 1 (0.00s CPU time), remote cache hits 0 (0.00s CPU time), compiled 0 variants (0.00s CPU time), skipped 0 variants
    Prepared data for serialisation in 0.00s
Compiling shader "Hidden/Internal-ODSWorldTexture" pass "" (fp)
    Full variant space:         1
    After settings filtering:   1
    After built-in stripping:   1
    After scriptable stripping: 1
    Processed in 0.00 seconds
    starting compilation...
    finished in 0.00 seconds. Local cache hits 1 (0.00s CPU time), remote cache hits 0 (0.00s CPU time), compiled 0 variants (0.00s CPU time), skipped 0 variants
    Prepared data for serialisation in 0.00s
Compiling shader "Hidden/Internal-ODSWorldTexture" pass "" (vp)
    Full variant space:         1
    After settings filtering:   1
    After built-in stripping:   1
    After scriptable stripping: 1
    Processed in 0.00 seconds
    starting compilation...
    finished in 0.00 seconds. Local cache hits 1 (0.00s CPU time), remote cache hits 0 (0.00s CPU time), compiled 0 variants (0.00s CPU time), skipped 0 variants
    Prepared data for serialisation in 0.00s
Compiling shader "Hidden/Internal-ODSWorldTexture" pass "" (fp)
    Full variant space:         1
    After settings filtering:   1
    After built-in stripping:   1
    After scriptable stripping: 1
    Processed in 0.00 seconds
    starting compilation...
    finished in 0.00 seconds. Local cache hits 1 (0.00s CPU time), remote cache hits 0 (0.00s CPU time), compiled 0 variants (0.00s CPU time), skipped 0 variants
    Prepared data for serialisation in 0.00s
Compiling shader "Hidden/Internal-ODSWorldTexture" pass "" (vp)
    Full variant space:         1
    After settings filtering:   1
    After built-in stripping:   1
    After scriptable stripping: 1
    Processed in 0.00 seconds
    starting compilation...
    finished in 0.00 seconds. Local cache hits 1 (0.00s CPU time), remote cache hits 0 (0.00s CPU time), compiled 0 variants (0.00s CPU time), skipped 0 variants
    Prepared data for serialisation in 0.00s
Compiling shader "Hidden/Internal-ODSWorldTexture" pass "" (fp)
    Full variant space:         1
    After settings filtering:   1
    After built-in stripping:   1
    After scriptable stripping: 1
    Processed in 0.00 seconds
    starting compilation...
    finished in 0.00 seconds. Local cache hits 1 (0.00s CPU time), remote cache hits 0 (0.00s CPU time), compiled 0 variants (0.00s CPU time), skipped 0 variants
    Prepared data for serialisation in 0.00s
Serialized binary data for shader Hidden/Internal-ODSWorldTexture in 0.00s
    d3d11 (total internal programs: 20, unique: 15)
Compiling shader "Hidden/Internal-CubemapToEquirect" pass "" (vp)
    Full variant space:         1
    After settings filtering:   1
    After built-in stripping:   1
    After scriptable stripping: 1
    Processed in 0.00 seconds
    starting compilation...
    finished in 0.00 seconds. Local cache hits 1 (0.00s CPU time), remote cache hits 0 (0.00s CPU time), compiled 0 variants (0.00s CPU time), skipped 0 variants
    Prepared data for serialisation in 0.00s
Compiling shader "Hidden/Internal-CubemapToEquirect" pass "" (fp)
    Full variant space:         1
    After settings filtering:   1
    After built-in stripping:   1
    After scriptable stripping: 1
    Processed in 0.00 seconds
    starting compilation...
    finished in 0.00 seconds. Local cache hits 1 (0.00s CPU time), remote cache hits 0 (0.00s CPU time), compiled 0 variants (0.00s CPU time), skipped 0 variants
    Prepared data for serialisation in 0.00s
Serialized binary data for shader Hidden/Internal-CubemapToEquirect in 0.00s
    d3d11 (total internal programs: 2, unique: 2)
Compiling shader "Hidden/VR/BlitFromTex2DToTexArraySlice" pass "" (vp)
    Full variant space:         1
    After settings filtering:   1
    After built-in stripping:   1
    After scriptable stripping: 1
    Processed in 0.00 seconds
    starting compilation...
    finished in 0.00 seconds. Local cache hits 1 (0.00s CPU time), remote cache hits 0 (0.00s CPU time), compiled 0 variants (0.00s CPU time), skipped 0 variants
    Prepared data for serialisation in 0.00s
Compiling shader "Hidden/VR/BlitFromTex2DToTexArraySlice" pass "" (fp)
    Full variant space:         1
    After settings filtering:   1
    After built-in stripping:   1
    After scriptable stripping: 1
    Processed in 0.00 seconds
    starting compilation...
    finished in 0.00 seconds. Local cache hits 1 (0.00s CPU time), remote cache hits 0 (0.00s CPU time), compiled 0 variants (0.00s CPU time), skipped 0 variants
    Prepared data for serialisation in 0.00s
Compiling shader "Hidden/VR/BlitFromTex2DToTexArraySlice" pass "" (vp)
    Full variant space:         1
    After settings filtering:   1
    After built-in stripping:   1
    After scriptable stripping: 1
    Processed in 0.00 seconds
    starting compilation...
    finished in 0.00 seconds. Local cache hits 1 (0.00s CPU time), remote cache hits 0 (0.00s CPU time), compiled 0 variants (0.00s CPU time), skipped 0 variants
    Prepared data for serialisation in 0.00s
Compiling shader "Hidden/VR/BlitFromTex2DToTexArraySlice" pass "" (fp)
    Full variant space:         1
    After settings filtering:   1
    After built-in stripping:   1
    After scriptable stripping: 1
    Processed in 0.00 seconds
    starting compilation...
    finished in 0.00 seconds. Local cache hits 1 (0.00s CPU time), remote cache hits 0 (0.00s CPU time), compiled 0 variants (0.00s CPU time), skipped 0 variants
    Prepared data for serialisation in 0.00s
Compiling shader "Hidden/VR/BlitFromTex2DToTexArraySlice" pass "" (gp)
    Full variant space:         1
    After settings filtering:   1
    After built-in stripping:   1
    After scriptable stripping: 1
    Processed in 0.00 seconds
    starting compilation...
    finished in 0.00 seconds. Local cache hits 1 (0.00s CPU time), remote cache hits 0 (0.00s CPU time), compiled 0 variants (0.00s CPU time), skipped 0 variants
    Prepared data for serialisation in 0.00s
Serialized binary data for shader Hidden/VR/BlitFromTex2DToTexArraySlice in 0.00s
    d3d11 (total internal programs: 5, unique: 5)
Compiling shader "Hidden/VideoComposite" pass "Default" (vp)
    Full variant space:         1
    After settings filtering:   1
    After built-in stripping:   1
    After scriptable stripping: 1
    Processed in 0.00 seconds
    starting compilation...
    finished in 0.00 seconds. Local cache hits 1 (0.00s CPU time), remote cache hits 0 (0.00s CPU time), compiled 0 variants (0.00s CPU time), skipped 0 variants
    Prepared data for serialisation in 0.00s
Compiling shader "Hidden/VideoComposite" pass "Default" (fp)
    Full variant space:         1
    After settings filtering:   1
    After built-in stripping:   1
    After scriptable stripping: 1
    Processed in 0.00 seconds
    starting compilation...
    finished in 0.00 seconds. Local cache hits 1 (0.00s CPU time), remote cache hits 0 (0.00s CPU time), compiled 0 variants (0.00s CPU time), skipped 0 variants
    Prepared data for serialisation in 0.00s
Serialized binary data for shader Hidden/VideoComposite in 0.00s
    d3d11 (total internal programs: 2, unique: 2)
Compiling shader "Hidden/VideoDecode" pass "YCbCr_To_RGB1" (vp)
    Full variant space:         2
    After settings filtering:   2
    After built-in stripping:   2
    After scriptable stripping: 2
    Processed in 0.00 seconds
    starting compilation...
    finished in 0.00 seconds. Local cache hits 2 (0.00s CPU time), remote cache hits 0 (0.00s CPU time), compiled 0 variants (0.00s CPU time), skipped 0 variants
    Prepared data for serialisation in 0.00s
Compiling shader "Hidden/VideoDecode" pass "YCbCr_To_RGB1" (fp)
    Full variant space:         2
    After settings filtering:   2
    After built-in stripping:   2
    After scriptable stripping: 2
    Processed in 0.00 seconds
    starting compilation...
    finished in 0.00 seconds. Local cache hits 2 (0.00s CPU time), remote cache hits 0 (0.00s CPU time), compiled 0 variants (0.00s CPU time), skipped 0 variants
    Prepared data for serialisation in 0.00s
Compiling shader "Hidden/VideoDecode" pass "YCbCrA_To_RGBAFull" (vp)
    Full variant space:         2
    After settings filtering:   2
    After built-in stripping:   2
    After scriptable stripping: 2
    Processed in 0.00 seconds
    starting compilation...
    finished in 0.00 seconds. Local cache hits 2 (0.00s CPU time), remote cache hits 0 (0.00s CPU time), compiled 0 variants (0.00s CPU time), skipped 0 variants
    Prepared data for serialisation in 0.00s
Compiling shader "Hidden/VideoDecode" pass "YCbCrA_To_RGBAFull" (fp)
    Full variant space:         2
    After settings filtering:   2
    After built-in stripping:   2
    After scriptable stripping: 2
    Processed in 0.00 seconds
    starting compilation...
    finished in 0.00 seconds. Local cache hits 2 (0.00s CPU time), remote cache hits 0 (0.00s CPU time), compiled 0 variants (0.00s CPU time), skipped 0 variants
    Prepared data for serialisation in 0.00s
Compiling shader "Hidden/VideoDecode" pass "YCbCrA_To_RGBA" (vp)
    Full variant space:         2
    After settings filtering:   2
    After built-in stripping:   2
    After scriptable stripping: 2
    Processed in 0.00 seconds
    starting compilation...
    finished in 0.00 seconds. Local cache hits 2 (0.00s CPU time), remote cache hits 0 (0.00s CPU time), compiled 0 variants (0.00s CPU time), skipped 0 variants
    Prepared data for serialisation in 0.00s
Compiling shader "Hidden/VideoDecode" pass "YCbCrA_To_RGBA" (fp)
    Full variant space:         2
    After settings filtering:   2
    After built-in stripping:   2
    After scriptable stripping: 2
    Processed in 0.00 seconds
    starting compilation...
    finished in 0.00 seconds. Local cache hits 2 (0.00s CPU time), remote cache hits 0 (0.00s CPU time), compiled 0 variants (0.00s CPU time), skipped 0 variants
    Prepared data for serialisation in 0.00s
Compiling shader "Hidden/VideoDecode" pass "Flip_RGBA_To_RGBA" (vp)
    Full variant space:         2
    After settings filtering:   2
    After built-in stripping:   2
    After scriptable stripping: 2
    Processed in 0.00 seconds
    starting compilation...
    finished in 0.00 seconds. Local cache hits 2 (0.00s CPU time), remote cache hits 0 (0.00s CPU time), compiled 0 variants (0.00s CPU time), skipped 0 variants
    Prepared data for serialisation in 0.00s
Compiling shader "Hidden/VideoDecode" pass "Flip_RGBA_To_RGBA" (fp)
    Full variant space:         2
    After settings filtering:   2
    After built-in stripping:   2
    After scriptable stripping: 2
    Processed in 0.00 seconds
    starting compilation...
    finished in 0.00 seconds. Local cache hits 2 (0.00s CPU time), remote cache hits 0 (0.00s CPU time), compiled 0 variants (0.00s CPU time), skipped 0 variants
    Prepared data for serialisation in 0.00s
Compiling shader "Hidden/VideoDecode" pass "Flip_RGBASplit_To_RGBA" (vp)
    Full variant space:         2
    After settings filtering:   2
    After built-in stripping:   2
    After scriptable stripping: 2
    Processed in 0.00 seconds
    starting compilation...
    finished in 0.00 seconds. Local cache hits 2 (0.00s CPU time), remote cache hits 0 (0.00s CPU time), compiled 0 variants (0.00s CPU time), skipped 0 variants
    Prepared data for serialisation in 0.00s
Compiling shader "Hidden/VideoDecode" pass "Flip_RGBASplit_To_RGBA" (fp)
    Full variant space:         2
    After settings filtering:   2
    After built-in stripping:   2
    After scriptable stripping: 2
    Processed in 0.00 seconds
    starting compilation...
    finished in 0.00 seconds. Local cache hits 2 (0.00s CPU time), remote cache hits 0 (0.00s CPU time), compiled 0 variants (0.00s CPU time), skipped 0 variants
    Prepared data for serialisation in 0.00s
Compiling shader "Hidden/VideoDecode" pass "Flip_NV12_To_RGB1" (vp)
    Full variant space:         2
    After settings filtering:   2
    After built-in stripping:   2
    After scriptable stripping: 2
    Processed in 0.00 seconds
    starting compilation...
    finished in 0.00 seconds. Local cache hits 2 (0.00s CPU time), remote cache hits 0 (0.00s CPU time), compiled 0 variants (0.00s CPU time), skipped 0 variants
    Prepared data for serialisation in 0.00s
Compiling shader "Hidden/VideoDecode" pass "Flip_NV12_To_RGB1" (fp)
    Full variant space:         2
    After settings filtering:   2
    After built-in stripping:   2
    After scriptable stripping: 2
    Processed in 0.00 seconds
    starting compilation...
    finished in 0.00 seconds. Local cache hits 2 (0.00s CPU time), remote cache hits 0 (0.00s CPU time), compiled 0 variants (0.00s CPU time), skipped 0 variants
    Prepared data for serialisation in 0.00s
Compiling shader "Hidden/VideoDecode" pass "Flip_NV12_To_RGBA" (vp)
    Full variant space:         2
    After settings filtering:   2
    After built-in stripping:   2
    After scriptable stripping: 2
    Processed in 0.00 seconds
    starting compilation...
    finished in 0.00 seconds. Local cache hits 2 (0.00s CPU time), remote cache hits 0 (0.00s CPU time), compiled 0 variants (0.00s CPU time), skipped 0 variants
    Prepared data for serialisation in 0.00s
Compiling shader "Hidden/VideoDecode" pass "Flip_NV12_To_RGBA" (fp)
    Full variant space:         2
    After settings filtering:   2
    After built-in stripping:   2
    After scriptable stripping: 2
    Processed in 0.00 seconds
    starting compilation...
    finished in 0.00 seconds. Local cache hits 2 (0.00s CPU time), remote cache hits 0 (0.00s CPU time), compiled 0 variants (0.00s CPU time), skipped 0 variants
    Prepared data for serialisation in 0.00s
Compiling shader "Hidden/VideoDecode" pass "Flip_P010_To_RGB1" (vp)
    Full variant space:         1
    After settings filtering:   1
    After built-in stripping:   1
    After scriptable stripping: 1
    Processed in 0.00 seconds
    starting compilation...
    finished in 0.00 seconds. Local cache hits 1 (0.00s CPU time), remote cache hits 0 (0.00s CPU time), compiled 0 variants (0.00s CPU time), skipped 0 variants
    Prepared data for serialisation in 0.00s
Compiling shader "Hidden/VideoDecode" pass "Flip_P010_To_RGB1" (fp)
    Full variant space:         1
    After settings filtering:   1
    After built-in stripping:   1
    After scriptable stripping: 1
    Processed in 0.00 seconds
    starting compilation...
    finished in 0.00 seconds. Local cache hits 1 (0.00s CPU time), remote cache hits 0 (0.00s CPU time), compiled 0 variants (0.00s CPU time), skipped 0 variants
    Prepared data for serialisation in 0.00s
Serialized binary data for shader Hidden/VideoDecode in 0.00s
    d3d11 (total internal programs: 30, unique: 19)
Compiling shader "Hidden/TextCore/Distance Field SSD" pass "" (vp)
    Full variant space:         1
    After settings filtering:   1
    After built-in stripping:   1
    After scriptable stripping: 1
    Processed in 0.00 seconds
    starting compilation...
    finished in 0.00 seconds. Local cache hits 1 (0.00s CPU time), remote cache hits 0 (0.00s CPU time), compiled 0 variants (0.00s CPU time), skipped 0 variants
    Prepared data for serialisation in 0.00s
Compiling shader "Hidden/TextCore/Distance Field SSD" pass "" (fp)
    Full variant space:         1
    After settings filtering:   1
    After built-in stripping:   1
    After scriptable stripping: 1
    Processed in 0.00 seconds
    starting compilation...
    finished in 0.00 seconds. Local cache hits 1 (0.00s CPU time), remote cache hits 0 (0.00s CPU time), compiled 0 variants (0.00s CPU time), skipped 0 variants
    Prepared data for serialisation in 0.00s
Serialized binary data for shader Hidden/TextCore/Distance Field SSD in 0.00s
    d3d11 (total internal programs: 2, unique: 2)
Starting: C:\Program Files\Tuanjie\Hub\Editor\2022.3.61t14\Editor\Data\bee_backend.exe --dont-print-to-structured-log --ipc --dagfile="Library/Bee/Playerbb0ad439.dag" --profile="Library/Bee/backend1.traceevents" Player
WorkingDir: D:/game/LoveQiE-without2DToolkit
Starting: C:\Program Files\Tuanjie\Hub\Editor\2022.3.61t14\Editor\Data\Tools\netcorerun\netcorerun.exe "C:\Program Files\Tuanjie\Hub\Editor\2022.3.61t14\Editor\Data\PlaybackEngines\WindowsStandaloneSupport\WinPlayerBuildProgram.exe" "C:/Program Files/Tuanjie/Hub/Editor/2022.3.61t14/Editor/Data/PlaybackEngines/WindowsStandaloneSupport/Bee;C:/Program Files/Tuanjie/Hub/Editor/2022.3.61t14/Editor/Data/Tools/BuildPipeline" "Library/Bee/Playerbb0ad439.dag.json" "Library/Bee/Playerbb0ad439-inputdata.json" "Library\Bee\buildprogram0.traceevents"
WorkingDir: D:/game/LoveQiE-without2DToolkit
ExitCode: 4 Duration: 0s32ms
DisplayProgressbar: Incremental Player Build
ExitCode: 0 Duration: 0s170ms
Starting: C:\Program Files\Tuanjie\Hub\Editor\2022.3.61t14\Editor\Data\bee_backend.exe --dont-print-to-structured-log --ipc --dagfile="Library/Bee/Playerbb0ad439.dag" --dagfilejson="Library\Bee\Playerbb0ad439.dag.json" --profile="Library/Bee/backend2.traceevents" Player
WorkingDir: D:/game/LoveQiE-without2DToolkit
ExitCode: 0 Duration: 0s140ms
Refreshing native plugins compatible for Editor in 0.00 ms, found 0 plugins.
Preloading 0 native plugins for Editor in 0.00 ms.

-------------------------------------------------------------------------------
Build Report
Uncompressed usage by category (Percentages based on user generated assets only):
Textures               2.8 mb	 84.0% 
Meshes                 0.0 kb	 0.0% 
Animations             0.0 kb	 0.0% 
Sounds                 0.0 kb	 0.0% 
Shaders                5.3 kb	 0.2% 
Other Assets           505.9 kb	 15.0% 
Levels                 0.0 kb	 0.0% 
Scripts                0.6 kb	 0.0% 
Included DLLs          0.0 kb	 0.0% 
File headers           26.3 kb	 0.8% 
Total User Assets      3.3 mb	 100.0% 
Complete build size    100.6 mb
Used Assets and files from the Resources folder, sorted by uncompressed size:
 2.7 mb	 2.7% Built-in Texture2D: Splash Screen Unity Logo
 12.1 kb	 0.0% Assets/Resources/Maps/solutions.json
 7.8 kb	 0.0% Resources/tuanjie_builtin_extra
 5.3 kb	 0.0% Assets/Resources/Maps/Scenes/Scene 71.prefab
 5.3 kb	 0.0% Assets/Resources/Maps/Scenes/Scene 24.prefab
 5.3 kb	 0.0% Assets/Resources/Maps/Scenes/Scene 99.prefab
 5.3 kb	 0.0% Assets/Resources/Maps/Scenes/Scene 9.prefab
 5.3 kb	 0.0% Assets/Resources/Maps/Scenes/Scene 54.prefab
 5.3 kb	 0.0% Assets/Resources/Maps/Scenes/Scene 39.prefab
 5.2 kb	 0.0% Assets/Resources/Maps/Scenes/Scene 87.prefab
 5.2 kb	 0.0% Assets/Resources/Maps/Scenes/Scene 84.prefab
 5.2 kb	 0.0% Assets/Resources/Maps/Scenes/Scene 80.prefab
 5.2 kb	 0.0% Assets/Resources/Maps/Scenes/Scene 69.prefab
 5.2 kb	 0.0% Assets/Resources/Maps/Scenes/Scene 55.prefab
 5.2 kb	 0.0% Assets/Resources/Maps/Scenes/Scene 15.prefab
 5.2 kb	 0.0% Assets/Resources/Maps/Scenes/Scene 56.prefab
 5.2 kb	 0.0% Assets/Resources/Maps/Scenes/Scene 32.prefab
 5.1 kb	 0.0% Assets/Resources/Maps/Scenes/Scene 86.prefab
 5.1 kb	 0.0% Assets/Resources/Maps/Scenes/Scene 7.prefab
 5.1 kb	 0.0% Assets/Resources/Maps/Scenes/Scene 45.prefab
 5.1 kb	 0.0% Assets/Resources/Maps/Scenes/Scene 16.prefab
 5.1 kb	 0.0% Assets/Resources/Maps/Scenes/Scene 75.prefab
 5.1 kb	 0.0% Assets/Resources/Maps/Scenes/Scene 60.prefab
 5.1 kb	 0.0% Assets/Resources/Maps/Scenes/Scene 41.prefab
 5.1 kb	 0.0% Assets/Resources/Maps/Scenes/Scene 96.prefab
 5.1 kb	 0.0% Assets/Resources/Maps/Scenes/Scene 90.prefab
 5.1 kb	 0.0% Assets/Resources/Maps/Scenes/Scene 79.prefab
 5.1 kb	 0.0% Assets/Resources/Maps/Scenes/Scene 47.prefab
 5.1 kb	 0.0% Assets/Resources/Maps/Scenes/Scene 31.prefab
 5.0 kb	 0.0% Assets/Resources/Maps/Scenes/Scene 64.prefab
 5.0 kb	 0.0% Assets/Resources/Maps/Scenes/Scene 30.prefab
 5.0 kb	 0.0% Assets/Resources/Maps/Scenes/Scene 11.prefab
 5.0 kb	 0.0% Assets/Resources/Maps/Scenes/Scene 95.prefab
 5.0 kb	 0.0% Assets/Resources/Maps/Scenes/Scene 72.prefab
 5.0 kb	 0.0% Assets/Resources/Maps/Scenes/Scene 57.prefab
 5.0 kb	 0.0% Assets/Resources/Maps/Scenes/Scene 35.prefab
 5.0 kb	 0.0% Assets/Resources/Maps/Scenes/Scene 26.prefab
 5.0 kb	 0.0% Assets/Resources/Maps/Scenes/Scene 20.prefab
 4.9 kb	 0.0% Assets/Resources/Maps/Scenes/Scene 40.prefab
 4.9 kb	 0.0% Assets/Resources/Maps/Scenes/Scene 27.prefab
 4.9 kb	 0.0% Assets/Resources/Maps/Scenes/Scene 12.prefab
 4.9 kb	 0.0% Assets/Resources/Maps/Scenes/Scene 70.prefab
 4.9 kb	 0.0% Assets/Resources/Maps/Scenes/Scene 52.prefab
 4.9 kb	 0.0% Assets/Resources/Maps/Scenes/Scene 4.prefab
 4.9 kb	 0.0% Assets/Resources/Maps/Scenes/Scene 25.prefab
 4.9 kb	 0.0% Assets/Resources/Maps/Scenes/Scene 89.prefab
 4.9 kb	 0.0% Assets/Resources/Maps/Scenes/Scene 65.prefab
 4.9 kb	 0.0% Assets/Resources/Maps/Scenes/Scene 6.prefab
 4.9 kb	 0.0% Assets/Resources/Maps/Scenes/Scene 59.prefab
 4.9 kb	 0.0% Assets/Resources/Maps/Scenes/Scene 50.prefab
 4.9 kb	 0.0% Assets/Resources/Maps/Scenes/Scene 5.prefab
 4.9 kb	 0.0% Assets/Resources/Maps/Scenes/Scene 42.prefab
 4.9 kb	 0.0% Assets/Resources/Maps/Scenes/Scene 36.prefab
 4.9 kb	 0.0% Assets/Resources/Maps/Scenes/Scene 2.prefab
 4.9 kb	 0.0% Assets/Resources/Maps/Scenes/Scene 19.prefab
 4.8 kb	 0.0% Assets/Resources/Maps/Scenes/Scene 92.prefab
 4.8 kb	 0.0% Assets/Resources/Maps/Scenes/Scene 77.prefab
 4.8 kb	 0.0% Assets/Resources/Maps/Scenes/Scene 76.prefab
 4.8 kb	 0.0% Assets/Resources/Maps/Scenes/Scene 67.prefab
 4.8 kb	 0.0% Assets/Resources/Maps/Scenes/Scene 61.prefab
 4.8 kb	 0.0% Assets/Resources/Maps/Scenes/Scene 29.prefab
 4.8 kb	 0.0% Assets/Resources/Maps/Scenes/Scene 22.prefab
 4.8 kb	 0.0% Assets/Resources/Maps/Scenes/Scene 97.prefab
 4.8 kb	 0.0% Assets/Resources/Maps/Scenes/Scene 94.prefab
 4.8 kb	 0.0% Assets/Resources/Maps/Scenes/Scene 91.prefab
 4.8 kb	 0.0% Assets/Resources/Maps/Scenes/Scene 85.prefab
 4.8 kb	 0.0% Assets/Resources/Maps/Scenes/Scene 74.prefab
 4.8 kb	 0.0% Assets/Resources/Maps/Scenes/Scene 62.prefab
 4.8 kb	 0.0% Assets/Resources/Maps/Scenes/Scene 46.prefab
 4.8 kb	 0.0% Assets/Resources/Maps/Scenes/Scene 44.prefab
 4.8 kb	 0.0% Assets/Resources/Maps/Scenes/Scene 21.prefab
 4.8 kb	 0.0% Assets/Resources/Maps/Scenes/Scene 10.prefab
 4.8 kb	 0.0% Assets/Resources/Maps/Scenes/Scene 1.prefab
 4.8 kb	 0.0% Assets/Resources/Maps/Scenes/Scene 82.prefab
 4.8 kb	 0.0% Assets/Resources/Maps/Scenes/Scene 81.prefab
 4.8 kb	 0.0% Assets/Resources/Maps/Scenes/Scene 49.prefab
 4.8 kb	 0.0% Assets/Resources/Maps/Scenes/Scene 37.prefab
 4.8 kb	 0.0% Assets/Resources/Maps/Scenes/Scene 14.prefab
 4.7 kb	 0.0% Assets/Resources/Maps/Scenes/Scene 66.prefab
 4.7 kb	 0.0% Assets/Resources/Maps/Scenes/Scene 34.prefab
 4.7 kb	 0.0% Assets/Images/hud_p3.png
 4.7 kb	 0.0% Assets/Images/hud_p1.png
 4.7 kb	 0.0% Assets/Images/xin.png
 4.1 kb	 0.0% Assets/Resources/Maps/Scenes/Scene 98.prefab
 4.1 kb	 0.0% Assets/Resources/Maps/Scenes/Scene 93.prefab
 4.1 kb	 0.0% Assets/Resources/Maps/Scenes/Scene 88.prefab
 4.1 kb	 0.0% Assets/Resources/Maps/Scenes/Scene 83.prefab
 4.1 kb	 0.0% Assets/Resources/Maps/Scenes/Scene 8.prefab
 4.1 kb	 0.0% Assets/Resources/Maps/Scenes/Scene 78.prefab
 4.1 kb	 0.0% Assets/Resources/Maps/Scenes/Scene 73.prefab
 4.1 kb	 0.0% Assets/Resources/Maps/Scenes/Scene 68.prefab
 4.1 kb	 0.0% Assets/Resources/Maps/Scenes/Scene 63.prefab
 4.1 kb	 0.0% Assets/Resources/Maps/Scenes/Scene 58.prefab
 4.1 kb	 0.0% Assets/Resources/Maps/Scenes/Scene 53.prefab
 4.1 kb	 0.0% Assets/Resources/Maps/Scenes/Scene 48.prefab
 4.1 kb	 0.0% Assets/Resources/Maps/Scenes/Scene 43.prefab
 4.1 kb	 0.0% Assets/Resources/Maps/Scenes/Scene 38.prefab
 4.1 kb	 0.0% Assets/Resources/Maps/Scenes/Scene 33.prefab
 4.1 kb	 0.0% Assets/Resources/Maps/Scenes/Scene 3.prefab
 4.1 kb	 0.0% Assets/Resources/Maps/Scenes/Scene 28.prefab
 4.1 kb	 0.0% Assets/Resources/Maps/Scenes/Scene 23.prefab
 4.1 kb	 0.0% Assets/Resources/Maps/Scenes/Scene 18.prefab
 4.1 kb	 0.0% Assets/Resources/Maps/Scenes/Scene 17.prefab
 4.1 kb	 0.0% Assets/Resources/Maps/Scenes/Scene 13.prefab
 3.6 kb	 0.0% Assets/NativeTiles/Textures/Wood_46.png
 3.6 kb	 0.0% Assets/NativeTiles/Textures/Wood_45.png
 3.6 kb	 0.0% Assets/NativeTiles/Textures/Wood_44.png
 3.6 kb	 0.0% Assets/NativeTiles/Textures/Wood_43.png
 3.6 kb	 0.0% Assets/NativeTiles/Textures/Wood_42.png
 3.6 kb	 0.0% Assets/NativeTiles/Textures/Wood_41.png
 3.6 kb	 0.0% Assets/NativeTiles/Textures/Wood_40.png
 3.6 kb	 0.0% Assets/NativeTiles/Textures/Wood_39.png
 3.6 kb	 0.0% Assets/NativeTiles/Textures/Wood_38.png
 3.6 kb	 0.0% Assets/NativeTiles/Textures/Wood_37.png
 3.6 kb	 0.0% Assets/NativeTiles/Textures/Wood_36.png
 3.6 kb	 0.0% Assets/NativeTiles/Textures/Wood_33.png
 3.6 kb	 0.0% Assets/NativeTiles/Textures/Wood_31.png
 3.6 kb	 0.0% Assets/NativeTiles/Textures/Wood_30.png
 3.6 kb	 0.0% Assets/NativeTiles/Textures/Wood_27.png
 3.6 kb	 0.0% Assets/NativeTiles/Textures/Wood_15.png
 3.6 kb	 0.0% Assets/NativeTiles/Textures/Wood_14.png
 3.6 kb	 0.0% Assets/NativeTiles/Textures/Wood_13.png
 3.6 kb	 0.0% Assets/NativeTiles/Textures/Wood_12.png
 3.6 kb	 0.0% Assets/NativeTiles/Textures/Wood_11.png
 3.6 kb	 0.0% Assets/NativeTiles/Textures/Wood_10.png
 3.6 kb	 0.0% Assets/NativeTiles/Textures/Wood_08.png
 3.6 kb	 0.0% Assets/NativeTiles/Textures/Wood_07.png
 3.6 kb	 0.0% Assets/NativeTiles/Textures/Wood_06.png
 3.6 kb	 0.0% Assets/NativeTiles/Textures/Wood_05.png
 3.6 kb	 0.0% Assets/NativeTiles/Textures/Wood_04.png
 3.6 kb	 0.0% Assets/NativeTiles/Textures/Wood_02.png
 2.8 kb	 0.0% Assets/Resources/Maps/Scenes/Scene.prefab
 2.8 kb	 0.0% Assets/Resources/Maps/Scenes/Scene 51.prefab
 0.4 kb	 0.0% Built-in Sprite: 
 0.2 kb	 0.0% Assets/NativeTiles/Tiles/Ground_diban_lv_ye3.asset
 0.2 kb	 0.0% Assets/NativeTiles/Tiles/Ground_diban_lv_ye2.asset
 0.2 kb	 0.0% Assets/NativeTiles/Tiles/Ground_diban_lv_ye1.asset
 0.2 kb	 0.0% Assets/NativeTiles/Tiles/Ground_diban_lv.asset
 0.1 kb	 0.0% Assets/NativeTiles/Tiles/Wood_46.asset
 0.1 kb	 0.0% Assets/NativeTiles/Tiles/Wood_45.asset
 0.1 kb	 0.0% Assets/NativeTiles/Tiles/Wood_44.asset
 0.1 kb	 0.0% Assets/NativeTiles/Tiles/Wood_43.asset
 0.1 kb	 0.0% Assets/NativeTiles/Tiles/Wood_42.asset
 0.1 kb	 0.0% Assets/NativeTiles/Tiles/Wood_41.asset
 0.1 kb	 0.0% Assets/NativeTiles/Tiles/Wood_40.asset
 0.1 kb	 0.0% Assets/NativeTiles/Tiles/Wood_39.asset
 0.1 kb	 0.0% Assets/NativeTiles/Tiles/Wood_38.asset
 0.1 kb	 0.0% Assets/NativeTiles/Tiles/Wood_37.asset
 0.1 kb	 0.0% Assets/NativeTiles/Tiles/Wood_36.asset
 0.1 kb	 0.0% Assets/NativeTiles/Tiles/Wood_33.asset
 0.1 kb	 0.0% Assets/NativeTiles/Tiles/Wood_31.asset
 0.1 kb	 0.0% Assets/NativeTiles/Tiles/Wood_30.asset
 0.1 kb	 0.0% Assets/NativeTiles/Tiles/Wood_27.asset
 0.1 kb	 0.0% Assets/NativeTiles/Tiles/Wood_15.asset
 0.1 kb	 0.0% Assets/NativeTiles/Tiles/Wood_14.asset
 0.1 kb	 0.0% Assets/NativeTiles/Tiles/Wood_13.asset
 0.1 kb	 0.0% Assets/NativeTiles/Tiles/Wood_12.asset
 0.1 kb	 0.0% Assets/NativeTiles/Tiles/Wood_11.asset
 0.1 kb	 0.0% Assets/NativeTiles/Tiles/Wood_10.asset
 0.1 kb	 0.0% Assets/NativeTiles/Tiles/Wood_08.asset
 0.1 kb	 0.0% Assets/NativeTiles/Tiles/Wood_07.asset
 0.1 kb	 0.0% Assets/NativeTiles/Tiles/Wood_06.asset
 0.1 kb	 0.0% Assets/NativeTiles/Tiles/Wood_05.asset
 0.1 kb	 0.0% Assets/NativeTiles/Tiles/Wood_04.asset
 0.1 kb	 0.0% Assets/NativeTiles/Tiles/Wood_02.asset
 0.1 kb	 0.0% Assets/_Scripts/Maps/NativeGameplaySmoke.cs
 0.1 kb	 0.0% Assets/_Scripts/Manager/CharactorManager.cs
 0.1 kb	 0.0% Assets/_Scripts/Utils/MapCameraFit.cs
 0.1 kb	 0.0% Assets/_Scripts/Maps/NativeLevel.cs
 0.1 kb	 0.0% Assets/_Scripts/Manager/TileManager.cs
 0.1 kb	 0.0% Assets/_Scripts/Manager/GameManager.cs
 0.1 kb	 0.0% Assets/_Scripts/Utils/Camera2D.cs
 0.1 kb	 0.0% Assets/_Scripts/Utils/BreathIt.cs
 0.0 kb	 0.0% Assets/Resources/DOTweenSettings.asset
 0.0 kb	 0.0% Assets/mainSettings.lighting
-------------------------------------------------------------------------------
Unloading 128 Unused Serialized files (Serialized files now loaded: 0)
Unloading 1061 unused Assets / (1.1 MB). Loaded Objects now: 759.
Memory consumption went from 96.5 MB to 95.4 MB.
Total: 2.946900 ms (FindLiveObjects: 0.068000 ms CreateObjectMapping: 0.016100 ms MarkObjects: 2.138700 ms  DeleteObjects: 0.723500 ms)

DisplayProgressNotification: Build Successful
Build Finished, Result: Success.
##utp:{"type":"PlayerBuildInfo","version":2,"phase":"Immediate","time":1790140154325,"processId":41552,"steps":[{"description":"Preprocess Player","duration":5},{"description":"Prepare For Build","duration":24},{"description":"ProducePlayerScriptAssemblies","duration":1168},{"description":"Verify Build setup","duration":12},{"description":"Prepare assets for target platform","duration":5},{"description":"Prepare splash screen","duration":0},{"description":"Building scenes","duration":159},{"description":"Build scripts DLLs","duration":744},{"description":"Build GlobalGameManagers file","duration":77},{"description":"Writing asset files","duration":82},{"description":"Building Resources/tuanjie_builtin_extra","duration":73},{"description":"Write data build dirty tracking information","duration":50},{"description":"Postprocess built player","duration":535}],"duration":2934}
Unloading 0 Unused Serialized files (Serialized files now loaded: 0)
Loaded scene 'Temp/__Backupscenes/0.backup'
	Deserialize:            0.932 ms
	Integration:            6.362 ms
	Integration of assets:  0.001 ms
	Thread Wait Time:       0.009 ms
	Total Operation Time:   7.304 ms
Unloading 55 unused Assets / (37.2 KB). Loaded Objects now: 760.
Memory consumption went from 85.3 MB to 85.2 MB.
Total: 2.200300 ms (FindLiveObjects: 0.045200 ms CreateObjectMapping: 0.007200 ms MarkObjects: 1.998000 ms  DeleteObjects: 0.149500 ms)

Batchmode quit successfully invoked - shutting down!
Input System module state changed to: ShutdownInProgress.
Input System polling thread exited.
Input System module state changed to: Shutdown.
[Licensing::IpcConnector] License Notification channel disconnected successfully.
[Licensing::IpcConnector] License Client channel disconnected successfully.
Shutting down server...
Cleanup mono
[Performance] WinEditorMain                                                                                                   :        1 samples, Peak.  5.50 s (1.0x), Avg.  5.50 s, Total. 5.499 s (33.7%)
[Performance] WinEditorMain.ConfigureCrashHandler                                                                             :        1 samples, Peak.  20.3 us (1.0x), Avg.  20.3 us, Total. 20.30 us (0.0%)
[Performance] WinEditorMain.CurlRequestInitialize                                                                             :        1 samples, Peak.   573 us (1.0x), Avg.   573 us, Total. 572.5 us (0.0%)
[Performance] WinEditorMain.SetupLogFile                                                                                      :        1 samples, Peak.   697 us (1.0x), Avg.   697 us, Total. 696.7 us (0.0%)
[Performance] WinEditorMain.RunNativeTestsIfRequiredAndExit                                                                   :        1 samples, Peak.   100 ns (1.0x), Avg.   100 ns, Total. 100.0 ns (0.0%)
[Performance] WinEditorMain.Licensing                                                                                         :        1 samples, Peak.  5.46 s (1.0x), Avg.  5.46 s, Total. 5.460 s (33.4%)
[Performance] WinEditorMain.InitializeCrashHandler                                                                            :        1 samples, Peak.  35.0 ms (1.0x), Avg.  35.0 ms, Total. 35.04 ms (0.2%)
[Performance] WinEditorMain.CreateApplication                                                                                 :        1 samples, Peak.   101 us (1.0x), Avg.   101 us, Total. 101.5 us (0.0%)
[Performance] Application.InitializeProject                                                                                   :        1 samples, Peak.  6.13 s (1.0x), Avg.  6.13 s, Total. 6.129 s (37.5%)
[Performance] Application.PackageManager.StartServer                                                                          :        1 samples, Peak.  13.9 ms (1.0x), Avg.  13.9 ms, Total. 13.93 ms (0.1%)
[Performance] Application.AcquireProjectLock                                                                                  :        1 samples, Peak.  3.71 ms (1.0x), Avg.  3.71 ms, Total. 3.710 ms (0.0%)
[Performance] Application.InitializeEngineNoGraphics                                                                          :        1 samples, Peak.   291 ms (1.0x), Avg.   291 ms, Total. 291.3 ms (1.8%)
[Performance] Application.PackageManager.Initialize                                                                           :        1 samples, Peak.  87.9 us (1.0x), Avg.  87.9 us, Total. 87.90 us (0.0%)
[Performance] Connecting to Package Manager                                                                                   :        1 samples, Peak.  39.9 us (1.0x), Avg.  39.9 us, Total. 39.90 us (0.0%)
[Performance] PackageManager::Api::RunRequestSynchronously                                                                    :       15 samples, Peak.  9.10 us (2.7x), Avg.  3.41 us, Total. 51.20 us (0.0%)
[Performance] Application.EngineGraphics.Initialize                                                                           :        1 samples, Peak.   218 ms (1.0x), Avg.   218 ms, Total. 218.4 ms (1.3%)
[Performance] Application.GI.Initialize                                                                                       :        1 samples, Peak.  3.03 ms (1.0x), Avg.  3.03 ms, Total. 3.029 ms (0.0%)
[Performance] Application.LoadAllDefaultResourcesFromEditor                                                                   :        1 samples, Peak.  1.40 ms (1.0x), Avg.  1.40 ms, Total. 1.396 ms (0.0%)
[Performance] Application.LoadMonoAssemblies                                                                                  :        1 samples, Peak.   488 ms (1.0x), Avg.   488 ms, Total. 488.0 ms (3.0%)
[Performance] RestoreManagedReferences                                                                                        :        2 samples, Peak.  24.1 ms (2.0x), Avg.  12.1 ms, Total. 24.12 ms (0.1%)
[Performance] InitializeOnLoad SceneSearch                                                                                    :        2 samples, Peak.   203 us (1.0x), Avg.   203 us, Total. 406.3 us (0.0%)
[Performance] InitializeOnLoad DrivenRectTransformUndo                                                                        :        2 samples, Peak.   135 us (1.0x), Avg.   135 us, Total. 269.2 us (0.0%)
[Performance] InitializeOnLoad ManagedDebugger                                                                                :        2 samples, Peak.   380 us (1.0x), Avg.   369 us, Total. 738.2 us (0.0%)
[Performance] InitializeOnLoad EditMode                                                                                       :        2 samples, Peak.   326 us (1.1x), Avg.   287 us, Total. 574.3 us (0.0%)
[Performance] InitializeOnLoad ProjectSearch                                                                                  :        2 samples, Peak.   227 us (1.7x), Avg.   131 us, Total. 261.7 us (0.0%)
[Performance] InitializeOnLoad ManagedDebuggerWindow                                                                          :        2 samples, Peak.  79.9 us (1.1x), Avg.  73.7 us, Total. 147.3 us (0.0%)
[Performance] InitializeOnLoad ConsoleEntrance                                                                                :        2 samples, Peak.   204 us (1.0x), Avg.   198 us, Total. 396.3 us (0.0%)
[Performance] InitializeOnLoad TuanjiePathAndNameFix                                                                          :        2 samples, Peak.   409 us (1.0x), Avg.   399 us, Total. 797.8 us (0.0%)
[Performance] InitializeOnLoad AddComponentWindow                                                                             :        2 samples, Peak.  67.2 us (1.1x), Avg.  62.8 us, Total. 125.6 us (0.0%)
[Performance] InitializeOnLoad MixerEffectDefinitionReloader                                                                  :        2 samples, Peak.  1.37 ms (1.1x), Avg.  1.19 ms, Total. 2.386 ms (0.0%)
[Performance] InitializeOnLoad NativeFormatImporterUtility                                                                    :        2 samples, Peak.  1.98 ms (1.3x), Avg.  1.55 ms, Total. 3.097 ms (0.0%)
[Performance] InitializeOnLoad UnityConnect                                                                                   :        2 samples, Peak.  42.3 us (1.1x), Avg.  37.6 us, Total. 75.20 us (0.0%)
[Performance] InitializeOnLoad AssetStoreContext                                                                              :        2 samples, Peak.  16.9 ms (1.1x), Avg.  16.0 ms, Total. 32.04 ms (0.2%)
[Performance] InitializeOnLoad UISystemProfilerRenderService                                                                  :        2 samples, Peak.  9.10 us (1.2x), Avg.  7.75 us, Total. 15.50 us (0.0%)
[Performance] InitializeOnLoad ShortcutIntegration                                                                            :        2 samples, Peak.  42.9 us (1.0x), Avg.  42.3 us, Total. 84.70 us (0.0%)
[Performance] InitializeOnLoad CacheServerWindow                                                                              :        2 samples, Peak.  12.1 us (1.4x), Avg.  8.80 us, Total. 17.60 us (0.0%)
[Performance] InitializeOnLoad PrefabInstanceChangedListener                                                                  :        2 samples, Peak.  87.8 us (1.0x), Avg.  86.6 us, Total. 173.2 us (0.0%)
[Performance] InitializeOnLoad CloudBuild                                                                                     :        2 samples, Peak.  3.40 us (1.3x), Avg.  2.60 us, Total. 5.200 us (0.0%)
[Performance] InitializeOnLoad ProfilerConnectionPopupWindow                                                                  :        2 samples, Peak.  16.2 us (1.2x), Avg.  14.0 us, Total. 28.00 us (0.0%)
[Performance] InitializeOnLoad SettingsService                                                                                :        2 samples, Peak.  7.80 us (1.4x), Avg.  5.75 us, Total. 11.50 us (0.0%)
[Performance] InitializeOnLoad ObjectSelectorSearch                                                                           :        2 samples, Peak.  29.3 us (1.2x), Avg.  25.0 us, Total. 50.00 us (0.0%)
[Performance] InitializeOnLoad PlayModeDownload                                                                               :        2 samples, Peak.  3.41 ms (1.9x), Avg.  1.77 ms, Total. 3.545 ms (0.0%)
[Performance] InitializeOnLoad SearchService                                                                                  :        2 samples, Peak.  68.9 us (1.0x), Avg.  67.7 us, Total. 135.4 us (0.0%)
[Performance] InitializeOnLoad PoolManager                                                                                    :        2 samples, Peak.  29.8 us (1.1x), Avg.  28.3 us, Total. 56.60 us (0.0%)
[Performance] InitializeOnLoad WindowLayout                                                                                   :        2 samples, Peak.   314 us (1.0x), Avg.   311 us, Total. 622.3 us (0.0%)
[Performance] InitializeOnLoad BuildProfileHelperManager                                                                      :        2 samples, Peak.  91.7 ms (1.9x), Avg.  48.1 ms, Total. 96.27 ms (0.6%)
[Performance] InitializeOnLoad MenuItems                                                                                      :        2 samples, Peak.   141 us (1.5x), Avg.  96.7 us, Total. 193.4 us (0.0%)
[Performance] InitializeOnLoad EditorMonitor                                                                                  :        2 samples, Peak.   421 us (1.1x), Avg.   378 us, Total. 755.5 us (0.0%)
[Performance] InitializeOnLoad RetainedMode                                                                                   :        2 samples, Peak.  1.42 ms (1.0x), Avg.  1.37 ms, Total. 2.747 ms (0.0%)
[Performance] InitializeOnLoad EditorShaderLoader                                                                             :        2 samples, Peak.   449 us (1.0x), Avg.   436 us, Total. 871.5 us (0.0%)
[Performance] InitializeOnLoad EditorDelegateRegistration                                                                     :        2 samples, Peak.   304 us (1.1x), Avg.   280 us, Total. 559.0 us (0.0%)
[Performance] InitializeOnLoad UIDocumentHierarchyWatcher                                                                     :        2 samples, Peak.  61.4 us (1.2x), Avg.  51.6 us, Total. 103.3 us (0.0%)
[Performance] InitializeOnLoad LiveReloadTrackerCreator                                                                       :        2 samples, Peak.   124 us (1.2x), Avg.   100 us, Total. 200.4 us (0.0%)
[Performance] InitializeOnLoad UxmlObjectEditorFactories                                                                      :        2 samples, Peak.   346 us (1.1x), Avg.   315 us, Total. 629.1 us (0.0%)
[Performance] InitializeOnLoad UXMLEditorFactories                                                                            :        2 samples, Peak.  38.0 ms (1.1x), Avg.  36.0 ms, Total. 72.08 ms (0.4%)
[Performance] InitializeOnLoad PurchasingService                                                                              :        2 samples, Peak.  4.82 ms (1.0x), Avg.  4.67 ms, Total. 9.332 ms (0.1%)
[Performance] InitializeOnLoad CloudBuildPoller                                                                               :        2 samples, Peak.  69.0 us (1.0x), Avg.  67.8 us, Total. 135.6 us (0.0%)
[Performance] InitializeOnLoad EditorGameServicesAnalytics                                                                    :        2 samples, Peak.  1.96 ms (1.5x), Avg.  1.29 ms, Total. 2.575 ms (0.0%)
[Performance] InitializeOnLoad AnalyticsService                                                                               :        2 samples, Peak.   132 us (1.1x), Avg.   120 us, Total. 240.4 us (0.0%)
[Performance] InitializeOnLoad BuildService                                                                                   :        2 samples, Peak.  88.0 us (1.0x), Avg.  85.6 us, Total. 171.3 us (0.0%)
[Performance] InitializeOnLoad AdsService                                                                                     :        2 samples, Peak.   238 us (1.0x), Avg.   237 us, Total. 475.0 us (0.0%)
[Performance] InitializeOnLoad UDPService                                                                                     :        2 samples, Peak.  86.0 us (1.0x), Avg.  84.7 us, Total. 169.4 us (0.0%)
[Performance] InitializeOnLoad CrashService                                                                                   :        2 samples, Peak.  91.3 us (1.1x), Avg.  82.0 us, Total. 164.0 us (0.0%)
[Performance] InitializeOnLoad ServicesRepository                                                                             :        2 samples, Peak.   300 ns (1.2x), Avg.   250 ns, Total. 500.0 ns (0.0%)
[Performance] InitializeOnLoad SearchWindow                                                                                   :        2 samples, Peak.  90.9 us (1.1x), Avg.  79.8 us, Total. 159.6 us (0.0%)
[Performance] InitializeOnLoad CustomIndexers                                                                                 :        2 samples, Peak.  12.1 ms (1.1x), Avg.  11.5 ms, Total. 22.90 ms (0.1%)
[Performance] InitializeOnLoad SearchMonitor                                                                                  :        2 samples, Peak.   775 us (1.2x), Avg.   648 us, Total. 1.296 ms (0.0%)
[Performance] InitializeOnLoad ParameterControllerEditor                                                                      :        2 samples, Peak.  12.6 us (1.0x), Avg.  12.4 us, Total. 24.80 us (0.0%)
[Performance] InitializeOnLoad LayerSettingsWindow                                                                            :        2 samples, Peak.  14.8 us (1.7x), Avg.  8.75 us, Total. 17.50 us (0.0%)
[Performance] InitializeOnLoad PackageManagerHookGUIDConverter.RegisterPackagesEventHandler                                   :        2 samples, Peak.   501 us (1.7x), Avg.   298 us, Total. 595.7 us (0.0%)
[Performance] InitializeOnLoad EditorDragAndDrop.RegisterEditorClient                                                         :        2 samples, Peak.   143 us (1.1x), Avg.   131 us, Total. 261.4 us (0.0%)
[Performance] InitializeOnLoad EditorEventCallbacks.InitializeFontAssetResourceChangeCallBacks                                :        2 samples, Peak.   665 us (1.0x), Avg.   655 us, Total. 1.310 ms (0.0%)
[Performance] InitializeOnLoad SceneTemplateService.Init                                                                      :        2 samples, Peak.   731 us (1.1x), Avg.   696 us, Total. 1.391 ms (0.0%)
[Performance] InitializeOnLoad DiagnosticSwitchesConsoleMessage.Init                                                          :        2 samples, Peak.  4.86 ms (1.8x), Avg.  2.68 ms, Total. 5.358 ms (0.0%)
[Performance] InitializeOnLoad EditorWindow.Initialize                                                                        :        2 samples, Peak.   168 us (1.1x), Avg.   159 us, Total. 318.9 us (0.0%)
[Performance] InitializeOnLoad MemoryProfilerCompilationGuard.InjectCompileGuard                                              :        2 samples, Peak.  91.7 us (1.0x), Avg.  91.0 us, Total. 182.1 us (0.0%)
[Performance] InitializeOnLoad PackageManagerWindow.EditorInitializedInSafeMode                                               :        2 samples, Peak.   126 us (1.7x), Avg.  73.0 us, Total. 146.0 us (0.0%)
[Performance] InitializeOnLoad ToolShortcutContext.Init                                                                       :        2 samples, Peak.  80.6 us (1.1x), Avg.  75.5 us, Total. 151.0 us (0.0%)
[Performance] InitializeOnLoad AssetPostprocessingInternal.RefreshCustomDependencies                                          :        2 samples, Peak.  2.06 ms (1.4x), Avg.  1.44 ms, Total. 2.880 ms (0.0%)
[Performance] InitializeOnLoad SysrootManager.Initialize                                                                      :        2 samples, Peak.   322 us (1.0x), Avg.   309 us, Total. 618.0 us (0.0%)
[Performance] InitializeOnLoad ScopedRegistryAddedPopup.SubscribeToRegistriesAdded                                            :        2 samples, Peak.   127 us (1.3x), Avg.  98.2 us, Total. 196.4 us (0.0%)
[Performance] InitializeOnLoad SceneVisibilityManager.Initialize                                                              :        2 samples, Peak.  3.18 ms (1.7x), Avg.  1.83 ms, Total. 3.667 ms (0.0%)
[Performance] AssemblyReloadEvents.afterAssemblyReload: UnityEditor.PackageManager.TuanjiePathAndNameFix.FixTuanjieNameOrPath :        2 samples, Peak.  2.75 ms (1.1x), Avg.  2.49 ms, Total. 4.976 ms (0.0%)
[Performance] AssemblyReloadEvents.afterAssemblyReload: UnityEditor.SceneTemplate.SceneTemplateService.AfterAssemblyReload    :        2 samples, Peak.  2.59 ms (1.9x), Avg.  1.39 ms, Total. 2.782 ms (0.0%)
[Performance] ProcessService.EditorAfterLoadAllAssemblies                                                                     :        2 samples, Peak.   230 us (1.1x), Avg.   201 us, Total. 402.0 us (0.0%)
[Performance] Application.ReadLicenseInfo                                                                                     :        1 samples, Peak.  22.4 ms (1.0x), Avg.  22.4 ms, Total. 22.39 ms (0.1%)
[Performance] Application.InitialRefresh                                                                                      :        1 samples, Peak.  3.60 s (1.0x), Avg.  3.60 s, Total. 3.603 s (22.1%)
[Performance] ShaderImporter.SourceAssetModified                                                                              :        5 samples, Peak.  2.70 us (2.0x), Avg.  1.36 us, Total. 6.800 us (0.0%)
[Performance] ShaderIncludeImporter.SourceAssetModified                                                                       :        5 samples, Peak.  7.80 us (2.4x), Avg.  3.30 us, Total. 16.50 us (0.0%)
[Performance] Compiling Scripts                                                                                               :        1 samples, Peak.  2.27 s (1.0x), Avg.  2.27 s, Total. 2.274 s (13.9%)
[Performance] AssemblyReloadEvents.beforeAssemblyReload: UnityEditor.SceneTemplate.SceneTemplateService.BeforeAssemblyReload  :        1 samples, Peak.   314 us (1.0x), Avg.   314 us, Total. 314.5 us (0.0%)
[Performance] PresetManagerPostProcessor.OnPreprocessAsset                                                                    :      300 samples, Peak.   856 us (88.7x), Avg.  9.65 us, Total. 2.895 ms (0.0%)
[Performance] CancelSplashScreenOnAssetChange.OnPreprocessAsset                                                               :      300 samples, Peak.  98.7 us (66.4x), Avg.  1.49 us, Total. 445.7 us (0.0%)
[Performance] InitializeOnLoad SpriteEditorWindow                                                                             :        1 samples, Peak.   365 us (1.0x), Avg.   365 us, Total. 364.8 us (0.0%)
[Performance] InitializeOnLoad SceneViewGridManager.Initialize                                                                :        1 samples, Peak.  4.79 ms (1.0x), Avg.  4.79 ms, Total. 4.788 ms (0.0%)
[Performance] InitializeOnLoad TilemapPrefabStageHelper.Initialize                                                            :        1 samples, Peak.   940 us (1.0x), Avg.   940 us, Total. 940.3 us (0.0%)
[Performance] InitializeOnLoad SceneViewOpenTilePaletteHelper.Initialize                                                      :        1 samples, Peak.   737 us (1.0x), Avg.   737 us, Total. 736.9 us (0.0%)
[Performance] InitializeOnLoad TileDragAndDropManager.Initialize                                                              :        1 samples, Peak.   454 us (1.0x), Avg.   454 us, Total. 453.6 us (0.0%)
[Performance] DidReloadScriptsAdvancedDropdownWindow.OnScriptReload                                                           :        1 samples, Peak.   134 us (1.0x), Avg.   134 us, Total. 134.4 us (0.0%)
[Performance] TextureImporter.Import                                                                                          :      127 samples, Peak.  2.97 ms (4.6x), Avg.   648 us, Total. 82.31 ms (0.5%)
[Performance] AssetDatabase.ImportAssets                                                                                      :       10 samples, Peak.   600 ns (1.8x), Avg.   330 ns, Total. 3.300 us (0.0%)
[Performance] VersionControl.Task.Wait                                                                                        :        1 samples, Peak.  5.00 us (1.0x), Avg.  5.00 us, Total. 5.000 us (0.0%)
[Performance] BuilderAssetPostprocessor.OnPostprocessAllAssets                                                                :        8 samples, Peak.  5.42 ms (4.0x), Avg.  1.37 ms, Total. 10.98 ms (0.1%)
[Performance] ArtifactBrowserPostProcessor.OnPostprocessAllAssets                                                             :        8 samples, Peak.   320 us (3.9x), Avg.  82.6 us, Total. 660.7 us (0.0%)
[Performance] AssetEvents.OnPostprocessAllAssets                                                                              :       16 samples, Peak.   138 us (6.1x), Avg.  22.7 us, Total. 364.0 us (0.0%)
[Performance] AudioMixerPostprocessor.OnPostprocessAllAssets                                                                  :        8 samples, Peak.   169 us (3.9x), Avg.  43.4 us, Total. 347.5 us (0.0%)
[Performance] DomainReloadPostprocessor.OnPostprocessAllAssets                                                                :        8 samples, Peak.  1.25 ms (3.9x), Avg.   319 us, Total. 2.551 ms (0.0%)
[Performance] StyleCatalogPostProcessor.OnPostprocessAllAssets                                                                :        8 samples, Peak.  10.3 ms (4.0x), Avg.  2.59 ms, Total. 20.72 ms (0.1%)
[Performance] BuildCatalog                                                                                                    :        1 samples, Peak.  9.58 ms (1.0x), Avg.  9.58 ms, Total. 9.580 ms (0.1%)
[Performance] ModelImporterPostProcessor.OnPostprocessAllAssets                                                               :        8 samples, Peak.  1.19 ms (3.9x), Avg.   304 us, Total. 2.431 ms (0.0%)
[Performance] RetainedModeAssetPostprocessor.OnPostprocessAllAssets                                                           :        8 samples, Peak.  3.99 ms (4.0x), Avg.  1.00 ms, Total. 8.024 ms (0.0%)
[Performance] AssetChangedListener.OnPostprocessAllAssets                                                                     :        8 samples, Peak.  1.62 ms (3.7x), Avg.   442 us, Total. 3.536 ms (0.0%)
[Performance] SpeedTreePostProcessor.OnPostprocessAllAssets                                                                   :        8 samples, Peak.  1.26 ms (3.9x), Avg.   320 us, Total. 2.556 ms (0.0%)
[Performance] TextAssetPostProcessor.OnPostprocessAllAssets                                                                   :        8 samples, Peak.  1.65 ms (4.0x), Avg.   416 us, Total. 3.329 ms (0.0%)
[Performance] AssetProcessor.OnPostprocessAllAssets                                                                           :       24 samples, Peak.   585 us (5.5x), Avg.   107 us, Total. 2.562 ms (0.0%)
[Performance] SpriteEditorTexturePostprocessor.OnPostprocessAllAssets                                                         :        8 samples, Peak.   182 us (3.2x), Avg.  56.8 us, Total. 454.1 us (0.0%)
[Performance] SyncVS.PostprocessSyncProject                                                                                   :        4 samples, Peak.  1.27 ms (3.8x), Avg.   334 us, Total. 1.337 ms (0.0%)
[Performance] EditorApplication.projectChanged: UnityEditor.Audio.MixerEffectDefinitionReloader.OnProjectChanged              :        3 samples, Peak.   235 us (1.0x), Avg.   233 us, Total. 697.6 us (0.0%)
[Performance] Application.ImportPackagesAndSetTemplateWhenCreatingProject                                                     :        1 samples, Peak.  10.7 ms (1.0x), Avg.  10.7 ms, Total. 10.72 ms (0.1%)
[Performance] Application.SyncCurrentColorSpace                                                                               :        1 samples, Peak.  77.9 ms (1.0x), Avg.  77.9 ms, Total. 77.95 ms (0.5%)
[Performance] Application.OnUsbDevicesChanged                                                                                 :        1 samples, Peak.   705 us (1.0x), Avg.   705 us, Total. 705.2 us (0.0%)
[Performance] Application.AssetInstanceCacheUpdate                                                                            :        1 samples, Peak.   200 ns (1.0x), Avg.   200 ns, Total. 200.0 ns (0.0%)
[Performance] Application.UnityExtensions.Initialize                                                                          :        1 samples, Peak.   357 us (1.0x), Avg.   357 us, Total. 357.4 us (0.0%)
[Performance] CodeEditorProjectSync.SyncEditorProject                                                                         :        1 samples, Peak.  62.5 us (1.0x), Avg.  62.5 us, Total. 62.50 us (0.0%)
[Performance] Application.ExecuteStartups                                                                                     :        1 samples, Peak.  36.2 ms (1.0x), Avg.  36.2 ms, Total. 36.18 ms (0.2%)
[Performance] Menu.RegisterMenuInterface                                                                                      :       26 samples, Peak.   600 ns (5.6x), Avg.   108 ns, Total. 2.800 us (0.0%)
[Performance] Gizmo.RebuildRenderers                                                                                          :        2 samples, Peak.  35.4 ms (1.4x), Avg.  24.6 ms, Total. 49.29 ms (0.3%)
[Performance] Gizmo.AddGizmoRenderers                                                                                         :       46 samples, Peak.  1.20 ms (30.9x), Avg.  38.9 us, Total. 1.791 ms (0.0%)
[Performance] Application.editorInitializingProject                                                                           :        1 samples, Peak.   142 ms (1.0x), Avg.   142 ms, Total. 141.5 ms (0.9%)
[Performance] Application.InitializeMenu                                                                                      :        1 samples, Peak.  45.6 ms (1.0x), Avg.  45.6 ms, Total. 45.65 ms (0.3%)
[Performance] Menu.RebuildAll                                                                                                 :        1 samples, Peak.  45.6 ms (1.0x), Avg.  45.6 ms, Total. 45.64 ms (0.3%)
[Performance] Menu.BuildRegisteredMenuInterfaces                                                                              :        1 samples, Peak.  44.4 ms (1.0x), Avg.  44.4 ms, Total. 44.44 ms (0.3%)
[Performance] Menu.FilterMenuItem                                                                                             :      501 samples, Peak.  10.4 ms (494.7x), Avg.  21.1 us, Total. 10.58 ms (0.1%)
[Performance] UpdateAllMenus                                                                                                  :        1 samples, Peak.   339 us (1.0x), Avg.   339 us, Total. 339.2 us (0.0%)
[Performance] Menu.RebuildOSMainMenu                                                                                          :        3 samples, Peak.  1.27 ms (1.3x), Avg.   976 us, Total. 2.929 ms (0.0%)
[Performance] EditorSceneManager.sceneClosing: UnityEditor.SceneVisibilityManager.EditorSceneManagerOnSceneClosing            :        6 samples, Peak.   182 us (5.6x), Avg.  32.2 us, Total. 193.4 us (0.0%)
[Performance] GUIView.RepaintAll.PlayerLoopController                                                                         :        4 samples, Peak.  1.30 us (1.2x), Avg.  1.10 us, Total. 4.400 us (0.0%)
[Performance] EditorSceneManager.newSceneCreated: UnityEditor.SceneTemplate.SceneTemplateService.OnNewSceneCreated            :        3 samples, Peak.   170 us (3.0x), Avg.  57.6 us, Total. 172.9 us (0.0%)
[Performance] EditorSceneManager.newSceneCreated: UnityEditor.SceneVisibilityManager.EditorSceneManagerOnNewSceneCreated      :        3 samples, Peak.   112 us (2.6x), Avg.  42.8 us, Total. 128.5 us (0.0%)
[Performance] EditorSceneManager.newSceneCreated: UnityEditor.SceneManagement.StageNavigationManager.OnNewSceneCreated        :        3 samples, Peak.  35.1 us (2.8x), Avg.  12.4 us, Total. 37.20 us (0.0%)
[Performance] Application.InvokeFinishedLoadingProject                                                                        :        1 samples, Peak.  1.28 ms (1.0x), Avg.  1.28 ms, Total. 1.281 ms (0.0%)
[Performance] ProcessService.OnProjectLoaded                                                                                  :        1 samples, Peak.  31.0 us (1.0x), Avg.  31.0 us, Total. 31.00 us (0.0%)
[Performance] SceneDataContainer.TransformHierarchyChangedSetParentCallback                                                   :        3 samples, Peak.  8.90 us (2.7x), Avg.  3.27 us, Total. 9.800 us (0.0%)
[Performance] SceneVisibilityState.IsFlagSetInParents                                                                         :        3 samples, Peak.   700 ns (1.5x), Avg.   467 ns, Total. 1.400 us (0.0%)
[Performance] PaletteAssetModificationProcessor.OnWillSaveAssets                                                              :        7 samples, Peak.   183 us (5.8x), Avg.  31.4 us, Total. 219.6 us (0.0%)
[Performance] BuilderAssetModificationProcessor.OnWillSaveAssets                                                              :        7 samples, Peak.   225 us (6.7x), Avg.  33.6 us, Total. 235.5 us (0.0%)
[Performance] TerrainModificationProcessor.OnWillSaveAssets                                                                   :        7 samples, Peak.   376 us (6.9x), Avg.  54.8 us, Total. 383.5 us (0.0%)
[Performance] PaletteAssetModificationProcessor.OnWillCreateAsset                                                             :        2 samples, Peak.  68.9 us (1.8x), Avg.  38.4 us, Total. 76.90 us (0.0%)
[Performance] BuilderAssetModificationProcessor.OnWillCreateAsset                                                             :        2 samples, Peak.   144 us (1.9x), Avg.  77.2 us, Total. 154.4 us (0.0%)
[Performance] AssetDatabase.Refresh                                                                                           :        2 samples, Peak.  12.8 ms (1.4x), Avg.  8.96 ms, Total. 17.93 ms (0.1%)
[Performance] EditorSceneManager.sceneOpening: UnityEditor.SceneVisibilityManager.EditorSceneManagerOnSceneOpening            :        1 samples, Peak.  93.3 us (1.0x), Avg.  93.3 us, Total. 93.30 us (0.0%)
[Performance] Inspector.InitOrRebuild                                                                                         :        4 samples, Peak.   260 us (2.0x), Avg.   132 us, Total. 529.1 us (0.0%)
[Performance] EditorSceneManager.sceneOpened: UnityEditor.SceneTemplate.SceneTemplateService.OnSceneOpened                    :        2 samples, Peak.   145 us (2.0x), Avg.  73.1 us, Total. 146.2 us (0.0%)
[Performance] EditorSceneManager.sceneOpened: UnityEditor.SceneVisibilityManager.EditorSceneManagerOnSceneOpened              :        2 samples, Peak.  63.8 us (1.9x), Avg.  33.5 us, Total. 66.90 us (0.0%)
[Performance] EditorSceneManager.sceneOpened: UnityEditor.SceneManagement.StageNavigationManager.OnSceneOpened                :        2 samples, Peak.  28.9 us (2.0x), Avg.  14.8 us, Total. 29.60 us (0.0%)
[Performance] GenerateAssemblyTypeInfos                                                                                       :        2 samples, Peak.  3.47 ms (1.2x), Avg.  2.92 ms, Total. 5.847 ms (0.0%)
[Performance] UnityBuildPostprocessor.OnProcessScene                                                                          :        1 samples, Peak.   344 us (1.0x), Avg.   344 us, Total. 344.4 us (0.0%)
[Performance] EditorApplication.quitting: UnityEditor.Tilemaps.SceneViewGridManager.EditorQuitting                            :        1 samples, Peak.  62.2 us (1.0x), Avg.  62.2 us, Total. 62.20 us (0.0%)
[Performance] EditorApplication.quitting: callback in UnityEditor.TextCore.Text.EditorEventCallbacks                          :        1 samples, Peak.  2.96 ms (1.0x), Avg.  2.96 ms, Total. 2.956 ms (0.0%)
[Performance] Application.Shutdown.PauseProfilerSession                                                                       :        1 samples, Peak.  21.6 us (1.0x), Avg.  21.6 us, Total. 21.60 us (0.0%)
[Performance] Application.Shutdown.PauseAssetImportWorkers                                                                    :        1 samples, Peak.   156 us (1.0x), Avg.   156 us, Total. 156.3 us (0.0%)
[Performance] Application.Shutdown.SaveAssets                                                                                 :        1 samples, Peak.  1.93 ms (1.0x), Avg.  1.93 ms, Total. 1.935 ms (0.0%)
[Performance] Application.Shutdown.CleanupRenderPipeline                                                                      :        1 samples, Peak.  5.50 us (1.0x), Avg.  5.50 us, Total. 5.500 us (0.0%)
[Performance] Application.Shutdown.StopPreloadManager                                                                         :        1 samples, Peak.  9.56 ms (1.0x), Avg.  9.56 ms, Total. 9.560 ms (0.1%)
[Performance] Application.Shutdown.DestroyWorld                                                                               :        1 samples, Peak.   343 us (1.0x), Avg.   343 us, Total. 343.2 us (0.0%)
[Performance] Application.Shutdown.CleanupAfterLoad                                                                           :        1 samples, Peak.  1.72 ms (1.0x), Avg.  1.72 ms, Total. 1.724 ms (0.0%)
[Performance] Application.Shutdown.Progress                                                                                   :        1 samples, Peak.  5.70 us (1.0x), Avg.  5.70 us, Total. 5.700 us (0.0%)
[Performance] Application.Shutdown.GICleanupManagers                                                                          :        1 samples, Peak.   402 us (1.0x), Avg.   402 us, Total. 401.8 us (0.0%)
[Performance] Application.Shutdown.MenuCleanupClass                                                                           :        1 samples, Peak.  78.9 us (1.0x), Avg.  78.9 us, Total. 78.90 us (0.0%)
[Performance] Application.Shutdown.ADBSaveStateBeforeShutdown                                                                 :        1 samples, Peak.  6.50 us (1.0x), Avg.  6.50 us, Total. 6.500 us (0.0%)
[Performance] Application.Shutdown.RemoteShutdown                                                                             :        1 samples, Peak.   700 ns (1.0x), Avg.   700 ns, Total. 700.0 ns (0.0%)
[Performance] Application.Shutdown.CleanupVCProvider                                                                          :        1 samples, Peak.  8.90 us (1.0x), Avg.  8.90 us, Total. 8.900 us (0.0%)
[Performance] Application.Shutdown.InputShutdown                                                                              :        1 samples, Peak.   400 ns (1.0x), Avg.   400 ns, Total. 400.0 ns (0.0%)
[Performance] Application.Shutdown.GizmoManagerDestroy                                                                        :        1 samples, Peak.   392 us (1.0x), Avg.   392 us, Total. 391.9 us (0.0%)
[Performance] Application.Shutdown.ProfilerSession                                                                            :        1 samples, Peak.   122 us (1.0x), Avg.   122 us, Total. 122.3 us (0.0%)
[Performance] Application.Shutdown.ReleaseGfxWindowOnAllGUIViews                                                              :        1 samples, Peak.   300 ns (1.0x), Avg.   300 ns, Total. 300.0 ns (0.0%)
[Performance] Application.Shutdown.CleanupEngine                                                                              :        1 samples, Peak.  27.9 ms (1.0x), Avg.  27.9 ms, Total. 27.86 ms (0.2%)
[Performance] Application.Shutdown.CleanupAssetDatabase                                                                       :        1 samples, Peak.  5.25 ms (1.0x), Avg.  5.25 ms, Total. 5.254 ms (0.0%)
[Performance] Application.Shutdown.ScriptCompilationCleanUp                                                                   :        1 samples, Peak.  14.5 ms (1.0x), Avg.  14.5 ms, Total. 14.45 ms (0.1%)
[Performance] Application.Shutdown.DestroyJobSystem                                                                           :        1 samples, Peak.  95.5 us (1.0x), Avg.  95.5 us, Total. 95.50 us (0.0%)
[Performance] Application.Shutdown.CleanupPersistentManager                                                                   :        1 samples, Peak.   264 us (1.0x), Avg.   264 us, Total. 264.3 us (0.0%)
[Performance] Application.Shutdown.CleanupAsyncReadManager                                                                    :        1 samples, Peak.   221 us (1.0x), Avg.   221 us, Total. 221.4 us (0.0%)
[Performance] Application.Shutdown.CleanupProgressBar                                                                         :        1 samples, Peak.   400 ns (1.0x), Avg.   400 ns, Total. 400.0 ns (0.0%)
[Performance] Application.Shutdown.CleanupMono                                                                                :        1 samples, Peak.  32.3 ms (1.0x), Avg.  32.3 ms, Total. 32.32 ms (0.2%)
[Performance] Application.Shutdown.CleanupStdConverters                                                                       :        1 samples, Peak.  6.00 us (1.0x), Avg.  6.00 us, Total. 6.000 us (0.0%)
[Performance] Application.Shutdown.UnloadAllPlatformSupportModuleNativeDlls                                                   :        1 samples, Peak.   600 ns (1.0x), Avg.   600 ns, Total. 600.0 ns (0.0%)
[Performance] Application.Shutdown.UnloadAllPlatformSupportNativeLibraries                                                    :        1 samples, Peak. 100.0 ns (1.0x), Avg. 100.0 ns, Total. 100.00 ns (0.0%)
[Performance] Application.Shutdown.CleanupAutoDocumentation                                                                   :        1 samples, Peak.   258 us (1.0x), Avg.   258 us, Total. 257.6 us (0.0%)
[Performance] Application.Shutdown.ShaderNameManagerDestroy                                                                   :        1 samples, Peak.  36.8 us (1.0x), Avg.  36.8 us, Total. 36.80 us (0.0%)
[Performance] Application.Shutdown.CleanupCacheServer                                                                         :        1 samples, Peak.   500 ns (1.0x), Avg.   500 ns, Total. 500.0 ns (0.0%)
[Performance] Application.Shutdown.Virtualization_Shutdown                                                                    :        1 samples, Peak.   400 ns (1.0x), Avg.   400 ns, Total. 400.0 ns (0.0%)
[Performance] Application.Shutdown.DevConnections                                                                             :        1 samples, Peak.   194 us (1.0x), Avg.   194 us, Total. 194.3 us (0.0%)
Exiting batchmode successfully now!
Exiting without the bug reporter. Application will terminate with return code 0